task,node,round,position,variant,iteration,scope,latency_ms,cpu_before,cpu_after,affinity,error,retry
Flood,node3,1,1,RCS13-FP32,0,logits,38.269257000000003,2,2,2,,0
Flood,node3,1,1,RCS13-FP32,1,logits,32.829377999999998,2,2,2,,0
Flood,node3,1,1,RCS13-FP32,2,logits,32.317830000000001,2,2,2,,0
Flood,node3,1,1,RCS13-FP32,3,logits,32.979278999999998,2,2,2,,0
Flood,node3,1,1,RCS13-FP32,4,logits,33.948869999999999,2,2,2,,0
Flood,node3,1,1,RCS13-FP32,5,logits,32.771324,2,2,2,,0
Flood,node3,1,1,RCS13-FP32,6,logits,32.923645,2,2,2,,0
Flood,node3,1,1,RCS13-FP32,7,logits,32.828257999999998,2,2,2,,0
Flood,node3,1,1,RCS13-FP32,8,logits,32.759622,2,2,2,,0
Flood,node3,1,1,RCS13-FP32,9,logits,32.855950999999997,2,2,2,,0
Flood,node3,1,1,RCS13-FP32,10,logits,35.480372000000003,2,2,2,,0
Flood,node3,1,1,RCS13-FP32,11,logits,33.109617999999998,2,2,2,,0
Flood,node3,1,1,RCS13-FP32,12,logits,32.511015,2,2,2,,0
Flood,node3,1,1,RCS13-FP32,13,logits,32.640134000000003,2,2,2,,0
Flood,node3,1,1,RCS13-FP32,14,logits,32.948647000000001,2,2,2,,0
Flood,node3,1,1,RCS13-FP32,15,logits,32.839998000000001,2,2,2,,0
Flood,node3,1,1,RCS13-FP32,16,logits,32.552788,2,2,2,,0
Flood,node3,1,1,RCS13-FP32,17,logits,32.717419999999997,2,2,2,,0
Flood,node3,1,1,RCS13-FP32,18,logits,32.785083999999998,2,2,2,,0
Flood,node3,1,1,RCS13-FP32,19,logits,32.626762999999997,2,2,2,,0
Flood,node3,1,1,RCS13-FP32,20,logits,32.519755000000004,2,2,2,,0
Flood,node3,1,1,RCS13-FP32,21,logits,32.602142000000001,2,2,2,,0
Flood,node3,1,1,RCS13-FP32,22,logits,32.616402000000001,2,2,2,,0
Flood,node3,1,1,RCS13-FP32,23,logits,32.310720000000003,2,2,2,,0
Flood,node3,1,1,RCS13-FP32,24,logits,32.668866000000001,2,2,2,,0
Flood,node3,1,1,RCS13-FP32,25,logits,32.760382999999997,2,2,2,,0
Flood,node3,1,1,RCS13-FP32,26,logits,32.999400000000001,2,2,2,,0
Flood,node3,1,1,RCS13-FP32,27,logits,32.393675999999999,2,2,2,,0
Flood,node3,1,1,RCS13-FP32,28,logits,32.435518999999999,2,2,2,,0
Flood,node3,1,1,RCS13-FP32,29,logits,32.453738999999999,2,2,2,,0
Flood,node3,1,1,RCS13-FP32,30,logits,32.470432000000002,2,2,2,,0
Flood,node3,1,1,RCS13-FP32,31,logits,32.479832000000002,2,2,2,,0
Flood,node3,1,1,RCS13-FP32,32,logits,32.440269000000001,2,2,2,,0
Flood,node3,1,1,RCS13-FP32,33,logits,33.073805999999998,2,2,2,,0
Flood,node3,1,1,RCS13-FP32,34,logits,33.044473000000004,2,2,2,,0
Flood,node3,1,1,RCS13-FP32,35,logits,34.213279,2,2,2,,0
Flood,node3,1,1,RCS13-FP32,36,logits,33.384748000000002,2,2,2,,0
Flood,node3,1,1,RCS13-FP32,37,logits,33.042163000000002,2,2,2,,0
Flood,node3,1,1,RCS13-FP32,38,logits,33.600023999999998,2,2,2,,0
Flood,node3,1,1,RCS13-FP32,39,logits,33.077615999999999,2,2,2,,0
Flood,node3,1,1,RCS13-FP32,40,logits,32.727539999999998,2,2,2,,0
Flood,node3,1,1,RCS13-FP32,41,logits,32.529646,2,2,2,,0
Flood,node3,1,1,RCS13-FP32,42,logits,32.481651999999997,2,2,2,,0
Flood,node3,1,1,RCS13-FP32,43,logits,33.214675999999997,2,2,2,,0
Flood,node3,1,1,RCS13-FP32,44,logits,33.594423999999997,2,2,2,,0
Flood,node3,1,1,RCS13-FP32,45,logits,32.833787999999998,2,2,2,,0
Flood,node3,1,1,RCS13-FP32,46,logits,33.493136,2,2,2,,0
Flood,node3,1,1,RCS13-FP32,47,logits,32.892341999999999,2,2,2,,0
Flood,node3,1,1,RCS13-FP32,48,logits,33.929098000000003,2,2,2,,0
Flood,node3,1,1,RCS13-FP32,49,logits,36.374536999999997,2,2,2,,0
Flood,node3,1,1,RCS13-FP32,50,logits,35.297369000000003,2,2,2,,0
Flood,node3,1,1,RCS13-FP32,51,logits,35.338692000000002,2,2,2,,0
Flood,node3,1,1,RCS13-FP32,52,logits,33.488785,2,2,2,,0
Flood,node3,1,1,RCS13-FP32,53,logits,33.544811000000003,2,2,2,,0
Flood,node3,1,1,RCS13-FP32,54,logits,33.147060000000003,2,2,2,,0
Flood,node3,1,1,RCS13-FP32,55,logits,32.255296000000001,2,2,2,,0
Flood,node3,1,1,RCS13-FP32,56,logits,35.092373000000002,2,2,2,,0
Flood,node3,1,1,RCS13-FP32,57,logits,33.896006,2,2,2,,0
Flood,node3,1,1,RCS13-FP32,58,logits,33.538929000000003,2,2,2,,0
Flood,node3,1,1,RCS13-FP32,59,logits,33.323343999999999,2,2,2,,0
Flood,node3,1,1,RCS13-FP32,60,logits,32.842198000000003,2,2,2,,0
Flood,node3,1,1,RCS13-FP32,61,logits,33.169941999999999,2,2,2,,0
Flood,node3,1,1,RCS13-FP32,62,logits,33.753864999999998,2,2,2,,0
Flood,node3,1,1,RCS13-FP32,63,logits,33.644947999999999,2,2,2,,0
Flood,node3,1,1,RCS13-FP32,64,logits,33.553469999999997,2,2,2,,0
Flood,node3,1,1,RCS13-FP32,65,logits,33.527898999999998,2,2,2,,0
Flood,node3,1,1,RCS13-FP32,66,logits,37.009053000000002,2,2,2,,0
Flood,node3,1,1,RCS13-FP32,67,logits,35.216701999999998,2,2,2,,0
Flood,node3,1,1,RCS13-FP32,68,logits,35.192140000000002,2,2,2,,0
Flood,node3,1,1,RCS13-FP32,69,logits,35.061180999999998,2,2,2,,0
Flood,node3,1,1,RCS13-FP32,70,logits,33.972740999999999,2,2,2,,0
Flood,node3,1,1,RCS13-FP32,71,logits,33.627884999999999,2,2,2,,0
Flood,node3,1,1,RCS13-FP32,72,logits,33.477505000000001,2,2,2,,0
Flood,node3,1,1,RCS13-FP32,73,logits,33.544960000000003,2,2,2,,0
Flood,node3,1,1,RCS13-FP32,74,logits,33.236077000000002,2,2,2,,0
Flood,node3,1,1,RCS13-FP32,75,logits,33.415190000000003,2,2,2,,0
Flood,node3,1,1,RCS13-FP32,76,logits,33.413730999999999,2,2,2,,0
Flood,node3,1,1,RCS13-FP32,77,logits,33.845001000000003,2,2,2,,0
Flood,node3,1,1,RCS13-FP32,78,logits,35.167039000000003,2,2,2,,0
Flood,node3,1,1,RCS13-FP32,79,logits,35.270656000000002,2,2,2,,0
Flood,node3,1,1,RCS13-FP32,80,logits,34.903008999999997,2,2,2,,0
Flood,node3,1,1,RCS13-FP32,81,logits,33.796697999999999,2,2,2,,0
Flood,node3,1,1,RCS13-FP32,82,logits,33.943368999999997,2,2,2,,0
Flood,node3,1,1,RCS13-FP32,83,logits,33.428170999999999,2,2,2,,0
Flood,node3,1,1,RCS13-FP32,84,logits,33.317613000000001,2,2,2,,0
Flood,node3,1,1,RCS13-FP32,85,logits,33.034022,2,2,2,,0
Flood,node3,1,1,RCS13-FP32,86,logits,35.698708000000003,2,2,2,,0
Flood,node3,1,1,RCS13-FP32,87,logits,32.850549000000001,2,2,2,,0
Flood,node3,1,1,RCS13-FP32,88,logits,33.993352000000002,2,2,2,,0
Flood,node3,1,1,RCS13-FP32,89,logits,33.647967000000001,2,2,2,,0
Flood,node3,1,1,RCS13-FP32,90,logits,33.745044,2,2,2,,0
Flood,node3,1,1,RCS13-FP32,91,logits,33.312282000000003,2,2,2,,0
Flood,node3,1,1,RCS13-FP32,92,logits,33.191282999999999,2,2,2,,0
Flood,node3,1,1,RCS13-FP32,93,logits,33.649017000000001,2,2,2,,0
Flood,node3,1,1,RCS13-FP32,94,logits,34.323287000000001,2,2,2,,0
Flood,node3,1,1,RCS13-FP32,95,logits,33.546168999999999,2,2,2,,0
Flood,node3,1,1,RCS13-FP32,96,logits,33.206775,2,2,2,,0
Flood,node3,1,1,RCS13-FP32,97,logits,35.996479000000001,2,2,2,,0
Flood,node3,1,1,RCS13-FP32,98,logits,33.986341000000003,2,2,2,,0
Flood,node3,1,1,RCS13-FP32,99,logits,33.647036999999997,2,2,2,,0
Flood,node3,1,1,RCS13-FP32,100,logits,33.356155999999999,2,2,2,,0
Flood,node3,1,1,RCS13-FP32,101,logits,36.153390000000002,2,2,2,,0
Flood,node3,1,1,RCS13-FP32,102,logits,33.756945000000002,2,2,2,,0
Flood,node3,1,1,RCS13-FP32,103,logits,33.665519000000003,2,2,2,,0
Flood,node3,1,1,RCS13-FP32,104,logits,33.286320000000003,2,2,2,,0
Flood,node3,1,1,RCS13-FP32,105,logits,33.830741000000003,2,2,2,,0
Flood,node3,1,1,RCS13-FP32,106,logits,34.044365999999997,2,2,2,,0
Flood,node3,1,1,RCS13-FP32,107,logits,34.568424,2,2,2,,0
Flood,node3,1,1,RCS13-FP32,108,logits,33.731442999999999,2,2,2,,0
Flood,node3,1,1,RCS13-FP32,109,logits,33.462463,2,2,2,,0
Flood,node3,1,1,RCS13-FP32,110,logits,33.512777,2,2,2,,0
Flood,node3,1,1,RCS13-FP32,111,logits,33.195183999999998,2,2,2,,0
Flood,node3,1,1,RCS13-FP32,112,logits,32.833697000000001,2,2,2,,0
Flood,node3,1,1,RCS13-FP32,113,logits,33.267038999999997,2,2,2,,0
Flood,node3,1,1,RCS13-FP32,114,logits,33.616064999999999,2,2,2,,0
Flood,node3,1,1,RCS13-FP32,115,logits,33.602584,2,2,2,,0
Flood,node3,1,1,RCS13-FP32,116,logits,33.406818999999999,2,2,2,,0
Flood,node3,1,1,RCS13-FP32,117,logits,33.513036,2,2,2,,0
Flood,node3,1,1,RCS13-FP32,118,logits,33.044243000000002,2,2,2,,0
Flood,node3,1,1,RCS13-FP32,119,logits,33.652496999999997,2,2,2,,0
Flood,node3,1,1,RCS13-FP32,120,logits,33.144950000000001,2,2,2,,0
Flood,node3,1,1,RCS13-FP32,121,logits,34.247911000000002,2,2,2,,0
Flood,node3,1,1,RCS13-FP32,122,logits,34.463265999999997,2,2,2,,0
Flood,node3,1,1,RCS13-FP32,123,logits,33.601913000000003,2,2,2,,0
Flood,node3,1,1,RCS13-FP32,124,logits,34.103031000000001,2,2,2,,0
Flood,node3,1,1,RCS13-FP32,125,logits,34.317695000000001,2,2,2,,0
Flood,node3,1,1,RCS13-FP32,126,logits,33.932858000000003,2,2,2,,0
Flood,node3,1,1,RCS13-FP32,127,logits,33.656056999999997,2,2,2,,0
Flood,node3,1,1,RCS13-FP32,128,logits,34.374670000000002,2,2,2,,0
Flood,node3,1,1,RCS13-FP32,129,logits,34.110681,2,2,2,,0
Flood,node3,1,1,RCS13-FP32,130,logits,33.868912999999999,2,2,2,,0
Flood,node3,1,1,RCS13-FP32,131,logits,33.214964999999999,2,2,2,,0
Flood,node3,1,1,RCS13-FP32,132,logits,33.703150999999998,2,2,2,,0
Flood,node3,1,1,RCS13-FP32,133,logits,33.934277999999999,2,2,2,,0
Flood,node3,1,1,RCS13-FP32,134,logits,34.441814000000001,2,2,2,,0
Flood,node3,1,1,RCS13-FP32,135,logits,34.072558999999998,2,2,2,,0
Flood,node3,1,1,RCS13-FP32,136,logits,34.160953999999997,2,2,2,,0
Flood,node3,1,1,RCS13-FP32,137,logits,32.971777000000003,2,2,2,,0
Flood,node3,1,1,RCS13-FP32,138,logits,36.892263999999997,2,2,2,,0
Flood,node3,1,1,RCS13-FP32,139,logits,33.548270000000002,2,2,2,,0
Flood,node3,1,1,RCS13-FP32,140,logits,33.713411000000001,2,2,2,,0
Flood,node3,1,1,RCS13-FP32,141,logits,33.829979999999999,2,2,2,,0
Flood,node3,1,1,RCS13-FP32,142,logits,33.970661,2,2,2,,0
Flood,node3,1,1,RCS13-FP32,143,logits,33.461283000000002,2,2,2,,0
Flood,node3,1,1,RCS13-FP32,144,logits,33.485154000000001,2,2,2,,0
Flood,node3,1,1,RCS13-FP32,145,logits,33.183773000000002,2,2,2,,0
Flood,node3,1,1,RCS13-FP32,146,logits,34.276122000000001,2,2,2,,0
Flood,node3,1,1,RCS13-FP32,147,logits,35.299607000000002,2,2,2,,0
Flood,node3,1,1,RCS13-FP32,148,logits,32.846747999999998,2,2,2,,0
Flood,node3,1,1,RCS13-FP32,149,logits,33.568100000000001,2,2,2,,0
Flood,node3,1,1,RCS13-FP32,150,logits,34.216558999999997,2,2,2,,0
Flood,node3,1,1,RCS13-FP32,151,logits,33.254857000000001,2,2,2,,0
Flood,node3,1,1,RCS13-FP32,152,logits,33.273738999999999,2,2,2,,0
Flood,node3,1,1,RCS13-FP32,153,logits,33.837670000000003,2,2,2,,0
Flood,node3,1,1,RCS13-FP32,154,logits,33.391537999999997,2,2,2,,0
Flood,node3,1,1,RCS13-FP32,155,logits,33.483013999999997,2,2,2,,0
Flood,node3,1,1,RCS13-FP32,156,logits,34.183765999999999,2,2,2,,0
Flood,node3,1,1,RCS13-FP32,157,logits,34.609746999999999,2,2,2,,0
Flood,node3,1,1,RCS13-FP32,158,logits,35.239182999999997,2,2,2,,0
Flood,node3,1,1,RCS13-FP32,159,logits,33.668218000000003,2,2,2,,0
Flood,node3,1,1,RCS13-FP32,160,logits,34.140323000000002,2,2,2,,0
Flood,node3,1,1,RCS13-FP32,161,logits,33.528646999999999,2,2,2,,0
Flood,node3,1,1,RCS13-FP32,162,logits,33.802638000000002,2,2,2,,0
Flood,node3,1,1,RCS13-FP32,163,logits,33.786636999999999,2,2,2,,0
Flood,node3,1,1,RCS13-FP32,164,logits,34.122990999999999,2,2,2,,0
Flood,node3,1,1,RCS13-FP32,165,logits,35.452427999999998,2,2,2,,0
Flood,node3,1,1,RCS13-FP32,166,logits,33.988022000000001,2,2,2,,0
Flood,node3,1,1,RCS13-FP32,167,logits,33.771434999999997,2,2,2,,0
Flood,node3,1,1,RCS13-FP32,168,logits,33.420810000000003,2,2,2,,0
Flood,node3,1,1,RCS13-FP32,169,logits,33.277299999999997,2,2,2,,0
Flood,node3,1,1,RCS13-FP32,170,logits,33.207554000000002,2,2,2,,0
Flood,node3,1,1,RCS13-FP32,171,logits,34.133892000000003,2,2,2,,0
Flood,node3,1,1,RCS13-FP32,172,logits,33.645435999999997,2,2,2,,0
Flood,node3,1,1,RCS13-FP32,173,logits,33.280479,2,2,2,,0
Flood,node3,1,1,RCS13-FP32,174,logits,33.069263999999997,2,2,2,,0
Flood,node3,1,1,RCS13-FP32,175,logits,33.311801000000003,2,2,2,,0
Flood,node3,1,1,RCS13-FP32,176,logits,33.458962,2,2,2,,0
Flood,node3,1,1,RCS13-FP32,177,logits,33.188372999999999,2,2,2,,0
Flood,node3,1,1,RCS13-FP32,178,logits,33.311261000000002,2,2,2,,0
Flood,node3,1,1,RCS13-FP32,179,logits,33.059972999999999,2,2,2,,0
Flood,node3,1,1,RCS13-FP32,180,logits,33.346854,2,2,2,,0
Flood,node3,1,1,RCS13-FP32,181,logits,33.043461999999998,2,2,2,,0
Flood,node3,1,1,RCS13-FP32,182,logits,33.384247000000002,2,2,2,,0
Flood,node3,1,1,RCS13-FP32,183,logits,33.474333000000001,2,2,2,,0
Flood,node3,1,1,RCS13-FP32,184,logits,33.396777999999998,2,2,2,,0
Flood,node3,1,1,RCS13-FP32,185,logits,33.705781000000002,2,2,2,,0
Flood,node3,1,1,RCS13-FP32,186,logits,33.863861,2,2,2,,0
Flood,node3,1,1,RCS13-FP32,187,logits,33.687130000000003,2,2,2,,0
Flood,node3,1,1,RCS13-FP32,188,logits,33.737352000000001,2,2,2,,0
Flood,node3,1,1,RCS13-FP32,189,logits,35.286566000000001,2,2,2,,0
Flood,node3,1,1,RCS13-FP32,190,logits,33.655717000000003,2,2,2,,0
Flood,node3,1,1,RCS13-FP32,191,logits,33.266418000000002,2,2,2,,0
Flood,node3,1,1,RCS13-FP32,192,logits,42.853011000000002,2,2,2,,0
Flood,node3,1,1,RCS13-FP32,193,logits,35.351401000000003,2,2,2,,0
Flood,node3,1,1,RCS13-FP32,194,logits,33.847071,2,2,2,,0
Flood,node3,1,1,RCS13-FP32,195,logits,33.816228000000002,2,2,2,,0
Flood,node3,1,1,RCS13-FP32,196,logits,35.482891000000002,2,2,2,,0
Flood,node3,1,1,RCS13-FP32,197,logits,34.589084999999997,2,2,2,,0
Flood,node3,1,1,RCS13-FP32,198,logits,35.951054999999997,2,2,2,,0
Flood,node3,1,1,RCS13-FP32,199,logits,34.827983000000003,2,2,2,,0
Flood,node3,1,2,RCS13-FP16-Opt,0,logits,29.570809000000001,2,2,2,,0
Flood,node3,1,2,RCS13-FP16-Opt,1,logits,32.374814999999998,2,2,2,,0
Flood,node3,1,2,RCS13-FP16-Opt,2,logits,29.735593000000001,2,2,2,,0
Flood,node3,1,2,RCS13-FP16-Opt,3,logits,29.983609999999999,2,2,2,,0
Flood,node3,1,2,RCS13-FP16-Opt,4,logits,29.472493,2,2,2,,0
Flood,node3,1,2,RCS13-FP16-Opt,5,logits,29.812918,2,2,2,,0
Flood,node3,1,2,RCS13-FP16-Opt,6,logits,30.428032999999999,2,2,2,,0
Flood,node3,1,2,RCS13-FP16-Opt,7,logits,30.433143000000001,2,2,2,,0
Flood,node3,1,2,RCS13-FP16-Opt,8,logits,29.021619999999999,2,2,2,,0
Flood,node3,1,2,RCS13-FP16-Opt,9,logits,29.560869,2,2,2,,0
Flood,node3,1,2,RCS13-FP16-Opt,10,logits,30.967341999999999,2,2,2,,0
Flood,node3,1,2,RCS13-FP16-Opt,11,logits,30.204597,2,2,2,,0
Flood,node3,1,2,RCS13-FP16-Opt,12,logits,30.761406999999998,2,2,2,,0
Flood,node3,1,2,RCS13-FP16-Opt,13,logits,30.034493999999999,2,2,2,,0
Flood,node3,1,2,RCS13-FP16-Opt,14,logits,29.868592,2,2,2,,0
Flood,node3,1,2,RCS13-FP16-Opt,15,logits,29.683627999999999,2,2,2,,0
Flood,node3,1,2,RCS13-FP16-Opt,16,logits,30.644169000000002,2,2,2,,0
Flood,node3,1,2,RCS13-FP16-Opt,17,logits,30.367068,2,2,2,,0
Flood,node3,1,2,RCS13-FP16-Opt,18,logits,30.487597000000001,2,2,2,,0
Flood,node3,1,2,RCS13-FP16-Opt,19,logits,30.101718999999999,2,2,2,,0
Flood,node3,1,2,RCS13-FP16-Opt,20,logits,29.861702000000001,2,2,2,,0
Flood,node3,1,2,RCS13-FP16-Opt,21,logits,29.730710999999999,2,2,2,,0
Flood,node3,1,2,RCS13-FP16-Opt,22,logits,30.151463,2,2,2,,0
Flood,node3,1,2,RCS13-FP16-Opt,23,logits,29.354673999999999,2,2,2,,0
Flood,node3,1,2,RCS13-FP16-Opt,24,logits,30.220117999999999,2,2,2,,0
Flood,node3,1,2,RCS13-FP16-Opt,25,logits,29.564019999999999,2,2,2,,0
Flood,node3,1,2,RCS13-FP16-Opt,26,logits,29.974739,2,2,2,,0
Flood,node3,1,2,RCS13-FP16-Opt,27,logits,30.028863999999999,2,2,2,,0
Flood,node3,1,2,RCS13-FP16-Opt,28,logits,30.412872,2,2,2,,0
Flood,node3,1,2,RCS13-FP16-Opt,29,logits,29.734380999999999,2,2,2,,0
Flood,node3,1,2,RCS13-FP16-Opt,30,logits,30.069327000000001,2,2,2,,0
Flood,node3,1,2,RCS13-FP16-Opt,31,logits,29.994389999999999,2,2,2,,0
Flood,node3,1,2,RCS13-FP16-Opt,32,logits,29.538717999999999,2,2,2,,0
Flood,node3,1,2,RCS13-FP16-Opt,33,logits,29.498615000000001,2,2,2,,0
Flood,node3,1,2,RCS13-FP16-Opt,34,logits,30.121390000000002,2,2,2,,0
Flood,node3,1,2,RCS13-FP16-Opt,35,logits,30.079357000000002,2,2,2,,0
Flood,node3,1,2,RCS13-FP16-Opt,36,logits,29.305099999999999,2,2,2,,0
Flood,node3,1,2,RCS13-FP16-Opt,37,logits,30.011423000000001,2,2,2,,0
Flood,node3,1,2,RCS13-FP16-Opt,38,logits,29.644855,2,2,2,,0
Flood,node3,1,2,RCS13-FP16-Opt,39,logits,29.759263000000001,2,2,2,,0
Flood,node3,1,2,RCS13-FP16-Opt,40,logits,30.255509,2,2,2,,0
Flood,node3,1,2,RCS13-FP16-Opt,41,logits,29.788356,2,2,2,,0
Flood,node3,1,2,RCS13-FP16-Opt,42,logits,30.456745000000002,2,2,2,,0
Flood,node3,1,2,RCS13-FP16-Opt,43,logits,29.688207999999999,2,2,2,,0
Flood,node3,1,2,RCS13-FP16-Opt,44,logits,31.442126999999999,2,2,2,,0
Flood,node3,1,2,RCS13-FP16-Opt,45,logits,30.478605999999999,2,2,2,,0
Flood,node3,1,2,RCS13-FP16-Opt,46,logits,30.560182000000001,2,2,2,,0
Flood,node3,1,2,RCS13-FP16-Opt,47,logits,30.143661999999999,2,2,2,,0
Flood,node3,1,2,RCS13-FP16-Opt,48,logits,30.126899999999999,2,2,2,,0
Flood,node3,1,2,RCS13-FP16-Opt,49,logits,30.199065999999998,2,2,2,,0
Flood,node3,1,2,RCS13-FP16-Opt,50,logits,30.512539,2,2,2,,0
Flood,node3,1,2,RCS13-FP16-Opt,51,logits,30.850042999999999,2,2,2,,0
Flood,node3,1,2,RCS13-FP16-Opt,52,logits,32.489032999999999,2,2,2,,0
Flood,node3,1,2,RCS13-FP16-Opt,53,logits,30.304714000000001,2,2,2,,0
Flood,node3,1,2,RCS13-FP16-Opt,54,logits,30.12763,2,2,2,,0
Flood,node3,1,2,RCS13-FP16-Opt,55,logits,29.845500000000001,2,2,2,,0
Flood,node3,1,2,RCS13-FP16-Opt,56,logits,29.486934000000002,2,2,2,,0
Flood,node3,1,2,RCS13-FP16-Opt,57,logits,29.806417,2,2,2,,0
Flood,node3,1,2,RCS13-FP16-Opt,58,logits,29.863621999999999,2,2,2,,0
Flood,node3,1,2,RCS13-FP16-Opt,59,logits,29.982659000000002,2,2,2,,0
Flood,node3,1,2,RCS13-FP16-Opt,60,logits,29.70702,2,2,2,,0
Flood,node3,1,2,RCS13-FP16-Opt,61,logits,29.962128,2,2,2,,0
Flood,node3,1,2,RCS13-FP16-Opt,62,logits,30.250648999999999,2,2,2,,0
Flood,node3,1,2,RCS13-FP16-Opt,63,logits,29.763994,2,2,2,,0
Flood,node3,1,2,RCS13-FP16-Opt,64,logits,30.282710999999999,2,2,2,,0
Flood,node3,1,2,RCS13-FP16-Opt,65,logits,29.527456000000001,2,2,2,,0
Flood,node3,1,2,RCS13-FP16-Opt,66,logits,30.271531,2,2,2,,0
Flood,node3,1,2,RCS13-FP16-Opt,67,logits,30.065415000000002,2,2,2,,0
Flood,node3,1,2,RCS13-FP16-Opt,68,logits,30.358077000000002,2,2,2,,0
Flood,node3,1,2,RCS13-FP16-Opt,69,logits,29.998460000000001,2,2,2,,0
Flood,node3,1,2,RCS13-FP16-Opt,70,logits,30.191095000000001,2,2,2,,0
Flood,node3,1,2,RCS13-FP16-Opt,71,logits,29.608453000000001,2,2,2,,0
Flood,node3,1,2,RCS13-FP16-Opt,72,logits,29.969529000000001,2,2,2,,0
Flood,node3,1,2,RCS13-FP16-Opt,73,logits,30.345676000000001,2,2,2,,0
Flood,node3,1,2,RCS13-FP16-Opt,74,logits,29.953097,2,2,2,,0
Flood,node3,1,2,RCS13-FP16-Opt,75,logits,30.337456,2,2,2,,0
Flood,node3,1,2,RCS13-FP16-Opt,76,logits,29.524076999999998,2,2,2,,0
Flood,node3,1,2,RCS13-FP16-Opt,77,logits,29.871670999999999,2,2,2,,0
Flood,node3,1,2,RCS13-FP16-Opt,78,logits,30.684011000000002,2,2,2,,0
Flood,node3,1,2,RCS13-FP16-Opt,79,logits,31.613899,2,2,2,,0
Flood,node3,1,2,RCS13-FP16-Opt,80,logits,30.322184,2,2,2,,0
Flood,node3,1,2,RCS13-FP16-Opt,81,logits,30.232227999999999,2,2,2,,0
Flood,node3,1,2,RCS13-FP16-Opt,82,logits,29.572870000000002,2,2,2,,0
Flood,node3,1,2,RCS13-FP16-Opt,83,logits,30.814440999999999,2,2,2,,0
Flood,node3,1,2,RCS13-FP16-Opt,84,logits,29.971717999999999,2,2,2,,0
Flood,node3,1,2,RCS13-FP16-Opt,85,logits,30.924019000000001,2,2,2,,0
Flood,node3,1,2,RCS13-FP16-Opt,86,logits,31.686284000000001,2,2,2,,0
Flood,node3,1,2,RCS13-FP16-Opt,87,logits,30.323335,2,2,2,,0
Flood,node3,1,2,RCS13-FP16-Opt,88,logits,32.186489999999999,2,2,2,,0
Flood,node3,1,2,RCS13-FP16-Opt,89,logits,31.34695,2,2,2,,0
Flood,node3,1,2,RCS13-FP16-Opt,90,logits,30.845642999999999,2,2,2,,0
Flood,node3,1,2,RCS13-FP16-Opt,91,logits,30.203175999999999,2,2,2,,0
Flood,node3,1,2,RCS13-FP16-Opt,92,logits,30.413761000000001,2,2,2,,0
Flood,node3,1,2,RCS13-FP16-Opt,93,logits,30.564422,2,2,2,,0
Flood,node3,1,2,RCS13-FP16-Opt,94,logits,32.175199999999997,2,2,2,,0
Flood,node3,1,2,RCS13-FP16-Opt,95,logits,30.887084999999999,2,2,2,,0
Flood,node3,1,2,RCS13-FP16-Opt,96,logits,30.356497000000001,2,2,2,,0
Flood,node3,1,2,RCS13-FP16-Opt,97,logits,38.302546999999997,2,2,2,,0
Flood,node3,1,2,RCS13-FP16-Opt,98,logits,30.918108,2,2,2,,0
Flood,node3,1,2,RCS13-FP16-Opt,99,logits,30.530218999999999,2,2,2,,0
Flood,node3,1,2,RCS13-FP16-Opt,100,logits,29.540427000000001,2,2,2,,0
Flood,node3,1,2,RCS13-FP16-Opt,101,logits,30.454343999999999,2,2,2,,0
Flood,node3,1,2,RCS13-FP16-Opt,102,logits,32.537146,2,2,2,,0
Flood,node3,1,2,RCS13-FP16-Opt,103,logits,29.950807000000001,2,2,2,,0
Flood,node3,1,2,RCS13-FP16-Opt,104,logits,30.464003999999999,2,2,2,,0
Flood,node3,1,2,RCS13-FP16-Opt,105,logits,32.010007999999999,2,2,2,,0
Flood,node3,1,2,RCS13-FP16-Opt,106,logits,32.195681,2,2,2,,0
Flood,node3,1,2,RCS13-FP16-Opt,107,logits,31.038315999999998,2,2,2,,0
Flood,node3,1,2,RCS13-FP16-Opt,108,logits,31.142613999999998,2,2,2,,0
Flood,node3,1,2,RCS13-FP16-Opt,109,logits,31.099640999999998,2,2,2,,0
Flood,node3,1,2,RCS13-FP16-Opt,110,logits,30.40522,2,2,2,,0
Flood,node3,1,2,RCS13-FP16-Opt,111,logits,30.526918999999999,2,2,2,,0
Flood,node3,1,2,RCS13-FP16-Opt,112,logits,32.141286999999998,2,2,2,,0
Flood,node3,1,2,RCS13-FP16-Opt,113,logits,30.749555999999998,2,2,2,,0
Flood,node3,1,2,RCS13-FP16-Opt,114,logits,30.647227999999998,2,2,2,,0
Flood,node3,1,2,RCS13-FP16-Opt,115,logits,30.914936999999998,2,2,2,,0
Flood,node3,1,2,RCS13-FP16-Opt,116,logits,30.639717999999998,2,2,2,,0
Flood,node3,1,2,RCS13-FP16-Opt,117,logits,30.662399000000001,2,2,2,,0
Flood,node3,1,2,RCS13-FP16-Opt,118,logits,32.451219999999999,2,2,2,,0
Flood,node3,1,2,RCS13-FP16-Opt,119,logits,30.987093000000002,2,2,2,,0
Flood,node3,1,2,RCS13-FP16-Opt,120,logits,32.304769,2,2,2,,0
Flood,node3,1,2,RCS13-FP16-Opt,121,logits,31.006364000000001,2,2,2,,0
Flood,node3,1,2,RCS13-FP16-Opt,122,logits,30.553151,2,2,2,,0
Flood,node3,1,2,RCS13-FP16-Opt,123,logits,30.501978000000001,2,2,2,,0
Flood,node3,1,2,RCS13-FP16-Opt,124,logits,30.038103,2,2,2,,0
Flood,node3,1,2,RCS13-FP16-Opt,125,logits,30.568442000000001,2,2,2,,0
Flood,node3,1,2,RCS13-FP16-Opt,126,logits,30.135180999999999,2,2,2,,0
Flood,node3,1,2,RCS13-FP16-Opt,127,logits,30.205155000000001,2,2,2,,0
Flood,node3,1,2,RCS13-FP16-Opt,128,logits,30.188213999999999,2,2,2,,0
Flood,node3,1,2,RCS13-FP16-Opt,129,logits,30.490347,2,2,2,,0
Flood,node3,1,2,RCS13-FP16-Opt,130,logits,30.172592999999999,2,2,2,,0
Flood,node3,1,2,RCS13-FP16-Opt,131,logits,30.603833999999999,2,2,2,,0
Flood,node3,1,2,RCS13-FP16-Opt,132,logits,30.597353999999999,2,2,2,,0
Flood,node3,1,2,RCS13-FP16-Opt,133,logits,30.010000999999999,2,2,2,,0
Flood,node3,1,2,RCS13-FP16-Opt,134,logits,30.638066999999999,2,2,2,,0
Flood,node3,1,2,RCS13-FP16-Opt,135,logits,30.125219999999999,2,2,2,,0
Flood,node3,1,2,RCS13-FP16-Opt,136,logits,30.247178000000002,2,2,2,,0
Flood,node3,1,2,RCS13-FP16-Opt,137,logits,30.242737999999999,2,2,2,,0
Flood,node3,1,2,RCS13-FP16-Opt,138,logits,31.0822,2,2,2,,0
Flood,node3,1,2,RCS13-FP16-Opt,139,logits,30.268689999999999,2,2,2,,0
Flood,node3,1,2,RCS13-FP16-Opt,140,logits,30.062455,2,2,2,,0
Flood,node3,1,2,RCS13-FP16-Opt,141,logits,30.13541,2,2,2,,0
Flood,node3,1,2,RCS13-FP16-Opt,142,logits,30.539000000000001,2,2,2,,0
Flood,node3,1,2,RCS13-FP16-Opt,143,logits,29.781115,2,2,2,,0
Flood,node3,1,2,RCS13-FP16-Opt,144,logits,30.214786,2,2,2,,0
Flood,node3,1,2,RCS13-FP16-Opt,145,logits,29.820537000000002,2,2,2,,0
Flood,node3,1,2,RCS13-FP16-Opt,146,logits,31.180247000000001,2,2,2,,0
Flood,node3,1,2,RCS13-FP16-Opt,147,logits,30.993822999999999,2,2,2,,0
Flood,node3,1,2,RCS13-FP16-Opt,148,logits,30.774356999999998,2,2,2,,0
Flood,node3,1,2,RCS13-FP16-Opt,149,logits,30.587402999999998,2,2,2,,0
Flood,node3,1,2,RCS13-FP16-Opt,150,logits,30.53567,2,2,2,,0
Flood,node3,1,2,RCS13-FP16-Opt,151,logits,30.584002999999999,2,2,2,,0
Flood,node3,1,2,RCS13-FP16-Opt,152,logits,32.195131000000003,2,2,2,,0
Flood,node3,1,2,RCS13-FP16-Opt,153,logits,31.508381,2,2,2,,0
Flood,node3,1,2,RCS13-FP16-Opt,154,logits,30.877424000000001,2,2,2,,0
Flood,node3,1,2,RCS13-FP16-Opt,155,logits,30.613005000000001,2,2,2,,0
Flood,node3,1,2,RCS13-FP16-Opt,156,logits,30.154322000000001,2,2,2,,0
Flood,node3,1,2,RCS13-FP16-Opt,157,logits,29.871352000000002,2,2,2,,0
Flood,node3,1,2,RCS13-FP16-Opt,158,logits,29.802665999999999,2,2,2,,0
Flood,node3,1,2,RCS13-FP16-Opt,159,logits,30.250608,2,2,2,,0
Flood,node3,1,2,RCS13-FP16-Opt,160,logits,30.353975999999999,2,2,2,,0
Flood,node3,1,2,RCS13-FP16-Opt,161,logits,30.692791,2,2,2,,0
Flood,node3,1,2,RCS13-FP16-Opt,162,logits,30.070965000000001,2,2,2,,0
Flood,node3,1,2,RCS13-FP16-Opt,163,logits,30.777097000000001,2,2,2,,0
Flood,node3,1,2,RCS13-FP16-Opt,164,logits,30.666359,2,2,2,,0
Flood,node3,1,2,RCS13-FP16-Opt,165,logits,29.977149000000001,2,2,2,,0
Flood,node3,1,2,RCS13-FP16-Opt,166,logits,30.285990999999999,2,2,2,,0
Flood,node3,1,2,RCS13-FP16-Opt,167,logits,30.195333999999999,2,2,2,,0
Flood,node3,1,2,RCS13-FP16-Opt,168,logits,30.052104,2,2,2,,0
Flood,node3,1,2,RCS13-FP16-Opt,169,logits,30.510507,2,2,2,,0
Flood,node3,1,2,RCS13-FP16-Opt,170,logits,30.318324,2,2,2,,0
Flood,node3,1,2,RCS13-FP16-Opt,171,logits,29.974907999999999,2,2,2,,0
Flood,node3,1,2,RCS13-FP16-Opt,172,logits,30.087866000000002,2,2,2,,0
Flood,node3,1,2,RCS13-FP16-Opt,173,logits,29.794785999999998,2,2,2,,0
Flood,node3,1,2,RCS13-FP16-Opt,174,logits,29.977619000000001,2,2,2,,0
Flood,node3,1,2,RCS13-FP16-Opt,175,logits,30.151330999999999,2,2,2,,0
Flood,node3,1,2,RCS13-FP16-Opt,176,logits,30.213325999999999,2,2,2,,0
Flood,node3,1,2,RCS13-FP16-Opt,177,logits,29.516853999999999,2,2,2,,0
Flood,node3,1,2,RCS13-FP16-Opt,178,logits,30.015211999999998,2,2,2,,0
Flood,node3,1,2,RCS13-FP16-Opt,179,logits,30.554091,2,2,2,,0
Flood,node3,1,2,RCS13-FP16-Opt,180,logits,31.003063000000001,2,2,2,,0
Flood,node3,1,2,RCS13-FP16-Opt,181,logits,30.046873999999999,2,2,2,,0
Flood,node3,1,2,RCS13-FP16-Opt,182,logits,30.147601000000002,2,2,2,,0
Flood,node3,1,2,RCS13-FP16-Opt,183,logits,30.338554999999999,2,2,2,,0
Flood,node3,1,2,RCS13-FP16-Opt,184,logits,30.775057,2,2,2,,0
Flood,node3,1,2,RCS13-FP16-Opt,185,logits,30.229755999999998,2,2,2,,0
Flood,node3,1,2,RCS13-FP16-Opt,186,logits,30.042773,2,2,2,,0
Flood,node3,1,2,RCS13-FP16-Opt,187,logits,30.651377,2,2,2,,0
Flood,node3,1,2,RCS13-FP16-Opt,188,logits,30.411550999999999,2,2,2,,0
Flood,node3,1,2,RCS13-FP16-Opt,189,logits,29.881592000000001,2,2,2,,0
Flood,node3,1,2,RCS13-FP16-Opt,190,logits,31.041855999999999,2,2,2,,0
Flood,node3,1,2,RCS13-FP16-Opt,191,logits,30.532079,2,2,2,,0
Flood,node3,1,2,RCS13-FP16-Opt,192,logits,29.768273000000001,2,2,2,,0
Flood,node3,1,2,RCS13-FP16-Opt,193,logits,30.031752000000001,2,2,2,,0
Flood,node3,1,2,RCS13-FP16-Opt,194,logits,30.380388,2,2,2,,0
Flood,node3,1,2,RCS13-FP16-Opt,195,logits,30.085605999999999,2,2,2,,0
Flood,node3,1,2,RCS13-FP16-Opt,196,logits,30.262820000000001,2,2,2,,0
Flood,node3,1,2,RCS13-FP16-Opt,197,logits,29.843917999999999,2,2,2,,0
Flood,node3,1,2,RCS13-FP16-Opt,198,logits,30.277539999999998,2,2,2,,0
Flood,node3,1,2,RCS13-FP16-Opt,199,logits,29.801445999999999,2,2,2,,0
Flood,node3,1,3,MP-RCS-Opt,0,logits,39.177301999999997,2,2,2,,0
Flood,node3,1,3,MP-RCS-Opt,1,logits,39.811377,2,2,2,,0
Flood,node3,1,3,MP-RCS-Opt,2,logits,38.477410999999996,2,2,2,,0
Flood,node3,1,3,MP-RCS-Opt,3,logits,37.933900000000001,2,2,2,,0
Flood,node3,1,3,MP-RCS-Opt,4,logits,39.112617,2,2,2,,0
Flood,node3,1,3,MP-RCS-Opt,5,logits,37.166625000000003,2,2,2,,0
Flood,node3,1,3,MP-RCS-Opt,6,logits,38.155186999999998,2,2,2,,0
Flood,node3,1,3,MP-RCS-Opt,7,logits,37.332537000000002,2,2,2,,0
Flood,node3,1,3,MP-RCS-Opt,8,logits,37.65936,2,2,2,,0
Flood,node3,1,3,MP-RCS-Opt,9,logits,37.651899,2,2,2,,0
Flood,node3,1,3,MP-RCS-Opt,10,logits,37.944661000000004,2,2,2,,0
Flood,node3,1,3,MP-RCS-Opt,11,logits,37.610747000000003,2,2,2,,0
Flood,node3,1,3,MP-RCS-Opt,12,logits,37.441733999999997,2,2,2,,0
Flood,node3,1,3,MP-RCS-Opt,13,logits,38.086421000000001,2,2,2,,0
Flood,node3,1,3,MP-RCS-Opt,14,logits,37.813521999999999,2,2,2,,0
Flood,node3,1,3,MP-RCS-Opt,15,logits,37.881056999999998,2,2,2,,0
Flood,node3,1,3,MP-RCS-Opt,16,logits,37.570343999999999,2,2,2,,0
Flood,node3,1,3,MP-RCS-Opt,17,logits,37.746775999999997,2,2,2,,0
Flood,node3,1,3,MP-RCS-Opt,18,logits,37.119221000000003,2,2,2,,0
Flood,node3,1,3,MP-RCS-Opt,19,logits,37.732826000000003,2,2,2,,0
Flood,node3,1,3,MP-RCS-Opt,20,logits,37.165664,2,2,2,,0
Flood,node3,1,3,MP-RCS-Opt,21,logits,37.335047000000003,2,2,2,,0
Flood,node3,1,3,MP-RCS-Opt,22,logits,37.810001999999997,2,2,2,,0
Flood,node3,1,3,MP-RCS-Opt,23,logits,38.489010999999998,2,2,2,,0
Flood,node3,1,3,MP-RCS-Opt,24,logits,39.231034999999999,2,2,2,,0
Flood,node3,1,3,MP-RCS-Opt,25,logits,37.111440000000002,2,2,2,,0
Flood,node3,1,3,MP-RCS-Opt,26,logits,38.918052000000003,2,2,2,,0
Flood,node3,1,3,MP-RCS-Opt,27,logits,37.423093999999999,2,2,2,,0
Flood,node3,1,3,MP-RCS-Opt,28,logits,38.116562999999999,2,2,2,,0
Flood,node3,1,3,MP-RCS-Opt,29,logits,37.533870999999998,2,2,2,,0
Flood,node3,1,3,MP-RCS-Opt,30,logits,36.715462000000002,2,2,2,,0
Flood,node3,1,3,MP-RCS-Opt,31,logits,37.778348999999999,2,2,2,,0
Flood,node3,1,3,MP-RCS-Opt,32,logits,37.518099999999997,2,2,2,,0
Flood,node3,1,3,MP-RCS-Opt,33,logits,37.055097000000004,2,2,2,,0
Flood,node3,1,3,MP-RCS-Opt,34,logits,37.869165000000002,2,2,2,,0
Flood,node3,1,3,MP-RCS-Opt,35,logits,37.406072000000002,2,2,2,,0
Flood,node3,1,3,MP-RCS-Opt,36,logits,37.543081999999998,2,2,2,,0
Flood,node3,1,3,MP-RCS-Opt,37,logits,37.034925000000001,2,2,2,,0
Flood,node3,1,3,MP-RCS-Opt,38,logits,37.360588,2,2,2,,0
Flood,node3,1,3,MP-RCS-Opt,39,logits,37.129821999999997,2,2,2,,0
Flood,node3,1,3,MP-RCS-Opt,40,logits,37.892026999999999,2,2,2,,0
Flood,node3,1,3,MP-RCS-Opt,41,logits,36.908265,2,2,2,,0
Flood,node3,1,3,MP-RCS-Opt,42,logits,37.194656000000002,2,2,2,,0
Flood,node3,1,3,MP-RCS-Opt,43,logits,37.085718999999997,2,2,2,,0
Flood,node3,1,3,MP-RCS-Opt,44,logits,37.764387999999997,2,2,2,,0
Flood,node3,1,3,MP-RCS-Opt,45,logits,39.689607000000002,2,2,2,,0
Flood,node3,1,3,MP-RCS-Opt,46,logits,38.393343999999999,2,2,2,,0
Flood,node3,1,3,MP-RCS-Opt,47,logits,38.486199999999997,2,2,2,,0
Flood,node3,1,3,MP-RCS-Opt,48,logits,38.181659000000003,2,2,2,,0
Flood,node3,1,3,MP-RCS-Opt,49,logits,37.578634999999998,2,2,2,,0
Flood,node3,1,3,MP-RCS-Opt,50,logits,37.792189,2,2,2,,0
Flood,node3,1,3,MP-RCS-Opt,51,logits,40.343566000000003,2,2,2,,0
Flood,node3,1,3,MP-RCS-Opt,52,logits,37.791710000000002,2,2,2,,0
Flood,node3,1,3,MP-RCS-Opt,53,logits,38.462668000000001,2,2,2,,0
Flood,node3,1,3,MP-RCS-Opt,54,logits,38.542645,2,2,2,,0
Flood,node3,1,3,MP-RCS-Opt,55,logits,38.963484999999999,2,2,2,,0
Flood,node3,1,3,MP-RCS-Opt,56,logits,38.618600000000001,2,2,2,,0
Flood,node3,1,3,MP-RCS-Opt,57,logits,38.008256000000003,2,2,2,,0
Flood,node3,1,3,MP-RCS-Opt,58,logits,37.886187,2,2,2,,0
Flood,node3,1,3,MP-RCS-Opt,59,logits,37.537700999999998,2,2,2,,0
Flood,node3,1,3,MP-RCS-Opt,60,logits,37.586604000000001,2,2,2,,0
Flood,node3,1,3,MP-RCS-Opt,61,logits,37.474606999999999,2,2,2,,0
Flood,node3,1,3,MP-RCS-Opt,62,logits,38.142004999999997,2,2,2,,0
Flood,node3,1,3,MP-RCS-Opt,63,logits,38.432316,2,2,2,,0
Flood,node3,1,3,MP-RCS-Opt,64,logits,38.405983999999997,2,2,2,,0
Flood,node3,1,3,MP-RCS-Opt,65,logits,37.513379999999998,2,2,2,,0
Flood,node3,1,3,MP-RCS-Opt,66,logits,37.632767999999999,2,2,2,,0
Flood,node3,1,3,MP-RCS-Opt,67,logits,37.845033000000001,2,2,2,,0
Flood,node3,1,3,MP-RCS-Opt,68,logits,38.532294,2,2,2,,0
Flood,node3,1,3,MP-RCS-Opt,69,logits,37.404330999999999,2,2,2,,0
Flood,node3,1,3,MP-RCS-Opt,70,logits,38.515371999999999,2,2,2,,0
Flood,node3,1,3,MP-RCS-Opt,71,logits,37.623897999999997,2,2,2,,0
Flood,node3,1,3,MP-RCS-Opt,72,logits,38.240492000000003,2,2,2,,0
Flood,node3,1,3,MP-RCS-Opt,73,logits,38.474558999999999,2,2,2,,0
Flood,node3,1,3,MP-RCS-Opt,74,logits,38.226931999999998,2,2,2,,0
Flood,node3,1,3,MP-RCS-Opt,75,logits,38.734388000000003,2,2,2,,0
Flood,node3,1,3,MP-RCS-Opt,76,logits,38.244351999999999,2,2,2,,0
Flood,node3,1,3,MP-RCS-Opt,77,logits,37.455894999999998,2,2,2,,0
Flood,node3,1,3,MP-RCS-Opt,78,logits,40.448242999999998,2,2,2,,0
Flood,node3,1,3,MP-RCS-Opt,79,logits,38.442447000000001,2,2,2,,0
Flood,node3,1,3,MP-RCS-Opt,80,logits,38.249983,2,2,2,,0
Flood,node3,1,3,MP-RCS-Opt,81,logits,38.845396999999998,2,2,2,,0
Flood,node3,1,3,MP-RCS-Opt,82,logits,38.605758000000002,2,2,2,,0
Flood,node3,1,3,MP-RCS-Opt,83,logits,37.749516999999997,2,2,2,,0
Flood,node3,1,3,MP-RCS-Opt,84,logits,38.233302000000002,2,2,2,,0
Flood,node3,1,3,MP-RCS-Opt,85,logits,40.682499999999997,2,2,2,,0
Flood,node3,1,3,MP-RCS-Opt,86,logits,40.424979999999998,2,2,2,,0
Flood,node3,1,3,MP-RCS-Opt,87,logits,40.499346000000003,2,2,2,,0
Flood,node3,1,3,MP-RCS-Opt,88,logits,38.239212999999999,2,2,2,,0
Flood,node3,1,3,MP-RCS-Opt,89,logits,37.583382999999998,2,2,2,,0
Flood,node3,1,3,MP-RCS-Opt,90,logits,38.169246999999999,2,2,2,,0
Flood,node3,1,3,MP-RCS-Opt,91,logits,38.054107999999999,2,2,2,,0
Flood,node3,1,3,MP-RCS-Opt,92,logits,37.684201000000002,2,2,2,,0
Flood,node3,1,3,MP-RCS-Opt,93,logits,37.066977000000001,2,2,2,,0
Flood,node3,1,3,MP-RCS-Opt,94,logits,38.277264000000002,2,2,2,,0
Flood,node3,1,3,MP-RCS-Opt,95,logits,38.440615999999999,2,2,2,,0
Flood,node3,1,3,MP-RCS-Opt,96,logits,37.981633000000002,2,2,2,,0
Flood,node3,1,3,MP-RCS-Opt,97,logits,37.873514999999998,2,2,2,,0
Flood,node3,1,3,MP-RCS-Opt,98,logits,37.682091999999997,2,2,2,,0
Flood,node3,1,3,MP-RCS-Opt,99,logits,37.371298000000003,2,2,2,,0
Flood,node3,1,3,MP-RCS-Opt,100,logits,38.686025000000001,2,2,2,,0
Flood,node3,1,3,MP-RCS-Opt,101,logits,38.155254999999997,2,2,2,,0
Flood,node3,1,3,MP-RCS-Opt,102,logits,37.794289999999997,2,2,2,,0
Flood,node3,1,3,MP-RCS-Opt,103,logits,37.965032000000001,2,2,2,,0
Flood,node3,1,3,MP-RCS-Opt,104,logits,38.299675999999998,2,2,2,,0
Flood,node3,1,3,MP-RCS-Opt,105,logits,41.560192999999998,2,2,2,,0
Flood,node3,1,3,MP-RCS-Opt,106,logits,39.621172999999999,2,2,2,,0
Flood,node3,1,3,MP-RCS-Opt,107,logits,40.115358000000001,2,2,2,,0
Flood,node3,1,3,MP-RCS-Opt,108,logits,37.913988000000003,2,2,2,,0
Flood,node3,1,3,MP-RCS-Opt,109,logits,37.928229999999999,2,2,2,,0
Flood,node3,1,3,MP-RCS-Opt,110,logits,38.619109000000002,2,2,2,,0
Flood,node3,1,3,MP-RCS-Opt,111,logits,38.449126999999997,2,2,2,,0
Flood,node3,1,3,MP-RCS-Opt,112,logits,38.703854999999997,2,2,2,,0
Flood,node3,1,3,MP-RCS-Opt,113,logits,37.628307999999997,2,2,2,,0
Flood,node3,1,3,MP-RCS-Opt,114,logits,37.856253000000002,2,2,2,,0
Flood,node3,1,3,MP-RCS-Opt,115,logits,38.335279,2,2,2,,0
Flood,node3,1,3,MP-RCS-Opt,116,logits,38.709535000000002,2,2,2,,0
Flood,node3,1,3,MP-RCS-Opt,117,logits,37.456555000000002,2,2,2,,0
Flood,node3,1,3,MP-RCS-Opt,118,logits,37.938429999999997,2,2,2,,0
Flood,node3,1,3,MP-RCS-Opt,119,logits,37.917298000000002,2,2,2,,0
Flood,node3,1,3,MP-RCS-Opt,120,logits,39.837237999999999,2,2,2,,0
Flood,node3,1,3,MP-RCS-Opt,121,logits,38.921601000000003,2,2,2,,0
Flood,node3,1,3,MP-RCS-Opt,122,logits,39.963166999999999,2,2,2,,0
Flood,node3,1,3,MP-RCS-Opt,123,logits,39.468840999999998,2,2,2,,0
Flood,node3,1,3,MP-RCS-Opt,124,logits,37.813771000000003,2,2,2,,0
Flood,node3,1,3,MP-RCS-Opt,125,logits,40.881363,2,2,2,,0
Flood,node3,1,3,MP-RCS-Opt,126,logits,38.629350000000002,2,2,2,,0
Flood,node3,1,3,MP-RCS-Opt,127,logits,37.613996,2,2,2,,0
Flood,node3,1,3,MP-RCS-Opt,128,logits,38.245111999999999,2,2,2,,0
Flood,node3,1,3,MP-RCS-Opt,129,logits,38.328018,2,2,2,,0
Flood,node3,1,3,MP-RCS-Opt,130,logits,38.551845,2,2,2,,0
Flood,node3,1,3,MP-RCS-Opt,131,logits,39.993577999999999,2,2,2,,0
Flood,node3,1,3,MP-RCS-Opt,132,logits,41.251280000000001,2,2,2,,0
Flood,node3,1,3,MP-RCS-Opt,133,logits,39.299289000000002,2,2,2,,0
Flood,node3,1,3,MP-RCS-Opt,134,logits,38.133394000000003,2,2,2,,0
Flood,node3,1,3,MP-RCS-Opt,135,logits,37.571232999999999,2,2,2,,0
Flood,node3,1,3,MP-RCS-Opt,136,logits,37.821351,2,2,2,,0
Flood,node3,1,3,MP-RCS-Opt,137,logits,37.324955000000003,2,2,2,,0
Flood,node3,1,3,MP-RCS-Opt,138,logits,37.975791999999998,2,2,2,,0
Flood,node3,1,3,MP-RCS-Opt,139,logits,36.910454999999999,2,2,2,,0
Flood,node3,1,3,MP-RCS-Opt,140,logits,37.676909999999999,2,2,2,,0
Flood,node3,1,3,MP-RCS-Opt,141,logits,38.043097000000003,2,2,2,,0
Flood,node3,1,3,MP-RCS-Opt,142,logits,39.346181999999999,2,2,2,,0
Flood,node3,1,3,MP-RCS-Opt,143,logits,38.333128000000002,2,2,2,,0
Flood,node3,1,3,MP-RCS-Opt,144,logits,38.485298999999998,2,2,2,,0
Flood,node3,1,3,MP-RCS-Opt,145,logits,38.276693999999999,2,2,2,,0
Flood,node3,1,3,MP-RCS-Opt,146,logits,37.556410999999997,2,2,2,,0
Flood,node3,1,3,MP-RCS-Opt,147,logits,37.323655000000002,2,2,2,,0
Flood,node3,1,3,MP-RCS-Opt,148,logits,37.973801999999999,2,2,2,,0
Flood,node3,1,3,MP-RCS-Opt,149,logits,38.442256,2,2,2,,0
Flood,node3,1,3,MP-RCS-Opt,150,logits,37.840221999999997,2,2,2,,0
Flood,node3,1,3,MP-RCS-Opt,151,logits,38.665042999999997,2,2,2,,0
Flood,node3,1,3,MP-RCS-Opt,152,logits,37.988992000000003,2,2,2,,0
Flood,node3,1,3,MP-RCS-Opt,153,logits,37.572893000000001,2,2,2,,0
Flood,node3,1,3,MP-RCS-Opt,154,logits,37.101258999999999,2,2,2,,0
Flood,node3,1,3,MP-RCS-Opt,155,logits,37.560851999999997,2,2,2,,0
Flood,node3,1,3,MP-RCS-Opt,156,logits,37.668748999999998,2,2,2,,0
Flood,node3,1,3,MP-RCS-Opt,157,logits,37.794468000000002,2,2,2,,0
Flood,node3,1,3,MP-RCS-Opt,158,logits,37.618417000000001,2,2,2,,0
Flood,node3,1,3,MP-RCS-Opt,159,logits,39.165737999999997,2,2,2,,0
Flood,node3,1,3,MP-RCS-Opt,160,logits,39.313229,2,2,2,,0
Flood,node3,1,3,MP-RCS-Opt,161,logits,38.702846000000001,2,2,2,,0
Flood,node3,1,3,MP-RCS-Opt,162,logits,37.036012999999997,2,2,2,,0
Flood,node3,1,3,MP-RCS-Opt,163,logits,38.417484000000002,2,2,2,,0
Flood,node3,1,3,MP-RCS-Opt,164,logits,37.455663999999999,2,2,2,,0
Flood,node3,1,3,MP-RCS-Opt,165,logits,38.747028,2,2,2,,0
Flood,node3,1,3,MP-RCS-Opt,166,logits,37.833832000000001,2,2,2,,0
Flood,node3,1,3,MP-RCS-Opt,167,logits,38.454025999999999,2,2,2,,0
Flood,node3,1,3,MP-RCS-Opt,168,logits,38.107841999999998,2,2,2,,0
Flood,node3,1,3,MP-RCS-Opt,169,logits,38.293064999999999,2,2,2,,0
Flood,node3,1,3,MP-RCS-Opt,170,logits,37.255769000000001,2,2,2,,0
Flood,node3,1,3,MP-RCS-Opt,171,logits,37.481625999999999,2,2,2,,0
Flood,node3,1,3,MP-RCS-Opt,172,logits,37.801428999999999,2,2,2,,0
Flood,node3,1,3,MP-RCS-Opt,173,logits,38.293574999999997,2,2,2,,0
Flood,node3,1,3,MP-RCS-Opt,174,logits,37.874893999999998,2,2,2,,0
Flood,node3,1,3,MP-RCS-Opt,175,logits,38.118912000000002,2,2,2,,0
Flood,node3,1,3,MP-RCS-Opt,176,logits,37.834060999999998,2,2,2,,0
Flood,node3,1,3,MP-RCS-Opt,177,logits,37.780006999999998,2,2,2,,0
Flood,node3,1,3,MP-RCS-Opt,178,logits,37.624296000000001,2,2,2,,0
Flood,node3,1,3,MP-RCS-Opt,179,logits,38.124921999999998,2,2,2,,0
Flood,node3,1,3,MP-RCS-Opt,180,logits,38.085760000000001,2,2,2,,0
Flood,node3,1,3,MP-RCS-Opt,181,logits,37.990583000000001,2,2,2,,0
Flood,node3,1,3,MP-RCS-Opt,182,logits,37.858162999999998,2,2,2,,0
Flood,node3,1,3,MP-RCS-Opt,183,logits,37.867404000000001,2,2,2,,0
Flood,node3,1,3,MP-RCS-Opt,184,logits,37.467444999999998,2,2,2,,0
Flood,node3,1,3,MP-RCS-Opt,185,logits,37.796239,2,2,2,,0
Flood,node3,1,3,MP-RCS-Opt,186,logits,37.598523999999998,2,2,2,,0
Flood,node3,1,3,MP-RCS-Opt,187,logits,39.211542000000001,2,2,2,,0
Flood,node3,1,3,MP-RCS-Opt,188,logits,37.818890000000003,2,2,2,,0
Flood,node3,1,3,MP-RCS-Opt,189,logits,38.111851999999999,2,2,2,,0
Flood,node3,1,3,MP-RCS-Opt,190,logits,38.973363999999997,2,2,2,,0
Flood,node3,1,3,MP-RCS-Opt,191,logits,37.911166999999999,2,2,2,,0
Flood,node3,1,3,MP-RCS-Opt,192,logits,37.543689999999998,2,2,2,,0
Flood,node3,1,3,MP-RCS-Opt,193,logits,39.605589999999999,2,2,2,,0
Flood,node3,1,3,MP-RCS-Opt,194,logits,39.909571999999997,2,2,2,,0
Flood,node3,1,3,MP-RCS-Opt,195,logits,36.986879999999999,2,2,2,,0
Flood,node3,1,3,MP-RCS-Opt,196,logits,36.885942,2,2,2,,0
Flood,node3,1,3,MP-RCS-Opt,197,logits,37.810929000000002,2,2,2,,0
Flood,node3,1,3,MP-RCS-Opt,198,logits,37.555990999999999,2,2,2,,0
Flood,node3,1,3,MP-RCS-Opt,199,logits,37.461334999999998,2,2,2,,0
Flood,node3,2,1,MP-RCS-Opt,0,logits,37.610107999999997,2,2,2,,0
Flood,node3,2,1,MP-RCS-Opt,1,logits,37.442864999999998,2,2,2,,0
Flood,node3,2,1,MP-RCS-Opt,2,logits,39.285378999999999,2,2,2,,0
Flood,node3,2,1,MP-RCS-Opt,3,logits,38.388613999999997,2,2,2,,0
Flood,node3,2,1,MP-RCS-Opt,4,logits,37.565424999999998,2,2,2,,0
Flood,node3,2,1,MP-RCS-Opt,5,logits,38.869478000000001,2,2,2,,0
Flood,node3,2,1,MP-RCS-Opt,6,logits,39.230665000000002,2,2,2,,0
Flood,node3,2,1,MP-RCS-Opt,7,logits,40.422711,2,2,2,,0
Flood,node3,2,1,MP-RCS-Opt,8,logits,40.034973000000001,2,2,2,,0
Flood,node3,2,1,MP-RCS-Opt,9,logits,39.291739999999997,2,2,2,,0
Flood,node3,2,1,MP-RCS-Opt,10,logits,38.062779999999997,2,2,2,,0
Flood,node3,2,1,MP-RCS-Opt,11,logits,37.594427000000003,2,2,2,,0
Flood,node3,2,1,MP-RCS-Opt,12,logits,37.857945000000001,2,2,2,,0
Flood,node3,2,1,MP-RCS-Opt,13,logits,37.528641,2,2,2,,0
Flood,node3,2,1,MP-RCS-Opt,14,logits,38.398034000000003,2,2,2,,0
Flood,node3,2,1,MP-RCS-Opt,15,logits,37.849485000000001,2,2,2,,0
Flood,node3,2,1,MP-RCS-Opt,16,logits,38.245193,2,2,2,,0
Flood,node3,2,1,MP-RCS-Opt,17,logits,38.106293999999998,2,2,2,,0
Flood,node3,2,1,MP-RCS-Opt,18,logits,37.756767000000004,2,2,2,,0
Flood,node3,2,1,MP-RCS-Opt,19,logits,37.869346,2,2,2,,0
Flood,node3,2,1,MP-RCS-Opt,20,logits,38.136465000000001,2,2,2,,0
Flood,node3,2,1,MP-RCS-Opt,21,logits,38.933793000000001,2,2,2,,0
Flood,node3,2,1,MP-RCS-Opt,22,logits,39.207503000000003,2,2,2,,0
Flood,node3,2,1,MP-RCS-Opt,23,logits,39.628692999999998,2,2,2,,0
Flood,node3,2,1,MP-RCS-Opt,24,logits,38.823416000000002,2,2,2,,0
Flood,node3,2,1,MP-RCS-Opt,25,logits,37.737285999999997,2,2,2,,0
Flood,node3,2,1,MP-RCS-Opt,26,logits,39.027419999999999,2,2,2,,0
Flood,node3,2,1,MP-RCS-Opt,27,logits,37.900827999999997,2,2,2,,0
Flood,node3,2,1,MP-RCS-Opt,28,logits,38.042408999999999,2,2,2,,0
Flood,node3,2,1,MP-RCS-Opt,29,logits,37.410001999999999,2,2,2,,0
Flood,node3,2,1,MP-RCS-Opt,30,logits,37.940871000000001,2,2,2,,0
Flood,node3,2,1,MP-RCS-Opt,31,logits,39.58399,2,2,2,,0
Flood,node3,2,1,MP-RCS-Opt,32,logits,38.801484000000002,2,2,2,,0
Flood,node3,2,1,MP-RCS-Opt,33,logits,39.520384999999997,2,2,2,,0
Flood,node3,2,1,MP-RCS-Opt,34,logits,40.25732,2,2,2,,0
Flood,node3,2,1,MP-RCS-Opt,35,logits,39.662826000000003,2,2,2,,0
Flood,node3,2,1,MP-RCS-Opt,36,logits,38.158577000000001,2,2,2,,0
Flood,node3,2,1,MP-RCS-Opt,37,logits,37.553632999999998,2,2,2,,0
Flood,node3,2,1,MP-RCS-Opt,38,logits,37.66845,2,2,2,,0
Flood,node3,2,1,MP-RCS-Opt,39,logits,37.667240999999997,2,2,2,,0
Flood,node3,2,1,MP-RCS-Opt,40,logits,38.286994999999997,2,2,2,,0
Flood,node3,2,1,MP-RCS-Opt,41,logits,38.175837000000001,2,2,2,,0
Flood,node3,2,1,MP-RCS-Opt,42,logits,38.787132,2,2,2,,0
Flood,node3,2,1,MP-RCS-Opt,43,logits,38.033346999999999,2,2,2,,0
Flood,node3,2,1,MP-RCS-Opt,44,logits,37.690863,2,2,2,,0
Flood,node3,2,1,MP-RCS-Opt,45,logits,37.283932999999998,2,2,2,,0
Flood,node3,2,1,MP-RCS-Opt,46,logits,38.815753999999998,2,2,2,,0
Flood,node3,2,1,MP-RCS-Opt,47,logits,38.177577999999997,2,2,2,,0
Flood,node3,2,1,MP-RCS-Opt,48,logits,37.932589999999998,2,2,2,,0
Flood,node3,2,1,MP-RCS-Opt,49,logits,37.025914999999998,2,2,2,,0
Flood,node3,2,1,MP-RCS-Opt,50,logits,38.028306999999998,2,2,2,,0
Flood,node3,2,1,MP-RCS-Opt,51,logits,37.813442000000002,2,2,2,,0
Flood,node3,2,1,MP-RCS-Opt,52,logits,39.043171000000001,2,2,2,,0
Flood,node3,2,1,MP-RCS-Opt,53,logits,37.185336,2,2,2,,0
Flood,node3,2,1,MP-RCS-Opt,54,logits,37.985824000000001,2,2,2,,0
Flood,node3,2,1,MP-RCS-Opt,55,logits,38.947063999999997,2,2,2,,0
Flood,node3,2,1,MP-RCS-Opt,56,logits,41.396571000000002,2,2,2,,0
Flood,node3,2,1,MP-RCS-Opt,57,logits,38.632500999999998,2,2,2,,0
Flood,node3,2,1,MP-RCS-Opt,58,logits,37.750616999999998,2,2,2,,0
Flood,node3,2,1,MP-RCS-Opt,59,logits,37.610176000000003,2,2,2,,0
Flood,node3,2,1,MP-RCS-Opt,60,logits,37.891387999999999,2,2,2,,0
Flood,node3,2,1,MP-RCS-Opt,61,logits,39.928384999999999,2,2,2,,0
Flood,node3,2,1,MP-RCS-Opt,62,logits,38.780672000000003,2,2,2,,0
Flood,node3,2,1,MP-RCS-Opt,63,logits,38.093111999999998,2,2,2,,0
Flood,node3,2,1,MP-RCS-Opt,64,logits,38.868347,2,2,2,,0
Flood,node3,2,1,MP-RCS-Opt,65,logits,38.458548999999998,2,2,2,,0
Flood,node3,2,1,MP-RCS-Opt,66,logits,37.874144999999999,2,2,2,,0
Flood,node3,2,1,MP-RCS-Opt,67,logits,38.146605999999998,2,2,2,,0
Flood,node3,2,1,MP-RCS-Opt,68,logits,37.945070999999999,2,2,2,,0
Flood,node3,2,1,MP-RCS-Opt,69,logits,37.783518999999998,2,2,2,,0
Flood,node3,2,1,MP-RCS-Opt,70,logits,38.634861000000001,2,2,2,,0
Flood,node3,2,1,MP-RCS-Opt,71,logits,37.906357999999997,2,2,2,,0
Flood,node3,2,1,MP-RCS-Opt,72,logits,37.472867000000001,2,2,2,,0
Flood,node3,2,1,MP-RCS-Opt,73,logits,38.402743999999998,2,2,2,,0
Flood,node3,2,1,MP-RCS-Opt,74,logits,38.280676,2,2,2,,0
Flood,node3,2,1,MP-RCS-Opt,75,logits,37.710503000000003,2,2,2,,0
Flood,node3,2,1,MP-RCS-Opt,76,logits,38.378613000000001,2,2,2,,0
Flood,node3,2,1,MP-RCS-Opt,77,logits,37.989184000000002,2,2,2,,0
Flood,node3,2,1,MP-RCS-Opt,78,logits,39.110365000000002,2,2,2,,0
Flood,node3,2,1,MP-RCS-Opt,79,logits,38.524743000000001,2,2,2,,0
Flood,node3,2,1,MP-RCS-Opt,80,logits,38.177357999999998,2,2,2,,0
Flood,node3,2,1,MP-RCS-Opt,81,logits,38.190339000000002,2,2,2,,0
Flood,node3,2,1,MP-RCS-Opt,82,logits,40.330264,2,2,2,,0
Flood,node3,2,1,MP-RCS-Opt,83,logits,38.266883999999997,2,2,2,,0
Flood,node3,2,1,MP-RCS-Opt,84,logits,37.972813000000002,2,2,2,,0
Flood,node3,2,1,MP-RCS-Opt,85,logits,37.741765999999998,2,2,2,,0
Flood,node3,2,1,MP-RCS-Opt,86,logits,37.892777000000002,2,2,2,,0
Flood,node3,2,1,MP-RCS-Opt,87,logits,38.014555999999999,2,2,2,,0
Flood,node3,2,1,MP-RCS-Opt,88,logits,39.848028999999997,2,2,2,,0
Flood,node3,2,1,MP-RCS-Opt,89,logits,38.846856000000002,2,2,2,,0
Flood,node3,2,1,MP-RCS-Opt,90,logits,38.549664999999997,2,2,2,,0
Flood,node3,2,1,MP-RCS-Opt,91,logits,38.443036999999997,2,2,2,,0
Flood,node3,2,1,MP-RCS-Opt,92,logits,38.264963999999999,2,2,2,,0
Flood,node3,2,1,MP-RCS-Opt,93,logits,37.558971999999997,2,2,2,,0
Flood,node3,2,1,MP-RCS-Opt,94,logits,38.297547000000002,2,2,2,,0
Flood,node3,2,1,MP-RCS-Opt,95,logits,38.831764,2,2,2,,0
Flood,node3,2,1,MP-RCS-Opt,96,logits,37.986333000000002,2,2,2,,0
Flood,node3,2,1,MP-RCS-Opt,97,logits,37.516419999999997,2,2,2,,0
Flood,node3,2,1,MP-RCS-Opt,98,logits,38.888519000000002,2,2,2,,0
Flood,node3,2,1,MP-RCS-Opt,99,logits,38.249532000000002,2,2,2,,0
Flood,node3,2,1,MP-RCS-Opt,100,logits,38.576777,2,2,2,,0
Flood,node3,2,1,MP-RCS-Opt,101,logits,37.620866999999997,2,2,2,,0
Flood,node3,2,1,MP-RCS-Opt,102,logits,38.410634000000002,2,2,2,,0
Flood,node3,2,1,MP-RCS-Opt,103,logits,37.545031999999999,2,2,2,,0
Flood,node3,2,1,MP-RCS-Opt,104,logits,38.363711000000002,2,2,2,,0
Flood,node3,2,1,MP-RCS-Opt,105,logits,37.587114999999997,2,2,2,,0
Flood,node3,2,1,MP-RCS-Opt,106,logits,38.057318000000002,2,2,2,,0
Flood,node3,2,1,MP-RCS-Opt,107,logits,38.537213999999999,2,2,2,,0
Flood,node3,2,1,MP-RCS-Opt,108,logits,37.733935000000002,2,2,2,,0
Flood,node3,2,1,MP-RCS-Opt,109,logits,37.971563000000003,2,2,2,,0
Flood,node3,2,1,MP-RCS-Opt,110,logits,38.099271999999999,2,2,2,,0
Flood,node3,2,1,MP-RCS-Opt,111,logits,37.837682999999998,2,2,2,,0
Flood,node3,2,1,MP-RCS-Opt,112,logits,38.156655999999998,2,2,2,,0
Flood,node3,2,1,MP-RCS-Opt,113,logits,37.569684000000002,2,2,2,,0
Flood,node3,2,1,MP-RCS-Opt,114,logits,38.507511000000001,2,2,2,,0
Flood,node3,2,1,MP-RCS-Opt,115,logits,39.227573999999997,2,2,2,,0
Flood,node3,2,1,MP-RCS-Opt,116,logits,38.603318000000002,2,2,2,,0
Flood,node3,2,1,MP-RCS-Opt,117,logits,38.058568000000001,2,2,2,,0
Flood,node3,2,1,MP-RCS-Opt,118,logits,37.687682000000002,2,2,2,,0
Flood,node3,2,1,MP-RCS-Opt,119,logits,38.167375999999997,2,2,2,,0
Flood,node3,2,1,MP-RCS-Opt,120,logits,37.454174999999999,2,2,2,,0
Flood,node3,2,1,MP-RCS-Opt,121,logits,37.593865000000001,2,2,2,,0
Flood,node3,2,1,MP-RCS-Opt,122,logits,39.842387000000002,2,2,2,,0
Flood,node3,2,1,MP-RCS-Opt,123,logits,37.945340999999999,2,2,2,,0
Flood,node3,2,1,MP-RCS-Opt,124,logits,37.208886,2,2,2,,0
Flood,node3,2,1,MP-RCS-Opt,125,logits,37.674641000000001,2,2,2,,0
Flood,node3,2,1,MP-RCS-Opt,126,logits,38.333789000000003,2,2,2,,0
Flood,node3,2,1,MP-RCS-Opt,127,logits,37.278632000000002,2,2,2,,0
Flood,node3,2,1,MP-RCS-Opt,128,logits,38.613379000000002,2,2,2,,0
Flood,node3,2,1,MP-RCS-Opt,129,logits,37.437942999999997,2,2,2,,0
Flood,node3,2,1,MP-RCS-Opt,130,logits,38.475648999999997,2,2,2,,0
Flood,node3,2,1,MP-RCS-Opt,131,logits,37.390830000000001,2,2,2,,0
Flood,node3,2,1,MP-RCS-Opt,132,logits,38.06615,2,2,2,,0
Flood,node3,2,1,MP-RCS-Opt,133,logits,37.785069,2,2,2,,0
Flood,node3,2,1,MP-RCS-Opt,134,logits,38.178317,2,2,2,,0
Flood,node3,2,1,MP-RCS-Opt,135,logits,40.490405000000003,2,2,2,,0
Flood,node3,2,1,MP-RCS-Opt,136,logits,40.605092999999997,2,2,2,,0
Flood,node3,2,1,MP-RCS-Opt,137,logits,39.815975999999999,2,2,2,,0
Flood,node3,2,1,MP-RCS-Opt,138,logits,39.292667999999999,2,2,2,,0
Flood,node3,2,1,MP-RCS-Opt,139,logits,37.335965999999999,2,2,2,,0
Flood,node3,2,1,MP-RCS-Opt,140,logits,39.031089000000001,2,2,2,,0
Flood,node3,2,1,MP-RCS-Opt,141,logits,38.268464000000002,2,2,2,,0
Flood,node3,2,1,MP-RCS-Opt,142,logits,40.579090999999998,2,2,2,,0
Flood,node3,2,1,MP-RCS-Opt,143,logits,38.50065,2,2,2,,0
Flood,node3,2,1,MP-RCS-Opt,144,logits,37.922589000000002,2,2,2,,0
Flood,node3,2,1,MP-RCS-Opt,145,logits,37.978993000000003,2,2,2,,0
Flood,node3,2,1,MP-RCS-Opt,146,logits,38.632530000000003,2,2,2,,0
Flood,node3,2,1,MP-RCS-Opt,147,logits,39.719098000000002,2,2,2,,0
Flood,node3,2,1,MP-RCS-Opt,148,logits,37.766347000000003,2,2,2,,0
Flood,node3,2,1,MP-RCS-Opt,149,logits,38.221260000000001,2,2,2,,0
Flood,node3,2,1,MP-RCS-Opt,150,logits,37.585034,2,2,2,,0
Flood,node3,2,1,MP-RCS-Opt,151,logits,39.893611,2,2,2,,0
Flood,node3,2,1,MP-RCS-Opt,152,logits,38.893208999999999,2,2,2,,0
Flood,node3,2,1,MP-RCS-Opt,153,logits,39.385604000000001,2,2,2,,0
Flood,node3,2,1,MP-RCS-Opt,154,logits,38.787131000000002,2,2,2,,0
Flood,node3,2,1,MP-RCS-Opt,155,logits,37.970202,2,2,2,,0
Flood,node3,2,1,MP-RCS-Opt,156,logits,38.153995999999999,2,2,2,,0
Flood,node3,2,1,MP-RCS-Opt,157,logits,38.206589000000001,2,2,2,,0
Flood,node3,2,1,MP-RCS-Opt,158,logits,38.174776999999999,2,2,2,,0
Flood,node3,2,1,MP-RCS-Opt,159,logits,38.219059000000001,2,2,2,,0
Flood,node3,2,1,MP-RCS-Opt,160,logits,38.720866000000001,2,2,2,,0
Flood,node3,2,1,MP-RCS-Opt,161,logits,38.732506999999998,2,2,2,,0
Flood,node3,2,1,MP-RCS-Opt,162,logits,40.308061000000002,2,2,2,,0
Flood,node3,2,1,MP-RCS-Opt,163,logits,38.811613000000001,2,2,2,,0
Flood,node3,2,1,MP-RCS-Opt,164,logits,38.943503,2,2,2,,0
Flood,node3,2,1,MP-RCS-Opt,165,logits,38.35924,2,2,2,,0
Flood,node3,2,1,MP-RCS-Opt,166,logits,37.842412000000003,2,2,2,,0
Flood,node3,2,1,MP-RCS-Opt,167,logits,38.049987999999999,2,2,2,,0
Flood,node3,2,1,MP-RCS-Opt,168,logits,37.583534,2,2,2,,0
Flood,node3,2,1,MP-RCS-Opt,169,logits,38.504330000000003,2,2,2,,0
Flood,node3,2,1,MP-RCS-Opt,170,logits,38.806873000000003,2,2,2,,0
Flood,node3,2,1,MP-RCS-Opt,171,logits,38.121921999999998,2,2,2,,0
Flood,node3,2,1,MP-RCS-Opt,172,logits,37.858054000000003,2,2,2,,0
Flood,node3,2,1,MP-RCS-Opt,173,logits,37.801149000000002,2,2,2,,0
Flood,node3,2,1,MP-RCS-Opt,174,logits,37.750675999999999,2,2,2,,0
Flood,node3,2,1,MP-RCS-Opt,175,logits,38.493909000000002,2,2,2,,0
Flood,node3,2,1,MP-RCS-Opt,176,logits,38.927981000000003,2,2,2,,0
Flood,node3,2,1,MP-RCS-Opt,177,logits,37.753055000000003,2,2,2,,0
Flood,node3,2,1,MP-RCS-Opt,178,logits,37.930698999999997,2,2,2,,0
Flood,node3,2,1,MP-RCS-Opt,179,logits,37.167183999999999,2,2,2,,0
Flood,node3,2,1,MP-RCS-Opt,180,logits,38.529471999999998,2,2,2,,0
Flood,node3,2,1,MP-RCS-Opt,181,logits,37.515819,2,2,2,,0
Flood,node3,2,1,MP-RCS-Opt,182,logits,38.183036000000001,2,2,2,,0
Flood,node3,2,1,MP-RCS-Opt,183,logits,38.038127000000003,2,2,2,,0
Flood,node3,2,1,MP-RCS-Opt,184,logits,37.67353,2,2,2,,0
Flood,node3,2,1,MP-RCS-Opt,185,logits,37.948118999999998,2,2,2,,0
Flood,node3,2,1,MP-RCS-Opt,186,logits,38.954372999999997,2,2,2,,0
Flood,node3,2,1,MP-RCS-Opt,187,logits,38.000354000000002,2,2,2,,0
Flood,node3,2,1,MP-RCS-Opt,188,logits,38.025066000000002,2,2,2,,0
Flood,node3,2,1,MP-RCS-Opt,189,logits,37.711353000000003,2,2,2,,0
Flood,node3,2,1,MP-RCS-Opt,190,logits,39.298907999999997,2,2,2,,0
Flood,node3,2,1,MP-RCS-Opt,191,logits,38.163375000000002,2,2,2,,0
Flood,node3,2,1,MP-RCS-Opt,192,logits,37.474055999999997,2,2,2,,0
Flood,node3,2,1,MP-RCS-Opt,193,logits,38.388212000000003,2,2,2,,0
Flood,node3,2,1,MP-RCS-Opt,194,logits,38.426495000000003,2,2,2,,0
Flood,node3,2,1,MP-RCS-Opt,195,logits,37.690581000000002,2,2,2,,0
Flood,node3,2,1,MP-RCS-Opt,196,logits,38.372149999999998,2,2,2,,0
Flood,node3,2,1,MP-RCS-Opt,197,logits,38.422294000000001,2,2,2,,0
Flood,node3,2,1,MP-RCS-Opt,198,logits,37.778508000000002,2,2,2,,0
Flood,node3,2,1,MP-RCS-Opt,199,logits,37.695810999999999,2,2,2,,0
Flood,node3,2,2,RCS13-FP32,0,logits,33.409742999999999,2,2,2,,0
Flood,node3,2,2,RCS13-FP32,1,logits,32.842593000000001,2,2,2,,0
Flood,node3,2,2,RCS13-FP32,2,logits,33.974314,2,2,2,,0
Flood,node3,2,2,RCS13-FP32,3,logits,32.508347000000001,2,2,2,,0
Flood,node3,2,2,RCS13-FP32,4,logits,32.748824999999997,2,2,2,,0
Flood,node3,2,2,RCS13-FP32,5,logits,32.627195999999998,2,2,2,,0
Flood,node3,2,2,RCS13-FP32,6,logits,32.427211999999997,2,2,2,,0
Flood,node3,2,2,RCS13-FP32,7,logits,32.329946,2,2,2,,0
Flood,node3,2,2,RCS13-FP32,8,logits,32.555791999999997,2,2,2,,0
Flood,node3,2,2,RCS13-FP32,9,logits,32.714913000000003,2,2,2,,0
Flood,node3,2,2,RCS13-FP32,10,logits,33.220849999999999,2,2,2,,0
Flood,node3,2,2,RCS13-FP32,11,logits,32.24438,2,2,2,,0
Flood,node3,2,2,RCS13-FP32,12,logits,32.614834999999999,2,2,2,,0
Flood,node3,2,2,RCS13-FP32,13,logits,32.444383999999999,2,2,2,,0
Flood,node3,2,2,RCS13-FP32,14,logits,32.769907000000003,2,2,2,,0
Flood,node3,2,2,RCS13-FP32,15,logits,32.539641000000003,2,2,2,,0
Flood,node3,2,2,RCS13-FP32,16,logits,32.351996999999997,2,2,2,,0
Flood,node3,2,2,RCS13-FP32,17,logits,32.085028000000001,2,2,2,,0
Flood,node3,2,2,RCS13-FP32,18,logits,33.601706,2,2,2,,0
Flood,node3,2,2,RCS13-FP32,19,logits,32.603565000000003,2,2,2,,0
Flood,node3,2,2,RCS13-FP32,20,logits,32.529598999999997,2,2,2,,0
Flood,node3,2,2,RCS13-FP32,21,logits,32.231288999999997,2,2,2,,0
Flood,node3,2,2,RCS13-FP32,22,logits,32.635007000000002,2,2,2,,0
Flood,node3,2,2,RCS13-FP32,23,logits,33.118752999999998,2,2,2,,0
Flood,node3,2,2,RCS13-FP32,24,logits,32.771557000000001,2,2,2,,0
Flood,node3,2,2,RCS13-FP32,25,logits,32.816630000000004,2,2,2,,0
Flood,node3,2,2,RCS13-FP32,26,logits,32.509649000000003,2,2,2,,0
Flood,node3,2,2,RCS13-FP32,27,logits,33.795251,2,2,2,,0
Flood,node3,2,2,RCS13-FP32,28,logits,33.108302000000002,2,2,2,,0
Flood,node3,2,2,RCS13-FP32,29,logits,34.393363999999998,2,2,2,,0
Flood,node3,2,2,RCS13-FP32,30,logits,32.828541999999999,2,2,2,,0
Flood,node3,2,2,RCS13-FP32,31,logits,32.974871,2,2,2,,0
Flood,node3,2,2,RCS13-FP32,32,logits,33.122973000000002,2,2,2,,0
Flood,node3,2,2,RCS13-FP32,33,logits,32.292611999999998,2,2,2,,0
Flood,node3,2,2,RCS13-FP32,34,logits,34.098123000000001,2,2,2,,0
Flood,node3,2,2,RCS13-FP32,35,logits,33.431714999999997,2,2,2,,0
Flood,node3,2,2,RCS13-FP32,36,logits,35.254486,2,2,2,,0
Flood,node3,2,2,RCS13-FP32,37,logits,35.421449000000003,2,2,2,,0
Flood,node3,2,2,RCS13-FP32,38,logits,33.623119000000003,2,2,2,,0
Flood,node3,2,2,RCS13-FP32,39,logits,33.769948999999997,2,2,2,,0
Flood,node3,2,2,RCS13-FP32,40,logits,33.289785000000002,2,2,2,,0
Flood,node3,2,2,RCS13-FP32,41,logits,32.923487999999999,2,2,2,,0
Flood,node3,2,2,RCS13-FP32,42,logits,32.864454000000002,2,2,2,,0
Flood,node3,2,2,RCS13-FP32,43,logits,32.628996000000001,2,2,2,,0
Flood,node3,2,2,RCS13-FP32,44,logits,32.609864999999999,2,2,2,,0
Flood,node3,2,2,RCS13-FP32,45,logits,32.502768000000003,2,2,2,,0
Flood,node3,2,2,RCS13-FP32,46,logits,32.758656000000002,2,2,2,,0
Flood,node3,2,2,RCS13-FP32,47,logits,32.435201999999997,2,2,2,,0
Flood,node3,2,2,RCS13-FP32,48,logits,34.037258000000001,2,2,2,,0
Flood,node3,2,2,RCS13-FP32,49,logits,34.706806999999998,2,2,2,,0
Flood,node3,2,2,RCS13-FP32,50,logits,33.580545999999998,2,2,2,,0
Flood,node3,2,2,RCS13-FP32,51,logits,32.873384000000001,2,2,2,,0
Flood,node3,2,2,RCS13-FP32,52,logits,33.740926999999999,2,2,2,,0
Flood,node3,2,2,RCS13-FP32,53,logits,33.387650999999998,2,2,2,,0
Flood,node3,2,2,RCS13-FP32,54,logits,34.698526000000001,2,2,2,,0
Flood,node3,2,2,RCS13-FP32,55,logits,33.708646000000002,2,2,2,,0
Flood,node3,2,2,RCS13-FP32,56,logits,33.148493999999999,2,2,2,,0
Flood,node3,2,2,RCS13-FP32,57,logits,33.399832000000004,2,2,2,,0
Flood,node3,2,2,RCS13-FP32,58,logits,32.692090999999998,2,2,2,,0
Flood,node3,2,2,RCS13-FP32,59,logits,33.060948000000003,2,2,2,,0
Flood,node3,2,2,RCS13-FP32,60,logits,33.246712000000002,2,2,2,,0
Flood,node3,2,2,RCS13-FP32,61,logits,33.352679000000002,2,2,2,,0
Flood,node3,2,2,RCS13-FP32,62,logits,33.027555,2,2,2,,0
Flood,node3,2,2,RCS13-FP32,63,logits,32.847042999999999,2,2,2,,0
Flood,node3,2,2,RCS13-FP32,64,logits,34.272415000000002,2,2,2,,0
Flood,node3,2,2,RCS13-FP32,65,logits,33.640360000000001,2,2,2,,0
Flood,node3,2,2,RCS13-FP32,66,logits,34.088321999999998,2,2,2,,0
Flood,node3,2,2,RCS13-FP32,67,logits,34.418776000000001,2,2,2,,0
Flood,node3,2,2,RCS13-FP32,68,logits,32.938358999999998,2,2,2,,0
Flood,node3,2,2,RCS13-FP32,69,logits,33.129142999999999,2,2,2,,0
Flood,node3,2,2,RCS13-FP32,70,logits,32.786147999999997,2,2,2,,0
Flood,node3,2,2,RCS13-FP32,71,logits,32.67022,2,2,2,,0
Flood,node3,2,2,RCS13-FP32,72,logits,35.136287000000003,2,2,2,,0
Flood,node3,2,2,RCS13-FP32,73,logits,33.922519999999999,2,2,2,,0
Flood,node3,2,2,RCS13-FP32,74,logits,48.961275000000001,2,2,2,,0
Flood,node3,2,2,RCS13-FP32,75,logits,33.77355,2,2,2,,0
Flood,node3,2,2,RCS13-FP32,76,logits,32.973560999999997,2,2,2,,0
Flood,node3,2,2,RCS13-FP32,77,logits,32.800829,2,2,2,,0
Flood,node3,2,2,RCS13-FP32,78,logits,33.075538999999999,2,2,2,,0
Flood,node3,2,2,RCS13-FP32,79,logits,33.827233,2,2,2,,0
Flood,node3,2,2,RCS13-FP32,80,logits,34.046109000000001,2,2,2,,0
Flood,node3,2,2,RCS13-FP32,81,logits,33.559883999999997,2,2,2,,0
Flood,node3,2,2,RCS13-FP32,82,logits,33.660651000000001,2,2,2,,0
Flood,node3,2,2,RCS13-FP32,83,logits,33.242939999999997,2,2,2,,0
Flood,node3,2,2,RCS13-FP32,84,logits,32.681849999999997,2,2,2,,0
Flood,node3,2,2,RCS13-FP32,85,logits,32.871443999999997,2,2,2,,0
Flood,node3,2,2,RCS13-FP32,86,logits,33.906678999999997,2,2,2,,0
Flood,node3,2,2,RCS13-FP32,87,logits,33.173996000000002,2,2,2,,0
Flood,node3,2,2,RCS13-FP32,88,logits,32.896464999999999,2,2,2,,0
Flood,node3,2,2,RCS13-FP32,89,logits,32.940058999999998,2,2,2,,0
Flood,node3,2,2,RCS13-FP32,90,logits,32.893106000000003,2,2,2,,0
Flood,node3,2,2,RCS13-FP32,91,logits,32.328445000000002,2,2,2,,0
Flood,node3,2,2,RCS13-FP32,92,logits,33.153754999999997,2,2,2,,0
Flood,node3,2,2,RCS13-FP32,93,logits,33.642578999999998,2,2,2,,0
Flood,node3,2,2,RCS13-FP32,94,logits,32.958120000000001,2,2,2,,0
Flood,node3,2,2,RCS13-FP32,95,logits,32.931069000000001,2,2,2,,0
Flood,node3,2,2,RCS13-FP32,96,logits,33.403432000000002,2,2,2,,0
Flood,node3,2,2,RCS13-FP32,97,logits,33.249422000000003,2,2,2,,0
Flood,node3,2,2,RCS13-FP32,98,logits,33.742986000000002,2,2,2,,0
Flood,node3,2,2,RCS13-FP32,99,logits,32.865023999999998,2,2,2,,0
Flood,node3,2,2,RCS13-FP32,100,logits,33.802981000000003,2,2,2,,0
Flood,node3,2,2,RCS13-FP32,101,logits,33.590166000000004,2,2,2,,0
Flood,node3,2,2,RCS13-FP32,102,logits,33.399991,2,2,2,,0
Flood,node3,2,2,RCS13-FP32,103,logits,32.769646000000002,2,2,2,,0
Flood,node3,2,2,RCS13-FP32,104,logits,33.047466,2,2,2,,0
Flood,node3,2,2,RCS13-FP32,105,logits,32.983922,2,2,2,,0
Flood,node3,2,2,RCS13-FP32,106,logits,33.236260999999999,2,2,2,,0
Flood,node3,2,2,RCS13-FP32,107,logits,32.533549000000001,2,2,2,,0
Flood,node3,2,2,RCS13-FP32,108,logits,32.377777999999999,2,2,2,,0
Flood,node3,2,2,RCS13-FP32,109,logits,33.274503000000003,2,2,2,,0
Flood,node3,2,2,RCS13-FP32,110,logits,33.183945999999999,2,2,2,,0
Flood,node3,2,2,RCS13-FP32,111,logits,34.127074999999998,2,2,2,,0
Flood,node3,2,2,RCS13-FP32,112,logits,34.721736999999997,2,2,2,,0
Flood,node3,2,2,RCS13-FP32,113,logits,34.073490999999997,2,2,2,,0
Flood,node3,2,2,RCS13-FP32,114,logits,33.537841999999998,2,2,2,,0
Flood,node3,2,2,RCS13-FP32,115,logits,33.153644,2,2,2,,0
Flood,node3,2,2,RCS13-FP32,116,logits,33.204138,2,2,2,,0
Flood,node3,2,2,RCS13-FP32,117,logits,33.588124999999998,2,2,2,,0
Flood,node3,2,2,RCS13-FP32,118,logits,35.322040999999999,2,2,2,,0
Flood,node3,2,2,RCS13-FP32,119,logits,33.185287000000002,2,2,2,,0
Flood,node3,2,2,RCS13-FP32,120,logits,32.628546,2,2,2,,0
Flood,node3,2,2,RCS13-FP32,121,logits,33.423194000000002,2,2,2,,0
Flood,node3,2,2,RCS13-FP32,122,logits,33.040534999999998,2,2,2,,0
Flood,node3,2,2,RCS13-FP32,123,logits,33.607568000000001,2,2,2,,0
Flood,node3,2,2,RCS13-FP32,124,logits,33.203736999999997,2,2,2,,0
Flood,node3,2,2,RCS13-FP32,125,logits,33.527982000000002,2,2,2,,0
Flood,node3,2,2,RCS13-FP32,126,logits,33.732016000000002,2,2,2,,0
Flood,node3,2,2,RCS13-FP32,127,logits,32.983210999999997,2,2,2,,0
Flood,node3,2,2,RCS13-FP32,128,logits,33.705134999999999,2,2,2,,0
Flood,node3,2,2,RCS13-FP32,129,logits,33.895957000000003,2,2,2,,0
Flood,node3,2,2,RCS13-FP32,130,logits,33.080499000000003,2,2,2,,0
Flood,node3,2,2,RCS13-FP32,131,logits,34.705986000000003,2,2,2,,0
Flood,node3,2,2,RCS13-FP32,132,logits,35.286628,2,2,2,,0
Flood,node3,2,2,RCS13-FP32,133,logits,33.012734000000002,2,2,2,,0
Flood,node3,2,2,RCS13-FP32,134,logits,33.046925999999999,2,2,2,,0
Flood,node3,2,2,RCS13-FP32,135,logits,32.860933000000003,2,2,2,,0
Flood,node3,2,2,RCS13-FP32,136,logits,32.854132999999997,2,2,2,,0
Flood,node3,2,2,RCS13-FP32,137,logits,33.213048000000001,2,2,2,,0
Flood,node3,2,2,RCS13-FP32,138,logits,34.150205999999997,2,2,2,,0
Flood,node3,2,2,RCS13-FP32,139,logits,33.161554000000002,2,2,2,,0
Flood,node3,2,2,RCS13-FP32,140,logits,32.630105999999998,2,2,2,,0
Flood,node3,2,2,RCS13-FP32,141,logits,33.371879999999997,2,2,2,,0
Flood,node3,2,2,RCS13-FP32,142,logits,33.913769000000002,2,2,2,,0
Flood,node3,2,2,RCS13-FP32,143,logits,33.558622999999997,2,2,2,,0
Flood,node3,2,2,RCS13-FP32,144,logits,33.213397999999998,2,2,2,,0
Flood,node3,2,2,RCS13-FP32,145,logits,32.836430999999997,2,2,2,,0
Flood,node3,2,2,RCS13-FP32,146,logits,33.635798999999999,2,2,2,,0
Flood,node3,2,2,RCS13-FP32,147,logits,32.888314999999999,2,2,2,,0
Flood,node3,2,2,RCS13-FP32,148,logits,32.652797999999997,2,2,2,,0
Flood,node3,2,2,RCS13-FP32,149,logits,32.760154999999997,2,2,2,,0
Flood,node3,2,2,RCS13-FP32,150,logits,33.554513999999998,2,2,2,,0
Flood,node3,2,2,RCS13-FP32,151,logits,33.230218999999998,2,2,2,,0
Flood,node3,2,2,RCS13-FP32,152,logits,33.107841000000001,2,2,2,,0
Flood,node3,2,2,RCS13-FP32,153,logits,32.758195000000001,2,2,2,,0
Flood,node3,2,2,RCS13-FP32,154,logits,32.879224000000001,2,2,2,,0
Flood,node3,2,2,RCS13-FP32,155,logits,32.971390999999997,2,2,2,,0
Flood,node3,2,2,RCS13-FP32,156,logits,33.530861000000002,2,2,2,,0
Flood,node3,2,2,RCS13-FP32,157,logits,33.076939000000003,2,2,2,,0
Flood,node3,2,2,RCS13-FP32,158,logits,33.097909999999999,2,2,2,,0
Flood,node3,2,2,RCS13-FP32,159,logits,33.023983999999999,2,2,2,,0
Flood,node3,2,2,RCS13-FP32,160,logits,32.862613000000003,2,2,2,,0
Flood,node3,2,2,RCS13-FP32,161,logits,33.502839000000002,2,2,2,,0
Flood,node3,2,2,RCS13-FP32,162,logits,33.441783999999998,2,2,2,,0
Flood,node3,2,2,RCS13-FP32,163,logits,32.634816000000001,2,2,2,,0
Flood,node3,2,2,RCS13-FP32,164,logits,36.057974000000002,2,2,2,,0
Flood,node3,2,2,RCS13-FP32,165,logits,33.241590000000002,2,2,2,,0
Flood,node3,2,2,RCS13-FP32,166,logits,33.224659000000003,2,2,2,,0
Flood,node3,2,2,RCS13-FP32,167,logits,33.529980999999999,2,2,2,,0
Flood,node3,2,2,RCS13-FP32,168,logits,33.626466999999998,2,2,2,,0
Flood,node3,2,2,RCS13-FP32,169,logits,33.248280999999999,2,2,2,,0
Flood,node3,2,2,RCS13-FP32,170,logits,33.059407,2,2,2,,0
Flood,node3,2,2,RCS13-FP32,171,logits,32.692050000000002,2,2,2,,0
Flood,node3,2,2,RCS13-FP32,172,logits,34.056939999999997,2,2,2,,0
Flood,node3,2,2,RCS13-FP32,173,logits,33.716324,2,2,2,,0
Flood,node3,2,2,RCS13-FP32,174,logits,33.632587999999998,2,2,2,,0
Flood,node3,2,2,RCS13-FP32,175,logits,33.673642000000001,2,2,2,,0
Flood,node3,2,2,RCS13-FP32,176,logits,33.144983000000003,2,2,2,,0
Flood,node3,2,2,RCS13-FP32,177,logits,33.129482000000003,2,2,2,,0
Flood,node3,2,2,RCS13-FP32,178,logits,32.881143999999999,2,2,2,,0
Flood,node3,2,2,RCS13-FP32,179,logits,32.913075999999997,2,2,2,,0
Flood,node3,2,2,RCS13-FP32,180,logits,33.371229,2,2,2,,0
Flood,node3,2,2,RCS13-FP32,181,logits,33.601886,2,2,2,,0
Flood,node3,2,2,RCS13-FP32,182,logits,32.771315999999999,2,2,2,,0
Flood,node3,2,2,RCS13-FP32,183,logits,33.676461000000003,2,2,2,,0
Flood,node3,2,2,RCS13-FP32,184,logits,34.678784,2,2,2,,0
Flood,node3,2,2,RCS13-FP32,185,logits,35.161509000000002,2,2,2,,0
Flood,node3,2,2,RCS13-FP32,186,logits,34.102781999999998,2,2,2,,0
Flood,node3,2,2,RCS13-FP32,187,logits,33.958412000000003,2,2,2,,0
Flood,node3,2,2,RCS13-FP32,188,logits,33.634608,2,2,2,,0
Flood,node3,2,2,RCS13-FP32,189,logits,33.422843999999998,2,2,2,,0
Flood,node3,2,2,RCS13-FP32,190,logits,33.648328999999997,2,2,2,,0
Flood,node3,2,2,RCS13-FP32,191,logits,33.256331000000003,2,2,2,,0
Flood,node3,2,2,RCS13-FP32,192,logits,33.65645,2,2,2,,0
Flood,node3,2,2,RCS13-FP32,193,logits,33.876406000000003,2,2,2,,0
Flood,node3,2,2,RCS13-FP32,194,logits,34.031157,2,2,2,,0
Flood,node3,2,2,RCS13-FP32,195,logits,34.090071000000002,2,2,2,,0
Flood,node3,2,2,RCS13-FP32,196,logits,33.369359000000003,2,2,2,,0
Flood,node3,2,2,RCS13-FP32,197,logits,32.415199999999999,2,2,2,,0
Flood,node3,2,2,RCS13-FP32,198,logits,32.828859999999999,2,2,2,,0
Flood,node3,2,2,RCS13-FP32,199,logits,32.171751999999998,2,2,2,,0
Flood,node3,2,3,RCS13-FP16-Opt,0,logits,29.664797,2,2,2,,0
Flood,node3,2,3,RCS13-FP16-Opt,1,logits,29.591131000000001,2,2,2,,0
Flood,node3,2,3,RCS13-FP16-Opt,2,logits,29.788895,2,2,2,,0
Flood,node3,2,3,RCS13-FP16-Opt,3,logits,29.769904,2,2,2,,0
Flood,node3,2,3,RCS13-FP16-Opt,4,logits,29.044402000000002,2,2,2,,0
Flood,node3,2,3,RCS13-FP16-Opt,5,logits,29.730149999999998,2,2,2,,0
Flood,node3,2,3,RCS13-FP16-Opt,6,logits,30.330614000000001,2,2,2,,0
Flood,node3,2,3,RCS13-FP16-Opt,7,logits,30.13702,2,2,2,,0
Flood,node3,2,3,RCS13-FP16-Opt,8,logits,29.997720000000001,2,2,2,,0
Flood,node3,2,3,RCS13-FP16-Opt,9,logits,29.705079000000001,2,2,2,,0
Flood,node3,2,3,RCS13-FP16-Opt,10,logits,29.542337,2,2,2,,0
Flood,node3,2,3,RCS13-FP16-Opt,11,logits,31.503468000000002,2,2,2,,0
Flood,node3,2,3,RCS13-FP16-Opt,12,logits,29.369695,2,2,2,,0
Flood,node3,2,3,RCS13-FP16-Opt,13,logits,29.729510999999999,2,2,2,,0
Flood,node3,2,3,RCS13-FP16-Opt,14,logits,29.784855,2,2,2,,0
Flood,node3,2,3,RCS13-FP16-Opt,15,logits,30.300941999999999,2,2,2,,0
Flood,node3,2,3,RCS13-FP16-Opt,16,logits,30.085626000000001,2,2,2,,0
Flood,node3,2,3,RCS13-FP16-Opt,17,logits,30.226907000000001,2,2,2,,0
Flood,node3,2,3,RCS13-FP16-Opt,18,logits,29.491834000000001,2,2,2,,0
Flood,node3,2,3,RCS13-FP16-Opt,19,logits,31.629007000000001,2,2,2,,0
Flood,node3,2,3,RCS13-FP16-Opt,20,logits,30.646747000000001,2,2,2,,0
Flood,node3,2,3,RCS13-FP16-Opt,21,logits,29.771944000000001,2,2,2,,0
Flood,node3,2,3,RCS13-FP16-Opt,22,logits,30.335453999999999,2,2,2,,0
Flood,node3,2,3,RCS13-FP16-Opt,23,logits,30.097138000000001,2,2,2,,0
Flood,node3,2,3,RCS13-FP16-Opt,24,logits,29.338761999999999,2,2,2,,0
Flood,node3,2,3,RCS13-FP16-Opt,25,logits,29.759512000000001,2,2,2,,0
Flood,node3,2,3,RCS13-FP16-Opt,26,logits,29.590931000000001,2,2,2,,0
Flood,node3,2,3,RCS13-FP16-Opt,27,logits,29.879722000000001,2,2,2,,0
Flood,node3,2,3,RCS13-FP16-Opt,28,logits,29.717549999999999,2,2,2,,0
Flood,node3,2,3,RCS13-FP16-Opt,29,logits,29.575279999999999,2,2,2,,0
Flood,node3,2,3,RCS13-FP16-Opt,30,logits,29.469971999999999,2,2,2,,0
Flood,node3,2,3,RCS13-FP16-Opt,31,logits,29.758953000000002,2,2,2,,0
Flood,node3,2,3,RCS13-FP16-Opt,32,logits,28.989377000000001,2,2,2,,0
Flood,node3,2,3,RCS13-FP16-Opt,33,logits,29.119216000000002,2,2,2,,0
Flood,node3,2,3,RCS13-FP16-Opt,34,logits,29.966737999999999,2,2,2,,0
Flood,node3,2,3,RCS13-FP16-Opt,35,logits,29.588511,2,2,2,,0
Flood,node3,2,3,RCS13-FP16-Opt,36,logits,29.563299000000001,2,2,2,,0
Flood,node3,2,3,RCS13-FP16-Opt,37,logits,29.44436,2,2,2,,0
Flood,node3,2,3,RCS13-FP16-Opt,38,logits,29.274228000000001,2,2,2,,0
Flood,node3,2,3,RCS13-FP16-Opt,39,logits,29.446950000000001,2,2,2,,0
Flood,node3,2,3,RCS13-FP16-Opt,40,logits,29.843648999999999,2,2,2,,0
Flood,node3,2,3,RCS13-FP16-Opt,41,logits,30.100617,2,2,2,,0
Flood,node3,2,3,RCS13-FP16-Opt,42,logits,29.934615999999998,2,2,2,,0
Flood,node3,2,3,RCS13-FP16-Opt,43,logits,29.134876999999999,2,2,2,,0
Flood,node3,2,3,RCS13-FP16-Opt,44,logits,30.890264999999999,2,2,2,,0
Flood,node3,2,3,RCS13-FP16-Opt,45,logits,29.054711999999999,2,2,2,,0
Flood,node3,2,3,RCS13-FP16-Opt,46,logits,30.299852000000001,2,2,2,,0
Flood,node3,2,3,RCS13-FP16-Opt,47,logits,29.423597999999998,2,2,2,,0
Flood,node3,2,3,RCS13-FP16-Opt,48,logits,29.659506,2,2,2,,0
Flood,node3,2,3,RCS13-FP16-Opt,49,logits,29.121846999999999,2,2,2,,0
Flood,node3,2,3,RCS13-FP16-Opt,50,logits,29.208753000000002,2,2,2,,0
Flood,node3,2,3,RCS13-FP16-Opt,51,logits,28.847156999999999,2,2,2,,0
Flood,node3,2,3,RCS13-FP16-Opt,52,logits,29.241906,2,2,2,,0
Flood,node3,2,3,RCS13-FP16-Opt,53,logits,29.003147999999999,2,2,2,,0
Flood,node3,2,3,RCS13-FP16-Opt,54,logits,29.901202999999999,2,2,2,,0
Flood,node3,2,3,RCS13-FP16-Opt,55,logits,30.118438999999999,2,2,2,,0
Flood,node3,2,3,RCS13-FP16-Opt,56,logits,29.140257999999999,2,2,2,,0
Flood,node3,2,3,RCS13-FP16-Opt,57,logits,29.793195000000001,2,2,2,,0
Flood,node3,2,3,RCS13-FP16-Opt,58,logits,29.309740999999999,2,2,2,,0
Flood,node3,2,3,RCS13-FP16-Opt,59,logits,29.944306000000001,2,2,2,,0
Flood,node3,2,3,RCS13-FP16-Opt,60,logits,29.712629,2,2,2,,0
Flood,node3,2,3,RCS13-FP16-Opt,61,logits,29.375164999999999,2,2,2,,0
Flood,node3,2,3,RCS13-FP16-Opt,62,logits,32.387661000000001,2,2,2,,0
Flood,node3,2,3,RCS13-FP16-Opt,63,logits,32.101151000000002,2,2,2,,0
Flood,node3,2,3,RCS13-FP16-Opt,64,logits,31.468726,2,2,2,,0
Flood,node3,2,3,RCS13-FP16-Opt,65,logits,31.442864,2,2,2,,0
Flood,node3,2,3,RCS13-FP16-Opt,66,logits,30.367315999999999,2,2,2,,0
Flood,node3,2,3,RCS13-FP16-Opt,67,logits,30.633426,2,2,2,,0
Flood,node3,2,3,RCS13-FP16-Opt,68,logits,30.016290999999999,2,2,2,,0
Flood,node3,2,3,RCS13-FP16-Opt,69,logits,30.714531999999998,2,2,2,,0
Flood,node3,2,3,RCS13-FP16-Opt,70,logits,30.737183000000002,2,2,2,,0
Flood,node3,2,3,RCS13-FP16-Opt,71,logits,30.687639999999998,2,2,2,,0
Flood,node3,2,3,RCS13-FP16-Opt,72,logits,30.165962,2,2,2,,0
Flood,node3,2,3,RCS13-FP16-Opt,73,logits,30.646426000000002,2,2,2,,0
Flood,node3,2,3,RCS13-FP16-Opt,74,logits,31.637087999999999,2,2,2,,0
Flood,node3,2,3,RCS13-FP16-Opt,75,logits,30.883192999999999,2,2,2,,0
Flood,node3,2,3,RCS13-FP16-Opt,76,logits,30.566831000000001,2,2,2,,0
Flood,node3,2,3,RCS13-FP16-Opt,77,logits,30.283909999999999,2,2,2,,0
Flood,node3,2,3,RCS13-FP16-Opt,78,logits,30.592503000000001,2,2,2,,0
Flood,node3,2,3,RCS13-FP16-Opt,79,logits,29.998339999999999,2,2,2,,0
Flood,node3,2,3,RCS13-FP16-Opt,80,logits,30.269549000000001,2,2,2,,0
Flood,node3,2,3,RCS13-FP16-Opt,81,logits,31.049966000000001,2,2,2,,0
Flood,node3,2,3,RCS13-FP16-Opt,82,logits,30.633125,2,2,2,,0
Flood,node3,2,3,RCS13-FP16-Opt,83,logits,31.354697999999999,2,2,2,,0
Flood,node3,2,3,RCS13-FP16-Opt,84,logits,32.147933999999999,2,2,2,,0
Flood,node3,2,3,RCS13-FP16-Opt,85,logits,30.549160000000001,2,2,2,,0
Flood,node3,2,3,RCS13-FP16-Opt,86,logits,31.107189999999999,2,2,2,,0
Flood,node3,2,3,RCS13-FP16-Opt,87,logits,31.180873999999999,2,2,2,,0
Flood,node3,2,3,RCS13-FP16-Opt,88,logits,32.956432999999997,2,2,2,,0
Flood,node3,2,3,RCS13-FP16-Opt,89,logits,30.786987,2,2,2,,0
Flood,node3,2,3,RCS13-FP16-Opt,90,logits,30.874663000000002,2,2,2,,0
Flood,node3,2,3,RCS13-FP16-Opt,91,logits,30.685769000000001,2,2,2,,0
Flood,node3,2,3,RCS13-FP16-Opt,92,logits,29.923774000000002,2,2,2,,0
Flood,node3,2,3,RCS13-FP16-Opt,93,logits,29.949427,2,2,2,,0
Flood,node3,2,3,RCS13-FP16-Opt,94,logits,30.570851000000001,2,2,2,,0
Flood,node3,2,3,RCS13-FP16-Opt,95,logits,31.385719000000002,2,2,2,,0
Flood,node3,2,3,RCS13-FP16-Opt,96,logits,30.594103,2,2,2,,0
Flood,node3,2,3,RCS13-FP16-Opt,97,logits,31.254451,2,2,2,,0
Flood,node3,2,3,RCS13-FP16-Opt,98,logits,31.296543,2,2,2,,0
Flood,node3,2,3,RCS13-FP16-Opt,99,logits,30.412638999999999,2,2,2,,0
Flood,node3,2,3,RCS13-FP16-Opt,100,logits,30.235257000000001,2,2,2,,0
Flood,node3,2,3,RCS13-FP16-Opt,101,logits,30.691420000000001,2,2,2,,0
Flood,node3,2,3,RCS13-FP16-Opt,102,logits,30.863792,2,2,2,,0
Flood,node3,2,3,RCS13-FP16-Opt,103,logits,30.116948000000001,2,2,2,,0
Flood,node3,2,3,RCS13-FP16-Opt,104,logits,30.090696999999999,2,2,2,,0
Flood,node3,2,3,RCS13-FP16-Opt,105,logits,30.797947000000001,2,2,2,,0
Flood,node3,2,3,RCS13-FP16-Opt,106,logits,30.359835,2,2,2,,0
Flood,node3,2,3,RCS13-FP16-Opt,107,logits,30.202455,2,2,2,,0
Flood,node3,2,3,RCS13-FP16-Opt,108,logits,30.489785000000001,2,2,2,,0
Flood,node3,2,3,RCS13-FP16-Opt,109,logits,30.149260000000002,2,2,2,,0
Flood,node3,2,3,RCS13-FP16-Opt,110,logits,30.449071,2,2,2,,0
Flood,node3,2,3,RCS13-FP16-Opt,111,logits,29.596700999999999,2,2,2,,0
Flood,node3,2,3,RCS13-FP16-Opt,112,logits,32.640990000000002,2,2,2,,0
Flood,node3,2,3,RCS13-FP16-Opt,113,logits,29.887391000000001,2,2,2,,0
Flood,node3,2,3,RCS13-FP16-Opt,114,logits,30.510066999999999,2,2,2,,0
Flood,node3,2,3,RCS13-FP16-Opt,115,logits,30.407129000000001,2,2,2,,0
Flood,node3,2,3,RCS13-FP16-Opt,116,logits,30.206765000000001,2,2,2,,0
Flood,node3,2,3,RCS13-FP16-Opt,117,logits,30.812588000000002,2,2,2,,0
Flood,node3,2,3,RCS13-FP16-Opt,118,logits,30.555009999999999,2,2,2,,0
Flood,node3,2,3,RCS13-FP16-Opt,119,logits,30.704350000000002,2,2,2,,0
Flood,node3,2,3,RCS13-FP16-Opt,120,logits,30.445641999999999,2,2,2,,0
Flood,node3,2,3,RCS13-FP16-Opt,121,logits,31.153383000000002,2,2,2,,0
Flood,node3,2,3,RCS13-FP16-Opt,122,logits,31.645417999999999,2,2,2,,0
Flood,node3,2,3,RCS13-FP16-Opt,123,logits,31.179044999999999,2,2,2,,0
Flood,node3,2,3,RCS13-FP16-Opt,124,logits,30.145250000000001,2,2,2,,0
Flood,node3,2,3,RCS13-FP16-Opt,125,logits,30.859261,2,2,2,,0
Flood,node3,2,3,RCS13-FP16-Opt,126,logits,30.339424000000001,2,2,2,,0
Flood,node3,2,3,RCS13-FP16-Opt,127,logits,30.097035999999999,2,2,2,,0
Flood,node3,2,3,RCS13-FP16-Opt,128,logits,30.383566999999999,2,2,2,,0
Flood,node3,2,3,RCS13-FP16-Opt,129,logits,30.758585,2,2,2,,0
Flood,node3,2,3,RCS13-FP16-Opt,130,logits,30.473044000000002,2,2,2,,0
Flood,node3,2,3,RCS13-FP16-Opt,131,logits,30.814368000000002,2,2,2,,0
Flood,node3,2,3,RCS13-FP16-Opt,132,logits,30.573601,2,2,2,,0
Flood,node3,2,3,RCS13-FP16-Opt,133,logits,30.635715999999999,2,2,2,,0
Flood,node3,2,3,RCS13-FP16-Opt,134,logits,30.622004,2,2,2,,0
Flood,node3,2,3,RCS13-FP16-Opt,135,logits,30.631305999999999,2,2,2,,0
Flood,node3,2,3,RCS13-FP16-Opt,136,logits,30.441970999999999,2,2,2,,0
Flood,node3,2,3,RCS13-FP16-Opt,137,logits,30.072755000000001,2,2,2,,0
Flood,node3,2,3,RCS13-FP16-Opt,138,logits,31.271170999999999,2,2,2,,0
Flood,node3,2,3,RCS13-FP16-Opt,139,logits,30.691759000000001,2,2,2,,0
Flood,node3,2,3,RCS13-FP16-Opt,140,logits,29.937484999999999,2,2,2,,0
Flood,node3,2,3,RCS13-FP16-Opt,141,logits,30.930837,2,2,2,,0
Flood,node3,2,3,RCS13-FP16-Opt,142,logits,30.520247000000001,2,2,2,,0
Flood,node3,2,3,RCS13-FP16-Opt,143,logits,30.350144,2,2,2,,0
Flood,node3,2,3,RCS13-FP16-Opt,144,logits,30.256699000000001,2,2,2,,0
Flood,node3,2,3,RCS13-FP16-Opt,145,logits,30.116257999999998,2,2,2,,0
Flood,node3,2,3,RCS13-FP16-Opt,146,logits,29.501673,2,2,2,,0
Flood,node3,2,3,RCS13-FP16-Opt,147,logits,29.559138000000001,2,2,2,,0
Flood,node3,2,3,RCS13-FP16-Opt,148,logits,30.179973,2,2,2,,0
Flood,node3,2,3,RCS13-FP16-Opt,149,logits,30.43543,2,2,2,,0
Flood,node3,2,3,RCS13-FP16-Opt,150,logits,30.432251000000001,2,2,2,,0
Flood,node3,2,3,RCS13-FP16-Opt,151,logits,30.556819000000001,2,2,2,,0
Flood,node3,2,3,RCS13-FP16-Opt,152,logits,32.126961999999999,2,2,2,,0
Flood,node3,2,3,RCS13-FP16-Opt,153,logits,31.514908999999999,2,2,2,,0
Flood,node3,2,3,RCS13-FP16-Opt,154,logits,30.404138,2,2,2,,0
Flood,node3,2,3,RCS13-FP16-Opt,155,logits,31.243320000000001,2,2,2,,0
Flood,node3,2,3,RCS13-FP16-Opt,156,logits,30.774595000000001,2,2,2,,0
Flood,node3,2,3,RCS13-FP16-Opt,157,logits,30.047923000000001,2,2,2,,0
Flood,node3,2,3,RCS13-FP16-Opt,158,logits,30.869762000000001,2,2,2,,0
Flood,node3,2,3,RCS13-FP16-Opt,159,logits,29.862729999999999,2,2,2,,0
Flood,node3,2,3,RCS13-FP16-Opt,160,logits,30.782185999999999,2,2,2,,0
Flood,node3,2,3,RCS13-FP16-Opt,161,logits,30.003748999999999,2,2,2,,0
Flood,node3,2,3,RCS13-FP16-Opt,162,logits,32.536642000000001,2,2,2,,0
Flood,node3,2,3,RCS13-FP16-Opt,163,logits,30.038283,2,2,2,,0
Flood,node3,2,3,RCS13-FP16-Opt,164,logits,30.597002,2,2,2,,0
Flood,node3,2,3,RCS13-FP16-Opt,165,logits,30.461601999999999,2,2,2,,0
Flood,node3,2,3,RCS13-FP16-Opt,166,logits,30.753404,2,2,2,,0
Flood,node3,2,3,RCS13-FP16-Opt,167,logits,30.805886999999998,2,2,2,,0
Flood,node3,2,3,RCS13-FP16-Opt,168,logits,29.702079000000001,2,2,2,,0
Flood,node3,2,3,RCS13-FP16-Opt,169,logits,30.547169,2,2,2,,0
Flood,node3,2,3,RCS13-FP16-Opt,170,logits,30.889693000000001,2,2,2,,0
Flood,node3,2,3,RCS13-FP16-Opt,171,logits,30.150950000000002,2,2,2,,0
Flood,node3,2,3,RCS13-FP16-Opt,172,logits,30.414839000000001,2,2,2,,0
Flood,node3,2,3,RCS13-FP16-Opt,173,logits,30.739083000000001,2,2,2,,0
Flood,node3,2,3,RCS13-FP16-Opt,174,logits,30.907785000000001,2,2,2,,0
Flood,node3,2,3,RCS13-FP16-Opt,175,logits,30.072084,2,2,2,,0
Flood,node3,2,3,RCS13-FP16-Opt,176,logits,30.090565999999999,2,2,2,,0
Flood,node3,2,3,RCS13-FP16-Opt,177,logits,30.202124000000001,2,2,2,,0
Flood,node3,2,3,RCS13-FP16-Opt,178,logits,30.986609999999999,2,2,2,,0
Flood,node3,2,3,RCS13-FP16-Opt,179,logits,30.897103999999999,2,2,2,,0
Flood,node3,2,3,RCS13-FP16-Opt,180,logits,30.451812,2,2,2,,0
Flood,node3,2,3,RCS13-FP16-Opt,181,logits,31.216487000000001,2,2,2,,0
Flood,node3,2,3,RCS13-FP16-Opt,182,logits,30.229455999999999,2,2,2,,0
Flood,node3,2,3,RCS13-FP16-Opt,183,logits,30.500464999999998,2,2,2,,0
Flood,node3,2,3,RCS13-FP16-Opt,184,logits,30.307241999999999,2,2,2,,0
Flood,node3,2,3,RCS13-FP16-Opt,185,logits,30.942976999999999,2,2,2,,0
Flood,node3,2,3,RCS13-FP16-Opt,186,logits,30.373756,2,2,2,,0
Flood,node3,2,3,RCS13-FP16-Opt,187,logits,30.570681,2,2,2,,0
Flood,node3,2,3,RCS13-FP16-Opt,188,logits,30.342534000000001,2,2,2,,0
Flood,node3,2,3,RCS13-FP16-Opt,189,logits,31.425170999999999,2,2,2,,0
Flood,node3,2,3,RCS13-FP16-Opt,190,logits,32.171416000000001,2,2,2,,0
Flood,node3,2,3,RCS13-FP16-Opt,191,logits,30.953548000000001,2,2,2,,0
Flood,node3,2,3,RCS13-FP16-Opt,192,logits,30.924766000000002,2,2,2,,0
Flood,node3,2,3,RCS13-FP16-Opt,193,logits,30.164341,2,2,2,,0
Flood,node3,2,3,RCS13-FP16-Opt,194,logits,30.840129999999998,2,2,2,,0
Flood,node3,2,3,RCS13-FP16-Opt,195,logits,30.336812999999999,2,2,2,,0
Flood,node3,2,3,RCS13-FP16-Opt,196,logits,30.615013000000001,2,2,2,,0
Flood,node3,2,3,RCS13-FP16-Opt,197,logits,29.875091000000001,2,2,2,,0
Flood,node3,2,3,RCS13-FP16-Opt,198,logits,30.181201999999999,2,2,2,,0
Flood,node3,2,3,RCS13-FP16-Opt,199,logits,30.474883999999999,2,2,2,,0
Flood,node3,3,1,RCS13-FP16-Opt,0,logits,29.212136999999998,2,2,2,,0
Flood,node3,3,1,RCS13-FP16-Opt,1,logits,28.774246000000002,2,2,2,,0
Flood,node3,3,1,RCS13-FP16-Opt,2,logits,29.089048999999999,2,2,2,,0
Flood,node3,3,1,RCS13-FP16-Opt,3,logits,29.041564000000001,2,2,2,,0
Flood,node3,3,1,RCS13-FP16-Opt,4,logits,29.994683999999999,2,2,2,,0
Flood,node3,3,1,RCS13-FP16-Opt,5,logits,29.319206000000001,2,2,2,,0
Flood,node3,3,1,RCS13-FP16-Opt,6,logits,28.957849,2,2,2,,0
Flood,node3,3,1,RCS13-FP16-Opt,7,logits,29.585894,2,2,2,,0
Flood,node3,3,1,RCS13-FP16-Opt,8,logits,29.467525999999999,2,2,2,,0
Flood,node3,3,1,RCS13-FP16-Opt,9,logits,29.494827999999998,2,2,2,,0
Flood,node3,3,1,RCS13-FP16-Opt,10,logits,29.501677999999998,2,2,2,,0
Flood,node3,3,1,RCS13-FP16-Opt,11,logits,29.708932999999998,2,2,2,,0
Flood,node3,3,1,RCS13-FP16-Opt,12,logits,29.432883,2,2,2,,0
Flood,node3,3,1,RCS13-FP16-Opt,13,logits,28.82508,2,2,2,,0
Flood,node3,3,1,RCS13-FP16-Opt,14,logits,28.847560999999999,2,2,2,,0
Flood,node3,3,1,RCS13-FP16-Opt,15,logits,29.840133000000002,2,2,2,,0
Flood,node3,3,1,RCS13-FP16-Opt,16,logits,29.312104000000001,2,2,2,,0
Flood,node3,3,1,RCS13-FP16-Opt,17,logits,29.665749999999999,2,2,2,,0
Flood,node3,3,1,RCS13-FP16-Opt,18,logits,29.834993000000001,2,2,2,,0
Flood,node3,3,1,RCS13-FP16-Opt,19,logits,29.628817000000002,2,2,2,,0
Flood,node3,3,1,RCS13-FP16-Opt,20,logits,29.659099000000001,2,2,2,,0
Flood,node3,3,1,RCS13-FP16-Opt,21,logits,29.078337000000001,2,2,2,,0
Flood,node3,3,1,RCS13-FP16-Opt,22,logits,30.039466999999998,2,2,2,,0
Flood,node3,3,1,RCS13-FP16-Opt,23,logits,29.683790999999999,2,2,2,,0
Flood,node3,3,1,RCS13-FP16-Opt,24,logits,29.205297000000002,2,2,2,,0
Flood,node3,3,1,RCS13-FP16-Opt,25,logits,29.496447,2,2,2,,0
Flood,node3,3,1,RCS13-FP16-Opt,26,logits,29.331796000000001,2,2,2,,0
Flood,node3,3,1,RCS13-FP16-Opt,27,logits,29.528199999999998,2,2,2,,0
Flood,node3,3,1,RCS13-FP16-Opt,28,logits,29.532419999999998,2,2,2,,0
Flood,node3,3,1,RCS13-FP16-Opt,29,logits,29.473537,2,2,2,,0
Flood,node3,3,1,RCS13-FP16-Opt,30,logits,29.772517000000001,2,2,2,,0
Flood,node3,3,1,RCS13-FP16-Opt,31,logits,29.490057,2,2,2,,0
Flood,node3,3,1,RCS13-FP16-Opt,32,logits,29.279633,2,2,2,,0
Flood,node3,3,1,RCS13-FP16-Opt,33,logits,29.803549,2,2,2,,0
Flood,node3,3,1,RCS13-FP16-Opt,34,logits,29.694932000000001,2,2,2,,0
Flood,node3,3,1,RCS13-FP16-Opt,35,logits,29.494868,2,2,2,,0
Flood,node3,3,1,RCS13-FP16-Opt,36,logits,29.367298000000002,2,2,2,,0
Flood,node3,3,1,RCS13-FP16-Opt,37,logits,31.001885999999999,2,2,2,,0
Flood,node3,3,1,RCS13-FP16-Opt,38,logits,29.121921,2,2,2,,0
Flood,node3,3,1,RCS13-FP16-Opt,39,logits,29.382169000000001,2,2,2,,0
Flood,node3,3,1,RCS13-FP16-Opt,40,logits,29.217828000000001,2,2,2,,0
Flood,node3,3,1,RCS13-FP16-Opt,41,logits,29.600754999999999,2,2,2,,0
Flood,node3,3,1,RCS13-FP16-Opt,42,logits,30.028625999999999,2,2,2,,0
Flood,node3,3,1,RCS13-FP16-Opt,43,logits,29.936809,2,2,2,,0
Flood,node3,3,1,RCS13-FP16-Opt,44,logits,31.944474,2,2,2,,0
Flood,node3,3,1,RCS13-FP16-Opt,45,logits,30.005193999999999,2,2,2,,0
Flood,node3,3,1,RCS13-FP16-Opt,46,logits,29.976952000000001,2,2,2,,0
Flood,node3,3,1,RCS13-FP16-Opt,47,logits,30.156804999999999,2,2,2,,0
Flood,node3,3,1,RCS13-FP16-Opt,48,logits,29.492896999999999,2,2,2,,0
Flood,node3,3,1,RCS13-FP16-Opt,49,logits,30.92361,2,2,2,,0
Flood,node3,3,1,RCS13-FP16-Opt,50,logits,29.976782,2,2,2,,0
Flood,node3,3,1,RCS13-FP16-Opt,51,logits,29.509969000000002,2,2,2,,0
Flood,node3,3,1,RCS13-FP16-Opt,52,logits,29.499946999999999,2,2,2,,0
Flood,node3,3,1,RCS13-FP16-Opt,53,logits,29.863184,2,2,2,,0
Flood,node3,3,1,RCS13-FP16-Opt,54,logits,29.397110999999999,2,2,2,,0
Flood,node3,3,1,RCS13-FP16-Opt,55,logits,29.733764999999998,2,2,2,,0
Flood,node3,3,1,RCS13-FP16-Opt,56,logits,29.851982,2,2,2,,0
Flood,node3,3,1,RCS13-FP16-Opt,57,logits,30.482879000000001,2,2,2,,0
Flood,node3,3,1,RCS13-FP16-Opt,58,logits,29.934169000000001,2,2,2,,0
Flood,node3,3,1,RCS13-FP16-Opt,59,logits,29.613144999999999,2,2,2,,0
Flood,node3,3,1,RCS13-FP16-Opt,60,logits,29.875435,2,2,2,,0
Flood,node3,3,1,RCS13-FP16-Opt,61,logits,29.985043000000001,2,2,2,,0
Flood,node3,3,1,RCS13-FP16-Opt,62,logits,29.046385000000001,2,2,2,,0
Flood,node3,3,1,RCS13-FP16-Opt,63,logits,28.636945999999998,2,2,2,,0
Flood,node3,3,1,RCS13-FP16-Opt,64,logits,29.566051999999999,2,2,2,,0
Flood,node3,3,1,RCS13-FP16-Opt,65,logits,30.231649999999998,2,2,2,,0
Flood,node3,3,1,RCS13-FP16-Opt,66,logits,29.816061000000001,2,2,2,,0
Flood,node3,3,1,RCS13-FP16-Opt,67,logits,29.765156999999999,2,2,2,,0
Flood,node3,3,1,RCS13-FP16-Opt,68,logits,29.075467,2,2,2,,0
Flood,node3,3,1,RCS13-FP16-Opt,69,logits,29.761337000000001,2,2,2,,0
Flood,node3,3,1,RCS13-FP16-Opt,70,logits,29.927278000000001,2,2,2,,0
Flood,node3,3,1,RCS13-FP16-Opt,71,logits,29.320094999999998,2,2,2,,0
Flood,node3,3,1,RCS13-FP16-Opt,72,logits,29.649898,2,2,2,,0
Flood,node3,3,1,RCS13-FP16-Opt,73,logits,29.300663,2,2,2,,0
Flood,node3,3,1,RCS13-FP16-Opt,74,logits,29.869403999999999,2,2,2,,0
Flood,node3,3,1,RCS13-FP16-Opt,75,logits,30.115582,2,2,2,,0
Flood,node3,3,1,RCS13-FP16-Opt,76,logits,29.515089,2,2,2,,0
Flood,node3,3,1,RCS13-FP16-Opt,77,logits,29.706762999999999,2,2,2,,0
Flood,node3,3,1,RCS13-FP16-Opt,78,logits,30.548331999999998,2,2,2,,0
Flood,node3,3,1,RCS13-FP16-Opt,79,logits,31.221291000000001,2,2,2,,0
Flood,node3,3,1,RCS13-FP16-Opt,80,logits,31.043399000000001,2,2,2,,0
Flood,node3,3,1,RCS13-FP16-Opt,81,logits,31.263214000000001,2,2,2,,0
Flood,node3,3,1,RCS13-FP16-Opt,82,logits,30.576725,2,2,2,,0
Flood,node3,3,1,RCS13-FP16-Opt,83,logits,30.37125,2,2,2,,0
Flood,node3,3,1,RCS13-FP16-Opt,84,logits,30.312016,2,2,2,,0
Flood,node3,3,1,RCS13-FP16-Opt,85,logits,30.157405000000001,2,2,2,,0
Flood,node3,3,1,RCS13-FP16-Opt,86,logits,32.019379000000001,2,2,2,,0
Flood,node3,3,1,RCS13-FP16-Opt,87,logits,28.524967,2,2,2,,0
Flood,node3,3,1,RCS13-FP16-Opt,88,logits,31.312467999999999,2,2,2,,0
Flood,node3,3,1,RCS13-FP16-Opt,89,logits,29.526530000000001,2,2,2,,0
Flood,node3,3,1,RCS13-FP16-Opt,90,logits,29.925208000000001,2,2,2,,0
Flood,node3,3,1,RCS13-FP16-Opt,91,logits,30.383770999999999,2,2,2,,0
Flood,node3,3,1,RCS13-FP16-Opt,92,logits,28.972460000000002,2,2,2,,0
Flood,node3,3,1,RCS13-FP16-Opt,93,logits,29.158512999999999,2,2,2,,0
Flood,node3,3,1,RCS13-FP16-Opt,94,logits,30.151223999999999,2,2,2,,0
Flood,node3,3,1,RCS13-FP16-Opt,95,logits,29.563212,2,2,2,,0
Flood,node3,3,1,RCS13-FP16-Opt,96,logits,30.100501000000001,2,2,2,,0
Flood,node3,3,1,RCS13-FP16-Opt,97,logits,29.612755,2,2,2,,0
Flood,node3,3,1,RCS13-FP16-Opt,98,logits,29.871834,2,2,2,,0
Flood,node3,3,1,RCS13-FP16-Opt,99,logits,30.38392,2,2,2,,0
Flood,node3,3,1,RCS13-FP16-Opt,100,logits,30.112162000000001,2,2,2,,0
Flood,node3,3,1,RCS13-FP16-Opt,101,logits,30.387502000000001,2,2,2,,0
Flood,node3,3,1,RCS13-FP16-Opt,102,logits,30.045756000000001,2,2,2,,0
Flood,node3,3,1,RCS13-FP16-Opt,103,logits,30.153064000000001,2,2,2,,0
Flood,node3,3,1,RCS13-FP16-Opt,104,logits,29.897366000000002,2,2,2,,0
Flood,node3,3,1,RCS13-FP16-Opt,105,logits,29.479576000000002,2,2,2,,0
Flood,node3,3,1,RCS13-FP16-Opt,106,logits,29.363768,2,2,2,,0
Flood,node3,3,1,RCS13-FP16-Opt,107,logits,29.839131999999999,2,2,2,,0
Flood,node3,3,1,RCS13-FP16-Opt,108,logits,29.39386,2,2,2,,0
Flood,node3,3,1,RCS13-FP16-Opt,109,logits,29.622726,2,2,2,,0
Flood,node3,3,1,RCS13-FP16-Opt,110,logits,30.107211,2,2,2,,0
Flood,node3,3,1,RCS13-FP16-Opt,111,logits,29.233198000000002,2,2,2,,0
Flood,node3,3,1,RCS13-FP16-Opt,112,logits,29.458393999999998,2,2,2,,0
Flood,node3,3,1,RCS13-FP16-Opt,113,logits,31.970124999999999,2,2,2,,0
Flood,node3,3,1,RCS13-FP16-Opt,114,logits,30.520771,2,2,2,,0
Flood,node3,3,1,RCS13-FP16-Opt,115,logits,31.21031,2,2,2,,0
Flood,node3,3,1,RCS13-FP16-Opt,116,logits,31.129753999999998,2,2,2,,0
Flood,node3,3,1,RCS13-FP16-Opt,117,logits,29.795128999999999,2,2,2,,0
Flood,node3,3,1,RCS13-FP16-Opt,118,logits,30.432113999999999,2,2,2,,0
Flood,node3,3,1,RCS13-FP16-Opt,119,logits,30.052047000000002,2,2,2,,0
Flood,node3,3,1,RCS13-FP16-Opt,120,logits,29.440884,2,2,2,,0
Flood,node3,3,1,RCS13-FP16-Opt,121,logits,29.259869999999999,2,2,2,,0
Flood,node3,3,1,RCS13-FP16-Opt,122,logits,30.078509,2,2,2,,0
Flood,node3,3,1,RCS13-FP16-Opt,123,logits,29.406949999999998,2,2,2,,0
Flood,node3,3,1,RCS13-FP16-Opt,124,logits,29.874865,2,2,2,,0
Flood,node3,3,1,RCS13-FP16-Opt,125,logits,29.253059,2,2,2,,0
Flood,node3,3,1,RCS13-FP16-Opt,126,logits,29.183903999999998,2,2,2,,0
Flood,node3,3,1,RCS13-FP16-Opt,127,logits,29.439043000000002,2,2,2,,0
Flood,node3,3,1,RCS13-FP16-Opt,128,logits,29.583223,2,2,2,,0
Flood,node3,3,1,RCS13-FP16-Opt,129,logits,29.979742000000002,2,2,2,,0
Flood,node3,3,1,RCS13-FP16-Opt,130,logits,29.429832999999999,2,2,2,,0
Flood,node3,3,1,RCS13-FP16-Opt,131,logits,29.185804000000001,2,2,2,,0
Flood,node3,3,1,RCS13-FP16-Opt,132,logits,29.722334,2,2,2,,0
Flood,node3,3,1,RCS13-FP16-Opt,133,logits,30.191797000000001,2,2,2,,0
Flood,node3,3,1,RCS13-FP16-Opt,134,logits,29.364837999999999,2,2,2,,0
Flood,node3,3,1,RCS13-FP16-Opt,135,logits,29.909936999999999,2,2,2,,0
Flood,node3,3,1,RCS13-FP16-Opt,136,logits,29.330285,2,2,2,,0
Flood,node3,3,1,RCS13-FP16-Opt,137,logits,29.991762000000001,2,2,2,,0
Flood,node3,3,1,RCS13-FP16-Opt,138,logits,30.292635000000001,2,2,2,,0
Flood,node3,3,1,RCS13-FP16-Opt,139,logits,31.264203999999999,2,2,2,,0
Flood,node3,3,1,RCS13-FP16-Opt,140,logits,29.300083000000001,2,2,2,,0
Flood,node3,3,1,RCS13-FP16-Opt,141,logits,29.886984999999999,2,2,2,,0
Flood,node3,3,1,RCS13-FP16-Opt,142,logits,29.926618000000001,2,2,2,,0
Flood,node3,3,1,RCS13-FP16-Opt,143,logits,29.888375,2,2,2,,0
Flood,node3,3,1,RCS13-FP16-Opt,144,logits,29.275970000000001,2,2,2,,0
Flood,node3,3,1,RCS13-FP16-Opt,145,logits,29.743575,2,2,2,,0
Flood,node3,3,1,RCS13-FP16-Opt,146,logits,30.058318,2,2,2,,0
Flood,node3,3,1,RCS13-FP16-Opt,147,logits,29.524659,2,2,2,,0
Flood,node3,3,1,RCS13-FP16-Opt,148,logits,30.103831,2,2,2,,0
Flood,node3,3,1,RCS13-FP16-Opt,149,logits,31.141735000000001,2,2,2,,0
Flood,node3,3,1,RCS13-FP16-Opt,150,logits,30.181546000000001,2,2,2,,0
Flood,node3,3,1,RCS13-FP16-Opt,151,logits,30.131641999999999,2,2,2,,0
Flood,node3,3,1,RCS13-FP16-Opt,152,logits,29.630747,2,2,2,,0
Flood,node3,3,1,RCS13-FP16-Opt,153,logits,29.402270000000001,2,2,2,,0
Flood,node3,3,1,RCS13-FP16-Opt,154,logits,29.458134999999999,2,2,2,,0
Flood,node3,3,1,RCS13-FP16-Opt,155,logits,29.378399000000002,2,2,2,,0
Flood,node3,3,1,RCS13-FP16-Opt,156,logits,32.321429000000002,2,2,2,,0
Flood,node3,3,1,RCS13-FP16-Opt,157,logits,30.349637999999999,2,2,2,,0
Flood,node3,3,1,RCS13-FP16-Opt,158,logits,30.034685,2,2,2,,0
Flood,node3,3,1,RCS13-FP16-Opt,159,logits,31.066649999999999,2,2,2,,0
Flood,node3,3,1,RCS13-FP16-Opt,160,logits,29.532119000000002,2,2,2,,0
Flood,node3,3,1,RCS13-FP16-Opt,161,logits,29.557941,2,2,2,,0
Flood,node3,3,1,RCS13-FP16-Opt,162,logits,29.363208,2,2,2,,0
Flood,node3,3,1,RCS13-FP16-Opt,163,logits,30.076678000000001,2,2,2,,0
Flood,node3,3,1,RCS13-FP16-Opt,164,logits,29.795169000000001,2,2,2,,0
Flood,node3,3,1,RCS13-FP16-Opt,165,logits,30.552012000000001,2,2,2,,0
Flood,node3,3,1,RCS13-FP16-Opt,166,logits,29.644428000000001,2,2,2,,0
Flood,node3,3,1,RCS13-FP16-Opt,167,logits,30.117152000000001,2,2,2,,0
Flood,node3,3,1,RCS13-FP16-Opt,168,logits,29.327995000000001,2,2,2,,0
Flood,node3,3,1,RCS13-FP16-Opt,169,logits,29.27083,2,2,2,,0
Flood,node3,3,1,RCS13-FP16-Opt,170,logits,29.211176999999999,2,2,2,,0
Flood,node3,3,1,RCS13-FP16-Opt,171,logits,29.619976000000001,2,2,2,,0
Flood,node3,3,1,RCS13-FP16-Opt,172,logits,29.452394000000002,2,2,2,,0
Flood,node3,3,1,RCS13-FP16-Opt,173,logits,29.048734,2,2,2,,0
Flood,node3,3,1,RCS13-FP16-Opt,174,logits,29.644048000000002,2,2,2,,0
Flood,node3,3,1,RCS13-FP16-Opt,175,logits,29.273861,2,2,2,,0
Flood,node3,3,1,RCS13-FP16-Opt,176,logits,29.541799999999999,2,2,2,,0
Flood,node3,3,1,RCS13-FP16-Opt,177,logits,29.920058000000001,2,2,2,,0
Flood,node3,3,1,RCS13-FP16-Opt,178,logits,28.947866999999999,2,2,2,,0
Flood,node3,3,1,RCS13-FP16-Opt,179,logits,29.53267,2,2,2,,0
Flood,node3,3,1,RCS13-FP16-Opt,180,logits,30.276043000000001,2,2,2,,0
Flood,node3,3,1,RCS13-FP16-Opt,181,logits,29.114298999999999,2,2,2,,0
Flood,node3,3,1,RCS13-FP16-Opt,182,logits,29.258369999999999,2,2,2,,0
Flood,node3,3,1,RCS13-FP16-Opt,183,logits,30.577735000000001,2,2,2,,0
Flood,node3,3,1,RCS13-FP16-Opt,184,logits,30.334126999999999,2,2,2,,0
Flood,node3,3,1,RCS13-FP16-Opt,185,logits,29.735693999999999,2,2,2,,0
Flood,node3,3,1,RCS13-FP16-Opt,186,logits,29.360427000000001,2,2,2,,0
Flood,node3,3,1,RCS13-FP16-Opt,187,logits,29.936578999999998,2,2,2,,0
Flood,node3,3,1,RCS13-FP16-Opt,188,logits,29.570772000000002,2,2,2,,0
Flood,node3,3,1,RCS13-FP16-Opt,189,logits,29.592434000000001,2,2,2,,0
Flood,node3,3,1,RCS13-FP16-Opt,190,logits,32.363782,2,2,2,,0
Flood,node3,3,1,RCS13-FP16-Opt,191,logits,29.963961000000001,2,2,2,,0
Flood,node3,3,1,RCS13-FP16-Opt,192,logits,30.342337000000001,2,2,2,,0
Flood,node3,3,1,RCS13-FP16-Opt,193,logits,30.078689000000001,2,2,2,,0
Flood,node3,3,1,RCS13-FP16-Opt,194,logits,30.371469000000001,2,2,2,,0
Flood,node3,3,1,RCS13-FP16-Opt,195,logits,30.447365000000001,2,2,2,,0
Flood,node3,3,1,RCS13-FP16-Opt,196,logits,29.966940999999998,2,2,2,,0
Flood,node3,3,1,RCS13-FP16-Opt,197,logits,29.848842000000001,2,2,2,,0
Flood,node3,3,1,RCS13-FP16-Opt,198,logits,30.260482,2,2,2,,0
Flood,node3,3,1,RCS13-FP16-Opt,199,logits,30.015594,2,2,2,,0
Flood,node3,3,2,MP-RCS-Opt,0,logits,37.297851000000001,2,2,2,,0
Flood,node3,3,2,MP-RCS-Opt,1,logits,37.988278999999999,2,2,2,,0
Flood,node3,3,2,MP-RCS-Opt,2,logits,36.847468999999997,2,2,2,,0
Flood,node3,3,2,MP-RCS-Opt,3,logits,36.919452999999997,2,2,2,,0
Flood,node3,3,2,MP-RCS-Opt,4,logits,37.271019000000003,2,2,2,,0
Flood,node3,3,2,MP-RCS-Opt,5,logits,37.243577000000002,2,2,2,,0
Flood,node3,3,2,MP-RCS-Opt,6,logits,37.008409,2,2,2,,0
Flood,node3,3,2,MP-RCS-Opt,7,logits,36.640653,2,2,2,,0
Flood,node3,3,2,MP-RCS-Opt,8,logits,37.541398000000001,2,2,2,,0
Flood,node3,3,2,MP-RCS-Opt,9,logits,37.389178000000001,2,2,2,,0
Flood,node3,3,2,MP-RCS-Opt,10,logits,38.196134000000001,2,2,2,,0
Flood,node3,3,2,MP-RCS-Opt,11,logits,38.799329,2,2,2,,0
Flood,node3,3,2,MP-RCS-Opt,12,logits,37.449280999999999,2,2,2,,0
Flood,node3,3,2,MP-RCS-Opt,13,logits,37.297370000000001,2,2,2,,0
Flood,node3,3,2,MP-RCS-Opt,14,logits,36.949106,2,2,2,,0
Flood,node3,3,2,MP-RCS-Opt,15,logits,37.638435000000001,2,2,2,,0
Flood,node3,3,2,MP-RCS-Opt,16,logits,37.083195000000003,2,2,2,,0
Flood,node3,3,2,MP-RCS-Opt,17,logits,36.709958,2,2,2,,0
Flood,node3,3,2,MP-RCS-Opt,18,logits,38.085417,2,2,2,,0
Flood,node3,3,2,MP-RCS-Opt,19,logits,39.718463999999997,2,2,2,,0
Flood,node3,3,2,MP-RCS-Opt,20,logits,37.736421,2,2,2,,0
Flood,node3,3,2,MP-RCS-Opt,21,logits,37.403346999999997,2,2,2,,0
Flood,node3,3,2,MP-RCS-Opt,22,logits,37.617744000000002,2,2,2,,0
Flood,node3,3,2,MP-RCS-Opt,23,logits,37.29092,2,2,2,,0
Flood,node3,3,2,MP-RCS-Opt,24,logits,36.863948999999998,2,2,2,,0
Flood,node3,3,2,MP-RCS-Opt,25,logits,37.573230000000002,2,2,2,,0
Flood,node3,3,2,MP-RCS-Opt,26,logits,37.275008999999997,2,2,2,,0
Flood,node3,3,2,MP-RCS-Opt,27,logits,37.513316000000003,2,2,2,,0
Flood,node3,3,2,MP-RCS-Opt,28,logits,37.222594999999998,2,2,2,,0
Flood,node3,3,2,MP-RCS-Opt,29,logits,37.017960000000002,2,2,2,,0
Flood,node3,3,2,MP-RCS-Opt,30,logits,37.742421999999998,2,2,2,,0
Flood,node3,3,2,MP-RCS-Opt,31,logits,37.905304000000001,2,2,2,,0
Flood,node3,3,2,MP-RCS-Opt,32,logits,36.997368999999999,2,2,2,,0
Flood,node3,3,2,MP-RCS-Opt,33,logits,37.253906999999998,2,2,2,,0
Flood,node3,3,2,MP-RCS-Opt,34,logits,37.417268999999997,2,2,2,,0
Flood,node3,3,2,MP-RCS-Opt,35,logits,37.314951999999998,2,2,2,,0
Flood,node3,3,2,MP-RCS-Opt,36,logits,36.563977999999999,2,2,2,,0
Flood,node3,3,2,MP-RCS-Opt,37,logits,36.676366000000002,2,2,2,,0
Flood,node3,3,2,MP-RCS-Opt,38,logits,37.634963999999997,2,2,2,,0
Flood,node3,3,2,MP-RCS-Opt,39,logits,38.627524999999999,2,2,2,,0
Flood,node3,3,2,MP-RCS-Opt,40,logits,38.789437,2,2,2,,0
Flood,node3,3,2,MP-RCS-Opt,41,logits,37.426699999999997,2,2,2,,0
Flood,node3,3,2,MP-RCS-Opt,42,logits,37.793484999999997,2,2,2,,0
Flood,node3,3,2,MP-RCS-Opt,43,logits,37.330672999999997,2,2,2,,0
Flood,node3,3,2,MP-RCS-Opt,44,logits,37.670267000000003,2,2,2,,0
Flood,node3,3,2,MP-RCS-Opt,45,logits,37.889252999999997,2,2,2,,0
Flood,node3,3,2,MP-RCS-Opt,46,logits,48.053449000000001,2,2,2,,0
Flood,node3,3,2,MP-RCS-Opt,47,logits,40.22974,2,2,2,,0
Flood,node3,3,2,MP-RCS-Opt,48,logits,37.429358999999998,2,2,2,,0
Flood,node3,3,2,MP-RCS-Opt,49,logits,37.419679000000002,2,2,2,,0
Flood,node3,3,2,MP-RCS-Opt,50,logits,37.154069999999997,2,2,2,,0
Flood,node3,3,2,MP-RCS-Opt,51,logits,37.457642,2,2,2,,0
Flood,node3,3,2,MP-RCS-Opt,52,logits,36.842927000000003,2,2,2,,0
Flood,node3,3,2,MP-RCS-Opt,53,logits,36.419268000000002,2,2,2,,0
Flood,node3,3,2,MP-RCS-Opt,54,logits,37.001379,2,2,2,,0
Flood,node3,3,2,MP-RCS-Opt,55,logits,36.846457999999998,2,2,2,,0
Flood,node3,3,2,MP-RCS-Opt,56,logits,37.287709,2,2,2,,0
Flood,node3,3,2,MP-RCS-Opt,57,logits,37.937106,2,2,2,,0
Flood,node3,3,2,MP-RCS-Opt,58,logits,37.449610999999997,2,2,2,,0
Flood,node3,3,2,MP-RCS-Opt,59,logits,37.776825000000002,2,2,2,,0
Flood,node3,3,2,MP-RCS-Opt,60,logits,39.670608999999999,2,2,2,,0
Flood,node3,3,2,MP-RCS-Opt,61,logits,37.898083999999997,2,2,2,,0
Flood,node3,3,2,MP-RCS-Opt,62,logits,37.724071000000002,2,2,2,,0
Flood,node3,3,2,MP-RCS-Opt,63,logits,37.233114999999998,2,2,2,,0
Flood,node3,3,2,MP-RCS-Opt,64,logits,37.581589999999998,2,2,2,,0
Flood,node3,3,2,MP-RCS-Opt,65,logits,36.944324999999999,2,2,2,,0
Flood,node3,3,2,MP-RCS-Opt,66,logits,39.375428999999997,2,2,2,,0
Flood,node3,3,2,MP-RCS-Opt,67,logits,37.543207000000002,2,2,2,,0
Flood,node3,3,2,MP-RCS-Opt,68,logits,38.081035999999997,2,2,2,,0
Flood,node3,3,2,MP-RCS-Opt,69,logits,37.542768000000002,2,2,2,,0
Flood,node3,3,2,MP-RCS-Opt,70,logits,38.194284000000003,2,2,2,,0
Flood,node3,3,2,MP-RCS-Opt,71,logits,37.783835000000003,2,2,2,,0
Flood,node3,3,2,MP-RCS-Opt,72,logits,36.947214000000002,2,2,2,,0
Flood,node3,3,2,MP-RCS-Opt,73,logits,37.489924000000002,2,2,2,,0
Flood,node3,3,2,MP-RCS-Opt,74,logits,37.532727000000001,2,2,2,,0
Flood,node3,3,2,MP-RCS-Opt,75,logits,37.901522999999997,2,2,2,,0
Flood,node3,3,2,MP-RCS-Opt,76,logits,37.774433999999999,2,2,2,,0
Flood,node3,3,2,MP-RCS-Opt,77,logits,37.082334000000003,2,2,2,,0
Flood,node3,3,2,MP-RCS-Opt,78,logits,37.923693999999998,2,2,2,,0
Flood,node3,3,2,MP-RCS-Opt,79,logits,37.557889000000003,2,2,2,,0
Flood,node3,3,2,MP-RCS-Opt,80,logits,36.992167999999999,2,2,2,,0
Flood,node3,3,2,MP-RCS-Opt,81,logits,37.672547000000002,2,2,2,,0
Flood,node3,3,2,MP-RCS-Opt,82,logits,37.018909999999998,2,2,2,,0
Flood,node3,3,2,MP-RCS-Opt,83,logits,37.499934000000003,2,2,2,,0
Flood,node3,3,2,MP-RCS-Opt,84,logits,37.454051,2,2,2,,0
Flood,node3,3,2,MP-RCS-Opt,85,logits,37.576619999999998,2,2,2,,0
Flood,node3,3,2,MP-RCS-Opt,86,logits,37.366343999999998,2,2,2,,0
Flood,node3,3,2,MP-RCS-Opt,87,logits,37.644826000000002,2,2,2,,0
Flood,node3,3,2,MP-RCS-Opt,88,logits,40.288193999999997,2,2,2,,0
Flood,node3,3,2,MP-RCS-Opt,89,logits,39.343456000000003,2,2,2,,0
Flood,node3,3,2,MP-RCS-Opt,90,logits,38.128889999999998,2,2,2,,0
Flood,node3,3,2,MP-RCS-Opt,91,logits,37.932485,2,2,2,,0
Flood,node3,3,2,MP-RCS-Opt,92,logits,37.118716999999997,2,2,2,,0
Flood,node3,3,2,MP-RCS-Opt,93,logits,38.819898999999999,2,2,2,,0
Flood,node3,3,2,MP-RCS-Opt,94,logits,38.938966999999998,2,2,2,,0
Flood,node3,3,2,MP-RCS-Opt,95,logits,38.238497000000002,2,2,2,,0
Flood,node3,3,2,MP-RCS-Opt,96,logits,36.962755000000001,2,2,2,,0
Flood,node3,3,2,MP-RCS-Opt,97,logits,37.071413999999997,2,2,2,,0
Flood,node3,3,2,MP-RCS-Opt,98,logits,36.928632999999998,2,2,2,,0
Flood,node3,3,2,MP-RCS-Opt,99,logits,37.659056,2,2,2,,0
Flood,node3,3,2,MP-RCS-Opt,100,logits,41.570695000000001,2,2,2,,0
Flood,node3,3,2,MP-RCS-Opt,101,logits,37.902563000000001,2,2,2,,0
Flood,node3,3,2,MP-RCS-Opt,102,logits,38.077575000000003,2,2,2,,0
Flood,node3,3,2,MP-RCS-Opt,103,logits,39.063065999999999,2,2,2,,0
Flood,node3,3,2,MP-RCS-Opt,104,logits,38.738723,2,2,2,,0
Flood,node3,3,2,MP-RCS-Opt,105,logits,38.666198000000001,2,2,2,,0
Flood,node3,3,2,MP-RCS-Opt,106,logits,37.420938999999997,2,2,2,,0
Flood,node3,3,2,MP-RCS-Opt,107,logits,37.884461000000002,2,2,2,,0
Flood,node3,3,2,MP-RCS-Opt,108,logits,37.721130000000002,2,2,2,,0
Flood,node3,3,2,MP-RCS-Opt,109,logits,38.547710000000002,2,2,2,,0
Flood,node3,3,2,MP-RCS-Opt,110,logits,40.385401000000002,2,2,2,,0
Flood,node3,3,2,MP-RCS-Opt,111,logits,38.164831999999997,2,2,2,,0
Flood,node3,3,2,MP-RCS-Opt,112,logits,38.756343999999999,2,2,2,,0
Flood,node3,3,2,MP-RCS-Opt,113,logits,38.674878,2,2,2,,0
Flood,node3,3,2,MP-RCS-Opt,114,logits,38.242097000000001,2,2,2,,0
Flood,node3,3,2,MP-RCS-Opt,115,logits,39.390340000000002,2,2,2,,0
Flood,node3,3,2,MP-RCS-Opt,116,logits,38.353465,2,2,2,,0
Flood,node3,3,2,MP-RCS-Opt,117,logits,37.961367000000003,2,2,2,,0
Flood,node3,3,2,MP-RCS-Opt,118,logits,37.287590000000002,2,2,2,,0
Flood,node3,3,2,MP-RCS-Opt,119,logits,37.196401999999999,2,2,2,,0
Flood,node3,3,2,MP-RCS-Opt,120,logits,38.190663000000001,2,2,2,,0
Flood,node3,3,2,MP-RCS-Opt,121,logits,38.232947000000003,2,2,2,,0
Flood,node3,3,2,MP-RCS-Opt,122,logits,36.990428000000001,2,2,2,,0
Flood,node3,3,2,MP-RCS-Opt,123,logits,36.961865000000003,2,2,2,,0
Flood,node3,3,2,MP-RCS-Opt,124,logits,37.144458999999998,2,2,2,,0
Flood,node3,3,2,MP-RCS-Opt,125,logits,36.497652000000002,2,2,2,,0
Flood,node3,3,2,MP-RCS-Opt,126,logits,37.328242000000003,2,2,2,,0
Flood,node3,3,2,MP-RCS-Opt,127,logits,37.851719000000003,2,2,2,,0
Flood,node3,3,2,MP-RCS-Opt,128,logits,36.635961999999999,2,2,2,,0
Flood,node3,3,2,MP-RCS-Opt,129,logits,37.307951000000003,2,2,2,,0
Flood,node3,3,2,MP-RCS-Opt,130,logits,37.791483999999997,2,2,2,,0
Flood,node3,3,2,MP-RCS-Opt,131,logits,36.872408999999998,2,2,2,,0
Flood,node3,3,2,MP-RCS-Opt,132,logits,36.818866,2,2,2,,0
Flood,node3,3,2,MP-RCS-Opt,133,logits,36.514342999999997,2,2,2,,0
Flood,node3,3,2,MP-RCS-Opt,134,logits,37.055861999999998,2,2,2,,0
Flood,node3,3,2,MP-RCS-Opt,135,logits,36.732979999999998,2,2,2,,0
Flood,node3,3,2,MP-RCS-Opt,136,logits,37.075403000000001,2,2,2,,0
Flood,node3,3,2,MP-RCS-Opt,137,logits,37.382516000000003,2,2,2,,0
Flood,node3,3,2,MP-RCS-Opt,138,logits,37.684576999999997,2,2,2,,0
Flood,node3,3,2,MP-RCS-Opt,139,logits,36.875830000000001,2,2,2,,0
Flood,node3,3,2,MP-RCS-Opt,140,logits,37.049630999999998,2,2,2,,0
Flood,node3,3,2,MP-RCS-Opt,141,logits,39.491076999999997,2,2,2,,0
Flood,node3,3,2,MP-RCS-Opt,142,logits,39.619295999999999,2,2,2,,0
Flood,node3,3,2,MP-RCS-Opt,143,logits,37.419558000000002,2,2,2,,0
Flood,node3,3,2,MP-RCS-Opt,144,logits,37.588659999999997,2,2,2,,0
Flood,node3,3,2,MP-RCS-Opt,145,logits,37.566909000000003,2,2,2,,0
Flood,node3,3,2,MP-RCS-Opt,146,logits,37.470692,2,2,2,,0
Flood,node3,3,2,MP-RCS-Opt,147,logits,37.290379000000001,2,2,2,,0
Flood,node3,3,2,MP-RCS-Opt,148,logits,39.459584,2,2,2,,0
Flood,node3,3,2,MP-RCS-Opt,149,logits,37.969836999999998,2,2,2,,0
Flood,node3,3,2,MP-RCS-Opt,150,logits,37.454140000000002,2,2,2,,0
Flood,node3,3,2,MP-RCS-Opt,151,logits,37.660156000000001,2,2,2,,0
Flood,node3,3,2,MP-RCS-Opt,152,logits,37.305819,2,2,2,,0
Flood,node3,3,2,MP-RCS-Opt,153,logits,36.654522999999998,2,2,2,,0
Flood,node3,3,2,MP-RCS-Opt,154,logits,37.919764999999998,2,2,2,,0
Flood,node3,3,2,MP-RCS-Opt,155,logits,37.359493000000001,2,2,2,,0
Flood,node3,3,2,MP-RCS-Opt,156,logits,37.089154000000001,2,2,2,,0
Flood,node3,3,2,MP-RCS-Opt,157,logits,37.690967000000001,2,2,2,,0
Flood,node3,3,2,MP-RCS-Opt,158,logits,37.563369000000002,2,2,2,,0
Flood,node3,3,2,MP-RCS-Opt,159,logits,37.295878999999999,2,2,2,,0
Flood,node3,3,2,MP-RCS-Opt,160,logits,37.872950000000003,2,2,2,,0
Flood,node3,3,2,MP-RCS-Opt,161,logits,36.783681999999999,2,2,2,,0
Flood,node3,3,2,MP-RCS-Opt,162,logits,37.957537000000002,2,2,2,,0
Flood,node3,3,2,MP-RCS-Opt,163,logits,37.394576000000001,2,2,2,,0
Flood,node3,3,2,MP-RCS-Opt,164,logits,37.652203999999998,2,2,2,,0
Flood,node3,3,2,MP-RCS-Opt,165,logits,39.917437,2,2,2,,0
Flood,node3,3,2,MP-RCS-Opt,166,logits,38.358514999999997,2,2,2,,0
Flood,node3,3,2,MP-RCS-Opt,167,logits,36.961255000000001,2,2,2,,0
Flood,node3,3,2,MP-RCS-Opt,168,logits,37.318651000000003,2,2,2,,0
Flood,node3,3,2,MP-RCS-Opt,169,logits,37.382845000000003,2,2,2,,0
Flood,node3,3,2,MP-RCS-Opt,170,logits,36.732089000000002,2,2,2,,0
Flood,node3,3,2,MP-RCS-Opt,171,logits,37.740670999999999,2,2,2,,0
Flood,node3,3,2,MP-RCS-Opt,172,logits,37.111545999999997,2,2,2,,0
Flood,node3,3,2,MP-RCS-Opt,173,logits,37.304310000000001,2,2,2,,0
Flood,node3,3,2,MP-RCS-Opt,174,logits,36.924571999999998,2,2,2,,0
Flood,node3,3,2,MP-RCS-Opt,175,logits,39.035283999999997,2,2,2,,0
Flood,node3,3,2,MP-RCS-Opt,176,logits,38.173532000000002,2,2,2,,0
Flood,node3,3,2,MP-RCS-Opt,177,logits,37.619852000000002,2,2,2,,0
Flood,node3,3,2,MP-RCS-Opt,178,logits,37.624493000000001,2,2,2,,0
Flood,node3,3,2,MP-RCS-Opt,179,logits,37.797803999999999,2,2,2,,0
Flood,node3,3,2,MP-RCS-Opt,180,logits,39.055104999999998,2,2,2,,0
Flood,node3,3,2,MP-RCS-Opt,181,logits,39.880304000000002,2,2,2,,0
Flood,node3,3,2,MP-RCS-Opt,182,logits,38.222845,2,2,2,,0
Flood,node3,3,2,MP-RCS-Opt,183,logits,37.915373000000002,2,2,2,,0
Flood,node3,3,2,MP-RCS-Opt,184,logits,37.322400999999999,2,2,2,,0
Flood,node3,3,2,MP-RCS-Opt,185,logits,37.295878999999999,2,2,2,,0
Flood,node3,3,2,MP-RCS-Opt,186,logits,37.330840999999999,2,2,2,,0
Flood,node3,3,2,MP-RCS-Opt,187,logits,37.113545999999999,2,2,2,,0
Flood,node3,3,2,MP-RCS-Opt,188,logits,37.318651000000003,2,2,2,,0
Flood,node3,3,2,MP-RCS-Opt,189,logits,38.224485000000001,2,2,2,,0
Flood,node3,3,2,MP-RCS-Opt,190,logits,38.844828999999997,2,2,2,,0
Flood,node3,3,2,MP-RCS-Opt,191,logits,37.893942000000003,2,2,2,,0
Flood,node3,3,2,MP-RCS-Opt,192,logits,36.538485000000001,2,2,2,,0
Flood,node3,3,2,MP-RCS-Opt,193,logits,37.983488000000001,2,2,2,,0
Flood,node3,3,2,MP-RCS-Opt,194,logits,37.094535,2,2,2,,0
Flood,node3,3,2,MP-RCS-Opt,195,logits,36.859678000000002,2,2,2,,0
Flood,node3,3,2,MP-RCS-Opt,196,logits,38.292000000000002,2,2,2,,0
Flood,node3,3,2,MP-RCS-Opt,197,logits,36.945104000000001,2,2,2,,0
Flood,node3,3,2,MP-RCS-Opt,198,logits,37.997898999999997,2,2,2,,0
Flood,node3,3,2,MP-RCS-Opt,199,logits,38.314901999999996,2,2,2,,0
Flood,node3,3,3,RCS13-FP32,0,logits,36.174222999999998,2,2,2,,0
Flood,node3,3,3,RCS13-FP32,1,logits,35.538677,2,2,2,,0
Flood,node3,3,3,RCS13-FP32,2,logits,35.229734999999998,2,2,2,,0
Flood,node3,3,3,RCS13-FP32,3,logits,33.709716999999998,2,2,2,,0
Flood,node3,3,3,RCS13-FP32,4,logits,33.357021000000003,2,2,2,,0
Flood,node3,3,3,RCS13-FP32,5,logits,33.907691,2,2,2,,0
Flood,node3,3,3,RCS13-FP32,6,logits,33.366622,2,2,2,,0
Flood,node3,3,3,RCS13-FP32,7,logits,33.155337000000003,2,2,2,,0
Flood,node3,3,3,RCS13-FP32,8,logits,33.263874000000001,2,2,2,,0
Flood,node3,3,3,RCS13-FP32,9,logits,33.130654999999997,2,2,2,,0
Flood,node3,3,3,RCS13-FP32,10,logits,32.77055,2,2,2,,0
Flood,node3,3,3,RCS13-FP32,11,logits,32.949252000000001,2,2,2,,0
Flood,node3,3,3,RCS13-FP32,12,logits,32.879117000000001,2,2,2,,0
Flood,node3,3,3,RCS13-FP32,13,logits,33.116204000000003,2,2,2,,0
Flood,node3,3,3,RCS13-FP32,14,logits,33.005845999999998,2,2,2,,0
Flood,node3,3,3,RCS13-FP32,15,logits,33.118895000000002,2,2,2,,0
Flood,node3,3,3,RCS13-FP32,16,logits,34.494272000000002,2,2,2,,0
Flood,node3,3,3,RCS13-FP32,17,logits,33.799062999999997,2,2,2,,0
Flood,node3,3,3,RCS13-FP32,18,logits,34.048279999999998,2,2,2,,0
Flood,node3,3,3,RCS13-FP32,19,logits,34.415177,2,2,2,,0
Flood,node3,3,3,RCS13-FP32,20,logits,34.152937999999999,2,2,2,,0
Flood,node3,3,3,RCS13-FP32,21,logits,33.849666999999997,2,2,2,,0
Flood,node3,3,3,RCS13-FP32,22,logits,33.161887,2,2,2,,0
Flood,node3,3,3,RCS13-FP32,23,logits,33.221392000000002,2,2,2,,0
Flood,node3,3,3,RCS13-FP32,24,logits,33.580967000000001,2,2,2,,0
Flood,node3,3,3,RCS13-FP32,25,logits,33.025106999999998,2,2,2,,0
Flood,node3,3,3,RCS13-FP32,26,logits,33.146627000000002,2,2,2,,0
Flood,node3,3,3,RCS13-FP32,27,logits,33.105133000000002,2,2,2,,0
Flood,node3,3,3,RCS13-FP32,28,logits,32.951692000000001,2,2,2,,0
Flood,node3,3,3,RCS13-FP32,29,logits,33.218851000000001,2,2,2,,0
Flood,node3,3,3,RCS13-FP32,30,logits,32.976405,2,2,2,,0
Flood,node3,3,3,RCS13-FP32,31,logits,33.079881,2,2,2,,0
Flood,node3,3,3,RCS13-FP32,32,logits,32.765909000000001,2,2,2,,0
Flood,node3,3,3,RCS13-FP32,33,logits,32.919580000000003,2,2,2,,0
Flood,node3,3,3,RCS13-FP32,34,logits,32.905399000000003,2,2,2,,0
Flood,node3,3,3,RCS13-FP32,35,logits,33.044899000000001,2,2,2,,0
Flood,node3,3,3,RCS13-FP32,36,logits,33.426596000000004,2,2,2,,0
Flood,node3,3,3,RCS13-FP32,37,logits,35.221843999999997,2,2,2,,0
Flood,node3,3,3,RCS13-FP32,38,logits,34.239944000000001,2,2,2,,0
Flood,node3,3,3,RCS13-FP32,39,logits,33.977925999999997,2,2,2,,0
Flood,node3,3,3,RCS13-FP32,40,logits,33.456007999999997,2,2,2,,0
Flood,node3,3,3,RCS13-FP32,41,logits,32.967433,2,2,2,,0
Flood,node3,3,3,RCS13-FP32,42,logits,33.349961,2,2,2,,0
Flood,node3,3,3,RCS13-FP32,43,logits,32.913818999999997,2,2,2,,0
Flood,node3,3,3,RCS13-FP32,44,logits,33.447457,2,2,2,,0
Flood,node3,3,3,RCS13-FP32,45,logits,33.304696999999997,2,2,2,,0
Flood,node3,3,3,RCS13-FP32,46,logits,32.819693000000001,2,2,2,,0
Flood,node3,3,3,RCS13-FP32,47,logits,34.205731999999998,2,2,2,,0
Flood,node3,3,3,RCS13-FP32,48,logits,35.448,2,2,2,,0
Flood,node3,3,3,RCS13-FP32,49,logits,33.052069000000003,2,2,2,,0
Flood,node3,3,3,RCS13-FP32,50,logits,33.369622,2,2,2,,0
Flood,node3,3,3,RCS13-FP32,51,logits,33.817113999999997,2,2,2,,0
Flood,node3,3,3,RCS13-FP32,52,logits,33.496020999999999,2,2,2,,0
Flood,node3,3,3,RCS13-FP32,53,logits,33.556944999999999,2,2,2,,0
Flood,node3,3,3,RCS13-FP32,54,logits,33.054299999999998,2,2,2,,0
Flood,node3,3,3,RCS13-FP32,55,logits,33.223650999999997,2,2,2,,0
Flood,node3,3,3,RCS13-FP32,56,logits,33.642242000000003,2,2,2,,0
Flood,node3,3,3,RCS13-FP32,57,logits,33.317518,2,2,2,,0
Flood,node3,3,3,RCS13-FP32,58,logits,32.959432999999997,2,2,2,,0
Flood,node3,3,3,RCS13-FP32,59,logits,33.680253999999998,2,2,2,,0
Flood,node3,3,3,RCS13-FP32,60,logits,33.457298000000002,2,2,2,,0
Flood,node3,3,3,RCS13-FP32,61,logits,33.214041000000002,2,2,2,,0
Flood,node3,3,3,RCS13-FP32,62,logits,32.749758,2,2,2,,0
Flood,node3,3,3,RCS13-FP32,63,logits,33.003376000000003,2,2,2,,0
Flood,node3,3,3,RCS13-FP32,64,logits,32.826132999999999,2,2,2,,0
Flood,node3,3,3,RCS13-FP32,65,logits,33.414535000000001,2,2,2,,0
Flood,node3,3,3,RCS13-FP32,66,logits,33.449846999999998,2,2,2,,0
Flood,node3,3,3,RCS13-FP32,67,logits,32.876457000000002,2,2,2,,0
Flood,node3,3,3,RCS13-FP32,68,logits,33.243183000000002,2,2,2,,0
Flood,node3,3,3,RCS13-FP32,69,logits,32.760148000000001,2,2,2,,0
Flood,node3,3,3,RCS13-FP32,70,logits,33.441276999999999,2,2,2,,0
Flood,node3,3,3,RCS13-FP32,71,logits,34.32403,2,2,2,,0
Flood,node3,3,3,RCS13-FP32,72,logits,33.861687000000003,2,2,2,,0
Flood,node3,3,3,RCS13-FP32,73,logits,33.142816000000003,2,2,2,,0
Flood,node3,3,3,RCS13-FP32,74,logits,32.958452000000001,2,2,2,,0
Flood,node3,3,3,RCS13-FP32,75,logits,33.157797000000002,2,2,2,,0
Flood,node3,3,3,RCS13-FP32,76,logits,32.993214000000002,2,2,2,,0
Flood,node3,3,3,RCS13-FP32,77,logits,33.709726000000003,2,2,2,,0
Flood,node3,3,3,RCS13-FP32,78,logits,34.982596999999998,2,2,2,,0
Flood,node3,3,3,RCS13-FP32,79,logits,33.802121999999997,2,2,2,,0
Flood,node3,3,3,RCS13-FP32,80,logits,33.803182999999997,2,2,2,,0
Flood,node3,3,3,RCS13-FP32,81,logits,33.638410999999998,2,2,2,,0
Flood,node3,3,3,RCS13-FP32,82,logits,33.864916999999998,2,2,2,,0
Flood,node3,3,3,RCS13-FP32,83,logits,36.006250000000001,2,2,2,,0
Flood,node3,3,3,RCS13-FP32,84,logits,32.687173000000001,2,2,2,,0
Flood,node3,3,3,RCS13-FP32,85,logits,34.429747999999996,2,2,2,,0
Flood,node3,3,3,RCS13-FP32,86,logits,32.838883000000003,2,2,2,,0
Flood,node3,3,3,RCS13-FP32,87,logits,33.046607999999999,2,2,2,,0
Flood,node3,3,3,RCS13-FP32,88,logits,33.385063000000002,2,2,2,,0
Flood,node3,3,3,RCS13-FP32,89,logits,32.979844,2,2,2,,0
Flood,node3,3,3,RCS13-FP32,90,logits,32.805242,2,2,2,,0
Flood,node3,3,3,RCS13-FP32,91,logits,32.911988999999998,2,2,2,,0
Flood,node3,3,3,RCS13-FP32,92,logits,33.278664999999997,2,2,2,,0
Flood,node3,3,3,RCS13-FP32,93,logits,33.236763000000003,2,2,2,,0
Flood,node3,3,3,RCS13-FP32,94,logits,33.149225000000001,2,2,2,,0
Flood,node3,3,3,RCS13-FP32,95,logits,33.066760000000002,2,2,2,,0
Flood,node3,3,3,RCS13-FP32,96,logits,33.531802999999996,2,2,2,,0
Flood,node3,3,3,RCS13-FP32,97,logits,33.243282000000001,2,2,2,,0
Flood,node3,3,3,RCS13-FP32,98,logits,32.584986000000001,2,2,2,,0
Flood,node3,3,3,RCS13-FP32,99,logits,33.374442000000002,2,2,2,,0
Flood,node3,3,3,RCS13-FP32,100,logits,33.299207000000003,2,2,2,,0
Flood,node3,3,3,RCS13-FP32,101,logits,33.212490000000003,2,2,2,,0
Flood,node3,3,3,RCS13-FP32,102,logits,32.778790000000001,2,2,2,,0
Flood,node3,3,3,RCS13-FP32,103,logits,33.810743000000002,2,2,2,,0
Flood,node3,3,3,RCS13-FP32,104,logits,33.980984999999997,2,2,2,,0
Flood,node3,3,3,RCS13-FP32,105,logits,34.067580999999997,2,2,2,,0
Flood,node3,3,3,RCS13-FP32,106,logits,33.351830999999997,2,2,2,,0
Flood,node3,3,3,RCS13-FP32,107,logits,32.952902000000002,2,2,2,,0
Flood,node3,3,3,RCS13-FP32,108,logits,33.380192000000001,2,2,2,,0
Flood,node3,3,3,RCS13-FP32,109,logits,34.296858,2,2,2,,0
Flood,node3,3,3,RCS13-FP32,110,logits,33.696485000000003,2,2,2,,0
Flood,node3,3,3,RCS13-FP32,111,logits,32.654750999999997,2,2,2,,0
Flood,node3,3,3,RCS13-FP32,112,logits,33.071159999999999,2,2,2,,0
Flood,node3,3,3,RCS13-FP32,113,logits,32.852213999999996,2,2,2,,0
Flood,node3,3,3,RCS13-FP32,114,logits,32.910899999999998,2,2,2,,0
Flood,node3,3,3,RCS13-FP32,115,logits,32.986424,2,2,2,,0
Flood,node3,3,3,RCS13-FP32,116,logits,32.781779,2,2,2,,0
Flood,node3,3,3,RCS13-FP32,117,logits,32.853785000000002,2,2,2,,0
Flood,node3,3,3,RCS13-FP32,118,logits,33.608308999999998,2,2,2,,0
Flood,node3,3,3,RCS13-FP32,119,logits,34.933512999999998,2,2,2,,0
Flood,node3,3,3,RCS13-FP32,120,logits,35.446919999999999,2,2,2,,0
Flood,node3,3,3,RCS13-FP32,121,logits,34.916432,2,2,2,,0
Flood,node3,3,3,RCS13-FP32,122,logits,33.296157000000001,2,2,2,,0
Flood,node3,3,3,RCS13-FP32,123,logits,32.972783,2,2,2,,0
Flood,node3,3,3,RCS13-FP32,124,logits,35.130687000000002,2,2,2,,0
Flood,node3,3,3,RCS13-FP32,125,logits,35.674295999999998,2,2,2,,0
Flood,node3,3,3,RCS13-FP32,126,logits,33.731648,2,2,2,,0
Flood,node3,3,3,RCS13-FP32,127,logits,32.766088000000003,2,2,2,,0
Flood,node3,3,3,RCS13-FP32,128,logits,33.545884000000001,2,2,2,,0
Flood,node3,3,3,RCS13-FP32,129,logits,36.775224999999999,2,2,2,,0
Flood,node3,3,3,RCS13-FP32,130,logits,33.307437,2,2,2,,0
Flood,node3,3,3,RCS13-FP32,131,logits,34.101063000000003,2,2,2,,0
Flood,node3,3,3,RCS13-FP32,132,logits,34.026578999999998,2,2,2,,0
Flood,node3,3,3,RCS13-FP32,133,logits,33.689684,2,2,2,,0
Flood,node3,3,3,RCS13-FP32,134,logits,33.183557999999998,2,2,2,,0
Flood,node3,3,3,RCS13-FP32,135,logits,33.738227999999999,2,2,2,,0
Flood,node3,3,3,RCS13-FP32,136,logits,34.417436000000002,2,2,2,,0
Flood,node3,3,3,RCS13-FP32,137,logits,34.246864000000002,2,2,2,,0
Flood,node3,3,3,RCS13-FP32,138,logits,33.896729000000001,2,2,2,,0
Flood,node3,3,3,RCS13-FP32,139,logits,34.774872000000002,2,2,2,,0
Flood,node3,3,3,RCS13-FP32,140,logits,35.222844000000002,2,2,2,,0
Flood,node3,3,3,RCS13-FP32,141,logits,33.830114000000002,2,2,2,,0
Flood,node3,3,3,RCS13-FP32,142,logits,33.832813999999999,2,2,2,,0
Flood,node3,3,3,RCS13-FP32,143,logits,32.949551999999997,2,2,2,,0
Flood,node3,3,3,RCS13-FP32,144,logits,32.921388999999998,2,2,2,,0
Flood,node3,3,3,RCS13-FP32,145,logits,33.290495,2,2,2,,0
Flood,node3,3,3,RCS13-FP32,146,logits,35.699618000000001,2,2,2,,0
Flood,node3,3,3,RCS13-FP32,147,logits,34.828285000000001,2,2,2,,0
Flood,node3,3,3,RCS13-FP32,148,logits,35.050431000000003,2,2,2,,0
Flood,node3,3,3,RCS13-FP32,149,logits,34.615740000000002,2,2,2,,0
Flood,node3,3,3,RCS13-FP32,150,logits,35.572868999999997,2,2,2,,0
Flood,node3,3,3,RCS13-FP32,151,logits,34.008507000000002,2,2,2,,0
Flood,node3,3,3,RCS13-FP32,152,logits,33.339269000000002,2,2,2,,0
Flood,node3,3,3,RCS13-FP32,153,logits,32.972732999999998,2,2,2,,0
Flood,node3,3,3,RCS13-FP32,154,logits,32.747517000000002,2,2,2,,0
Flood,node3,3,3,RCS13-FP32,155,logits,32.939860000000003,2,2,2,,0
Flood,node3,3,3,RCS13-FP32,156,logits,32.929389999999998,2,2,2,,0
Flood,node3,3,3,RCS13-FP32,157,logits,33.301026,2,2,2,,0
Flood,node3,3,3,RCS13-FP32,158,logits,32.785150000000002,2,2,2,,0
Flood,node3,3,3,RCS13-FP32,159,logits,32.740265999999998,2,2,2,,0
Flood,node3,3,3,RCS13-FP32,160,logits,32.784429000000003,2,2,2,,0
Flood,node3,3,3,RCS13-FP32,161,logits,32.754947999999999,2,2,2,,0
Flood,node3,3,3,RCS13-FP32,162,logits,32.991604000000002,2,2,2,,0
Flood,node3,3,3,RCS13-FP32,163,logits,32.883235999999997,2,2,2,,0
Flood,node3,3,3,RCS13-FP32,164,logits,33.980505000000001,2,2,2,,0
Flood,node3,3,3,RCS13-FP32,165,logits,33.483159000000001,2,2,2,,0
Flood,node3,3,3,RCS13-FP32,166,logits,33.497349999999997,2,2,2,,0
Flood,node3,3,3,RCS13-FP32,167,logits,33.378301999999998,2,2,2,,0
Flood,node3,3,3,RCS13-FP32,168,logits,32.468696999999999,2,2,2,,0
Flood,node3,3,3,RCS13-FP32,169,logits,32.531880999999998,2,2,2,,0
Flood,node3,3,3,RCS13-FP32,170,logits,33.671973000000001,2,2,2,,0
Flood,node3,3,3,RCS13-FP32,171,logits,34.428367000000001,2,2,2,,0
Flood,node3,3,3,RCS13-FP32,172,logits,32.962671999999998,2,2,2,,0
Flood,node3,3,3,RCS13-FP32,173,logits,33.368982000000003,2,2,2,,0
Flood,node3,3,3,RCS13-FP32,174,logits,36.309671000000002,2,2,2,,0
Flood,node3,3,3,RCS13-FP32,175,logits,32.822802000000003,2,2,2,,0
Flood,node3,3,3,RCS13-FP32,176,logits,32.852874,2,2,2,,0
Flood,node3,3,3,RCS13-FP32,177,logits,32.579974999999997,2,2,2,,0
Flood,node3,3,3,RCS13-FP32,178,logits,33.261944,2,2,2,,0
Flood,node3,3,3,RCS13-FP32,179,logits,33.116903000000001,2,2,2,,0
Flood,node3,3,3,RCS13-FP32,180,logits,32.925910000000002,2,2,2,,0
Flood,node3,3,3,RCS13-FP32,181,logits,32.839962999999997,2,2,2,,0
Flood,node3,3,3,RCS13-FP32,182,logits,32.419063999999999,2,2,2,,0
Flood,node3,3,3,RCS13-FP32,183,logits,32.700513000000001,2,2,2,,0
Flood,node3,3,3,RCS13-FP32,184,logits,32.339258000000001,2,2,2,,0
Flood,node3,3,3,RCS13-FP32,185,logits,32.554493000000001,2,2,2,,0
Flood,node3,3,3,RCS13-FP32,186,logits,32.272641999999998,2,2,2,,0
Flood,node3,3,3,RCS13-FP32,187,logits,32.496619000000003,2,2,2,,0
Flood,node3,3,3,RCS13-FP32,188,logits,32.296053999999998,2,2,2,,0
Flood,node3,3,3,RCS13-FP32,189,logits,32.599936,2,2,2,,0
Flood,node3,3,3,RCS13-FP32,190,logits,32.618577999999999,2,2,2,,0
Flood,node3,3,3,RCS13-FP32,191,logits,32.391990999999997,2,2,2,,0
Flood,node3,3,3,RCS13-FP32,192,logits,32.353769,2,2,2,,0
Flood,node3,3,3,RCS13-FP32,193,logits,32.357019000000001,2,2,2,,0
Flood,node3,3,3,RCS13-FP32,194,logits,32.711503999999998,2,2,2,,0
Flood,node3,3,3,RCS13-FP32,195,logits,32.585155,2,2,2,,0
Flood,node3,3,3,RCS13-FP32,196,logits,32.178525999999998,2,2,2,,0
Flood,node3,3,3,RCS13-FP32,197,logits,32.463746999999998,2,2,2,,0
Flood,node3,3,3,RCS13-FP32,198,logits,32.714674000000002,2,2,2,,0
Flood,node3,3,3,RCS13-FP32,199,logits,33.523842000000002,2,2,2,,0
Flood,node3,4,1,RCS13-FP32,0,logits,32.733431000000003,2,2,2,,0
Flood,node3,4,1,RCS13-FP32,1,logits,32.969346999999999,2,2,2,,0
Flood,node3,4,1,RCS13-FP32,2,logits,33.222454999999997,2,2,2,,0
Flood,node3,4,1,RCS13-FP32,3,logits,35.332956000000003,2,2,2,,0
Flood,node3,4,1,RCS13-FP32,4,logits,36.280493,2,2,2,,0
Flood,node3,4,1,RCS13-FP32,5,logits,34.868833000000002,2,2,2,,0
Flood,node3,4,1,RCS13-FP32,6,logits,34.338594000000001,2,2,2,,0
Flood,node3,4,1,RCS13-FP32,7,logits,33.923274999999997,2,2,2,,0
Flood,node3,4,1,RCS13-FP32,8,logits,33.668767000000003,2,2,2,,0
Flood,node3,4,1,RCS13-FP32,9,logits,32.854168999999999,2,2,2,,0
Flood,node3,4,1,RCS13-FP32,10,logits,32.568278999999997,2,2,2,,0
Flood,node3,4,1,RCS13-FP32,11,logits,32.534165999999999,2,2,2,,0
Flood,node3,4,1,RCS13-FP32,12,logits,32.573388999999999,2,2,2,,0
Flood,node3,4,1,RCS13-FP32,13,logits,32.688977000000001,2,2,2,,0
Flood,node3,4,1,RCS13-FP32,14,logits,32.568708999999998,2,2,2,,0
Flood,node3,4,1,RCS13-FP32,15,logits,33.160981,2,2,2,,0
Flood,node3,4,1,RCS13-FP32,16,logits,33.700339,2,2,2,,0
Flood,node3,4,1,RCS13-FP32,17,logits,32.985398000000004,2,2,2,,0
Flood,node3,4,1,RCS13-FP32,18,logits,32.837167999999998,2,2,2,,0
Flood,node3,4,1,RCS13-FP32,19,logits,32.869169999999997,2,2,2,,0
Flood,node3,4,1,RCS13-FP32,20,logits,33.009050000000002,2,2,2,,0
Flood,node3,4,1,RCS13-FP32,21,logits,33.315232000000002,2,2,2,,0
Flood,node3,4,1,RCS13-FP32,22,logits,33.024211000000001,2,2,2,,0
Flood,node3,4,1,RCS13-FP32,23,logits,37.123502999999999,2,2,2,,0
Flood,node3,4,1,RCS13-FP32,24,logits,34.313541999999998,2,2,2,,0
Flood,node3,4,1,RCS13-FP32,25,logits,33.496765000000003,2,2,2,,0
Flood,node3,4,1,RCS13-FP32,26,logits,33.135759,2,2,2,,0
Flood,node3,4,1,RCS13-FP32,27,logits,33.42163,2,2,2,,0
Flood,node3,4,1,RCS13-FP32,28,logits,32.858319000000002,2,2,2,,0
Flood,node3,4,1,RCS13-FP32,29,logits,33.402498000000001,2,2,2,,0
Flood,node3,4,1,RCS13-FP32,30,logits,33.032981999999997,2,2,2,,0
Flood,node3,4,1,RCS13-FP32,31,logits,32.906162000000002,2,2,2,,0
Flood,node3,4,1,RCS13-FP32,32,logits,33.052213000000002,2,2,2,,0
Flood,node3,4,1,RCS13-FP32,33,logits,32.963987000000003,2,2,2,,0
Flood,node3,4,1,RCS13-FP32,34,logits,33.348474000000003,2,2,2,,0
Flood,node3,4,1,RCS13-FP32,35,logits,36.612017000000002,2,2,2,,0
Flood,node3,4,1,RCS13-FP32,36,logits,33.43965,2,2,2,,0
Flood,node3,4,1,RCS13-FP32,37,logits,34.067585999999999,2,2,2,,0
Flood,node3,4,1,RCS13-FP32,38,logits,33.893031999999998,2,2,2,,0
Flood,node3,4,1,RCS13-FP32,39,logits,33.051074,2,2,2,,0
Flood,node3,4,1,RCS13-FP32,40,logits,32.732790000000001,2,2,2,,0
Flood,node3,4,1,RCS13-FP32,41,logits,33.250456999999997,2,2,2,,0
Flood,node3,4,1,RCS13-FP32,42,logits,33.462851999999998,2,2,2,,0
Flood,node3,4,1,RCS13-FP32,43,logits,32.963287000000001,2,2,2,,0
Flood,node3,4,1,RCS13-FP32,44,logits,32.893220999999997,2,2,2,,0
Flood,node3,4,1,RCS13-FP32,45,logits,32.559558000000003,2,2,2,,0
Flood,node3,4,1,RCS13-FP32,46,logits,32.732939999999999,2,2,2,,0
Flood,node3,4,1,RCS13-FP32,47,logits,32.139958999999998,2,2,2,,0
Flood,node3,4,1,RCS13-FP32,48,logits,33.529226000000001,2,2,2,,0
Flood,node3,4,1,RCS13-FP32,49,logits,32.622971999999997,2,2,2,,0
Flood,node3,4,1,RCS13-FP32,50,logits,33.078915000000002,2,2,2,,0
Flood,node3,4,1,RCS13-FP32,51,logits,32.856808999999998,2,2,2,,0
Flood,node3,4,1,RCS13-FP32,52,logits,33.316502,2,2,2,,0
Flood,node3,4,1,RCS13-FP32,53,logits,32.948545000000003,2,2,2,,0
Flood,node3,4,1,RCS13-FP32,54,logits,33.036071999999997,2,2,2,,0
Flood,node3,4,1,RCS13-FP32,55,logits,33.285618999999997,2,2,2,,0
Flood,node3,4,1,RCS13-FP32,56,logits,32.669074999999999,2,2,2,,0
Flood,node3,4,1,RCS13-FP32,57,logits,33.071314000000001,2,2,2,,0
Flood,node3,4,1,RCS13-FP32,58,logits,32.827578000000003,2,2,2,,0
Flood,node3,4,1,RCS13-FP32,59,logits,32.250174999999999,2,2,2,,0
Flood,node3,4,1,RCS13-FP32,60,logits,32.761581999999997,2,2,2,,0
Flood,node3,4,1,RCS13-FP32,61,logits,32.784832999999999,2,2,2,,0
Flood,node3,4,1,RCS13-FP32,62,logits,34.234307999999999,2,2,2,,0
Flood,node3,4,1,RCS13-FP32,63,logits,33.880060999999998,2,2,2,,0
Flood,node3,4,1,RCS13-FP32,64,logits,33.347633999999999,2,2,2,,0
Flood,node3,4,1,RCS13-FP32,65,logits,33.234955999999997,2,2,2,,0
Flood,node3,4,1,RCS13-FP32,66,logits,34.299351999999999,2,2,2,,0
Flood,node3,4,1,RCS13-FP32,67,logits,33.602061999999997,2,2,2,,0
Flood,node3,4,1,RCS13-FP32,68,logits,33.603741999999997,2,2,2,,0
Flood,node3,4,1,RCS13-FP32,69,logits,35.070737000000001,2,2,2,,0
Flood,node3,4,1,RCS13-FP32,70,logits,33.613771999999997,2,2,2,,0
Flood,node3,4,1,RCS13-FP32,71,logits,32.967427000000001,2,2,2,,0
Flood,node3,4,1,RCS13-FP32,72,logits,33.294100999999998,2,2,2,,0
Flood,node3,4,1,RCS13-FP32,73,logits,32.766792000000002,2,2,2,,0
Flood,node3,4,1,RCS13-FP32,74,logits,33.053493000000003,2,2,2,,0
Flood,node3,4,1,RCS13-FP32,75,logits,32.085894000000003,2,2,2,,0
Flood,node3,4,1,RCS13-FP32,76,logits,32.539296,2,2,2,,0
Flood,node3,4,1,RCS13-FP32,77,logits,33.044691999999998,2,2,2,,0
Flood,node3,4,1,RCS13-FP32,78,logits,32.726869999999998,2,2,2,,0
Flood,node3,4,1,RCS13-FP32,79,logits,32.660803999999999,2,2,2,,0
Flood,node3,4,1,RCS13-FP32,80,logits,32.738081000000001,2,2,2,,0
Flood,node3,4,1,RCS13-FP32,81,logits,32.022278999999997,2,2,2,,0
Flood,node3,4,1,RCS13-FP32,82,logits,32.343783000000002,2,2,2,,0
Flood,node3,4,1,RCS13-FP32,83,logits,32.467379999999999,2,2,2,,0
Flood,node3,4,1,RCS13-FP32,84,logits,32.145117999999997,2,2,2,,0
Flood,node3,4,1,RCS13-FP32,85,logits,33.188142999999997,2,2,2,,0
Flood,node3,4,1,RCS13-FP32,86,logits,33.322732000000002,2,2,2,,0
Flood,node3,4,1,RCS13-FP32,87,logits,32.517304000000003,2,2,2,,0
Flood,node3,4,1,RCS13-FP32,88,logits,32.433087999999998,2,2,2,,0
Flood,node3,4,1,RCS13-FP32,89,logits,32.545836999999999,2,2,2,,0
Flood,node3,4,1,RCS13-FP32,90,logits,32.555317000000002,2,2,2,,0
Flood,node3,4,1,RCS13-FP32,91,logits,32.936205000000001,2,2,2,,0
Flood,node3,4,1,RCS13-FP32,92,logits,32.897891000000001,2,2,2,,0
Flood,node3,4,1,RCS13-FP32,93,logits,32.868929999999999,2,2,2,,0
Flood,node3,4,1,RCS13-FP32,94,logits,32.893771999999998,2,2,2,,0
Flood,node3,4,1,RCS13-FP32,95,logits,32.390124999999998,2,2,2,,0
Flood,node3,4,1,RCS13-FP32,96,logits,32.981577999999999,2,2,2,,0
Flood,node3,4,1,RCS13-FP32,97,logits,34.542369000000001,2,2,2,,0
Flood,node3,4,1,RCS13-FP32,98,logits,33.331831999999999,2,2,2,,0
Flood,node3,4,1,RCS13-FP32,99,logits,33.078294,2,2,2,,0
Flood,node3,4,1,RCS13-FP32,100,logits,32.827706999999997,2,2,2,,0
Flood,node3,4,1,RCS13-FP32,101,logits,32.086854000000002,2,2,2,,0
Flood,node3,4,1,RCS13-FP32,102,logits,32.596739999999997,2,2,2,,0
Flood,node3,4,1,RCS13-FP32,103,logits,32.125767000000003,2,2,2,,0
Flood,node3,4,1,RCS13-FP32,104,logits,32.254486,2,2,2,,0
Flood,node3,4,1,RCS13-FP32,105,logits,32.485512,2,2,2,,0
Flood,node3,4,1,RCS13-FP32,106,logits,32.546855999999998,2,2,2,,0
Flood,node3,4,1,RCS13-FP32,107,logits,32.470221000000002,2,2,2,,0
Flood,node3,4,1,RCS13-FP32,108,logits,32.590809999999998,2,2,2,,0
Flood,node3,4,1,RCS13-FP32,109,logits,32.226112999999998,2,2,2,,0
Flood,node3,4,1,RCS13-FP32,110,logits,32.310940000000002,2,2,2,,0
Flood,node3,4,1,RCS13-FP32,111,logits,32.719009,2,2,2,,0
Flood,node3,4,1,RCS13-FP32,112,logits,32.978707,2,2,2,,0
Flood,node3,4,1,RCS13-FP32,113,logits,32.980068000000003,2,2,2,,0
Flood,node3,4,1,RCS13-FP32,114,logits,32.110975000000003,2,2,2,,0
Flood,node3,4,1,RCS13-FP32,115,logits,32.679416000000003,2,2,2,,0
Flood,node3,4,1,RCS13-FP32,116,logits,35.043405,2,2,2,,0
Flood,node3,4,1,RCS13-FP32,117,logits,32.389744999999998,2,2,2,,0
Flood,node3,4,1,RCS13-FP32,118,logits,32.384824999999999,2,2,2,,0
Flood,node3,4,1,RCS13-FP32,119,logits,32.284267999999997,2,2,2,,0
Flood,node3,4,1,RCS13-FP32,120,logits,32.479211999999997,2,2,2,,0
Flood,node3,4,1,RCS13-FP32,121,logits,32.500523000000001,2,2,2,,0
Flood,node3,4,1,RCS13-FP32,122,logits,32.183490999999997,2,2,2,,0
Flood,node3,4,1,RCS13-FP32,123,logits,32.362603,2,2,2,,0
Flood,node3,4,1,RCS13-FP32,124,logits,32.173920000000003,2,2,2,,0
Flood,node3,4,1,RCS13-FP32,125,logits,32.391174999999997,2,2,2,,0
Flood,node3,4,1,RCS13-FP32,126,logits,32.612071,2,2,2,,0
Flood,node3,4,1,RCS13-FP32,127,logits,32.523705,2,2,2,,0
Flood,node3,4,1,RCS13-FP32,128,logits,32.092444,2,2,2,,0
Flood,node3,4,1,RCS13-FP32,129,logits,33.305771,2,2,2,,0
Flood,node3,4,1,RCS13-FP32,130,logits,33.029521000000003,2,2,2,,0
Flood,node3,4,1,RCS13-FP32,131,logits,32.361303999999997,2,2,2,,0
Flood,node3,4,1,RCS13-FP32,132,logits,32.349122000000001,2,2,2,,0
Flood,node3,4,1,RCS13-FP32,133,logits,32.702548,2,2,2,,0
Flood,node3,4,1,RCS13-FP32,134,logits,32.588678999999999,2,2,2,,0
Flood,node3,4,1,RCS13-FP32,135,logits,32.489722,2,2,2,,0
Flood,node3,4,1,RCS13-FP32,136,logits,32.098384000000003,2,2,2,,0
Flood,node3,4,1,RCS13-FP32,137,logits,32.439979000000001,2,2,2,,0
Flood,node3,4,1,RCS13-FP32,138,logits,32.601511000000002,2,2,2,,0
Flood,node3,4,1,RCS13-FP32,139,logits,33.615851999999997,2,2,2,,0
Flood,node3,4,1,RCS13-FP32,140,logits,33.216493999999997,2,2,2,,0
Flood,node3,4,1,RCS13-FP32,141,logits,33.172500999999997,2,2,2,,0
Flood,node3,4,1,RCS13-FP32,142,logits,34.808407000000003,2,2,2,,0
Flood,node3,4,1,RCS13-FP32,143,logits,33.270988000000003,2,2,2,,0
Flood,node3,4,1,RCS13-FP32,144,logits,32.379314999999998,2,2,2,,0
Flood,node3,4,1,RCS13-FP32,145,logits,32.502253000000003,2,2,2,,0
Flood,node3,4,1,RCS13-FP32,146,logits,33.914183999999999,2,2,2,,0
Flood,node3,4,1,RCS13-FP32,147,logits,32.666595000000001,2,2,2,,0
Flood,node3,4,1,RCS13-FP32,148,logits,33.233795000000001,2,2,2,,0
Flood,node3,4,1,RCS13-FP32,149,logits,32.999009000000001,2,2,2,,0
Flood,node3,4,1,RCS13-FP32,150,logits,32.887180000000001,2,2,2,,0
Flood,node3,4,1,RCS13-FP32,151,logits,32.757021999999999,2,2,2,,0
Flood,node3,4,1,RCS13-FP32,152,logits,32.384165000000003,2,2,2,,0
Flood,node3,4,1,RCS13-FP32,153,logits,32.414496999999997,2,2,2,,0
Flood,node3,4,1,RCS13-FP32,154,logits,32.648643,2,2,2,,0
Flood,node3,4,1,RCS13-FP32,155,logits,32.078653000000003,2,2,2,,0
Flood,node3,4,1,RCS13-FP32,156,logits,32.439768999999998,2,2,2,,0
Flood,node3,4,1,RCS13-FP32,157,logits,34.913744999999999,2,2,2,,0
Flood,node3,4,1,RCS13-FP32,158,logits,35.012011000000001,2,2,2,,0
Flood,node3,4,1,RCS13-FP32,159,logits,34.411940000000001,2,2,2,,0
Flood,node3,4,1,RCS13-FP32,160,logits,34.211435000000002,2,2,2,,0
Flood,node3,4,1,RCS13-FP32,161,logits,33.587490000000003,2,2,2,,0
Flood,node3,4,1,RCS13-FP32,162,logits,35.659198000000004,2,2,2,,0
Flood,node3,4,1,RCS13-FP32,163,logits,33.804346000000002,2,2,2,,0
Flood,node3,4,1,RCS13-FP32,164,logits,33.405728000000003,2,2,2,,0
Flood,node3,4,1,RCS13-FP32,165,logits,32.599139000000001,2,2,2,,0
Flood,node3,4,1,RCS13-FP32,166,logits,34.025911000000001,2,2,2,,0
Flood,node3,4,1,RCS13-FP32,167,logits,33.068593,2,2,2,,0
Flood,node3,4,1,RCS13-FP32,168,logits,33.314431999999996,2,2,2,,0
Flood,node3,4,1,RCS13-FP32,169,logits,33.767093000000003,2,2,2,,0
Flood,node3,4,1,RCS13-FP32,170,logits,34.286799999999999,2,2,2,,0
Flood,node3,4,1,RCS13-FP32,171,logits,33.407846999999997,2,2,2,,0
Flood,node3,4,1,RCS13-FP32,172,logits,32.944234000000002,2,2,2,,0
Flood,node3,4,1,RCS13-FP32,173,logits,33.083624,2,2,2,,0
Flood,node3,4,1,RCS13-FP32,174,logits,34.497705000000003,2,2,2,,0
Flood,node3,4,1,RCS13-FP32,175,logits,34.503205000000001,2,2,2,,0
Flood,node3,4,1,RCS13-FP32,176,logits,34.288359999999997,2,2,2,,0
Flood,node3,4,1,RCS13-FP32,177,logits,33.861460000000001,2,2,2,,0
Flood,node3,4,1,RCS13-FP32,178,logits,33.619613000000001,2,2,2,,0
Flood,node3,4,1,RCS13-FP32,179,logits,33.351683000000001,2,2,2,,0
Flood,node3,4,1,RCS13-FP32,180,logits,33.179011000000003,2,2,2,,0
Flood,node3,4,1,RCS13-FP32,181,logits,33.370635,2,2,2,,0
Flood,node3,4,1,RCS13-FP32,182,logits,32.846218,2,2,2,,0
Flood,node3,4,1,RCS13-FP32,183,logits,33.308011,2,2,2,,0
Flood,node3,4,1,RCS13-FP32,184,logits,33.127327000000001,2,2,2,,0
Flood,node3,4,1,RCS13-FP32,185,logits,33.028720999999997,2,2,2,,0
Flood,node3,4,1,RCS13-FP32,186,logits,34.478603,2,2,2,,0
Flood,node3,4,1,RCS13-FP32,187,logits,34.403939000000001,2,2,2,,0
Flood,node3,4,1,RCS13-FP32,188,logits,36.062786000000003,2,2,2,,0
Flood,node3,4,1,RCS13-FP32,189,logits,34.254187000000002,2,2,2,,0
Flood,node3,4,1,RCS13-FP32,190,logits,33.799585,2,2,2,,0
Flood,node3,4,1,RCS13-FP32,191,logits,34.776955999999998,2,2,2,,0
Flood,node3,4,1,RCS13-FP32,192,logits,33.294369000000003,2,2,2,,0
Flood,node3,4,1,RCS13-FP32,193,logits,33.391795999999999,2,2,2,,0
Flood,node3,4,1,RCS13-FP32,194,logits,33.070062999999998,2,2,2,,0
Flood,node3,4,1,RCS13-FP32,195,logits,33.013989000000002,2,2,2,,0
Flood,node3,4,1,RCS13-FP32,196,logits,32.405315999999999,2,2,2,,0
Flood,node3,4,1,RCS13-FP32,197,logits,32.823605999999998,2,2,2,,0
Flood,node3,4,1,RCS13-FP32,198,logits,33.381774999999998,2,2,2,,0
Flood,node3,4,1,RCS13-FP32,199,logits,33.237036000000003,2,2,2,,0
Flood,node3,4,2,MP-RCS-Opt,0,logits,38.075054999999999,2,2,2,,0
Flood,node3,4,2,MP-RCS-Opt,1,logits,37.149929,2,2,2,,0
Flood,node3,4,2,MP-RCS-Opt,2,logits,36.436478000000001,2,2,2,,0
Flood,node3,4,2,MP-RCS-Opt,3,logits,37.787644999999998,2,2,2,,0
Flood,node3,4,2,MP-RCS-Opt,4,logits,36.399915,2,2,2,,0
Flood,node3,4,2,MP-RCS-Opt,5,logits,37.015160000000002,2,2,2,,0
Flood,node3,4,2,MP-RCS-Opt,6,logits,37.142468999999998,2,2,2,,0
Flood,node3,4,2,MP-RCS-Opt,7,logits,36.927773000000002,2,2,2,,0
Flood,node3,4,2,MP-RCS-Opt,8,logits,36.813085000000001,2,2,2,,0
Flood,node3,4,2,MP-RCS-Opt,9,logits,37.546477000000003,2,2,2,,0
Flood,node3,4,2,MP-RCS-Opt,10,logits,39.092607000000001,2,2,2,,0
Flood,node3,4,2,MP-RCS-Opt,11,logits,37.590440000000001,2,2,2,,0
Flood,node3,4,2,MP-RCS-Opt,12,logits,38.084204999999997,2,2,2,,0
Flood,node3,4,2,MP-RCS-Opt,13,logits,37.925173999999998,2,2,2,,0
Flood,node3,4,2,MP-RCS-Opt,14,logits,39.709541000000002,2,2,2,,0
Flood,node3,4,2,MP-RCS-Opt,15,logits,37.115566000000001,2,2,2,,0
Flood,node3,4,2,MP-RCS-Opt,16,logits,37.474162,2,2,2,,0
Flood,node3,4,2,MP-RCS-Opt,17,logits,36.554746999999999,2,2,2,,0
Flood,node3,4,2,MP-RCS-Opt,18,logits,36.739660000000001,2,2,2,,0
Flood,node3,4,2,MP-RCS-Opt,19,logits,37.044471000000001,2,2,2,,0
Flood,node3,4,2,MP-RCS-Opt,20,logits,36.856178,2,2,2,,0
Flood,node3,4,2,MP-RCS-Opt,21,logits,36.889400000000002,2,2,2,,0
Flood,node3,4,2,MP-RCS-Opt,22,logits,36.471091000000001,2,2,2,,0
Flood,node3,4,2,MP-RCS-Opt,23,logits,37.406007000000002,2,2,2,,0
Flood,node3,4,2,MP-RCS-Opt,24,logits,37.302120000000002,2,2,2,,0
Flood,node3,4,2,MP-RCS-Opt,25,logits,37.364454000000002,2,2,2,,0
Flood,node3,4,2,MP-RCS-Opt,26,logits,37.118687000000001,2,2,2,,0
Flood,node3,4,2,MP-RCS-Opt,27,logits,37.776882999999998,2,2,2,,0
Flood,node3,4,2,MP-RCS-Opt,28,logits,36.471620999999999,2,2,2,,0
Flood,node3,4,2,MP-RCS-Opt,29,logits,37.060181999999998,2,2,2,,0
Flood,node3,4,2,MP-RCS-Opt,30,logits,37.655695000000001,2,2,2,,0
Flood,node3,4,2,MP-RCS-Opt,31,logits,37.058172999999996,2,2,2,,0
Flood,node3,4,2,MP-RCS-Opt,32,logits,36.842157,2,2,2,,0
Flood,node3,4,2,MP-RCS-Opt,33,logits,41.360627999999998,2,2,2,,0
Flood,node3,4,2,MP-RCS-Opt,34,logits,39.754702999999999,2,2,2,,0
Flood,node3,4,2,MP-RCS-Opt,35,logits,38.385635999999998,2,2,2,,0
Flood,node3,4,2,MP-RCS-Opt,36,logits,38.582461000000002,2,2,2,,0
Flood,node3,4,2,MP-RCS-Opt,37,logits,38.694127999999999,2,2,2,,0
Flood,node3,4,2,MP-RCS-Opt,38,logits,40.120389000000003,2,2,2,,0
Flood,node3,4,2,MP-RCS-Opt,39,logits,38.688718000000001,2,2,2,,0
Flood,node3,4,2,MP-RCS-Opt,40,logits,38.177531999999999,2,2,2,,0
Flood,node3,4,2,MP-RCS-Opt,41,logits,37.484413000000004,2,2,2,,0
Flood,node3,4,2,MP-RCS-Opt,42,logits,38.222445,2,2,2,,0
Flood,node3,4,2,MP-RCS-Opt,43,logits,37.161718999999998,2,2,2,,0
Flood,node3,4,2,MP-RCS-Opt,44,logits,36.955095,2,2,2,,0
Flood,node3,4,2,MP-RCS-Opt,45,logits,37.213524,2,2,2,,0
Flood,node3,4,2,MP-RCS-Opt,46,logits,38.477992999999998,2,2,2,,0
Flood,node3,4,2,MP-RCS-Opt,47,logits,38.917313999999998,2,2,2,,0
Flood,node3,4,2,MP-RCS-Opt,48,logits,39.553879000000002,2,2,2,,0
Flood,node3,4,2,MP-RCS-Opt,49,logits,38.933824999999999,2,2,2,,0
Flood,node3,4,2,MP-RCS-Opt,50,logits,38.134399000000002,2,2,2,,0
Flood,node3,4,2,MP-RCS-Opt,51,logits,38.106206999999998,2,2,2,,0
Flood,node3,4,2,MP-RCS-Opt,52,logits,37.415247000000001,2,2,2,,0
Flood,node3,4,2,MP-RCS-Opt,53,logits,37.448990000000002,2,2,2,,0
Flood,node3,4,2,MP-RCS-Opt,54,logits,40.000601000000003,2,2,2,,0
Flood,node3,4,2,MP-RCS-Opt,55,logits,38.331212000000001,2,2,2,,0
Flood,node3,4,2,MP-RCS-Opt,56,logits,37.138817000000003,2,2,2,,0
Flood,node3,4,2,MP-RCS-Opt,57,logits,38.949855999999997,2,2,2,,0
Flood,node3,4,2,MP-RCS-Opt,58,logits,39.179192999999998,2,2,2,,0
Flood,node3,4,2,MP-RCS-Opt,59,logits,38.455801000000001,2,2,2,,0
Flood,node3,4,2,MP-RCS-Opt,60,logits,39.300491999999998,2,2,2,,0
Flood,node3,4,2,MP-RCS-Opt,61,logits,38.300049999999999,2,2,2,,0
Flood,node3,4,2,MP-RCS-Opt,62,logits,39.679367999999997,2,2,2,,0
Flood,node3,4,2,MP-RCS-Opt,63,logits,38.184963000000003,2,2,2,,0
Flood,node3,4,2,MP-RCS-Opt,64,logits,38.884371999999999,2,2,2,,0
Flood,node3,4,2,MP-RCS-Opt,65,logits,39.396118000000001,2,2,2,,0
Flood,node3,4,2,MP-RCS-Opt,66,logits,38.300020000000004,2,2,2,,0
Flood,node3,4,2,MP-RCS-Opt,67,logits,37.686557000000001,2,2,2,,0
Flood,node3,4,2,MP-RCS-Opt,68,logits,37.079163999999999,2,2,2,,0
Flood,node3,4,2,MP-RCS-Opt,69,logits,37.250014999999998,2,2,2,,0
Flood,node3,4,2,MP-RCS-Opt,70,logits,38.135319000000003,2,2,2,,0
Flood,node3,4,2,MP-RCS-Opt,71,logits,37.935023999999999,2,2,2,,0
Flood,node3,4,2,MP-RCS-Opt,72,logits,37.597020000000001,2,2,2,,0
Flood,node3,4,2,MP-RCS-Opt,73,logits,37.469402000000002,2,2,2,,0
Flood,node3,4,2,MP-RCS-Opt,74,logits,38.207123000000003,2,2,2,,0
Flood,node3,4,2,MP-RCS-Opt,75,logits,37.412877999999999,2,2,2,,0
Flood,node3,4,2,MP-RCS-Opt,76,logits,37.400216,2,2,2,,0
Flood,node3,4,2,MP-RCS-Opt,77,logits,37.173369999999998,2,2,2,,0
Flood,node3,4,2,MP-RCS-Opt,78,logits,38.113767000000003,2,2,2,,0
Flood,node3,4,2,MP-RCS-Opt,79,logits,37.517524999999999,2,2,2,,0
Flood,node3,4,2,MP-RCS-Opt,80,logits,37.835447000000002,2,2,2,,0
Flood,node3,4,2,MP-RCS-Opt,81,logits,37.575778999999997,2,2,2,,0
Flood,node3,4,2,MP-RCS-Opt,82,logits,38.083694999999999,2,2,2,,0
Flood,node3,4,2,MP-RCS-Opt,83,logits,37.307960000000001,2,2,2,,0
Flood,node3,4,2,MP-RCS-Opt,84,logits,37.502082999999999,2,2,2,,0
Flood,node3,4,2,MP-RCS-Opt,85,logits,38.203704000000002,2,2,2,,0
Flood,node3,4,2,MP-RCS-Opt,86,logits,42.018194000000001,2,2,2,,0
Flood,node3,4,2,MP-RCS-Opt,87,logits,39.890582999999999,2,2,2,,0
Flood,node3,4,2,MP-RCS-Opt,88,logits,39.107508000000003,2,2,2,,0
Flood,node3,4,2,MP-RCS-Opt,89,logits,37.579549,2,2,2,,0
Flood,node3,4,2,MP-RCS-Opt,90,logits,37.319180000000003,2,2,2,,0
Flood,node3,4,2,MP-RCS-Opt,91,logits,37.768543000000001,2,2,2,,0
Flood,node3,4,2,MP-RCS-Opt,92,logits,39.122528000000003,2,2,2,,0
Flood,node3,4,2,MP-RCS-Opt,93,logits,38.660705999999998,2,2,2,,0
Flood,node3,4,2,MP-RCS-Opt,94,logits,39.359225000000002,2,2,2,,0
Flood,node3,4,2,MP-RCS-Opt,95,logits,37.514735000000002,2,2,2,,0
Flood,node3,4,2,MP-RCS-Opt,96,logits,37.270566000000002,2,2,2,,0
Flood,node3,4,2,MP-RCS-Opt,97,logits,37.417237999999998,2,2,2,,0
Flood,node3,4,2,MP-RCS-Opt,98,logits,37.560966999999998,2,2,2,,0
Flood,node3,4,2,MP-RCS-Opt,99,logits,37.782673000000003,2,2,2,,0
Flood,node3,4,2,MP-RCS-Opt,100,logits,38.315511000000001,2,2,2,,0
Flood,node3,4,2,MP-RCS-Opt,101,logits,37.517344999999999,2,2,2,,0
Flood,node3,4,2,MP-RCS-Opt,102,logits,37.712418,2,2,2,,0
Flood,node3,4,2,MP-RCS-Opt,103,logits,38.529276000000003,2,2,2,,0
Flood,node3,4,2,MP-RCS-Opt,104,logits,38.092716000000003,2,2,2,,0
Flood,node3,4,2,MP-RCS-Opt,105,logits,37.325920000000004,2,2,2,,0
Flood,node3,4,2,MP-RCS-Opt,106,logits,37.394086000000001,2,2,2,,0
Flood,node3,4,2,MP-RCS-Opt,107,logits,36.899711000000003,2,2,2,,0
Flood,node3,4,2,MP-RCS-Opt,108,logits,38.013229000000003,2,2,2,,0
Flood,node3,4,2,MP-RCS-Opt,109,logits,37.625033000000002,2,2,2,,0
Flood,node3,4,2,MP-RCS-Opt,110,logits,40.135260000000002,2,2,2,,0
Flood,node3,4,2,MP-RCS-Opt,111,logits,36.965344999999999,2,2,2,,0
Flood,node3,4,2,MP-RCS-Opt,112,logits,39.069935000000001,2,2,2,,0
Flood,node3,4,2,MP-RCS-Opt,113,logits,37.851888000000002,2,2,2,,0
Flood,node3,4,2,MP-RCS-Opt,114,logits,37.484661000000003,2,2,2,,0
Flood,node3,4,2,MP-RCS-Opt,115,logits,37.653303999999999,2,2,2,,0
Flood,node3,4,2,MP-RCS-Opt,116,logits,37.907372000000002,2,2,2,,0
Flood,node3,4,2,MP-RCS-Opt,117,logits,37.625821999999999,2,2,2,,0
Flood,node3,4,2,MP-RCS-Opt,118,logits,37.425268000000003,2,2,2,,0
Flood,node3,4,2,MP-RCS-Opt,119,logits,38.214233999999998,2,2,2,,0
Flood,node3,4,2,MP-RCS-Opt,120,logits,38.478422000000002,2,2,2,,0
Flood,node3,4,2,MP-RCS-Opt,121,logits,37.259605999999998,2,2,2,,0
Flood,node3,4,2,MP-RCS-Opt,122,logits,37.253985999999998,2,2,2,,0
Flood,node3,4,2,MP-RCS-Opt,123,logits,37.508133000000001,2,2,2,,0
Flood,node3,4,2,MP-RCS-Opt,124,logits,37.616562000000002,2,2,2,,0
Flood,node3,4,2,MP-RCS-Opt,125,logits,37.977887000000003,2,2,2,,0
Flood,node3,4,2,MP-RCS-Opt,126,logits,38.241686000000001,2,2,2,,0
Flood,node3,4,2,MP-RCS-Opt,127,logits,37.530135000000001,2,2,2,,0
Flood,node3,4,2,MP-RCS-Opt,128,logits,37.671675,2,2,2,,0
Flood,node3,4,2,MP-RCS-Opt,129,logits,37.044969999999999,2,2,2,,0
Flood,node3,4,2,MP-RCS-Opt,130,logits,37.952114999999999,2,2,2,,0
Flood,node3,4,2,MP-RCS-Opt,131,logits,38.342632999999999,2,2,2,,0
Flood,node3,4,2,MP-RCS-Opt,132,logits,37.947015,2,2,2,,0
Flood,node3,4,2,MP-RCS-Opt,133,logits,37.396225999999999,2,2,2,,0
Flood,node3,4,2,MP-RCS-Opt,134,logits,38.288969000000002,2,2,2,,0
Flood,node3,4,2,MP-RCS-Opt,135,logits,39.947617000000001,2,2,2,,0
Flood,node3,4,2,MP-RCS-Opt,136,logits,38.101146,2,2,2,,0
Flood,node3,4,2,MP-RCS-Opt,137,logits,37.715707999999999,2,2,2,,0
Flood,node3,4,2,MP-RCS-Opt,138,logits,37.194301000000003,2,2,2,,0
Flood,node3,4,2,MP-RCS-Opt,139,logits,37.118886000000003,2,2,2,,0
Flood,node3,4,2,MP-RCS-Opt,140,logits,37.295608999999999,2,2,2,,0
Flood,node3,4,2,MP-RCS-Opt,141,logits,36.910291000000001,2,2,2,,0
Flood,node3,4,2,MP-RCS-Opt,142,logits,38.685066999999997,2,2,2,,0
Flood,node3,4,2,MP-RCS-Opt,143,logits,37.428818,2,2,2,,0
Flood,node3,4,2,MP-RCS-Opt,144,logits,37.185760999999999,2,2,2,,0
Flood,node3,4,2,MP-RCS-Opt,145,logits,37.529964999999997,2,2,2,,0
Flood,node3,4,2,MP-RCS-Opt,146,logits,37.658714000000003,2,2,2,,0
Flood,node3,4,2,MP-RCS-Opt,147,logits,37.980196999999997,2,2,2,,0
Flood,node3,4,2,MP-RCS-Opt,148,logits,36.89237,2,2,2,,0
Flood,node3,4,2,MP-RCS-Opt,149,logits,37.695526999999998,2,2,2,,0
Flood,node3,4,2,MP-RCS-Opt,150,logits,37.764310999999999,2,2,2,,0
Flood,node3,4,2,MP-RCS-Opt,151,logits,37.424847999999997,2,2,2,,0
Flood,node3,4,2,MP-RCS-Opt,152,logits,37.499372000000001,2,2,2,,0
Flood,node3,4,2,MP-RCS-Opt,153,logits,37.431888000000001,2,2,2,,0
Flood,node3,4,2,MP-RCS-Opt,154,logits,37.363573000000002,2,2,2,,0
Flood,node3,4,2,MP-RCS-Opt,155,logits,37.325361000000001,2,2,2,,0
Flood,node3,4,2,MP-RCS-Opt,156,logits,37.310709000000003,2,2,2,,0
Flood,node3,4,2,MP-RCS-Opt,157,logits,37.400255999999999,2,2,2,,0
Flood,node3,4,2,MP-RCS-Opt,158,logits,37.88897,2,2,2,,0
Flood,node3,4,2,MP-RCS-Opt,159,logits,37.945084000000001,2,2,2,,0
Flood,node3,4,2,MP-RCS-Opt,160,logits,38.248756,2,2,2,,0
Flood,node3,4,2,MP-RCS-Opt,161,logits,37.663193999999997,2,2,2,,0
Flood,node3,4,2,MP-RCS-Opt,162,logits,37.444068999999999,2,2,2,,0
Flood,node3,4,2,MP-RCS-Opt,163,logits,38.371594999999999,2,2,2,,0
Flood,node3,4,2,MP-RCS-Opt,164,logits,39.676377000000002,2,2,2,,0
Flood,node3,4,2,MP-RCS-Opt,165,logits,39.079945000000002,2,2,2,,0
Flood,node3,4,2,MP-RCS-Opt,166,logits,39.109197000000002,2,2,2,,0
Flood,node3,4,2,MP-RCS-Opt,167,logits,38.219914000000003,2,2,2,,0
Flood,node3,4,2,MP-RCS-Opt,168,logits,37.497863000000002,2,2,2,,0
Flood,node3,4,2,MP-RCS-Opt,169,logits,37.471921000000002,2,2,2,,0
Flood,node3,4,2,MP-RCS-Opt,170,logits,36.932212999999997,2,2,2,,0
Flood,node3,4,2,MP-RCS-Opt,171,logits,38.194591000000003,2,2,2,,0
Flood,node3,4,2,MP-RCS-Opt,172,logits,37.686227000000002,2,2,2,,0
Flood,node3,4,2,MP-RCS-Opt,173,logits,37.651383000000003,2,2,2,,0
Flood,node3,4,2,MP-RCS-Opt,174,logits,38.437398999999999,2,2,2,,0
Flood,node3,4,2,MP-RCS-Opt,175,logits,40.364885000000001,2,2,2,,0
Flood,node3,4,2,MP-RCS-Opt,176,logits,38.041102000000002,2,2,2,,0
Flood,node3,4,2,MP-RCS-Opt,177,logits,37.415706,2,2,2,,0
Flood,node3,4,2,MP-RCS-Opt,178,logits,38.094116,2,2,2,,0
Flood,node3,4,2,MP-RCS-Opt,179,logits,39.075443999999997,2,2,2,,0
Flood,node3,4,2,MP-RCS-Opt,180,logits,38.845089000000002,2,2,2,,0
Flood,node3,4,2,MP-RCS-Opt,181,logits,39.067283000000003,2,2,2,,0
Flood,node3,4,2,MP-RCS-Opt,182,logits,38.084555000000002,2,2,2,,0
Flood,node3,4,2,MP-RCS-Opt,183,logits,37.517184,2,2,2,,0
Flood,node3,4,2,MP-RCS-Opt,184,logits,37.633831999999998,2,2,2,,0
Flood,node3,4,2,MP-RCS-Opt,185,logits,38.118977000000001,2,2,2,,0
Flood,node3,4,2,MP-RCS-Opt,186,logits,37.790512999999997,2,2,2,,0
Flood,node3,4,2,MP-RCS-Opt,187,logits,38.238525000000003,2,2,2,,0
Flood,node3,4,2,MP-RCS-Opt,188,logits,38.15448,2,2,2,,0
Flood,node3,4,2,MP-RCS-Opt,189,logits,39.113467,2,2,2,,0
Flood,node3,4,2,MP-RCS-Opt,190,logits,40.752833000000003,2,2,2,,0
Flood,node3,4,2,MP-RCS-Opt,191,logits,38.963616999999999,2,2,2,,0
Flood,node3,4,2,MP-RCS-Opt,192,logits,38.553117999999998,2,2,2,,0
Flood,node3,4,2,MP-RCS-Opt,193,logits,38.017398999999997,2,2,2,,0
Flood,node3,4,2,MP-RCS-Opt,194,logits,37.951725000000003,2,2,2,,0
Flood,node3,4,2,MP-RCS-Opt,195,logits,37.690556999999998,2,2,2,,0
Flood,node3,4,2,MP-RCS-Opt,196,logits,37.1845,2,2,2,,0
Flood,node3,4,2,MP-RCS-Opt,197,logits,37.627631000000001,2,2,2,,0
Flood,node3,4,2,MP-RCS-Opt,198,logits,38.078634000000001,2,2,2,,0
Flood,node3,4,2,MP-RCS-Opt,199,logits,38.477082000000003,2,2,2,,0
Flood,node3,4,3,RCS13-FP16-Opt,0,logits,29.765309999999999,2,2,2,,0
Flood,node3,4,3,RCS13-FP16-Opt,1,logits,29.309908,2,2,2,,0
Flood,node3,4,3,RCS13-FP16-Opt,2,logits,29.340050000000002,2,2,2,,0
Flood,node3,4,3,RCS13-FP16-Opt,3,logits,29.475698999999999,2,2,2,,0
Flood,node3,4,3,RCS13-FP16-Opt,4,logits,29.515212999999999,2,2,2,,0
Flood,node3,4,3,RCS13-FP16-Opt,5,logits,29.127495,2,2,2,,0
Flood,node3,4,3,RCS13-FP16-Opt,6,logits,29.362341000000001,2,2,2,,0
Flood,node3,4,3,RCS13-FP16-Opt,7,logits,31.079032999999999,2,2,2,,0
Flood,node3,4,3,RCS13-FP16-Opt,8,logits,29.869506999999999,2,2,2,,0
Flood,node3,4,3,RCS13-FP16-Opt,9,logits,29.444367,2,2,2,,0
Flood,node3,4,3,RCS13-FP16-Opt,10,logits,29.89744,2,2,2,,0
Flood,node3,4,3,RCS13-FP16-Opt,11,logits,29.449698000000001,2,2,2,,0
Flood,node3,4,3,RCS13-FP16-Opt,12,logits,29.471298999999998,2,2,2,,0
Flood,node3,4,3,RCS13-FP16-Opt,13,logits,28.973884000000002,2,2,2,,0
Flood,node3,4,3,RCS13-FP16-Opt,14,logits,29.381302000000002,2,2,2,,0
Flood,node3,4,3,RCS13-FP16-Opt,15,logits,30.291588000000001,2,2,2,,0
Flood,node3,4,3,RCS13-FP16-Opt,16,logits,29.365281,2,2,2,,0
Flood,node3,4,3,RCS13-FP16-Opt,17,logits,29.334569999999999,2,2,2,,0
Flood,node3,4,3,RCS13-FP16-Opt,18,logits,29.693964999999999,2,2,2,,0
Flood,node3,4,3,RCS13-FP16-Opt,19,logits,29.592137000000001,2,2,2,,0
Flood,node3,4,3,RCS13-FP16-Opt,20,logits,30.750170000000001,2,2,2,,0
Flood,node3,4,3,RCS13-FP16-Opt,21,logits,30.036009,2,2,2,,0
Flood,node3,4,3,RCS13-FP16-Opt,22,logits,29.933361999999999,2,2,2,,0
Flood,node3,4,3,RCS13-FP16-Opt,23,logits,29.594028000000002,2,2,2,,0
Flood,node3,4,3,RCS13-FP16-Opt,24,logits,29.640281000000002,2,2,2,,0
Flood,node3,4,3,RCS13-FP16-Opt,25,logits,29.599637999999999,2,2,2,,0
Flood,node3,4,3,RCS13-FP16-Opt,26,logits,29.868898000000002,2,2,2,,0
Flood,node3,4,3,RCS13-FP16-Opt,27,logits,29.757038999999999,2,2,2,,0
Flood,node3,4,3,RCS13-FP16-Opt,28,logits,29.750029000000001,2,2,2,,0
Flood,node3,4,3,RCS13-FP16-Opt,29,logits,29.869337000000002,2,2,2,,0
Flood,node3,4,3,RCS13-FP16-Opt,30,logits,29.769210999999999,2,2,2,,0
Flood,node3,4,3,RCS13-FP16-Opt,31,logits,29.730677,2,2,2,,0
Flood,node3,4,3,RCS13-FP16-Opt,32,logits,29.779340999999999,2,2,2,,0
Flood,node3,4,3,RCS13-FP16-Opt,33,logits,29.983575999999999,2,2,2,,0
Flood,node3,4,3,RCS13-FP16-Opt,34,logits,30.294167000000002,2,2,2,,0
Flood,node3,4,3,RCS13-FP16-Opt,35,logits,29.866776999999999,2,2,2,,0
Flood,node3,4,3,RCS13-FP16-Opt,36,logits,30.206841000000001,2,2,2,,0
Flood,node3,4,3,RCS13-FP16-Opt,37,logits,29.714946000000001,2,2,2,,0
Flood,node3,4,3,RCS13-FP16-Opt,38,logits,29.721187,2,2,2,,0
Flood,node3,4,3,RCS13-FP16-Opt,39,logits,30.108014000000001,2,2,2,,0
Flood,node3,4,3,RCS13-FP16-Opt,40,logits,29.643941000000002,2,2,2,,0
Flood,node3,4,3,RCS13-FP16-Opt,41,logits,30.118494999999999,2,2,2,,0
Flood,node3,4,3,RCS13-FP16-Opt,42,logits,29.900110000000002,2,2,2,,0
Flood,node3,4,3,RCS13-FP16-Opt,43,logits,29.927880999999999,2,2,2,,0
Flood,node3,4,3,RCS13-FP16-Opt,44,logits,30.858418,2,2,2,,0
Flood,node3,4,3,RCS13-FP16-Opt,45,logits,29.538133999999999,2,2,2,,0
Flood,node3,4,3,RCS13-FP16-Opt,46,logits,29.934422000000001,2,2,2,,0
Flood,node3,4,3,RCS13-FP16-Opt,47,logits,29.673033,2,2,2,,0
Flood,node3,4,3,RCS13-FP16-Opt,48,logits,29.974765000000001,2,2,2,,0
Flood,node3,4,3,RCS13-FP16-Opt,49,logits,29.673673000000001,2,2,2,,0
Flood,node3,4,3,RCS13-FP16-Opt,50,logits,29.256043999999999,2,2,2,,0
Flood,node3,4,3,RCS13-FP16-Opt,51,logits,29.822503999999999,2,2,2,,0
Flood,node3,4,3,RCS13-FP16-Opt,52,logits,29.214091,2,2,2,,0
Flood,node3,4,3,RCS13-FP16-Opt,53,logits,29.545494000000001,2,2,2,,0
Flood,node3,4,3,RCS13-FP16-Opt,54,logits,29.975524,2,2,2,,0
Flood,node3,4,3,RCS13-FP16-Opt,55,logits,30.581928000000001,2,2,2,,0
Flood,node3,4,3,RCS13-FP16-Opt,56,logits,30.438348000000001,2,2,2,,0
Flood,node3,4,3,RCS13-FP16-Opt,57,logits,29.593868000000001,2,2,2,,0
Flood,node3,4,3,RCS13-FP16-Opt,58,logits,33.053102000000003,2,2,2,,0
Flood,node3,4,3,RCS13-FP16-Opt,59,logits,29.688775,2,2,2,,0
Flood,node3,4,3,RCS13-FP16-Opt,60,logits,29.790400999999999,2,2,2,,0
Flood,node3,4,3,RCS13-FP16-Opt,61,logits,29.891518999999999,2,2,2,,0
Flood,node3,4,3,RCS13-FP16-Opt,62,logits,29.622820000000001,2,2,2,,0
Flood,node3,4,3,RCS13-FP16-Opt,63,logits,29.896439000000001,2,2,2,,0
Flood,node3,4,3,RCS13-FP16-Opt,64,logits,30.078261999999999,2,2,2,,0
Flood,node3,4,3,RCS13-FP16-Opt,65,logits,30.218482000000002,2,2,2,,0
Flood,node3,4,3,RCS13-FP16-Opt,66,logits,29.804372999999998,2,2,2,,0
Flood,node3,4,3,RCS13-FP16-Opt,67,logits,30.605948999999999,2,2,2,,0
Flood,node3,4,3,RCS13-FP16-Opt,68,logits,30.306607,2,2,2,,0
Flood,node3,4,3,RCS13-FP16-Opt,69,logits,30.495932,2,2,2,,0
Flood,node3,4,3,RCS13-FP16-Opt,70,logits,30.270645999999999,2,2,2,,0
Flood,node3,4,3,RCS13-FP16-Opt,71,logits,29.692454999999999,2,2,2,,0
Flood,node3,4,3,RCS13-FP16-Opt,72,logits,31.802114,2,2,2,,0
Flood,node3,4,3,RCS13-FP16-Opt,73,logits,30.924551000000001,2,2,2,,0
Flood,node3,4,3,RCS13-FP16-Opt,74,logits,30.984677000000001,2,2,2,,0
Flood,node3,4,3,RCS13-FP16-Opt,75,logits,30.348731000000001,2,2,2,,0
Flood,node3,4,3,RCS13-FP16-Opt,76,logits,30.478031000000001,2,2,2,,0
Flood,node3,4,3,RCS13-FP16-Opt,77,logits,29.672993000000002,2,2,2,,0
Flood,node3,4,3,RCS13-FP16-Opt,78,logits,30.123925,2,2,2,,0
Flood,node3,4,3,RCS13-FP16-Opt,79,logits,29.880738000000001,2,2,2,,0
Flood,node3,4,3,RCS13-FP16-Opt,80,logits,30.100214000000001,2,2,2,,0
Flood,node3,4,3,RCS13-FP16-Opt,81,logits,29.474547999999999,2,2,2,,0
Flood,node3,4,3,RCS13-FP16-Opt,82,logits,30.039179000000001,2,2,2,,0
Flood,node3,4,3,RCS13-FP16-Opt,83,logits,29.788401,2,2,2,,0
Flood,node3,4,3,RCS13-FP16-Opt,84,logits,29.536263999999999,2,2,2,,0
Flood,node3,4,3,RCS13-FP16-Opt,85,logits,30.801383000000001,2,2,2,,0
Flood,node3,4,3,RCS13-FP16-Opt,86,logits,29.756758999999999,2,2,2,,0
Flood,node3,4,3,RCS13-FP16-Opt,87,logits,29.819084,2,2,2,,0
Flood,node3,4,3,RCS13-FP16-Opt,88,logits,30.20627,2,2,2,,0
Flood,node3,4,3,RCS13-FP16-Opt,89,logits,30.680465000000002,2,2,2,,0
Flood,node3,4,3,RCS13-FP16-Opt,90,logits,30.797943,2,2,2,,0
Flood,node3,4,3,RCS13-FP16-Opt,91,logits,31.239333999999999,2,2,2,,0
Flood,node3,4,3,RCS13-FP16-Opt,92,logits,31.178909999999998,2,2,2,,0
Flood,node3,4,3,RCS13-FP16-Opt,93,logits,31.342010999999999,2,2,2,,0
Flood,node3,4,3,RCS13-FP16-Opt,94,logits,31.200562000000001,2,2,2,,0
Flood,node3,4,3,RCS13-FP16-Opt,95,logits,29.817084000000001,2,2,2,,0
Flood,node3,4,3,RCS13-FP16-Opt,96,logits,29.876847000000001,2,2,2,,0
Flood,node3,4,3,RCS13-FP16-Opt,97,logits,29.882818,2,2,2,,0
Flood,node3,4,3,RCS13-FP16-Opt,98,logits,29.291105999999999,2,2,2,,0
Flood,node3,4,3,RCS13-FP16-Opt,99,logits,30.378502999999998,2,2,2,,0
Flood,node3,4,3,RCS13-FP16-Opt,100,logits,30.543914999999998,2,2,2,,0
Flood,node3,4,3,RCS13-FP16-Opt,101,logits,30.209781,2,2,2,,0
Flood,node3,4,3,RCS13-FP16-Opt,102,logits,30.061769999999999,2,2,2,,0
Flood,node3,4,3,RCS13-FP16-Opt,103,logits,29.839984000000001,2,2,2,,0
Flood,node3,4,3,RCS13-FP16-Opt,104,logits,29.499811000000001,2,2,2,,0
Flood,node3,4,3,RCS13-FP16-Opt,105,logits,31.279637000000001,2,2,2,,0
Flood,node3,4,3,RCS13-FP16-Opt,106,logits,31.092734,2,2,2,,0
Flood,node3,4,3,RCS13-FP16-Opt,107,logits,31.155338,2,2,2,,0
Flood,node3,4,3,RCS13-FP16-Opt,108,logits,30.222670999999998,2,2,2,,0
Flood,node3,4,3,RCS13-FP16-Opt,109,logits,31.368463999999999,2,2,2,,0
Flood,node3,4,3,RCS13-FP16-Opt,110,logits,29.738187,2,2,2,,0
Flood,node3,4,3,RCS13-FP16-Opt,111,logits,30.039200000000001,2,2,2,,0
Flood,node3,4,3,RCS13-FP16-Opt,112,logits,29.515460999999998,2,2,2,,0
Flood,node3,4,3,RCS13-FP16-Opt,113,logits,29.456037999999999,2,2,2,,0
Flood,node3,4,3,RCS13-FP16-Opt,114,logits,29.731586,2,2,2,,0
Flood,node3,4,3,RCS13-FP16-Opt,115,logits,29.799212000000001,2,2,2,,0
Flood,node3,4,3,RCS13-FP16-Opt,116,logits,29.858975999999998,2,2,2,,0
Flood,node3,4,3,RCS13-FP16-Opt,117,logits,29.926000999999999,2,2,2,,0
Flood,node3,4,3,RCS13-FP16-Opt,118,logits,29.944592,2,2,2,,0
Flood,node3,4,3,RCS13-FP16-Opt,119,logits,36.466794999999998,2,2,2,,0
Flood,node3,4,3,RCS13-FP16-Opt,120,logits,31.091904,2,2,2,,0
Flood,node3,4,3,RCS13-FP16-Opt,121,logits,29.805351999999999,2,2,2,,0
Flood,node3,4,3,RCS13-FP16-Opt,122,logits,29.109123,2,2,2,,0
Flood,node3,4,3,RCS13-FP16-Opt,123,logits,30.487731,2,2,2,,0
Flood,node3,4,3,RCS13-FP16-Opt,124,logits,30.494410999999999,2,2,2,,0
Flood,node3,4,3,RCS13-FP16-Opt,125,logits,30.040979,2,2,2,,0
Flood,node3,4,3,RCS13-FP16-Opt,126,logits,30.768491000000001,2,2,2,,0
Flood,node3,4,3,RCS13-FP16-Opt,127,logits,30.092312,2,2,2,,0
Flood,node3,4,3,RCS13-FP16-Opt,128,logits,29.774388999999999,2,2,2,,0
Flood,node3,4,3,RCS13-FP16-Opt,129,logits,29.500941000000001,2,2,2,,0
Flood,node3,4,3,RCS13-FP16-Opt,130,logits,30.150905999999999,2,2,2,,0
Flood,node3,4,3,RCS13-FP16-Opt,131,logits,29.793721999999999,2,2,2,,0
Flood,node3,4,3,RCS13-FP16-Opt,132,logits,29.666392999999999,2,2,2,,0
Flood,node3,4,3,RCS13-FP16-Opt,133,logits,30.124775,2,2,2,,0
Flood,node3,4,3,RCS13-FP16-Opt,134,logits,29.780861000000002,2,2,2,,0
Flood,node3,4,3,RCS13-FP16-Opt,135,logits,30.101752999999999,2,2,2,,0
Flood,node3,4,3,RCS13-FP16-Opt,136,logits,29.267454000000001,2,2,2,,0
Flood,node3,4,3,RCS13-FP16-Opt,137,logits,29.398854,2,2,2,,0
Flood,node3,4,3,RCS13-FP16-Opt,138,logits,30.988226000000001,2,2,2,,0
Flood,node3,4,3,RCS13-FP16-Opt,139,logits,30.009747000000001,2,2,2,,0
Flood,node3,4,3,RCS13-FP16-Opt,140,logits,30.448298000000001,2,2,2,,0
Flood,node3,4,3,RCS13-FP16-Opt,141,logits,30.280055999999998,2,2,2,,0
Flood,node3,4,3,RCS13-FP16-Opt,142,logits,29.892429,2,2,2,,0
Flood,node3,4,3,RCS13-FP16-Opt,143,logits,29.473689,2,2,2,,0
Flood,node3,4,3,RCS13-FP16-Opt,144,logits,29.522302,2,2,2,,0
Flood,node3,4,3,RCS13-FP16-Opt,145,logits,29.34254,2,2,2,,0
Flood,node3,4,3,RCS13-FP16-Opt,146,logits,30.210431,2,2,2,,0
Flood,node3,4,3,RCS13-FP16-Opt,147,logits,29.898558999999999,2,2,2,,0
Flood,node3,4,3,RCS13-FP16-Opt,148,logits,29.508251000000001,2,2,2,,0
Flood,node3,4,3,RCS13-FP16-Opt,149,logits,29.677923,2,2,2,,0
Flood,node3,4,3,RCS13-FP16-Opt,150,logits,29.749209,2,2,2,,0
Flood,node3,4,3,RCS13-FP16-Opt,151,logits,29.534583000000001,2,2,2,,0
Flood,node3,4,3,RCS13-FP16-Opt,152,logits,29.582765999999999,2,2,2,,0
Flood,node3,4,3,RCS13-FP16-Opt,153,logits,31.298928,2,2,2,,0
Flood,node3,4,3,RCS13-FP16-Opt,154,logits,31.115925000000001,2,2,2,,0
Flood,node3,4,3,RCS13-FP16-Opt,155,logits,29.610427999999999,2,2,2,,0
Flood,node3,4,3,RCS13-FP16-Opt,156,logits,29.966263999999999,2,2,2,,0
Flood,node3,4,3,RCS13-FP16-Opt,157,logits,30.416556,2,2,2,,0
Flood,node3,4,3,RCS13-FP16-Opt,158,logits,30.738128,2,2,2,,0
Flood,node3,4,3,RCS13-FP16-Opt,159,logits,32.300159000000001,2,2,2,,0
Flood,node3,4,3,RCS13-FP16-Opt,160,logits,31.602499999999999,2,2,2,,0
Flood,node3,4,3,RCS13-FP16-Opt,161,logits,30.814753,2,2,2,,0
Flood,node3,4,3,RCS13-FP16-Opt,162,logits,30.096291999999998,2,2,2,,0
Flood,node3,4,3,RCS13-FP16-Opt,163,logits,30.042870000000001,2,2,2,,0
Flood,node3,4,3,RCS13-FP16-Opt,164,logits,29.808502000000001,2,2,2,,0
Flood,node3,4,3,RCS13-FP16-Opt,165,logits,29.894579,2,2,2,,0
Flood,node3,4,3,RCS13-FP16-Opt,166,logits,30.619250000000001,2,2,2,,0
Flood,node3,4,3,RCS13-FP16-Opt,167,logits,30.810493000000001,2,2,2,,0
Flood,node3,4,3,RCS13-FP16-Opt,168,logits,30.498182,2,2,2,,0
Flood,node3,4,3,RCS13-FP16-Opt,169,logits,30.344321000000001,2,2,2,,0
Flood,node3,4,3,RCS13-FP16-Opt,170,logits,30.908619999999999,2,2,2,,0
Flood,node3,4,3,RCS13-FP16-Opt,171,logits,30.123194999999999,2,2,2,,0
Flood,node3,4,3,RCS13-FP16-Opt,172,logits,29.828233999999998,2,2,2,,0
Flood,node3,4,3,RCS13-FP16-Opt,173,logits,30.306567000000001,2,2,2,,0
Flood,node3,4,3,RCS13-FP16-Opt,174,logits,30.263825000000001,2,2,2,,0
Flood,node3,4,3,RCS13-FP16-Opt,175,logits,30.804423,2,2,2,,0
Flood,node3,4,3,RCS13-FP16-Opt,176,logits,30.928861999999999,2,2,2,,0
Flood,node3,4,3,RCS13-FP16-Opt,177,logits,30.158307000000001,2,2,2,,0
Flood,node3,4,3,RCS13-FP16-Opt,178,logits,29.966733000000001,2,2,2,,0
Flood,node3,4,3,RCS13-FP16-Opt,179,logits,30.381772999999999,2,2,2,,0
Flood,node3,4,3,RCS13-FP16-Opt,180,logits,30.001256000000001,2,2,2,,0
Flood,node3,4,3,RCS13-FP16-Opt,181,logits,29.899018999999999,2,2,2,,0
Flood,node3,4,3,RCS13-FP16-Opt,182,logits,30.668773000000002,2,2,2,,0
Flood,node3,4,3,RCS13-FP16-Opt,183,logits,30.693175,2,2,2,,0
Flood,node3,4,3,RCS13-FP16-Opt,184,logits,30.151667,2,2,2,,0
Flood,node3,4,3,RCS13-FP16-Opt,185,logits,30.971215000000001,2,2,2,,0
Flood,node3,4,3,RCS13-FP16-Opt,186,logits,30.609349000000002,2,2,2,,0
Flood,node3,4,3,RCS13-FP16-Opt,187,logits,29.460698000000001,2,2,2,,0
Flood,node3,4,3,RCS13-FP16-Opt,188,logits,30.276615,2,2,2,,0
Flood,node3,4,3,RCS13-FP16-Opt,189,logits,30.817323999999999,2,2,2,,0
Flood,node3,4,3,RCS13-FP16-Opt,190,logits,30.659813,2,2,2,,0
Flood,node3,4,3,RCS13-FP16-Opt,191,logits,30.270164999999999,2,2,2,,0
Flood,node3,4,3,RCS13-FP16-Opt,192,logits,31.343160999999998,2,2,2,,0
Flood,node3,4,3,RCS13-FP16-Opt,193,logits,30.752319,2,2,2,,0
Flood,node3,4,3,RCS13-FP16-Opt,194,logits,30.036678999999999,2,2,2,,0
Flood,node3,4,3,RCS13-FP16-Opt,195,logits,31.077241999999998,2,2,2,,0
Flood,node3,4,3,RCS13-FP16-Opt,196,logits,30.687394999999999,2,2,2,,0
Flood,node3,4,3,RCS13-FP16-Opt,197,logits,30.325638999999999,2,2,2,,0
Flood,node3,4,3,RCS13-FP16-Opt,198,logits,30.370702000000001,2,2,2,,0
Flood,node3,4,3,RCS13-FP16-Opt,199,logits,30.793543,2,2,2,,0
Flood,node3,5,1,RCS13-FP16-Opt,0,logits,30.024933999999998,2,2,2,,0
Flood,node3,5,1,RCS13-FP16-Opt,1,logits,29.903155000000002,2,2,2,,0
Flood,node3,5,1,RCS13-FP16-Opt,2,logits,30.027274999999999,2,2,2,,0
Flood,node3,5,1,RCS13-FP16-Opt,3,logits,30.438493000000001,2,2,2,,0
Flood,node3,5,1,RCS13-FP16-Opt,4,logits,30.812639999999998,2,2,2,,0
Flood,node3,5,1,RCS13-FP16-Opt,5,logits,31.122692000000001,2,2,2,,0
Flood,node3,5,1,RCS13-FP16-Opt,6,logits,29.952309,2,2,2,,0
Flood,node3,5,1,RCS13-FP16-Opt,7,logits,30.136372000000001,2,2,2,,0
Flood,node3,5,1,RCS13-FP16-Opt,8,logits,30.132401999999999,2,2,2,,0
Flood,node3,5,1,RCS13-FP16-Opt,9,logits,29.708772,2,2,2,,0
Flood,node3,5,1,RCS13-FP16-Opt,10,logits,29.788667,2,2,2,,0
Flood,node3,5,1,RCS13-FP16-Opt,11,logits,30.360709,2,2,2,,0
Flood,node3,5,1,RCS13-FP16-Opt,12,logits,30.487145999999999,2,2,2,,0
Flood,node3,5,1,RCS13-FP16-Opt,13,logits,30.455845,2,2,2,,0
Flood,node3,5,1,RCS13-FP16-Opt,14,logits,30.242508999999998,2,2,2,,0
Flood,node3,5,1,RCS13-FP16-Opt,15,logits,29.832789999999999,2,2,2,,0
Flood,node3,5,1,RCS13-FP16-Opt,16,logits,31.363068999999999,2,2,2,,0
Flood,node3,5,1,RCS13-FP16-Opt,17,logits,30.274021999999999,2,2,2,,0
Flood,node3,5,1,RCS13-FP16-Opt,18,logits,30.090468999999999,2,2,2,,0
Flood,node3,5,1,RCS13-FP16-Opt,19,logits,30.093619,2,2,2,,0
Flood,node3,5,1,RCS13-FP16-Opt,20,logits,30.042835,2,2,2,,0
Flood,node3,5,1,RCS13-FP16-Opt,21,logits,30.696361,2,2,2,,0
Flood,node3,5,1,RCS13-FP16-Opt,22,logits,30.39498,2,2,2,,0
Flood,node3,5,1,RCS13-FP16-Opt,23,logits,31.761666999999999,2,2,2,,0
Flood,node3,5,1,RCS13-FP16-Opt,24,logits,30.238239,2,2,2,,0
Flood,node3,5,1,RCS13-FP16-Opt,25,logits,29.620756,2,2,2,,0
Flood,node3,5,1,RCS13-FP16-Opt,26,logits,30.431923000000001,2,2,2,,0
Flood,node3,5,1,RCS13-FP16-Opt,27,logits,29.862252000000002,2,2,2,,0
Flood,node3,5,1,RCS13-FP16-Opt,28,logits,29.991503000000002,2,2,2,,0
Flood,node3,5,1,RCS13-FP16-Opt,29,logits,29.750004000000001,2,2,2,,0
Flood,node3,5,1,RCS13-FP16-Opt,30,logits,29.782767,2,2,2,,0
Flood,node3,5,1,RCS13-FP16-Opt,31,logits,30.396350000000002,2,2,2,,0
Flood,node3,5,1,RCS13-FP16-Opt,32,logits,30.056836000000001,2,2,2,,0
Flood,node3,5,1,RCS13-FP16-Opt,33,logits,29.941617999999998,2,2,2,,0
Flood,node3,5,1,RCS13-FP16-Opt,34,logits,30.239318999999998,2,2,2,,0
Flood,node3,5,1,RCS13-FP16-Opt,35,logits,30.051296000000001,2,2,2,,0
Flood,node3,5,1,RCS13-FP16-Opt,36,logits,30.403471,2,2,2,,0
Flood,node3,5,1,RCS13-FP16-Opt,37,logits,30.473116000000001,2,2,2,,0
Flood,node3,5,1,RCS13-FP16-Opt,38,logits,30.907965999999998,2,2,2,,0
Flood,node3,5,1,RCS13-FP16-Opt,39,logits,30.246870000000001,2,2,2,,0
Flood,node3,5,1,RCS13-FP16-Opt,40,logits,29.968889999999998,2,2,2,,0
Flood,node3,5,1,RCS13-FP16-Opt,41,logits,29.946217999999998,2,2,2,,0
Flood,node3,5,1,RCS13-FP16-Opt,42,logits,30.194126000000001,2,2,2,,0
Flood,node3,5,1,RCS13-FP16-Opt,43,logits,30.916716999999998,2,2,2,,0
Flood,node3,5,1,RCS13-FP16-Opt,44,logits,32.878556000000003,2,2,2,,0
Flood,node3,5,1,RCS13-FP16-Opt,45,logits,31.201377000000001,2,2,2,,0
Flood,node3,5,1,RCS13-FP16-Opt,46,logits,31.279191999999998,2,2,2,,0
Flood,node3,5,1,RCS13-FP16-Opt,47,logits,30.120781000000001,2,2,2,,0
Flood,node3,5,1,RCS13-FP16-Opt,48,logits,30.331806,2,2,2,,0
Flood,node3,5,1,RCS13-FP16-Opt,49,logits,30.501078,2,2,2,,0
Flood,node3,5,1,RCS13-FP16-Opt,50,logits,29.949698000000001,2,2,2,,0
Flood,node3,5,1,RCS13-FP16-Opt,51,logits,29.787217999999999,2,2,2,,0
Flood,node3,5,1,RCS13-FP16-Opt,52,logits,29.781627,2,2,2,,0
Flood,node3,5,1,RCS13-FP16-Opt,53,logits,30.070167000000001,2,2,2,,0
Flood,node3,5,1,RCS13-FP16-Opt,54,logits,30.245010000000001,2,2,2,,0
Flood,node3,5,1,RCS13-FP16-Opt,55,logits,30.714662000000001,2,2,2,,0
Flood,node3,5,1,RCS13-FP16-Opt,56,logits,30.10605,2,2,2,,0
Flood,node3,5,1,RCS13-FP16-Opt,57,logits,30.222458,2,2,2,,0
Flood,node3,5,1,RCS13-FP16-Opt,58,logits,30.148643,2,2,2,,0
Flood,node3,5,1,RCS13-FP16-Opt,59,logits,30.778787000000001,2,2,2,,0
Flood,node3,5,1,RCS13-FP16-Opt,60,logits,29.753015000000001,2,2,2,,0
Flood,node3,5,1,RCS13-FP16-Opt,61,logits,30.334066,2,2,2,,0
Flood,node3,5,1,RCS13-FP16-Opt,62,logits,29.863721999999999,2,2,2,,0
Flood,node3,5,1,RCS13-FP16-Opt,63,logits,29.566962,2,2,2,,0
Flood,node3,5,1,RCS13-FP16-Opt,64,logits,30.101989,2,2,2,,0
Flood,node3,5,1,RCS13-FP16-Opt,65,logits,30.122320999999999,2,2,2,,0
Flood,node3,5,1,RCS13-FP16-Opt,66,logits,29.971550000000001,2,2,2,,0
Flood,node3,5,1,RCS13-FP16-Opt,67,logits,29.694731000000001,2,2,2,,0
Flood,node3,5,1,RCS13-FP16-Opt,68,logits,30.077378,2,2,2,,0
Flood,node3,5,1,RCS13-FP16-Opt,69,logits,29.916846,2,2,2,,0
Flood,node3,5,1,RCS13-FP16-Opt,70,logits,30.824451,2,2,2,,0
Flood,node3,5,1,RCS13-FP16-Opt,71,logits,30.912095999999998,2,2,2,,0
Flood,node3,5,1,RCS13-FP16-Opt,72,logits,31.549361999999999,2,2,2,,0
Flood,node3,5,1,RCS13-FP16-Opt,73,logits,33.197918999999999,2,2,2,,0
Flood,node3,5,1,RCS13-FP16-Opt,74,logits,32.453265000000002,2,2,2,,0
Flood,node3,5,1,RCS13-FP16-Opt,75,logits,31.065117999999998,2,2,2,,0
Flood,node3,5,1,RCS13-FP16-Opt,76,logits,30.692831000000002,2,2,2,,0
Flood,node3,5,1,RCS13-FP16-Opt,77,logits,30.443203,2,2,2,,0
Flood,node3,5,1,RCS13-FP16-Opt,78,logits,32.679031999999999,2,2,2,,0
Flood,node3,5,1,RCS13-FP16-Opt,79,logits,36.173538000000001,2,2,2,,0
Flood,node3,5,1,RCS13-FP16-Opt,80,logits,31.594093999999998,2,2,2,,0
Flood,node3,5,1,RCS13-FP16-Opt,81,logits,30.844201999999999,2,2,2,,0
Flood,node3,5,1,RCS13-FP16-Opt,82,logits,30.991253,2,2,2,,0
Flood,node3,5,1,RCS13-FP16-Opt,83,logits,30.788948000000001,2,2,2,,0
Flood,node3,5,1,RCS13-FP16-Opt,84,logits,30.392469999999999,2,2,2,,0
Flood,node3,5,1,RCS13-FP16-Opt,85,logits,31.024054,2,2,2,,0
Flood,node3,5,1,RCS13-FP16-Opt,86,logits,30.946199,2,2,2,,0
Flood,node3,5,1,RCS13-FP16-Opt,87,logits,30.564962000000001,2,2,2,,0
Flood,node3,5,1,RCS13-FP16-Opt,88,logits,30.769545999999998,2,2,2,,0
Flood,node3,5,1,RCS13-FP16-Opt,89,logits,30.222348,2,2,2,,0
Flood,node3,5,1,RCS13-FP16-Opt,90,logits,30.294872999999999,2,2,2,,0
Flood,node3,5,1,RCS13-FP16-Opt,91,logits,30.924347000000001,2,2,2,,0
Flood,node3,5,1,RCS13-FP16-Opt,92,logits,30.465025000000001,2,2,2,,0
Flood,node3,5,1,RCS13-FP16-Opt,93,logits,30.769265999999998,2,2,2,,0
Flood,node3,5,1,RCS13-FP16-Opt,94,logits,30.341025999999999,2,2,2,,0
Flood,node3,5,1,RCS13-FP16-Opt,95,logits,29.933827999999998,2,2,2,,0
Flood,node3,5,1,RCS13-FP16-Opt,96,logits,29.749984000000001,2,2,2,,0
Flood,node3,5,1,RCS13-FP16-Opt,97,logits,30.432732999999999,2,2,2,,0
Flood,node3,5,1,RCS13-FP16-Opt,98,logits,32.036676,2,2,2,,0
Flood,node3,5,1,RCS13-FP16-Opt,99,logits,31.839752000000001,2,2,2,,0
Flood,node3,5,1,RCS13-FP16-Opt,100,logits,31.192777,2,2,2,,0
Flood,node3,5,1,RCS13-FP16-Opt,101,logits,30.756305000000001,2,2,2,,0
Flood,node3,5,1,RCS13-FP16-Opt,102,logits,29.599743,2,2,2,,0
Flood,node3,5,1,RCS13-FP16-Opt,103,logits,29.999351999999998,2,2,2,,0
Flood,node3,5,1,RCS13-FP16-Opt,104,logits,30.169754000000001,2,2,2,,0
Flood,node3,5,1,RCS13-FP16-Opt,105,logits,31.355288000000002,2,2,2,,0
Flood,node3,5,1,RCS13-FP16-Opt,106,logits,31.409962,2,2,2,,0
Flood,node3,5,1,RCS13-FP16-Opt,107,logits,30.266161,2,2,2,,0
Flood,node3,5,1,RCS13-FP16-Opt,108,logits,30.294093,2,2,2,,0
Flood,node3,5,1,RCS13-FP16-Opt,109,logits,30.640547000000002,2,2,2,,0
Flood,node3,5,1,RCS13-FP16-Opt,110,logits,30.346696999999999,2,2,2,,0
Flood,node3,5,1,RCS13-FP16-Opt,111,logits,32.878315000000001,2,2,2,,0
Flood,node3,5,1,RCS13-FP16-Opt,112,logits,31.510148999999998,2,2,2,,0
Flood,node3,5,1,RCS13-FP16-Opt,113,logits,31.563213000000001,2,2,2,,0
Flood,node3,5,1,RCS13-FP16-Opt,114,logits,30.974720999999999,2,2,2,,0
Flood,node3,5,1,RCS13-FP16-Opt,115,logits,30.481596,2,2,2,,0
Flood,node3,5,1,RCS13-FP16-Opt,116,logits,30.340516999999998,2,2,2,,0
Flood,node3,5,1,RCS13-FP16-Opt,117,logits,30.559321000000001,2,2,2,,0
Flood,node3,5,1,RCS13-FP16-Opt,118,logits,30.522309,2,2,2,,0
Flood,node3,5,1,RCS13-FP16-Opt,119,logits,30.002523,2,2,2,,0
Flood,node3,5,1,RCS13-FP16-Opt,120,logits,30.073857,2,2,2,,0
Flood,node3,5,1,RCS13-FP16-Opt,121,logits,31.258420999999998,2,2,2,,0
Flood,node3,5,1,RCS13-FP16-Opt,122,logits,31.715623000000001,2,2,2,,0
Flood,node3,5,1,RCS13-FP16-Opt,123,logits,32.633408000000003,2,2,2,,0
Flood,node3,5,1,RCS13-FP16-Opt,124,logits,30.720783000000001,2,2,2,,0
Flood,node3,5,1,RCS13-FP16-Opt,125,logits,30.599854000000001,2,2,2,,0
Flood,node3,5,1,RCS13-FP16-Opt,126,logits,30.5489,2,2,2,,0
Flood,node3,5,1,RCS13-FP16-Opt,127,logits,30.400461,2,2,2,,0
Flood,node3,5,1,RCS13-FP16-Opt,128,logits,30.469135000000001,2,2,2,,0
Flood,node3,5,1,RCS13-FP16-Opt,129,logits,30.012713000000002,2,2,2,,0
Flood,node3,5,1,RCS13-FP16-Opt,130,logits,30.047685000000001,2,2,2,,0
Flood,node3,5,1,RCS13-FP16-Opt,131,logits,30.423031999999999,2,2,2,,0
Flood,node3,5,1,RCS13-FP16-Opt,132,logits,30.577152999999999,2,2,2,,0
Flood,node3,5,1,RCS13-FP16-Opt,133,logits,30.81662,2,2,2,,0
Flood,node3,5,1,RCS13-FP16-Opt,134,logits,30.487886,2,2,2,,0
Flood,node3,5,1,RCS13-FP16-Opt,135,logits,29.971019999999999,2,2,2,,0
Flood,node3,5,1,RCS13-FP16-Opt,136,logits,30.003291999999998,2,2,2,,0
Flood,node3,5,1,RCS13-FP16-Opt,137,logits,30.058166,2,2,2,,0
Flood,node3,5,1,RCS13-FP16-Opt,138,logits,30.930157000000001,2,2,2,,0
Flood,node3,5,1,RCS13-FP16-Opt,139,logits,31.623387000000001,2,2,2,,0
Flood,node3,5,1,RCS13-FP16-Opt,140,logits,31.073637999999999,2,2,2,,0
Flood,node3,5,1,RCS13-FP16-Opt,141,logits,30.502568,2,2,2,,0
Flood,node3,5,1,RCS13-FP16-Opt,142,logits,30.902165,2,2,2,,0
Flood,node3,5,1,RCS13-FP16-Opt,143,logits,30.274532000000001,2,2,2,,0
Flood,node3,5,1,RCS13-FP16-Opt,144,logits,30.086387999999999,2,2,2,,0
Flood,node3,5,1,RCS13-FP16-Opt,145,logits,30.051186000000001,2,2,2,,0
Flood,node3,5,1,RCS13-FP16-Opt,146,logits,30.660077999999999,2,2,2,,0
Flood,node3,5,1,RCS13-FP16-Opt,147,logits,30.359307000000001,2,2,2,,0
Flood,node3,5,1,RCS13-FP16-Opt,148,logits,30.013953000000001,2,2,2,,0
Flood,node3,5,1,RCS13-FP16-Opt,149,logits,30.797228,2,2,2,,0
Flood,node3,5,1,RCS13-FP16-Opt,150,logits,30.594294000000001,2,2,2,,0
Flood,node3,5,1,RCS13-FP16-Opt,151,logits,30.567202000000002,2,2,2,,0
Flood,node3,5,1,RCS13-FP16-Opt,152,logits,32.757097000000002,2,2,2,,0
Flood,node3,5,1,RCS13-FP16-Opt,153,logits,30.520188999999998,2,2,2,,0
Flood,node3,5,1,RCS13-FP16-Opt,154,logits,30.217797000000001,2,2,2,,0
Flood,node3,5,1,RCS13-FP16-Opt,155,logits,29.773555999999999,2,2,2,,0
Flood,node3,5,1,RCS13-FP16-Opt,156,logits,29.956997999999999,2,2,2,,0
Flood,node3,5,1,RCS13-FP16-Opt,157,logits,30.240459999999999,2,2,2,,0
Flood,node3,5,1,RCS13-FP16-Opt,158,logits,30.415489999999998,2,2,2,,0
Flood,node3,5,1,RCS13-FP16-Opt,159,logits,30.292172000000001,2,2,2,,0
Flood,node3,5,1,RCS13-FP16-Opt,160,logits,30.200175999999999,2,2,2,,0
Flood,node3,5,1,RCS13-FP16-Opt,161,logits,30.289912999999999,2,2,2,,0
Flood,node3,5,1,RCS13-FP16-Opt,162,logits,29.980779999999999,2,2,2,,0
Flood,node3,5,1,RCS13-FP16-Opt,163,logits,29.561011000000001,2,2,2,,0
Flood,node3,5,1,RCS13-FP16-Opt,164,logits,30.424911999999999,2,2,2,,0
Flood,node3,5,1,RCS13-FP16-Opt,165,logits,30.666369,2,2,2,,0
Flood,node3,5,1,RCS13-FP16-Opt,166,logits,30.611395000000002,2,2,2,,0
Flood,node3,5,1,RCS13-FP16-Opt,167,logits,30.501467000000002,2,2,2,,0
Flood,node3,5,1,RCS13-FP16-Opt,168,logits,30.355487,2,2,2,,0
Flood,node3,5,1,RCS13-FP16-Opt,169,logits,30.854312,2,2,2,,0
Flood,node3,5,1,RCS13-FP16-Opt,170,logits,30.332816000000001,2,2,2,,0
Flood,node3,5,1,RCS13-FP16-Opt,171,logits,29.720592,2,2,2,,0
Flood,node3,5,1,RCS13-FP16-Opt,172,logits,30.485365999999999,2,2,2,,0
Flood,node3,5,1,RCS13-FP16-Opt,173,logits,33.595177,2,2,2,,0
Flood,node3,5,1,RCS13-FP16-Opt,174,logits,30.015692000000001,2,2,2,,0
Flood,node3,5,1,RCS13-FP16-Opt,175,logits,30.400621000000001,2,2,2,,0
Flood,node3,5,1,RCS13-FP16-Opt,176,logits,30.808768000000001,2,2,2,,0
Flood,node3,5,1,RCS13-FP16-Opt,177,logits,30.532298999999998,2,2,2,,0
Flood,node3,5,1,RCS13-FP16-Opt,178,logits,29.848962,2,2,2,,0
Flood,node3,5,1,RCS13-FP16-Opt,179,logits,30.384717999999999,2,2,2,,0
Flood,node3,5,1,RCS13-FP16-Opt,180,logits,30.326916000000001,2,2,2,,0
Flood,node3,5,1,RCS13-FP16-Opt,181,logits,30.070855999999999,2,2,2,,0
Flood,node3,5,1,RCS13-FP16-Opt,182,logits,30.030754999999999,2,2,2,,0
Flood,node3,5,1,RCS13-FP16-Opt,183,logits,30.104588,2,2,2,,0
Flood,node3,5,1,RCS13-FP16-Opt,184,logits,30.492176000000001,2,2,2,,0
Flood,node3,5,1,RCS13-FP16-Opt,185,logits,30.111280000000001,2,2,2,,0
Flood,node3,5,1,RCS13-FP16-Opt,186,logits,29.874372999999999,2,2,2,,0
Flood,node3,5,1,RCS13-FP16-Opt,187,logits,29.438981999999999,2,2,2,,0
Flood,node3,5,1,RCS13-FP16-Opt,188,logits,30.062875999999999,2,2,2,,0
Flood,node3,5,1,RCS13-FP16-Opt,189,logits,30.129021000000002,2,2,2,,0
Flood,node3,5,1,RCS13-FP16-Opt,190,logits,30.1188,2,2,2,,0
Flood,node3,5,1,RCS13-FP16-Opt,191,logits,29.854811000000002,2,2,2,,0
Flood,node3,5,1,RCS13-FP16-Opt,192,logits,30.208566999999999,2,2,2,,0
Flood,node3,5,1,RCS13-FP16-Opt,193,logits,30.056446000000001,2,2,2,,0
Flood,node3,5,1,RCS13-FP16-Opt,194,logits,30.529468999999999,2,2,2,,0
Flood,node3,5,1,RCS13-FP16-Opt,195,logits,29.901695,2,2,2,,0
Flood,node3,5,1,RCS13-FP16-Opt,196,logits,30.056836000000001,2,2,2,,0
Flood,node3,5,1,RCS13-FP16-Opt,197,logits,29.875482000000002,2,2,2,,0
Flood,node3,5,1,RCS13-FP16-Opt,198,logits,30.057376000000001,2,2,2,,0
Flood,node3,5,1,RCS13-FP16-Opt,199,logits,30.235208,2,2,2,,0
Flood,node3,5,2,RCS13-FP32,0,logits,32.533867000000001,2,2,2,,0
Flood,node3,5,2,RCS13-FP32,1,logits,32.262518,2,2,2,,0
Flood,node3,5,2,RCS13-FP32,2,logits,37.068176999999999,2,2,2,,0
Flood,node3,5,2,RCS13-FP32,3,logits,33.131889000000001,2,2,2,,0
Flood,node3,5,2,RCS13-FP32,4,logits,32.180112000000001,2,2,2,,0
Flood,node3,5,2,RCS13-FP32,5,logits,32.192352999999997,2,2,2,,0
Flood,node3,5,2,RCS13-FP32,6,logits,32.612051999999998,2,2,2,,0
Flood,node3,5,2,RCS13-FP32,7,logits,32.747562000000002,2,2,2,,0
Flood,node3,5,2,RCS13-FP32,8,logits,32.195782000000001,2,2,2,,0
Flood,node3,5,2,RCS13-FP32,9,logits,32.287770000000002,2,2,2,,0
Flood,node3,5,2,RCS13-FP32,10,logits,32.346702999999998,2,2,2,,0
Flood,node3,5,2,RCS13-FP32,11,logits,32.119098000000001,2,2,2,,0
Flood,node3,5,2,RCS13-FP32,12,logits,32.286859,2,2,2,,0
Flood,node3,5,2,RCS13-FP32,13,logits,32.403177999999997,2,2,2,,0
Flood,node3,5,2,RCS13-FP32,14,logits,32.196542999999998,2,2,2,,0
Flood,node3,5,2,RCS13-FP32,15,logits,32.033631,2,2,2,,0
Flood,node3,5,2,RCS13-FP32,16,logits,32.110207000000003,2,2,2,,0
Flood,node3,5,2,RCS13-FP32,17,logits,32.308790999999999,2,2,2,,0
Flood,node3,5,2,RCS13-FP32,18,logits,32.111327000000003,2,2,2,,0
Flood,node3,5,2,RCS13-FP32,19,logits,31.893892000000001,2,2,2,,0
Flood,node3,5,2,RCS13-FP32,20,logits,32.253107,2,2,2,,0
Flood,node3,5,2,RCS13-FP32,21,logits,32.241706000000001,2,2,2,,0
Flood,node3,5,2,RCS13-FP32,22,logits,32.362524000000001,2,2,2,,0
Flood,node3,5,2,RCS13-FP32,23,logits,32.610591999999997,2,2,2,,0
Flood,node3,5,2,RCS13-FP32,24,logits,32.484923000000002,2,2,2,,0
Flood,node3,5,2,RCS13-FP32,25,logits,32.795634999999997,2,2,2,,0
Flood,node3,5,2,RCS13-FP32,26,logits,32.144860000000001,2,2,2,,0
Flood,node3,5,2,RCS13-FP32,27,logits,32.468651999999999,2,2,2,,0
Flood,node3,5,2,RCS13-FP32,28,logits,32.249696999999998,2,2,2,,0
Flood,node3,5,2,RCS13-FP32,29,logits,32.467180999999997,2,2,2,,0
Flood,node3,5,2,RCS13-FP32,30,logits,34.975949999999997,2,2,2,,0
Flood,node3,5,2,RCS13-FP32,31,logits,33.713850000000001,2,2,2,,0
Flood,node3,5,2,RCS13-FP32,32,logits,32.992818999999997,2,2,2,,0
Flood,node3,5,2,RCS13-FP32,33,logits,32.152239999999999,2,2,2,,0
Flood,node3,5,2,RCS13-FP32,34,logits,32.603752,2,2,2,,0
Flood,node3,5,2,RCS13-FP32,35,logits,32.495043000000003,2,2,2,,0
Flood,node3,5,2,RCS13-FP32,36,logits,32.946905999999998,2,2,2,,0
Flood,node3,5,2,RCS13-FP32,37,logits,32.473343,2,2,2,,0
Flood,node3,5,2,RCS13-FP32,38,logits,33.081225000000003,2,2,2,,0
Flood,node3,5,2,RCS13-FP32,39,logits,32.30838,2,2,2,,0
Flood,node3,5,2,RCS13-FP32,40,logits,32.085135999999999,2,2,2,,0
Flood,node3,5,2,RCS13-FP32,41,logits,32.540837000000003,2,2,2,,0
Flood,node3,5,2,RCS13-FP32,42,logits,32.305700000000002,2,2,2,,0
Flood,node3,5,2,RCS13-FP32,43,logits,32.168021000000003,2,2,2,,0
Flood,node3,5,2,RCS13-FP32,44,logits,33.542197999999999,2,2,2,,0
Flood,node3,5,2,RCS13-FP32,45,logits,33.122028,2,2,2,,0
Flood,node3,5,2,RCS13-FP32,46,logits,33.128658000000001,2,2,2,,0
Flood,node3,5,2,RCS13-FP32,47,logits,32.743780999999998,2,2,2,,0
Flood,node3,5,2,RCS13-FP32,48,logits,33.208615000000002,2,2,2,,0
Flood,node3,5,2,RCS13-FP32,49,logits,31.767541999999999,2,2,2,,0
Flood,node3,5,2,RCS13-FP32,50,logits,32.644435000000001,2,2,2,,0
Flood,node3,5,2,RCS13-FP32,51,logits,32.316141000000002,2,2,2,,0
Flood,node3,5,2,RCS13-FP32,52,logits,32.574309999999997,2,2,2,,0
Flood,node3,5,2,RCS13-FP32,53,logits,32.219284000000002,2,2,2,,0
Flood,node3,5,2,RCS13-FP32,54,logits,32.319231000000002,2,2,2,,0
Flood,node3,5,2,RCS13-FP32,55,logits,32.651055999999997,2,2,2,,0
Flood,node3,5,2,RCS13-FP32,56,logits,32.578699,2,2,2,,0
Flood,node3,5,2,RCS13-FP32,57,logits,32.414329000000002,2,2,2,,0
Flood,node3,5,2,RCS13-FP32,58,logits,32.820667,2,2,2,,0
Flood,node3,5,2,RCS13-FP32,59,logits,32.971217000000003,2,2,2,,0
Flood,node3,5,2,RCS13-FP32,60,logits,32.683827999999998,2,2,2,,0
Flood,node3,5,2,RCS13-FP32,61,logits,33.101855999999998,2,2,2,,0
Flood,node3,5,2,RCS13-FP32,62,logits,34.457082,2,2,2,,0
Flood,node3,5,2,RCS13-FP32,63,logits,33.296571,2,2,2,,0
Flood,node3,5,2,RCS13-FP32,64,logits,32.509185000000002,2,2,2,,0
Flood,node3,5,2,RCS13-FP32,65,logits,33.020930999999997,2,2,2,,0
Flood,node3,5,2,RCS13-FP32,66,logits,32.591119999999997,2,2,2,,0
Flood,node3,5,2,RCS13-FP32,67,logits,32.665776000000001,2,2,2,,0
Flood,node3,5,2,RCS13-FP32,68,logits,32.447940000000003,2,2,2,,0
Flood,node3,5,2,RCS13-FP32,69,logits,32.367334999999997,2,2,2,,0
Flood,node3,5,2,RCS13-FP32,70,logits,32.512146000000001,2,2,2,,0
Flood,node3,5,2,RCS13-FP32,71,logits,32.690617000000003,2,2,2,,0
Flood,node3,5,2,RCS13-FP32,72,logits,32.209144000000002,2,2,2,,0
Flood,node3,5,2,RCS13-FP32,73,logits,32.456750999999997,2,2,2,,0
Flood,node3,5,2,RCS13-FP32,74,logits,32.823177000000001,2,2,2,,0
Flood,node3,5,2,RCS13-FP32,75,logits,33.007379999999998,2,2,2,,0
Flood,node3,5,2,RCS13-FP32,76,logits,34.747483000000003,2,2,2,,0
Flood,node3,5,2,RCS13-FP32,77,logits,33.733811000000003,2,2,2,,0
Flood,node3,5,2,RCS13-FP32,78,logits,32.620342999999998,2,2,2,,0
Flood,node3,5,2,RCS13-FP32,79,logits,32.318831000000003,2,2,2,,0
Flood,node3,5,2,RCS13-FP32,80,logits,32.381565999999999,2,2,2,,0
Flood,node3,5,2,RCS13-FP32,81,logits,32.594099999999997,2,2,2,,0
Flood,node3,5,2,RCS13-FP32,82,logits,33.060223999999998,2,2,2,,0
Flood,node3,5,2,RCS13-FP32,83,logits,32.909993,2,2,2,,0
Flood,node3,5,2,RCS13-FP32,84,logits,32.711039,2,2,2,,0
Flood,node3,5,2,RCS13-FP32,85,logits,32.814155999999997,2,2,2,,0
Flood,node3,5,2,RCS13-FP32,86,logits,33.401017000000003,2,2,2,,0
Flood,node3,5,2,RCS13-FP32,87,logits,33.000509999999998,2,2,2,,0
Flood,node3,5,2,RCS13-FP32,88,logits,36.967458999999998,2,2,2,,0
Flood,node3,5,2,RCS13-FP32,89,logits,33.209584999999997,2,2,2,,0
Flood,node3,5,2,RCS13-FP32,90,logits,33.059292999999997,2,2,2,,0
Flood,node3,5,2,RCS13-FP32,91,logits,49.055813000000001,2,2,2,,0
Flood,node3,5,2,RCS13-FP32,92,logits,37.225977999999998,2,2,2,,0
Flood,node3,5,2,RCS13-FP32,93,logits,34.714010000000002,2,2,2,,0
Flood,node3,5,2,RCS13-FP32,94,logits,33.479712999999997,2,2,2,,0
Flood,node3,5,2,RCS13-FP32,95,logits,33.391706999999997,2,2,2,,0
Flood,node3,5,2,RCS13-FP32,96,logits,32.493253000000003,2,2,2,,0
Flood,node3,5,2,RCS13-FP32,97,logits,33.310060999999997,2,2,2,,0
Flood,node3,5,2,RCS13-FP32,98,logits,32.810366000000002,2,2,2,,0
Flood,node3,5,2,RCS13-FP32,99,logits,32.703538999999999,2,2,2,,0
Flood,node3,5,2,RCS13-FP32,100,logits,33.003408999999998,2,2,2,,0
Flood,node3,5,2,RCS13-FP32,101,logits,32.411487999999999,2,2,2,,0
Flood,node3,5,2,RCS13-FP32,102,logits,32.790844,2,2,2,,0
Flood,node3,5,2,RCS13-FP32,103,logits,33.562589000000003,2,2,2,,0
Flood,node3,5,2,RCS13-FP32,104,logits,33.544508,2,2,2,,0
Flood,node3,5,2,RCS13-FP32,105,logits,33.568899999999999,2,2,2,,0
Flood,node3,5,2,RCS13-FP32,106,logits,33.855989000000001,2,2,2,,0
Flood,node3,5,2,RCS13-FP32,107,logits,32.982779000000001,2,2,2,,0
Flood,node3,5,2,RCS13-FP32,108,logits,32.531336000000003,2,2,2,,0
Flood,node3,5,2,RCS13-FP32,109,logits,32.830666999999998,2,2,2,,0
Flood,node3,5,2,RCS13-FP32,110,logits,33.059244,2,2,2,,0
Flood,node3,5,2,RCS13-FP32,111,logits,33.004339000000002,2,2,2,,0
Flood,node3,5,2,RCS13-FP32,112,logits,32.922122999999999,2,2,2,,0
Flood,node3,5,2,RCS13-FP32,113,logits,32.998989999999999,2,2,2,,0
Flood,node3,5,2,RCS13-FP32,114,logits,33.038451999999999,2,2,2,,0
Flood,node3,5,2,RCS13-FP32,115,logits,32.574919000000001,2,2,2,,0
Flood,node3,5,2,RCS13-FP32,116,logits,34.685898000000002,2,2,2,,0
Flood,node3,5,2,RCS13-FP32,117,logits,33.872349999999997,2,2,2,,0
Flood,node3,5,2,RCS13-FP32,118,logits,34.546008999999998,2,2,2,,0
Flood,node3,5,2,RCS13-FP32,119,logits,33.327452000000001,2,2,2,,0
Flood,node3,5,2,RCS13-FP32,120,logits,32.762123000000003,2,2,2,,0
Flood,node3,5,2,RCS13-FP32,121,logits,32.884810999999999,2,2,2,,0
Flood,node3,5,2,RCS13-FP32,122,logits,34.955787999999998,2,2,2,,0
Flood,node3,5,2,RCS13-FP32,123,logits,33.435398999999997,2,2,2,,0
Flood,node3,5,2,RCS13-FP32,124,logits,34.577291000000002,2,2,2,,0
Flood,node3,5,2,RCS13-FP32,125,logits,33.604942000000001,2,2,2,,0
Flood,node3,5,2,RCS13-FP32,126,logits,33.293869999999998,2,2,2,,0
Flood,node3,5,2,RCS13-FP32,127,logits,32.562517999999997,2,2,2,,0
Flood,node3,5,2,RCS13-FP32,128,logits,33.906993,2,2,2,,0
Flood,node3,5,2,RCS13-FP32,129,logits,33.952497000000001,2,2,2,,0
Flood,node3,5,2,RCS13-FP32,130,logits,32.865639999999999,2,2,2,,0
Flood,node3,5,2,RCS13-FP32,131,logits,32.991978000000003,2,2,2,,0
Flood,node3,5,2,RCS13-FP32,132,logits,32.394855999999997,2,2,2,,0
Flood,node3,5,2,RCS13-FP32,133,logits,32.467241000000001,2,2,2,,0
Flood,node3,5,2,RCS13-FP32,134,logits,32.619233000000001,2,2,2,,0
Flood,node3,5,2,RCS13-FP32,135,logits,32.828356999999997,2,2,2,,0
Flood,node3,5,2,RCS13-FP32,136,logits,33.376465000000003,2,2,2,,0
Flood,node3,5,2,RCS13-FP32,137,logits,32.665646000000002,2,2,2,,0
Flood,node3,5,2,RCS13-FP32,138,logits,32.444969999999998,2,2,2,,0
Flood,node3,5,2,RCS13-FP32,139,logits,32.624653000000002,2,2,2,,0
Flood,node3,5,2,RCS13-FP32,140,logits,32.481251999999998,2,2,2,,0
Flood,node3,5,2,RCS13-FP32,141,logits,36.354706,2,2,2,,0
Flood,node3,5,2,RCS13-FP32,142,logits,33.097386,2,2,2,,0
Flood,node3,5,2,RCS13-FP32,143,logits,33.152560000000001,2,2,2,,0
Flood,node3,5,2,RCS13-FP32,144,logits,32.996918000000001,2,2,2,,0
Flood,node3,5,2,RCS13-FP32,145,logits,32.298180000000002,2,2,2,,0
Flood,node3,5,2,RCS13-FP32,146,logits,33.445241000000003,2,2,2,,0
Flood,node3,5,2,RCS13-FP32,147,logits,32.074143999999997,2,2,2,,0
Flood,node3,5,2,RCS13-FP32,148,logits,33.160800000000002,2,2,2,,0
Flood,node3,5,2,RCS13-FP32,149,logits,33.070464999999999,2,2,2,,0
Flood,node3,5,2,RCS13-FP32,150,logits,32.907192000000002,2,2,2,,0
Flood,node3,5,2,RCS13-FP32,151,logits,32.607241999999999,2,2,2,,0
Flood,node3,5,2,RCS13-FP32,152,logits,32.405287000000001,2,2,2,,0
Flood,node3,5,2,RCS13-FP32,153,logits,32.734881000000001,2,2,2,,0
Flood,node3,5,2,RCS13-FP32,154,logits,32.310789999999997,2,2,2,,0
Flood,node3,5,2,RCS13-FP32,155,logits,34.164910999999996,2,2,2,,0
Flood,node3,5,2,RCS13-FP32,156,logits,33.286839999999998,2,2,2,,0
Flood,node3,5,2,RCS13-FP32,157,logits,32.779913000000001,2,2,2,,0
Flood,node3,5,2,RCS13-FP32,158,logits,32.984358,2,2,2,,0
Flood,node3,5,2,RCS13-FP32,159,logits,33.003349,2,2,2,,0
Flood,node3,5,2,RCS13-FP32,160,logits,32.623333000000002,2,2,2,,0
Flood,node3,5,2,RCS13-FP32,161,logits,32.549836999999997,2,2,2,,0
Flood,node3,5,2,RCS13-FP32,162,logits,32.462522,2,2,2,,0
Flood,node3,5,2,RCS13-FP32,163,logits,32.617491000000001,2,2,2,,0
Flood,node3,5,2,RCS13-FP32,164,logits,32.350994,2,2,2,,0
Flood,node3,5,2,RCS13-FP32,165,logits,32.177771,2,2,2,,0
Flood,node3,5,2,RCS13-FP32,166,logits,32.831496999999999,2,2,2,,0
Flood,node3,5,2,RCS13-FP32,167,logits,33.173932000000001,2,2,2,,0
Flood,node3,5,2,RCS13-FP32,168,logits,36.037993,2,2,2,,0
Flood,node3,5,2,RCS13-FP32,169,logits,34.14367,2,2,2,,0
Flood,node3,5,2,RCS13-FP32,170,logits,33.706229,2,2,2,,0
Flood,node3,5,2,RCS13-FP32,171,logits,33.292850000000001,2,2,2,,0
Flood,node3,5,2,RCS13-FP32,172,logits,33.070213000000003,2,2,2,,0
Flood,node3,5,2,RCS13-FP32,173,logits,33.470151999999999,2,2,2,,0
Flood,node3,5,2,RCS13-FP32,174,logits,33.097915999999998,2,2,2,,0
Flood,node3,5,2,RCS13-FP32,175,logits,33.592111000000003,2,2,2,,0
Flood,node3,5,2,RCS13-FP32,176,logits,33.679406999999998,2,2,2,,0
Flood,node3,5,2,RCS13-FP32,177,logits,33.229044999999999,2,2,2,,0
Flood,node3,5,2,RCS13-FP32,178,logits,32.588859999999997,2,2,2,,0
Flood,node3,5,2,RCS13-FP32,179,logits,33.556547999999999,2,2,2,,0
Flood,node3,5,2,RCS13-FP32,180,logits,33.117637000000002,2,2,2,,0
Flood,node3,5,2,RCS13-FP32,181,logits,33.019590999999998,2,2,2,,0
Flood,node3,5,2,RCS13-FP32,182,logits,32.833506999999997,2,2,2,,0
Flood,node3,5,2,RCS13-FP32,183,logits,32.998328999999998,2,2,2,,0
Flood,node3,5,2,RCS13-FP32,184,logits,32.620612000000001,2,2,2,,0
Flood,node3,5,2,RCS13-FP32,185,logits,32.968297,2,2,2,,0
Flood,node3,5,2,RCS13-FP32,186,logits,34.710749999999997,2,2,2,,0
Flood,node3,5,2,RCS13-FP32,187,logits,33.403146999999997,2,2,2,,0
Flood,node3,5,2,RCS13-FP32,188,logits,32.979407000000002,2,2,2,,0
Flood,node3,5,2,RCS13-FP32,189,logits,32.980068000000003,2,2,2,,0
Flood,node3,5,2,RCS13-FP32,190,logits,32.922663999999997,2,2,2,,0
Flood,node3,5,2,RCS13-FP32,191,logits,32.754181000000003,2,2,2,,0
Flood,node3,5,2,RCS13-FP32,192,logits,32.845937999999997,2,2,2,,0
Flood,node3,5,2,RCS13-FP32,193,logits,33.092385,2,2,2,,0
Flood,node3,5,2,RCS13-FP32,194,logits,34.102676000000002,2,2,2,,0
Flood,node3,5,2,RCS13-FP32,195,logits,33.609983,2,2,2,,0
Flood,node3,5,2,RCS13-FP32,196,logits,33.488843000000003,2,2,2,,0
Flood,node3,5,2,RCS13-FP32,197,logits,33.145679999999999,2,2,2,,0
Flood,node3,5,2,RCS13-FP32,198,logits,33.547626999999999,2,2,2,,0
Flood,node3,5,2,RCS13-FP32,199,logits,33.075724000000001,2,2,2,,0
Flood,node3,5,3,MP-RCS-Opt,0,logits,38.052903000000001,2,2,2,,0
Flood,node3,5,3,MP-RCS-Opt,1,logits,37.708706999999997,2,2,2,,0
Flood,node3,5,3,MP-RCS-Opt,2,logits,37.536915,2,2,2,,0
Flood,node3,5,3,MP-RCS-Opt,3,logits,38.351263000000003,2,2,2,,0
Flood,node3,5,3,MP-RCS-Opt,4,logits,38.863388999999998,2,2,2,,0
Flood,node3,5,3,MP-RCS-Opt,5,logits,38.479861999999997,2,2,2,,0
Flood,node3,5,3,MP-RCS-Opt,6,logits,38.605690000000003,2,2,2,,0
Flood,node3,5,3,MP-RCS-Opt,7,logits,37.988548000000002,2,2,2,,0
Flood,node3,5,3,MP-RCS-Opt,8,logits,40.229154999999999,2,2,2,,0
Flood,node3,5,3,MP-RCS-Opt,9,logits,38.294868999999998,2,2,2,,0
Flood,node3,5,3,MP-RCS-Opt,10,logits,38.581149000000003,2,2,2,,0
Flood,node3,5,3,MP-RCS-Opt,11,logits,37.278436999999997,2,2,2,,0
Flood,node3,5,3,MP-RCS-Opt,12,logits,38.089024000000002,2,2,2,,0
Flood,node3,5,3,MP-RCS-Opt,13,logits,37.432969,2,2,2,,0
Flood,node3,5,3,MP-RCS-Opt,14,logits,38.060071999999998,2,2,2,,0
Flood,node3,5,3,MP-RCS-Opt,15,logits,37.602449999999997,2,2,2,,0
Flood,node3,5,3,MP-RCS-Opt,16,logits,37.673974999999999,2,2,2,,0
Flood,node3,5,3,MP-RCS-Opt,17,logits,39.366624999999999,2,2,2,,0
Flood,node3,5,3,MP-RCS-Opt,18,logits,38.405726000000001,2,2,2,,0
Flood,node3,5,3,MP-RCS-Opt,19,logits,38.398105999999999,2,2,2,,0
Flood,node3,5,3,MP-RCS-Opt,20,logits,38.386035,2,2,2,,0
Flood,node3,5,3,MP-RCS-Opt,21,logits,37.506984000000003,2,2,2,,0
Flood,node3,5,3,MP-RCS-Opt,22,logits,39.608961000000001,2,2,2,,0
Flood,node3,5,3,MP-RCS-Opt,23,logits,39.105795999999998,2,2,2,,0
Flood,node3,5,3,MP-RCS-Opt,24,logits,38.777622999999998,2,2,2,,0
Flood,node3,5,3,MP-RCS-Opt,25,logits,38.622992000000004,2,2,2,,0
Flood,node3,5,3,MP-RCS-Opt,26,logits,38.937054000000003,2,2,2,,0
Flood,node3,5,3,MP-RCS-Opt,27,logits,37.478031000000001,2,2,2,,0
Flood,node3,5,3,MP-RCS-Opt,28,logits,37.681624999999997,2,2,2,,0
Flood,node3,5,3,MP-RCS-Opt,29,logits,37.480741000000002,2,2,2,,0
Flood,node3,5,3,MP-RCS-Opt,30,logits,39.097965000000002,2,2,2,,0
Flood,node3,5,3,MP-RCS-Opt,31,logits,38.665004000000003,2,2,2,,0
Flood,node3,5,3,MP-RCS-Opt,32,logits,37.875050000000002,2,2,2,,0
Flood,node3,5,3,MP-RCS-Opt,33,logits,37.608499999999999,2,2,2,,0
Flood,node3,5,3,MP-RCS-Opt,34,logits,39.010728999999998,2,2,2,,0
Flood,node3,5,3,MP-RCS-Opt,35,logits,38.240575,2,2,2,,0
Flood,node3,5,3,MP-RCS-Opt,36,logits,37.635762999999997,2,2,2,,0
Flood,node3,5,3,MP-RCS-Opt,37,logits,37.131915999999997,2,2,2,,0
Flood,node3,5,3,MP-RCS-Opt,38,logits,36.356923000000002,2,2,2,,0
Flood,node3,5,3,MP-RCS-Opt,39,logits,39.954095000000002,2,2,2,,0
Flood,node3,5,3,MP-RCS-Opt,40,logits,38.427069000000003,2,2,2,,0
Flood,node3,5,3,MP-RCS-Opt,41,logits,37.383733999999997,2,2,2,,0
Flood,node3,5,3,MP-RCS-Opt,42,logits,38.472661000000002,2,2,2,,0
Flood,node3,5,3,MP-RCS-Opt,43,logits,38.680346,2,2,2,,0
Flood,node3,5,3,MP-RCS-Opt,44,logits,37.932813000000003,2,2,2,,0
Flood,node3,5,3,MP-RCS-Opt,45,logits,38.639384,2,2,2,,0
Flood,node3,5,3,MP-RCS-Opt,46,logits,38.914442000000001,2,2,2,,0
Flood,node3,5,3,MP-RCS-Opt,47,logits,38.476461999999998,2,2,2,,0
Flood,node3,5,3,MP-RCS-Opt,48,logits,37.482481,2,2,2,,0
Flood,node3,5,3,MP-RCS-Opt,49,logits,37.665044999999999,2,2,2,,0
Flood,node3,5,3,MP-RCS-Opt,50,logits,37.89387,2,2,2,,0
Flood,node3,5,3,MP-RCS-Opt,51,logits,37.557896999999997,2,2,2,,0
Flood,node3,5,3,MP-RCS-Opt,52,logits,37.857847999999997,2,2,2,,0
Flood,node3,5,3,MP-RCS-Opt,53,logits,39.047811000000003,2,2,2,,0
Flood,node3,5,3,MP-RCS-Opt,54,logits,37.121115000000003,2,2,2,,0
Flood,node3,5,3,MP-RCS-Opt,55,logits,38.842827999999997,2,2,2,,0
Flood,node3,5,3,MP-RCS-Opt,56,logits,38.893821000000003,2,2,2,,0
Flood,node3,5,3,MP-RCS-Opt,57,logits,39.735309999999998,2,2,2,,0
Flood,node3,5,3,MP-RCS-Opt,58,logits,38.856158000000001,2,2,2,,0
Flood,node3,5,3,MP-RCS-Opt,59,logits,38.036771000000002,2,2,2,,0
Flood,node3,5,3,MP-RCS-Opt,60,logits,38.053590999999997,2,2,2,,0
Flood,node3,5,3,MP-RCS-Opt,61,logits,37.947144000000002,2,2,2,,0
Flood,node3,5,3,MP-RCS-Opt,62,logits,37.816676000000001,2,2,2,,0
Flood,node3,5,3,MP-RCS-Opt,63,logits,37.969074999999997,2,2,2,,0
Flood,node3,5,3,MP-RCS-Opt,64,logits,37.515493999999997,2,2,2,,0
Flood,node3,5,3,MP-RCS-Opt,65,logits,38.529525,2,2,2,,0
Flood,node3,5,3,MP-RCS-Opt,66,logits,37.924081999999999,2,2,2,,0
Flood,node3,5,3,MP-RCS-Opt,67,logits,37.937213999999997,2,2,2,,0
Flood,node3,5,3,MP-RCS-Opt,68,logits,38.031590000000001,2,2,2,,0
Flood,node3,5,3,MP-RCS-Opt,69,logits,37.527735,2,2,2,,0
Flood,node3,5,3,MP-RCS-Opt,70,logits,38.248134999999998,2,2,2,,0
Flood,node3,5,3,MP-RCS-Opt,71,logits,38.861009000000003,2,2,2,,0
Flood,node3,5,3,MP-RCS-Opt,72,logits,38.431837999999999,2,2,2,,0
Flood,node3,5,3,MP-RCS-Opt,73,logits,38.239794000000003,2,2,2,,0
Flood,node3,5,3,MP-RCS-Opt,74,logits,37.819344999999998,2,2,2,,0
Flood,node3,5,3,MP-RCS-Opt,75,logits,37.507243000000003,2,2,2,,0
Flood,node3,5,3,MP-RCS-Opt,76,logits,37.794553000000001,2,2,2,,0
Flood,node3,5,3,MP-RCS-Opt,77,logits,37.856166999999999,2,2,2,,0
Flood,node3,5,3,MP-RCS-Opt,78,logits,38.496673000000001,2,2,2,,0
Flood,node3,5,3,MP-RCS-Opt,79,logits,37.292898000000001,2,2,2,,0
Flood,node3,5,3,MP-RCS-Opt,80,logits,36.987026,2,2,2,,0
Flood,node3,5,3,MP-RCS-Opt,81,logits,38.081164000000001,2,2,2,,0
Flood,node3,5,3,MP-RCS-Opt,82,logits,37.341600999999997,2,2,2,,0
Flood,node3,5,3,MP-RCS-Opt,83,logits,37.660094000000001,2,2,2,,0
Flood,node3,5,3,MP-RCS-Opt,84,logits,42.324241999999998,2,2,2,,0
Flood,node3,5,3,MP-RCS-Opt,85,logits,41.637962999999999,2,2,2,,0
Flood,node3,5,3,MP-RCS-Opt,86,logits,37.765740999999998,2,2,2,,0
Flood,node3,5,3,MP-RCS-Opt,87,logits,38.576627999999999,2,2,2,,0
Flood,node3,5,3,MP-RCS-Opt,88,logits,38.353743000000001,2,2,2,,0
Flood,node3,5,3,MP-RCS-Opt,89,logits,38.133266999999996,2,2,2,,0
Flood,node3,5,3,MP-RCS-Opt,90,logits,37.066091999999998,2,2,2,,0
Flood,node3,5,3,MP-RCS-Opt,91,logits,37.938772999999998,2,2,2,,0
Flood,node3,5,3,MP-RCS-Opt,92,logits,38.363143999999998,2,2,2,,0
Flood,node3,5,3,MP-RCS-Opt,93,logits,37.096494,2,2,2,,0
Flood,node3,5,3,MP-RCS-Opt,94,logits,39.200062000000003,2,2,2,,0
Flood,node3,5,3,MP-RCS-Opt,95,logits,37.336441000000001,2,2,2,,0
Flood,node3,5,3,MP-RCS-Opt,96,logits,38.530304999999998,2,2,2,,0
Flood,node3,5,3,MP-RCS-Opt,97,logits,38.363933000000003,2,2,2,,0
Flood,node3,5,3,MP-RCS-Opt,98,logits,37.854377999999997,2,2,2,,0
Flood,node3,5,3,MP-RCS-Opt,99,logits,39.866588999999998,2,2,2,,0
Flood,node3,5,3,MP-RCS-Opt,100,logits,41.066713999999997,2,2,2,,0
Flood,node3,5,3,MP-RCS-Opt,101,logits,40.467542000000002,2,2,2,,0
Flood,node3,5,3,MP-RCS-Opt,102,logits,38.423777000000001,2,2,2,,0
Flood,node3,5,3,MP-RCS-Opt,103,logits,39.134818000000003,2,2,2,,0
Flood,node3,5,3,MP-RCS-Opt,104,logits,38.233283999999998,2,2,2,,0
Flood,node3,5,3,MP-RCS-Opt,105,logits,37.794342999999998,2,2,2,,0
Flood,node3,5,3,MP-RCS-Opt,106,logits,37.976266000000003,2,2,2,,0
Flood,node3,5,3,MP-RCS-Opt,107,logits,37.383344000000001,2,2,2,,0
Flood,node3,5,3,MP-RCS-Opt,108,logits,37.975805999999999,2,2,2,,0
Flood,node3,5,3,MP-RCS-Opt,109,logits,37.749119999999998,2,2,2,,0
Flood,node3,5,3,MP-RCS-Opt,110,logits,38.02948,2,2,2,,0
Flood,node3,5,3,MP-RCS-Opt,111,logits,38.615011000000003,2,2,2,,0
Flood,node3,5,3,MP-RCS-Opt,112,logits,39.134346999999998,2,2,2,,0
Flood,node3,5,3,MP-RCS-Opt,113,logits,37.964835999999998,2,2,2,,0
Flood,node3,5,3,MP-RCS-Opt,114,logits,39.258265999999999,2,2,2,,0
Flood,node3,5,3,MP-RCS-Opt,115,logits,39.725718999999998,2,2,2,,0
Flood,node3,5,3,MP-RCS-Opt,116,logits,39.275198000000003,2,2,2,,0
Flood,node3,5,3,MP-RCS-Opt,117,logits,38.014018,2,2,2,,0
Flood,node3,5,3,MP-RCS-Opt,118,logits,38.364682999999999,2,2,2,,0
Flood,node3,5,3,MP-RCS-Opt,119,logits,37.493690999999998,2,2,2,,0
Flood,node3,5,3,MP-RCS-Opt,120,logits,38.186490999999997,2,2,2,,0
Flood,node3,5,3,MP-RCS-Opt,121,logits,37.988377,2,2,2,,0
Flood,node3,5,3,MP-RCS-Opt,122,logits,37.916291999999999,2,2,2,,0
Flood,node3,5,3,MP-RCS-Opt,123,logits,37.425877,2,2,2,,0
Flood,node3,5,3,MP-RCS-Opt,124,logits,39.094054,2,2,2,,0
Flood,node3,5,3,MP-RCS-Opt,125,logits,39.647163999999997,2,2,2,,0
Flood,node3,5,3,MP-RCS-Opt,126,logits,38.835357000000002,2,2,2,,0
Flood,node3,5,3,MP-RCS-Opt,127,logits,39.314959999999999,2,2,2,,0
Flood,node3,5,3,MP-RCS-Opt,128,logits,38.726998999999999,2,2,2,,0
Flood,node3,5,3,MP-RCS-Opt,129,logits,38.46067,2,2,2,,0
Flood,node3,5,3,MP-RCS-Opt,130,logits,38.607010000000002,2,2,2,,0
Flood,node3,5,3,MP-RCS-Opt,131,logits,38.973666000000001,2,2,2,,0
Flood,node3,5,3,MP-RCS-Opt,132,logits,37.493431999999999,2,2,2,,0
Flood,node3,5,3,MP-RCS-Opt,133,logits,38.075963000000002,2,2,2,,0
Flood,node3,5,3,MP-RCS-Opt,134,logits,38.013049000000002,2,2,2,,0
Flood,node3,5,3,MP-RCS-Opt,135,logits,38.399115000000002,2,2,2,,0
Flood,node3,5,3,MP-RCS-Opt,136,logits,37.406435999999999,2,2,2,,0
Flood,node3,5,3,MP-RCS-Opt,137,logits,39.959445000000002,2,2,2,,0
Flood,node3,5,3,MP-RCS-Opt,138,logits,39.323130999999997,2,2,2,,0
Flood,node3,5,3,MP-RCS-Opt,139,logits,38.723438000000002,2,2,2,,0
Flood,node3,5,3,MP-RCS-Opt,140,logits,38.178440000000002,2,2,2,,0
Flood,node3,5,3,MP-RCS-Opt,141,logits,38.359392999999997,2,2,2,,0
Flood,node3,5,3,MP-RCS-Opt,142,logits,39.189661999999998,2,2,2,,0
Flood,node3,5,3,MP-RCS-Opt,143,logits,37.843516000000001,2,2,2,,0
Flood,node3,5,3,MP-RCS-Opt,144,logits,37.943973999999997,2,2,2,,0
Flood,node3,5,3,MP-RCS-Opt,145,logits,37.722797,2,2,2,,0
Flood,node3,5,3,MP-RCS-Opt,146,logits,38.069372999999999,2,2,2,,0
Flood,node3,5,3,MP-RCS-Opt,147,logits,37.706637000000001,2,2,2,,0
Flood,node3,5,3,MP-RCS-Opt,148,logits,37.730598000000001,2,2,2,,0
Flood,node3,5,3,MP-RCS-Opt,149,logits,37.286377999999999,2,2,2,,0
Flood,node3,5,3,MP-RCS-Opt,150,logits,38.844856,2,2,2,,0
Flood,node3,5,3,MP-RCS-Opt,151,logits,37.621541000000001,2,2,2,,0
Flood,node3,5,3,MP-RCS-Opt,152,logits,36.575516999999998,2,2,2,,0
Flood,node3,5,3,MP-RCS-Opt,153,logits,37.972096000000001,2,2,2,,0
Flood,node3,5,3,MP-RCS-Opt,154,logits,36.991715999999997,2,2,2,,0
Flood,node3,5,3,MP-RCS-Opt,155,logits,37.229042999999997,2,2,2,,0
Flood,node3,5,3,MP-RCS-Opt,156,logits,37.578367,2,2,2,,0
Flood,node3,5,3,MP-RCS-Opt,157,logits,37.927923,2,2,2,,0
Flood,node3,5,3,MP-RCS-Opt,158,logits,37.965124000000003,2,2,2,,0
Flood,node3,5,3,MP-RCS-Opt,159,logits,37.789793000000003,2,2,2,,0
Flood,node3,5,3,MP-RCS-Opt,160,logits,38.389294999999997,2,2,2,,0
Flood,node3,5,3,MP-RCS-Opt,161,logits,37.033309000000003,2,2,2,,0
Flood,node3,5,3,MP-RCS-Opt,162,logits,38.231594000000001,2,2,2,,0
Flood,node3,5,3,MP-RCS-Opt,163,logits,38.385213999999998,2,2,2,,0
Flood,node3,5,3,MP-RCS-Opt,164,logits,36.912661,2,2,2,,0
Flood,node3,5,3,MP-RCS-Opt,165,logits,38.135477000000002,2,2,2,,0
Flood,node3,5,3,MP-RCS-Opt,166,logits,38.901251000000002,2,2,2,,0
Flood,node3,5,3,MP-RCS-Opt,167,logits,37.484611000000001,2,2,2,,0
Flood,node3,5,3,MP-RCS-Opt,168,logits,37.18336,2,2,2,,0
Flood,node3,5,3,MP-RCS-Opt,169,logits,37.959414000000002,2,2,2,,0
Flood,node3,5,3,MP-RCS-Opt,170,logits,38.036630000000002,2,2,2,,0
Flood,node3,5,3,MP-RCS-Opt,171,logits,38.085583,2,2,2,,0
Flood,node3,5,3,MP-RCS-Opt,172,logits,37.600048999999999,2,2,2,,0
Flood,node3,5,3,MP-RCS-Opt,173,logits,37.837167000000001,2,2,2,,0
Flood,node3,5,3,MP-RCS-Opt,174,logits,38.303607999999997,2,2,2,,0
Flood,node3,5,3,MP-RCS-Opt,175,logits,37.567036999999999,2,2,2,,0
Flood,node3,5,3,MP-RCS-Opt,176,logits,38.370373999999998,2,2,2,,0
Flood,node3,5,3,MP-RCS-Opt,177,logits,38.863157000000001,2,2,2,,0
Flood,node3,5,3,MP-RCS-Opt,178,logits,37.915111000000003,2,2,2,,0
Flood,node3,5,3,MP-RCS-Opt,179,logits,38.164138999999999,2,2,2,,0
Flood,node3,5,3,MP-RCS-Opt,180,logits,37.768731000000002,2,2,2,,0
Flood,node3,5,3,MP-RCS-Opt,181,logits,37.889960000000002,2,2,2,,0
Flood,node3,5,3,MP-RCS-Opt,182,logits,37.679243999999997,2,2,2,,0
Flood,node3,5,3,MP-RCS-Opt,183,logits,38.120196,2,2,2,,0
Flood,node3,5,3,MP-RCS-Opt,184,logits,37.180509999999998,2,2,2,,0
Flood,node3,5,3,MP-RCS-Opt,185,logits,38.278447,2,2,2,,0
Flood,node3,5,3,MP-RCS-Opt,186,logits,37.453018,2,2,2,,0
Flood,node3,5,3,MP-RCS-Opt,187,logits,37.403444999999998,2,2,2,,0
Flood,node3,5,3,MP-RCS-Opt,188,logits,38.100794,2,2,2,,0
Flood,node3,5,3,MP-RCS-Opt,189,logits,37.546464999999998,2,2,2,,0
Flood,node3,5,3,MP-RCS-Opt,190,logits,38.782091999999999,2,2,2,,0
Flood,node3,5,3,MP-RCS-Opt,191,logits,40.929104000000002,2,2,2,,0
Flood,node3,5,3,MP-RCS-Opt,192,logits,40.104275000000001,2,2,2,,0
Flood,node3,5,3,MP-RCS-Opt,193,logits,39.585858000000002,2,2,2,,0
Flood,node3,5,3,MP-RCS-Opt,194,logits,37.911180999999999,2,2,2,,0
Flood,node3,5,3,MP-RCS-Opt,195,logits,38.524385000000002,2,2,2,,0
Flood,node3,5,3,MP-RCS-Opt,196,logits,37.561765999999999,2,2,2,,0
Flood,node3,5,3,MP-RCS-Opt,197,logits,38.281697000000001,2,2,2,,0
Flood,node3,5,3,MP-RCS-Opt,198,logits,37.586458,2,2,2,,0
Flood,node3,5,3,MP-RCS-Opt,199,logits,37.804693,2,2,2,,0
