variant,sample_index,sample_id,region,coverage_bin,source_manifest_coverage_bin,tn,fp,fn,tp,valid_pixels,water_pixels,water_coverage,background_iou,water_iou,miou,boundary_intersection,boundary_union,boundary_water_iou,pixel_accuracy,agreement,changed_valid_pixels,diagnostic_elapsed_ms,logits_sha256,prediction_sha256
Mono-FP32,0,Ghana_313799,Ghana,"(1,10%]","(1,10%]",43717,241,1706,1166,46830,2872,0.061328208413410204,0.9573624737210932,0.3745583038869258,0.6659603888040095,1368,6435,0.2125874125874126,0.9584240871236387,1.0,0,667.200317,9d13bade79b6e6fb0da2d80b6f44c377044d6432574b574ed9278808e8c662dd,fc854e9682c55fe66e8bb60618017e10c2090ac3b4e46508b165d6d2c3ab2f3f
Mono-FP32,1,Ghana_1078550,Ghana,"(0,1%]","(0,1%]",49935,1,228,12,50176,240,0.0047831632653061226,0.9954349732876167,0.04979253112033195,0.5226137522039743,45,1606,0.028019925280199254,0.9954360650510204,1.0,0,20.585386,19da4e660636d74937feae3e787d7ae91b4093262e13618814fb5cb482d0dbc1,71b9794c38a3c80937b4c775d0923eb9db39475574a112eafbd67855bd530720
Mono-FP32,2,Ghana_97059,Ghana,0%,0%,5298,21,0,0,5319,0,0.0,0.9960518894529047,0.0,0.49802594472645234,0,81,0.0,0.9960518894529047,1.0,0,19.589269,ed20586f518543f9b9f7f15dab5b4d694d03bfd1feccbb53bfae08f11068f362,9ce8ab6005343887551bf14e7a52972f0c42df5f96fc444b9d57166570b229f4
Mono-FP32,3,Ghana_359826,Ghana,"(1,10%]","(1,10%]",49400,107,328,341,50176,669,0.013333067602040817,0.991271194943313,0.43943298969072164,0.7153520923170174,864,2756,0.3134978229317852,0.9913305165816326,1.0,0,19.486061,fa3a323eaf334ba05ac494a6e40f5da6ec1e8284e5a87fac86590a4f04be4aab,8878137117f5b3fee45b7887815402c37312363f292518e9340cf3385ee4cffc
Mono-FP32,4,Ghana_319168,Ghana,"(10,50%]","(10,40%]",24630,591,1924,5648,32793,7572,0.23090293660232367,0.9073494197826487,0.691902486830822,0.7996259533067354,2352,6856,0.34305717619603265,0.9233068032811881,1.0,0,19.435879,668714503a8e79e51d7fdb134e8604fc11607713d2422994e0dc04662575ad8a,c7e46a7fa4429f77729dacec277e9eed4e956860fe77886b81ed4c996f53f25e
Mono-FP32,5,Ghana_866994,Ghana,"(50,100%]",>40%,225,2013,11145,9184,22567,20329,0.9008286435946293,0.016812373907195696,0.4110643630829827,0.2139383684950892,381,6188,0.061570782159017456,0.4169362343244561,1.0,0,19.490142,8cc29c6671207e625386744b06f6efaea15b3dc404b445e78800a48c09cd41f7,a4b91e4df89030250f768ec0723bb9d83e4b2b964627053fa41df33c2b660f11
Mono-FP32,6,Ghana_406026,Ghana,"(1,10%]","(1,10%]",49309,46,231,590,50176,821,0.016362404336734693,0.9944137458153511,0.6805074971164936,0.8374606214659224,606,1159,0.5228645383951682,0.9944794323979592,1.0,0,18.859159,e54598adf5ebd80208b1d9892ac7575a8bb4af5b562cbbe4cb26cb3cf7c222b4,db43472d8a7a2eaf08d53e0e9068b7d68cb48c5cd549d86a7e14d17987449bbd
Mono-FP32,7,Ghana_53713,Ghana,0%,0%,50176,0,0,0,50176,0,0.0,1.0,nan,1.0,0,0,nan,1.0,1.0,0,19.140098,844dc8aea673d8df99f2b2fb21bb31c38155425177b1de2b8eda910c4fdea918,6182ba8a831d4fd5a1e469cd7bbb745b23b455feadb8ba253e060b8250109906
Mono-FP32,8,Ghana_83483,Ghana,no-valid-pixels,no-valid-pixels,0,0,0,0,0,0,nan,nan,nan,nan,0,0,nan,nan,nan,0,19.252746,b5292ca2add126deae846810a962709c4a5f49ff58509804bc84bdb5a4c683aa,11f5f4fa4c4e595e6d57cb89ca3cb8eee8e0beed59a6838a79d1933a6a2622d7
Mono-FP32,9,Ghana_167233,Ghana,0%,0%,50176,0,0,0,50176,0,0.0,1.0,nan,1.0,0,0,nan,1.0,1.0,0,19.926841,710c146d45a302fa34ae0bf46f50167a0405d7e276f26cb27d9baa0c69b11c28,6182ba8a831d4fd5a1e469cd7bbb745b23b455feadb8ba253e060b8250109906
Mono-FP32,10,Ghana_141271,Ghana,"(0,1%]","(0,1%]",49865,0,311,0,50176,311,0.006198182397959184,0.9938018176020408,0.0,0.4969009088010204,0,1325,0.0,0.9938018176020408,1.0,0,19.560627,086d226ddc658253a2590120ff47170921d2e02afded12f8329765fa1efa7a1f,6182ba8a831d4fd5a1e469cd7bbb745b23b455feadb8ba253e060b8250109906
Mono-FP32,11,India_900498,India,"(10,50%]",>40%,23748,2661,1809,21932,50150,23741,0.4733998005982054,0.8415904741654263,0.8306946443451254,0.8361425592552758,10760,21291,0.5053778591893289,0.9108673978065802,1.0,0,18.977618,fd77ff251e4aaa9831e8a5855d95e5ac72ea02eaed5e6a63fbadd35aaa4e7ca0,7dffbc85c6c7d42e66327f6ced22cba8a31490df57e4b4d4ef3170953e7e6179
Mono-FP32,12,India_591317,India,"(10,50%]",>40%,23979,1156,1283,20689,47107,21972,0.46642749485214513,0.9076765841471723,0.8945434105845728,0.9011099973658725,2993,10377,0.28842632745494845,0.9482242554185153,1.0,0,19.292489,e2af5b316dbb3603600232e0550404370d8c0eb44f512cab25416909a4fc1978,9a13e98e2608f032382b3be046b4ffbb190a331233d3ac710fd4c178be3fff58
Mono-FP32,13,India_747992,India,"(10,50%]",>40%,26153,1497,4347,18169,50166,22516,0.448829884782522,0.817357877300997,0.7566318244284346,0.7869948508647158,10370,28676,0.36162644720323617,0.8835067575648846,1.0,0,19.493572,49545aa1a8e1c111326c2a81f1d35e461fdb7fbf306b1ccd260212f87a79ecf8,06e334158698b30420feb070a80ecd64ffa9815dfea058a80044ca601382fd2b
Mono-FP32,14,India_79637,India,"(1,10%]","(1,10%]",49144,22,948,62,50176,1010,0.020129145408163265,0.9806441313804526,0.060077519379844964,0.5203608253801488,231,6403,0.03607683898172732,0.9806680484693877,1.0,0,19.830156,0b55ddc1a0ac70053e0de3ab2c9423966730439fcb17184e4d10b86366f68ffc,9b3dc0cb20a21e4c847ec6a29be12c0794af628b5e5ba9301054aee0442bcb16
Mono-FP32,15,India_952728,India,"(1,10%]","(1,10%]",34628,365,880,193,36066,1073,0.02975101203349415,0.9652942324310763,0.13421418636995827,0.5497542094005172,911,6701,0.1359498582301149,0.9654799534187323,1.0,0,19.748709,9450b184f52b41d8af648b911a1fe875cb24235e0af24529ba6ccd5b5919fffb,9e60c4d99ebc792584c7deb9bd69d8151255dd286363c96acd3b7e57adb02d19
Mono-FP32,16,India_828067,India,"(1,10%]","(1,10%]",33649,117,1181,176,35123,1357,0.038635651852062754,0.9628580421781555,0.11940298507462686,0.5411305136263912,771,4896,0.15747549019607843,0.963044159098027,1.0,0,25.367761,fc2fd5b3ef77a7622ce4a345be4736304c0f408ca0dd13039c50817b19cad261,1d7d527775a132c689f6cf5d0df1a34a5c36f80ae7a0293b08f48f1ce455e3be
Mono-FP32,17,India_570384,India,"(1,10%]","(1,10%]",43266,239,1387,1420,46312,2807,0.06061064087061669,0.9637797380379578,0.4661851608667104,0.7149824494523341,2670,10193,0.2619444716962621,0.9648903092071169,1.0,0,19.235134,2212a529c8736f4fce66f45e2b350202ec992dc8f0b567ecf295ba22864fa6ce,a05fdf6950e517425058f2dbe399d9939fcf10407b9f0022a6ff7662a43de6cf
Mono-FP32,18,India_44475,India,0%,0%,49795,0,0,0,49795,0,0.0,1.0,nan,1.0,0,0,nan,1.0,1.0,0,19.093545,32f9e4d764c2394d0fe33345c1c83e5d0ecf146373ae80f12c58405225a0caf1,6182ba8a831d4fd5a1e469cd7bbb745b23b455feadb8ba253e060b8250109906
Mono-FP32,19,India_80221,India,"(50,100%]",>40%,6408,786,995,20925,29114,21920,0.752902383732912,0.7825131273659788,0.9215625825772924,0.8520378549716356,4189,8353,0.50149646833473,0.9388266813217009,1.0,0,19.138308,86bf4e3b9b579eac380a58ed963e8eeab2701300f6491714342e91ab69c5b0f3,d6c8901af3752719b300fa5694fd645bcca3ec46d8a658fe1a2a61b4daf8f31d
Mono-FP32,20,India_1018327,India,"(10,50%]","(10,40%]",42240,971,2470,4494,50175,6964,0.1387942202291978,0.9246732777303474,0.566351606805293,0.7455124422678201,7238,19545,0.37032489127654133,0.9314200298953662,1.0,0,18.883041,e29d055398fdfe423e44364d34b9d35f814c4aa14ab7a7e54f56d3f222e4ff7b,595f1545ef22733e3d33066576fef3371655faef7a9cf11d1206872f2727bccc
Mono-FP32,21,India_592446,India,"(1,10%]","(1,10%]",41114,127,1043,664,42948,1707,0.03974573903324951,0.9723299593226753,0.36205016357688113,0.6671900614497782,1507,4614,0.3266146510619853,0.9727577535624476,1.0,0,19.141448,b585b7cdd37865089555c77f98696409918ce4263b957ed6ad45197b1c25de1c,c429cfe5f9a0b88a939cd6edc0b3a0d619e0e61f48761cdc83111161e90cbb69
Mono-FP32,22,India_772630,India,"(0,1%]","(0,1%]",29571,25,250,6,29852,256,0.008575639823127429,0.9907860349795617,0.021352313167259787,0.5060691740734108,120,1608,0.07462686567164178,0.9907878869087499,1.0,0,19.130208,67221cac01091f699a0cf15e88314d2abe0e65c840a90f10fa4a48ce366eca89,edf401e2a6d9e3d73aa2fd369c5b7591494f7546a2e0097a9151289880f5b9b9
Mono-FP32,23,India_631692,India,"(0,1%]","(0,1%]",50011,0,165,0,50176,165,0.003288424744897959,0.996711575255102,0.0,0.498355787627551,0,870,0.0,0.996711575255102,1.0,0,19.258486,f764eae260f705171628693a295ee0e4cd8677b810a6889b3b3e980b0b260e35,6182ba8a831d4fd5a1e469cd7bbb745b23b455feadb8ba253e060b8250109906
Mono-FP32,24,India_399883,India,"(50,100%]",>40%,22041,2008,1920,24204,50173,26124,0.5206784525541626,0.8487427317185875,0.860372529503768,0.8545576306111777,10537,19514,0.5399713026545044,0.9217108803539752,1.0,0,19.602029,a649cd4b5cfc16be5038272b1860e425212424c8daec56c995c1068a6ac130f9,1e8d77ca6b6504a931daf9a1ec7de1dd43f2644653e5af0008f7f8c451f27b13
Mono-FP32,25,Mekong_333434,Mekong,"(1,10%]","(1,10%]",38187,55,571,60,38873,631,0.016232346358655107,0.98387138329941,0.08746355685131195,0.535667470075361,298,3031,0.09831738700098977,0.9838962776219998,1.0,0,19.615081,0004a1d136e7bb89f73d3a20ff68cf2c9d54c6a980b16ffebbec49e77f65e43c,1c322ee19d3f0f01e167e55b19df3101ab46c4127ba0972c88f74c550a0ede46
Mono-FP32,26,Mekong_45934,Mekong,"(0,1%]","(0,1%]",50059,0,60,0,50119,60,0.0011971507811408847,0.9988028492188591,0.0,0.49940142460942955,0,499,0.0,0.9988028492188591,1.0,0,19.489712,c9b5f5130f2f50b49fd0a1575e89a630e0b729c9be054818a5143e0d652790c7,6182ba8a831d4fd5a1e469cd7bbb745b23b455feadb8ba253e060b8250109906
Mono-FP32,27,Mekong_1443339,Mekong,"(50,100%]",>40%,10346,3002,1690,35136,50174,36826,0.7339657990194124,0.6879904242585451,0.8821934317565532,0.7850919280075491,9337,20745,0.4500843576765486,0.9064854307011599,1.0,0,19.381205,979f4e60f87bc6e3f45c3522fd70fb9fe936610e767ff88cc043c7cd06b77230,17639d299ebec6e7106e6ce877ab88848d3feb2263dea89a9328cd91cb4cd720
Mono-FP32,28,Mekong_382276,Mekong,"(1,10%]","(1,10%]",48197,109,120,1745,50171,1865,0.0371728687887425,0.9952711353405196,0.8839918946301925,0.939631514985356,539,1549,0.34796642995480953,0.9954356102130713,1.0,0,19.645413,ec720549fee351119b05a44a777fb531c0f72f305b0ce7df66f67e9ad07e480b,a05dc4bf9974da5a5fcb67f7db19c3cde79b14af783b4aefbf357fd8accc2a30
Mono-FP32,29,Mekong_254910,Mekong,"(0,1%]","(0,1%]",39315,0,22,0,39337,22,0.0005592698985687775,0.9994407301014312,0.0,0.4997203650507156,0,268,0.0,0.9994407301014312,1.0,0,19.550726,96835e5e7968cdecc5775e37d8f074b0d60b2cf94f9f0b6da4b75863b74c6da6,3dad708d09eed4cd7021d58230522e91e52a64cea09191f82d966213808efed5
Mono-FP32,30,Mekong_424793,Mekong,"(1,10%]","(1,10%]",48526,155,404,376,49461,780,0.015770000606538485,0.9886115921360904,0.4021390374331551,0.6953753147846228,765,2324,0.3291738382099828,0.9886981662319807,1.0,0,19.727108,737e4071d7b8dce1ad81742ba2e506dccc0c9fad899c8912446d5dfe6d370af4,3adab479b854055e2aa24b1f05406394518af1be285a2371039fc92ccc1c052a
Mono-FP32,31,Nigeria_417184,Nigeria,"(1,10%]","(1,10%]",11080,2,229,42,11353,271,0.023870342640711705,0.9795774025285121,0.15384615384615385,0.566711778187333,111,630,0.1761904761904762,0.9796529551660355,1.0,0,19.332241,a7f2fd63be4e91e5a6b6ed2874be3922d87a4324b9d74d26381be069c63df07a,64f22ae26f8a5f64fe108cf71b1953da1d1243b1764d6d19465728a79cf88786
Mono-FP32,32,Nigeria_225131,Nigeria,"(0,1%]","(0,1%]",45924,53,163,42,46182,205,0.004438958901736607,0.9953185955786736,0.16279069767441862,0.5790546466265462,259,1424,0.1818820224719101,0.9953228530596336,1.0,0,20.162757,3a5c95c1b68ad5abb4c30aa543acbdb44de67b483b8f01f013a75905883932a2,a7e0c845fe6230fe2d39cdbbcd868c1dbd95669fe12fe28487412f200babdc34
Mono-FP32,33,Nigeria_812045,Nigeria,"(50,100%]",>40%,21090,1433,678,22233,45434,22911,0.5042699300083637,0.9090125425628206,0.913284587578048,0.9111485650704343,3782,10245,0.36915568570034163,0.953536998723423,1.0,0,21.202098,02f6b2ecb6380b4b7b5ea8db2a7a5788a7af31dbfc00ee95873421b1d677fa7f,46720fd9ef15de9a97ab2b98058aab65d6050c0f3338dbe16e564499b79ca2e6
Mono-FP32,34,Nigeria_22088,Nigeria,"(0,1%]","(0,1%]",42575,1,118,6,42700,124,0.0029039812646370023,0.9972127230992646,0.048,0.5226063615496322,56,541,0.10351201478743069,0.9972131147540984,1.0,0,19.531105,83d1c66760ccc46d3d95ac86a63b6f5f89bafa782595f57ee8b82cc403c7065c,7d6e31474a17b40a095e8bc2afbe5d92efc58cf75019a659df208e249731ff7f
Mono-FP32,35,Pakistan_849790,Pakistan,"(50,100%]",>40%,13947,2431,7397,25469,49244,32866,0.6674112582243522,0.5866246056782335,0.7215627390429782,0.6540936723606059,10250,28387,0.36108077641173775,0.8004223864836325,1.0,0,19.950323,aa902347a3a4a53ddeff9fae29f798380dc6db04b54e06c54bb8a41663e8fbb7,50216d3c5dde3b7638335377651ea75c4b2e772c60f293185d7b928c3f76026b
Mono-FP32,36,Pakistan_664885,Pakistan,"(1,10%]","(1,10%]",13249,236,115,339,13939,454,0.032570485687639,0.9741911764705883,0.49130434782608695,0.7327477621483376,246,809,0.30407911001236093,0.9748188535762967,1.0,0,19.537415,7f8250c8a69550afd342c7f9245456ec67c213a44c82dfef8f417e2b2221b08a,d1392136244321a449716f697f52d7a4ca0adb0b0b6c58b06af1144bc67697a0
Mono-FP32,37,Pakistan_694942,Pakistan,"(1,10%]","(1,10%]",33223,11,627,2860,36721,3487,0.09495928760110019,0.9811582646702697,0.8176100628930818,0.8993841637816757,541,1783,0.303421200224341,0.982625745486234,1.0,0,19.509133,11482b576c2d37c293404a51400228afc862688932721df6ce7c96980b0e1072,2df94c699075907ad93e4691f54bc94a7347daa2d4687498e054130b55e7e54c
Mono-FP32,38,Pakistan_70625,Pakistan,"(1,10%]","(1,10%]",49099,189,619,269,50176,888,0.017697704081632654,0.9838098863886829,0.24976787372330547,0.6167888800559942,506,2837,0.17835741980965808,0.9838966836734694,1.0,0,19.956244,06045e7d3fb9a85a8d93d0053b0e2e1a13a6cf51a7597b6a80dd25c919528e42,5e6feead77f7ee0e53a6c3464bacb8fc53a31c2838ab91ef1c8cebe481d43bb2
Mono-FP32,39,Pakistan_528249,Pakistan,0%,0%,14780,41,0,0,14821,0,0.0,0.9972336549490588,0.0,0.4986168274745294,0,131,0.0,0.9972336549490588,1.0,0,20.19493,81c6e3483b50c2377472e8ab3955bd353a494a68dbccc90634b23dc5bfbcc0b5,005b946bab414701e27f651ec6c52301699262837fba7a27faf3b813ce5c8307
Mono-FP32,40,Pakistan_167553,Pakistan,"(0,1%]","(0,1%]",46995,0,290,0,47285,290,0.006133023157449508,0.9938669768425505,0.0,0.49693348842127527,0,942,0.0,0.9938669768425505,1.0,0,20.220702,eb8c076fd9b55812036fbca9e231317ca94255a52da2983d48b04f32acb87f82,48271f2d014e6201a475da7bd4b73481c69cbad6a1ab1d93770da28842a1fe82
Mono-FP32,41,Paraguay_913449,Paraguay,"(1,10%]","(1,10%]",49093,29,1012,42,50176,1054,0.02100605867346939,0.9792356484621215,0.038781163434903045,0.5090084059485123,267,4306,0.06200650255457501,0.9792530293367347,1.0,0,19.811663,2e29334553b34a9c8db3af0614aa5aa99e4e64499b15ef460973564ad15c587a,489da7a49fe2ef15a996863768e7fd3a8bc6ef57989557fa3eada1dde6e20671
Mono-FP32,42,Paraguay_280900,Paraguay,"(1,10%]","(1,10%]",48500,425,795,456,50176,1251,0.024932238520408163,0.9754625905068383,0.2720763723150358,0.623769481410937,2226,5297,0.42023787049273176,0.9756855867346939,1.0,0,20.076612,5bc5054789125727180c7961fc224c867ca009ae468064fd2ccd6928d8773950,b3e368098220cec6724834d413af93ad304ddc4e9554c0b86a2f4736fb3d85e6
Mono-FP32,43,Paraguay_790830,Paraguay,"(10,50%]","(10,40%]",43695,226,447,5612,49980,6059,0.12122849139655863,0.9848314100252434,0.8929196499602228,0.9388755299927332,2743,4573,0.5998250601355783,0.9865346138455382,1.0,0,20.05456,4d2fcdea6cde3a8cdb7777d43e223a6562900865d3a03ef726ca75833ef870f0,88a94bd653652bf7cc5669bd5fa4df7da0aae8c6bc04940cc68940ade6a81482
Mono-FP32,44,Paraguay_232281,Paraguay,"(10,50%]","(10,40%]",41092,3398,672,5014,50176,5686,0.11332110969387756,0.9098799876001948,0.5519594892118009,0.7309197384059979,1845,8760,0.2106164383561644,0.9188855229591837,1.0,0,20.010587,923a21f24cd6f57025e52a1732377465b6a778ce77989c5f28d9d4ce76da9deb,93f282ba845683eb80b74e88ecccf62bedcc8971865c0c90934667e6769c603f
Mono-FP32,45,Paraguay_271769,Paraguay,"(0,1%]","(0,1%]",49682,4,465,25,50176,490,0.009765625,0.9906482423082291,0.05060728744939271,0.5206277648788109,145,2083,0.06961113778204513,0.9906529017857143,1.0,0,19.948384,1d968af0fb98de78247678ad26ac64e35bd675c756fa45d9e09f3810d23d3aeb,4759748d9d3b486947c2d988f6954a8aded00249ae9ef98a2287ab46223903ec
Mono-FP32,46,Paraguay_40936,Paraguay,0%,0%,41259,0,0,0,41259,0,0.0,1.0,nan,1.0,0,0,nan,1.0,1.0,0,20.157727,66ecbdc7ed8c6a3ae809c8c4ed432953dc6446023487b47bdc2cc134dbc31a72,6182ba8a831d4fd5a1e469cd7bbb745b23b455feadb8ba253e060b8250109906
Mono-FP32,47,Paraguay_1029191,Paraguay,"(10,50%]","(10,40%]",38483,453,1326,8338,48600,9664,0.19884773662551442,0.9558144155779643,0.82415735890086,0.8899858872394122,5378,9711,0.5538049634435177,0.9633950617283951,1.0,0,20.349811,6bf61e769cf637ebc6dee7506199c476b9225ab96204618cfe1bd416c8e81fc0,b11cc540f064258ef784c0de8210ba8af9c1469352f89adddb1da76e7fb662f3
Mono-FP32,48,Paraguay_59731,Paraguay,"(1,10%]","(1,10%]",48334,68,167,364,48933,531,0.010851572558396175,0.9951615227820214,0.6076794657762938,0.8014204942791576,729,1193,0.6110645431684828,0.995197514969448,1.0,0,20.018718,2bc4b747198b27f5e012daed350b2370f635696c5e7ef2e287d24a3448c23ba1,fc6df1b530097aa87203cfbbc4b8bc12d89f1f0dbba4bfaba6545c130fc223f9
Mono-FP32,49,Paraguay_683296,Paraguay,"(1,10%]","(1,10%]",48100,159,467,961,49687,1428,0.02873991184816954,0.9871526495095021,0.6055450535601764,0.7963488515348393,950,3479,0.2730669732681805,0.9874011310805644,1.0,0,19.90893,18bbb4bab358c334f4323c9f1b36224f2cdcafb0bd9245f3296b4e9dc3f95884,293c43f77a286b4fae50a233418941724d40c87a442aa7c5a263dbcaf8148028
Mono-FP32,50,Paraguay_34417,Paraguay,"(50,100%]",>40%,0,0,0,9574,9574,9574,1.0,nan,1.0,1.0,0,892,0.0,1.0,1.0,0,19.835355,6ccd4c22950ce6e253d51088d92772e1393049eef48a7678ae386e5a4a99a098,64990ea6addff6af93b8eace95fbcf586b8f19e678352f7776dc1bc87a88d58f
Mono-FP32,51,Paraguay_868895,Paraguay,"(1,10%]","(1,10%]",28733,1734,1140,1894,33501,3034,0.09056446076236531,0.909070775461132,0.3972315436241611,0.6531511595426466,4134,10312,0.4008921644685803,0.9142115160741471,1.0,0,19.984976,cc746c6a0d88a60f5b28cde91814311a1827e10b51569c4c63d9accb71a98b49,739c46bb6529c5f0a018c39ca6cb7b700564c4a4eb7e8d69e3d110932f1084f6
Mono-FP32,52,Paraguay_511199,Paraguay,"(1,10%]","(1,10%]",46904,1060,948,1264,50176,2212,0.04408482142857143,0.9589466797513903,0.3863080684596577,0.672627374105524,3102,8479,0.3658450288949169,0.9599808673469388,1.0,0,19.883249,b9694a5c84ee24f18960bffbafeddd7f0a6bd4a736a4167178535636b4fdc768,c596b04fc63b11df32818e191cdd2807017f614ce14a38301e2e9742d363ba92
Mono-FP32,53,Paraguay_80102,Paraguay,"(0,1%]","(0,1%]",50171,0,5,0,50176,5,9.964923469387755e-05,0.9999003507653061,0.0,0.4999501753826531,0,95,0.0,0.9999003507653061,1.0,0,19.739579,ddfb9f0c30f424f4395e91eb5ee42bea9a0e6ce3234b19085f89bf4a4412a5f9,6182ba8a831d4fd5a1e469cd7bbb745b23b455feadb8ba253e060b8250109906
Mono-FP32,54,Paraguay_651904,Paraguay,"(10,50%]","(10,40%]",44764,207,1398,3807,50176,5205,0.10373485331632654,0.9653863572645518,0.7034368070953437,0.8344115821799478,2158,4929,0.4378170014201664,0.9680125956632653,1.0,0,20.04057,2fc3900200985d0e9807f778c7f7a6b7f59648a2f3ad4d51a378b2f41a7b14df,a4fdf1b1e16845d7a2e85667790700b4aaf4fabfab36a4b80ee750ae2982e704
Mono-FP32,55,Somalia_699062,Somalia,"(1,10%]","(1,10%]",38206,56,316,308,38886,624,0.01604690634161395,0.990357198403235,0.45294117647058824,0.7216491874369116,671,1892,0.3546511627906977,0.9904335750655763,1.0,0,20.093163,9c94b00e9517309710dffdb1a9efb7cea49dcb648647ed38edba03c02b80792b,960af58fdf697c47da7cb56529526f0e2d9b31580f1221488dcfd4026dfc4620
Mono-FP32,56,Somalia_60129,Somalia,"(0,1%]","(0,1%]",42396,0,128,0,42524,128,0.0030100649045245037,0.9969899350954755,0.0,0.49849496754773776,0,846,0.0,0.9969899350954755,1.0,0,20.371042,b856f68f48146ec29aaa3f1b89b21bca389e29730040e92fd42fa70c89faad1b,cff778bc7ebac5f392bded342b01976a9a4b153a7b2e509647e68ccb01dd885d
Mono-FP32,57,Somalia_685158,Somalia,"(10,50%]","(10,40%]",29488,897,947,3876,35208,4823,0.13698591229266077,0.9411464317630538,0.6776223776223776,0.8093844046927157,3249,7973,0.4075003135582591,0.9476255396500796,1.0,0,20.328108,18f3fd59c1ba7a7211ef8217f14868c250c91aa6a688dd85d020771c2f57f5c5,f73852ea64a9b91e82612c4d3c0fd77df4e99a5fa075c7e3a67807bbe45a9d9d
Mono-FP32,58,Somalia_166342,Somalia,"(0,1%]","(0,1%]",42208,14,2,0,42224,2,4.7366426676771504e-05,0.9996210685865858,0.0,0.4998105342932929,0,245,0.0,0.9996210685865858,1.0,0,20.221262,779815a9741090428c513f394bb91672a8db3ac30b42d399b5829e233197e66b,93c0e01845fb3fb4c9718b6166a44467888761afd6ed7e5f927e872154a42700
Mono-FP32,59,Somalia_94102,Somalia,"(1,10%]","(1,10%]",43482,273,112,2329,46196,2441,0.052840072733570005,0.9912234709462694,0.8581429624170965,0.924683216681683,680,2032,0.3346456692913386,0.9916659451034722,1.0,0,19.787122,86b111113cdd7bcf97cfbf8eb97933dfd64d92314193454d37db276532824917,9cc9a01d8cb4cae0e84819f7438ec1c64e8eca7d357b4de731949832138ab237
Mono-FP32,60,Somalia_322855,Somalia,"(10,50%]","(10,40%]",39138,1074,2329,6274,48815,8603,0.17623681245518796,0.9200065818857103,0.6483414281285522,0.7841740050071313,6666,12798,0.5208626347866854,0.9302878213663833,1.0,0,19.773741,8e9f87fb956b59bf51b397100c65127c33daca5e5390b2fca66e112a44d1571d,005b074ffcc8e97577d166fa177ccc561a286ea709c54d2504bce26d2efa4552
Mono-FP32,61,Spain_6860600,Spain,"(0,1%]","(0,1%]",50101,0,39,0,50140,39,0.0007778220981252493,0.9992221779018747,0.0,0.49961108895093737,0,371,0.0,0.9992221779018747,1.0,0,20.164297,7caadc7b454ce634aa3baf48416f6679bd37d3b0e566f4d5c36e75a127403f25,6182ba8a831d4fd5a1e469cd7bbb745b23b455feadb8ba253e060b8250109906
Mono-FP32,62,Spain_7558720,Spain,"(0,1%]","(0,1%]",49731,3,401,10,50145,411,0.008196230930302124,0.9919417572554103,0.024154589371980676,0.5080481733136956,65,2815,0.023090586145648313,0.9919433642436933,1.0,0,19.859137,a8ff1be6640ca4d92f4a3531daefb3de0e6d2f8ec706320627f9a7fdca093653,171115ad3f7e6e5d124a9fe13c31edf7ddb21eb86a767ff47abf63b0c54c549e
Mono-FP32,63,Spain_5650136,Spain,"(50,100%]",>40%,11532,1407,1574,18226,32739,19800,0.6047832859891872,0.7945979466685041,0.8594332060168812,0.8270155763426927,7181,13147,0.546208260439644,0.9089465163871835,1.0,0,19.951713,b666a0fc0dd251bfb3b614a797a6d95f6254cb9a3166f8a93178e39fe4c53b3f,31ccb20a69ccad32db0a7e1faa2d793ad6f255f510b4d3b4fc148716784baeb1
Mono-FP32,64,Spain_7370579,Spain,"(10,50%]","(10,40%]",34526,2227,3727,9675,50155,13402,0.2672116439038979,0.8529150197628459,0.6190415253695054,0.7359782725661757,9989,23836,0.4190719919449572,0.881288007177749,1.0,0,20.294017,b10ab8e480c36dbf6daa1436f728f84555badbf824d37f6f1bddd33d10ba27c8,bb0a3ab4c3a456ead9b170c08353138f7630874745eb39bae01b8649a4d544d0
Mono-FP32,65,Spain_6095801,Spain,"(1,10%]","(1,10%]",45024,765,2295,2073,50157,4368,0.08708654823853101,0.9363613676066883,0.4038573933372297,0.670109380471959,4343,12420,0.3496779388083736,0.9389915664812489,1.0,0,20.671772,303021bf284316e62ee932a1bd90e458404f09ade2cf6eaae0cf35606a9bb6c6,b1ce762f85b79fd56017c785b46317def0ad2f3970d5ca10a41cccf0f74d9e1a
Mono-FP32,66,Spain_7387658,Spain,"(50,100%]",>40%,17619,3281,5314,23939,50153,29253,0.5832751779554564,0.6721217669947357,0.735814839859839,0.7039683034272873,18003,33033,0.5450004540913632,0.828624409307519,1.0,0,19.598819,5bbae5ce811ad1907757b9f337a2bf0f4772b660b8bb7499816c06dfecb9eaa0,9c10f628253c521cfb2b17bfba4ad27d03b5227e0857434d7d7c82a1a4ad7b6e
Mono-FP32,67,Sri-Lanka_117737,Sri-Lanka,"(1,10%]","(1,10%]",48854,35,1254,33,50176,1287,0.02564971301020408,0.9742935205312805,0.024962178517397883,0.4996278495243392,307,6587,0.04660695308941855,0.9743104272959183,1.0,0,20.579305,6a47051683fd58311d04bfa799e6e1b24501446ab7310982db52198102b3f945,a554a5dd1765e92a499c598e94dd717d33ffeee0cd703c4519058e5f8fea6203
Mono-FP32,68,Sri-Lanka_1049830,Sri-Lanka,"(1,10%]","(1,10%]",35754,141,247,247,36389,494,0.01357553106708071,0.9892645675391512,0.3889763779527559,0.6891204727459536,429,1404,0.3055555555555556,0.9893374371375965,1.0,0,20.090522,74b29dbed901ee0aff129a33a601be3b2b8681cfb3d3902a924ad4ae2a2da72e,700bcc0a734c5562aa253dc44a1774abfe7ecd1186a345b87b0e1629abccacce
Mono-FP32,69,Sri-Lanka_534068,Sri-Lanka,"(50,100%]",>40%,720,227,36,49193,50176,49229,0.9811264349489796,0.7324516785350966,0.9946821417017147,0.8635669101184056,471,999,0.47147147147147145,0.994758450255102,1.0,0,20.095053,de77a692595cc04f7c7afc3ae3e46ea359b5952d0fc35e9558a51c0f58afb7b8,298582d7659fac977502ba63d56b01bedf6b243d83cbefdcbe4e623198837581
Mono-FP32,70,Sri-Lanka_922192,Sri-Lanka,"(0,1%]","(0,1%]",45666,58,103,87,45914,190,0.0041381713638541625,0.9964867872651494,0.35080645161290325,0.6736466194390263,228,916,0.24890829694323144,0.9964934442653657,1.0,0,19.931843,cdc95de9b314729efb3289b41941ffb0dd10c6ad844d6d83e62dfc87730b875f,3773cc402863ee4693254ddd0071c5b39e223700f73debd4a567e0feebbea912
Mono-FP32,71,Sri-Lanka_377277,Sri-Lanka,"(1,10%]","(1,10%]",47904,82,1281,379,49646,1660,0.03343673206300608,0.9723344226358415,0.21756601607347875,0.5949502193546601,701,4284,0.16363211951447246,0.9725456230109173,1.0,0,21.254581,d9406d11bc59adf1ee5684d12b3f169c6796369989b2f0daf519d5e9ff87426f,d58c460c1d59f0290c64cc86677ec89375e9e4f75bf6b3ea9a97494222bbf4f9
Mono-FP32,72,Sri-Lanka_649970,Sri-Lanka,"(1,10%]","(1,10%]",45990,641,2067,1233,49931,3300,0.06609120586409245,0.9443919668158857,0.31286475513828976,0.6286283609770877,4043,13956,0.2896961880194898,0.945765155915163,1.0,0,19.924742,e3cc516a85969f17eefb387c38607380c519f8c4d7de1ccd7e6fca84343fdde9,d7ef75ef0e8adfb9c06b595b0907969ca8e65983689515c34e0fcf664eeaa27e
Mono-FP32,73,Sri-Lanka_450918,Sri-Lanka,"(1,10%]","(1,10%]",17946,113,531,283,18873,814,0.043130397922958724,0.965357719203873,0.30528586839266453,0.6353217937982688,739,2805,0.263458110516934,0.9658771790388385,1.0,0,20.548194,6103ba80e73c4560400de4fd4ce850455118329108aced35e103bb8be7148d21,34bac6e775d839afb7f2f58c329314920a6550cc0c2c45d2464de87a6390a610
Mono-FP32,74,Sri-Lanka_849649,Sri-Lanka,"(0,1%]","(0,1%]",41387,15,200,170,41772,370,0.008857607967059275,0.9948319792317677,0.44155844155844154,0.7181952103951046,336,1138,0.29525483304042177,0.9948530115867088,1.0,0,19.860208,29cf0fd899ef5742e65c99b41caf18bc59bda8c76555bb3e3b03e1b8d09efff4,dbd3c5eeb506ac7776ef945605665b62aa4d8c98cb54c90de38d56879673679e
Mono-FP32,75,Sri-Lanka_713926,Sri-Lanka,"(10,50%]","(10,40%]",34626,130,466,14944,50166,15410,0.3071801618626161,0.9830787575946851,0.9616473616473616,0.9723630596210233,1947,3744,0.5200320512820513,0.9881194434477535,1.0,0,20.537224,510d31810f57f07f9ad7368650fcbfcb634cc2c2cadc2b7ff7d416015a1461ea,55ff88737e58a7a5231d99e494374ea3bf7497e53efa1d9747c7cd022dac4cc2
Mono-FP32,76,USA_905409,USA,"(10,50%]","(10,40%]",41437,285,409,8038,50169,8447,0.16837090633658236,0.9835275687735872,0.9205222171323866,0.9520248929529869,2535,4901,0.5172413793103449,0.9861667563634914,1.0,0,19.953553,e716324d00012917590e320595d61ba96e40497f7cace0a47f1afe07ae632148,750565a76ca552b640f555f04c2baef68f35e9f648348db7830e004607953ba6
Mono-FP32,77,USA_430764,USA,"(1,10%]","(1,10%]",46385,845,1221,1724,50175,2945,0.05869456900847035,0.9573589812387773,0.45488126649076516,0.7061201238647712,3762,10456,0.35979342004590664,0.958824115595416,1.0,0,20.05363,0b7ae9d91b76af4d34790ed208224e6738e89f2742f0c3f07c1b372b35a7a6da,86b3737d410ea0e43c540afd7fe3306fec8a28a742d01799dfea7fa1dfb7514b
Mono-FP32,78,USA_350244,USA,"(0,1%]","(0,1%]",49932,4,232,4,50172,236,0.004703818863110898,0.9952958060915325,0.016666666666666666,0.5059812363790995,72,1533,0.046966731898238745,0.9952961811368891,1.0,0,20.074081,fc4e9b74ae2f89adc4b196cb44944ddda1646f96da4990873218b1bcf4579645,be984ccbc3ed6fd138f2b2792cbf9789c89cbd3faf57ce814c8c403800155a8c
Mono-FP32,79,USA_527077,USA,"(0,1%]","(0,1%]",49816,30,268,57,50171,325,0.006477845767475235,0.9940535578880153,0.16056338028169015,0.5773084690848527,152,1924,0.079002079002079,0.9940603137270535,1.0,0,20.091703,8b0a49cbf6930948edc52d5b6844c77ee42d393e5d723c9f575c3cd5a0897b55,5a1d795ba0d060fb868a37084cbbc78014e9d9728553959022e200ecdc746ab2
Mono-FP32,80,USA_933610,USA,"(1,10%]","(1,10%]",49319,96,307,426,50148,733,0.014616734465980698,0.9918949358432887,0.5138721351025332,0.7528835354729109,1048,2628,0.3987823439878234,0.9919637871899178,1.0,0,19.859767,cd1dc09deba29f7a411ff418f05dc4d1c684cfaa25bddb70a298870b2cb77101,1c1fa00bdd840c2df94134986b467a4a6642c8f76b7d19c8e7459396c6ac60a7
Mono-FP32,81,USA_66511,USA,"(1,10%]","(1,10%]",49664,0,511,0,50175,511,0.01018435475834579,0.9898156452416542,0.0,0.4949078226208271,0,2626,0.0,0.9898156452416542,1.0,0,19.917751,86ce3989edd88edf07ad703887886e416bcf7f5787e4d38115edd10d5b3bdccb,6182ba8a831d4fd5a1e469cd7bbb745b23b455feadb8ba253e060b8250109906
Mono-FP32,82,USA_519181,USA,"(0,1%]","(0,1%]",49755,23,301,94,50173,395,0.007872760249536603,0.9935302222488468,0.22488038277511962,0.6092053025119832,401,1901,0.21094160967911627,0.9935423434915194,1.0,0,20.172888,8f6e1efedb9888898531c707cf3bb8b4f4b4a3a48adae51091b8a9053c82bfcc,bd1e9f89d4dbffab6cc1f007468ab10be99079136a33070f037c26620a5ff0a1
Mono-FP32,83,USA_778194,USA,"(1,10%]","(1,10%]",49368,55,407,330,50160,737,0.014692982456140351,0.990728476821192,0.4166666666666667,0.7036975717439293,819,2833,0.2890928344511119,0.9907894736842106,1.0,0,20.100184,920986e7449a8f902f6476469e8e66c94236b61f1a7aa0d8f97f0c40273e1412,6e1dd7131c739fb496706dadf56000b950aa11d20c0decff70323042d16f2018
Mono-FP32,84,USA_67102,USA,"(1,10%]","(1,10%]",48055,288,236,1584,50163,1820,0.03628172158762435,0.9892134461392783,0.7514231499051234,0.8703182980222008,1735,3385,0.5125553914327917,0.989554053784662,1.0,0,20.230903,cc7cdc50c77024d7ef1bd17571d2bbaf7563fba4a4739d95cb0556b302f57cb6,37573097c8ae4e81c59e896d1806d479e57657c334b81b22ab82ee102ffd5183
Mono-FP32,85,USA_1049586,USA,"(0,1%]","(0,1%]",49727,39,182,211,50159,393,0.007835084431507806,0.9955753984143509,0.48842592592592593,0.7420006621701385,430,1643,0.26171637248934876,0.9955940110448773,1.0,0,21.636998,a45ed2c57cbc958794845298367eb81a05fc9c7179fa9f1782f04786908cb0b5,eca4113eaba043d60711e3de3192c47b0c4a6e79b6283a6c55eee926cefe6f07
Mono-FP32,86,USA_595451,USA,"(1,10%]","(1,10%]",45460,741,1599,2376,50176,3975,0.07922114158163265,0.9510460251046026,0.5038167938931297,0.7274314094988661,3845,10739,0.3580407859204768,0.9533641581632653,1.0,0,20.652811,a7b9ae81b82a9c0ba730a6a50c73828f376120fa26c900bea30b48bb9e8c8fc5,fb254e82673c992881a8a3fbc41c75626ad7f3749ec9b03090942176a2ea9094
Mono-FP32,87,USA_670826,USA,"(1,10%]","(1,10%]",49592,4,565,13,50174,578,0.011519910710726671,0.988656525986324,0.022336769759450172,0.5054966478728871,93,2632,0.03533434650455927,0.9886594650615856,1.0,0,20.313369,60d2e87beeda824c79494248aca52db22bb7408a13aee50c72adb5d051d3c71c,88e8598bfb7af63112e7aadb611244c12aaf42e9bbe956708a31cd050671a9cd
Mono-FP32,88,USA_504150,USA,"(1,10%]","(1,10%]",49457,80,371,263,50171,634,0.01263678220485938,0.9909633726055943,0.36834733893557425,0.6796553557705842,709,2380,0.29789915966386554,0.9910107432580575,1.0,0,20.04893,18dd4f65e05f041fded589d30093c1b49b3a9f4dde92ec531d6d6b5e8bff21a7,e30bbd8b979b6bfcd13cdb725f12a6ba41602bf8387c85cdf74a47ce24fa0762
Mono-FP32,89,USA_758178,USA,"(0,1%]","(0,1%]",49833,41,255,44,50173,299,0.005959380543320112,0.9940952342955176,0.12941176470588237,0.5617534995007,232,1394,0.16642754662840745,0.9941004125724991,1.0,0,20.753888,7723eaa2781eab134533462ab384da44fae16440320893979d23f8ad3d49e1e7,f39325d163bb1e2cf161295ae692c353d257f9772489c27c9d3e7d306719faf4
RCS13-FP32,0,Ghana_313799,Ghana,"(1,10%]","(1,10%]",43717,241,1706,1166,46830,2872,0.061328208413410204,0.9573624737210932,0.3745583038869258,0.6659603888040095,1368,6435,0.2125874125874126,0.9584240871236387,1.0,0,1424.043254,10979dd674422a2bda17cf3c7907f5673d909b512357b21a1dd5a0d508aaba9c,fc854e9682c55fe66e8bb60618017e10c2090ac3b4e46508b165d6d2c3ab2f3f
RCS13-FP32,1,Ghana_1078550,Ghana,"(0,1%]","(0,1%]",49935,1,228,12,50176,240,0.0047831632653061226,0.9954349732876167,0.04979253112033195,0.5226137522039743,45,1606,0.028019925280199254,0.9954360650510204,1.0,0,46.874835,1560df5da81a752663819ccc1c310ed23f553c345e8e1c0901ebd641d8d6abdc,71b9794c38a3c80937b4c775d0923eb9db39475574a112eafbd67855bd530720
RCS13-FP32,2,Ghana_97059,Ghana,0%,0%,5298,21,0,0,5319,0,0.0,0.9960518894529047,0.0,0.49802594472645234,0,81,0.0,0.9960518894529047,1.0,0,47.802858,7ba40aae29c87a12e0b40d0fe71968dd1c701e1f4da131cfb28979d9acc12c16,9ce8ab6005343887551bf14e7a52972f0c42df5f96fc444b9d57166570b229f4
RCS13-FP32,3,Ghana_359826,Ghana,"(1,10%]","(1,10%]",49400,107,328,341,50176,669,0.013333067602040817,0.991271194943313,0.43943298969072164,0.7153520923170174,864,2756,0.3134978229317852,0.9913305165816326,1.0,0,46.791679,58a7d0c7a536389a9356630573b963aa62aa8d2bd67d80509712570acd2af246,8878137117f5b3fee45b7887815402c37312363f292518e9340cf3385ee4cffc
RCS13-FP32,4,Ghana_319168,Ghana,"(10,50%]","(10,40%]",24630,591,1924,5648,32793,7572,0.23090293660232367,0.9073494197826487,0.691902486830822,0.7996259533067354,2352,6856,0.34305717619603265,0.9233068032811881,1.0,0,47.1064,d7c1666a2a55f8826dee9b2b57c5a2ecfc3fc3c220bd73107f1721747db50e4f,c7e46a7fa4429f77729dacec277e9eed4e956860fe77886b81ed4c996f53f25e
RCS13-FP32,5,Ghana_866994,Ghana,"(50,100%]",>40%,225,2013,11145,9184,22567,20329,0.9008286435946293,0.016812373907195696,0.4110643630829827,0.2139383684950892,381,6188,0.061570782159017456,0.4169362343244561,1.0,0,46.031238,2ad123e0013027fbb182368e63953fd69b2cedbd469ca239e7d60cb731e8620d,a4b91e4df89030250f768ec0723bb9d83e4b2b964627053fa41df33c2b660f11
RCS13-FP32,6,Ghana_406026,Ghana,"(1,10%]","(1,10%]",49309,46,231,590,50176,821,0.016362404336734693,0.9944137458153511,0.6805074971164936,0.8374606214659224,606,1159,0.5228645383951682,0.9944794323979592,1.0,0,49.144099,b015c91418fd5b35b5560936987f688ab7eab2ccb30d9f29cd501280f13b619c,db43472d8a7a2eaf08d53e0e9068b7d68cb48c5cd549d86a7e14d17987449bbd
RCS13-FP32,7,Ghana_53713,Ghana,0%,0%,50176,0,0,0,50176,0,0.0,1.0,nan,1.0,0,0,nan,1.0,1.0,0,47.802128,52d360f1cefb50f7449a91650628fb9fc2a90bcdd8e2702e74ac5fd32a916f8e,6182ba8a831d4fd5a1e469cd7bbb745b23b455feadb8ba253e060b8250109906
RCS13-FP32,8,Ghana_83483,Ghana,no-valid-pixels,no-valid-pixels,0,0,0,0,0,0,nan,nan,nan,nan,0,0,nan,nan,nan,0,46.716644,f7c54a7a454414a49855f56aa1ad575a71a462c03120c1c3eff22fd96a81c9dd,11f5f4fa4c4e595e6d57cb89ca3cb8eee8e0beed59a6838a79d1933a6a2622d7
RCS13-FP32,9,Ghana_167233,Ghana,0%,0%,50176,0,0,0,50176,0,0.0,1.0,nan,1.0,0,0,nan,1.0,1.0,0,50.430326,d2970155204f0d7a47dfe538b9e7688960f13b1b385dd2b7a10bc894b59106aa,6182ba8a831d4fd5a1e469cd7bbb745b23b455feadb8ba253e060b8250109906
RCS13-FP32,10,Ghana_141271,Ghana,"(0,1%]","(0,1%]",49865,0,311,0,50176,311,0.006198182397959184,0.9938018176020408,0.0,0.4969009088010204,0,1325,0.0,0.9938018176020408,1.0,0,45.875066,72ad708b0694be5f59240b2f22b71a97be80c5ebf57efdf31ef67a79c0848d16,6182ba8a831d4fd5a1e469cd7bbb745b23b455feadb8ba253e060b8250109906
RCS13-FP32,11,India_900498,India,"(10,50%]",>40%,23748,2661,1809,21932,50150,23741,0.4733998005982054,0.8415904741654263,0.8306946443451254,0.8361425592552758,10760,21291,0.5053778591893289,0.9108673978065802,1.0,0,47.365208,8a6e245702a8f9447d1bfbe3a170329e5c6a62719ce23b1ae67998cac43e153a,7dffbc85c6c7d42e66327f6ced22cba8a31490df57e4b4d4ef3170953e7e6179
RCS13-FP32,12,India_591317,India,"(10,50%]",>40%,23979,1156,1283,20689,47107,21972,0.46642749485214513,0.9076765841471723,0.8945434105845728,0.9011099973658725,2993,10377,0.28842632745494845,0.9482242554185153,1.0,0,49.248725,f16bacd002cfefc9d251205a39ec23116177ee516aa605e9c88a2519fc82eeec,9a13e98e2608f032382b3be046b4ffbb190a331233d3ac710fd4c178be3fff58
RCS13-FP32,13,India_747992,India,"(10,50%]",>40%,26153,1497,4347,18169,50166,22516,0.448829884782522,0.817357877300997,0.7566318244284346,0.7869948508647158,10370,28676,0.36162644720323617,0.8835067575648846,1.0,0,47.227749,f40705cb08fdd861c1917656c946c41d23b69411c30bca9d23d97c253160a380,06e334158698b30420feb070a80ecd64ffa9815dfea058a80044ca601382fd2b
RCS13-FP32,14,India_79637,India,"(1,10%]","(1,10%]",49144,22,948,62,50176,1010,0.020129145408163265,0.9806441313804526,0.060077519379844964,0.5203608253801488,231,6403,0.03607683898172732,0.9806680484693877,1.0,0,46.558342,a3ee90fee1b12c6c2088ed4bda6e99c92b927d128ba30ae75a54ce83088936d6,9b3dc0cb20a21e4c847ec6a29be12c0794af628b5e5ba9301054aee0442bcb16
RCS13-FP32,15,India_952728,India,"(1,10%]","(1,10%]",34628,365,880,193,36066,1073,0.02975101203349415,0.9652942324310763,0.13421418636995827,0.5497542094005172,911,6701,0.1359498582301149,0.9654799534187323,1.0,0,50.036809,1102a711328323e73d4d7c09ec1cf09b2659ae0f4cdfb3d9835663618102e177,9e60c4d99ebc792584c7deb9bd69d8151255dd286363c96acd3b7e57adb02d19
RCS13-FP32,16,India_828067,India,"(1,10%]","(1,10%]",33649,117,1181,176,35123,1357,0.038635651852062754,0.9628580421781555,0.11940298507462686,0.5411305136263912,771,4896,0.15747549019607843,0.963044159098027,1.0,0,46.977201,34369d2edfe12b5fc37774c9488d977beb76d7c1375b8c23e59aad79be733f64,1d7d527775a132c689f6cf5d0df1a34a5c36f80ae7a0293b08f48f1ce455e3be
RCS13-FP32,17,India_570384,India,"(1,10%]","(1,10%]",43266,239,1387,1420,46312,2807,0.06061064087061669,0.9637797380379578,0.4661851608667104,0.7149824494523341,2670,10193,0.2619444716962621,0.9648903092071169,1.0,0,45.614868,8924bb66760223196e0485089d4ed77a1a5697969bbff9b0d3a2548d88f05689,a05fdf6950e517425058f2dbe399d9939fcf10407b9f0022a6ff7662a43de6cf
RCS13-FP32,18,India_44475,India,0%,0%,49795,0,0,0,49795,0,0.0,1.0,nan,1.0,0,0,nan,1.0,1.0,0,50.411764,2cd62cf9980bcf5be7cf4bffdff77fc6fab5e0216497b9589378b0b090beb3cd,6182ba8a831d4fd5a1e469cd7bbb745b23b455feadb8ba253e060b8250109906
RCS13-FP32,19,India_80221,India,"(50,100%]",>40%,6408,786,995,20925,29114,21920,0.752902383732912,0.7825131273659788,0.9215625825772924,0.8520378549716356,4189,8353,0.50149646833473,0.9388266813217009,1.0,0,46.328787,3f1231cead1a1ef389ea81331fe146603225261ae53bd5530d490860738ba932,d6c8901af3752719b300fa5694fd645bcca3ec46d8a658fe1a2a61b4daf8f31d
RCS13-FP32,20,India_1018327,India,"(10,50%]","(10,40%]",42240,971,2470,4494,50175,6964,0.1387942202291978,0.9246732777303474,0.566351606805293,0.7455124422678201,7238,19545,0.37032489127654133,0.9314200298953662,1.0,0,46.134354,25827d2f406bc0ef31c968983ee068e5a47f62334d0e71b99a9c89dbf09faadf,595f1545ef22733e3d33066576fef3371655faef7a9cf11d1206872f2727bccc
RCS13-FP32,21,India_592446,India,"(1,10%]","(1,10%]",41114,127,1043,664,42948,1707,0.03974573903324951,0.9723299593226753,0.36205016357688113,0.6671900614497782,1507,4614,0.3266146510619853,0.9727577535624476,1.0,0,49.91105,6f209355b0fa59505acfde2564d55dcf067506753cfb67bb1464308976e73f1d,c429cfe5f9a0b88a939cd6edc0b3a0d619e0e61f48761cdc83111161e90cbb69
RCS13-FP32,22,India_772630,India,"(0,1%]","(0,1%]",29571,25,250,6,29852,256,0.008575639823127429,0.9907860349795617,0.021352313167259787,0.5060691740734108,120,1608,0.07462686567164178,0.9907878869087499,1.0,0,47.604474,c94398d3e9ad5117b0dab1a4ba6e7ed0e996d2c1972222e4be27d5fa429f8478,edf401e2a6d9e3d73aa2fd369c5b7591494f7546a2e0097a9151289880f5b9b9
RCS13-FP32,23,India_631692,India,"(0,1%]","(0,1%]",50011,0,165,0,50176,165,0.003288424744897959,0.996711575255102,0.0,0.498355787627551,0,870,0.0,0.996711575255102,1.0,0,46.881785,c8441eba96021bb66370afc64f951380111d56b5f51623c3c8135dfbc0c930c9,6182ba8a831d4fd5a1e469cd7bbb745b23b455feadb8ba253e060b8250109906
RCS13-FP32,24,India_399883,India,"(50,100%]",>40%,22041,2008,1920,24204,50173,26124,0.5206784525541626,0.8487427317185875,0.860372529503768,0.8545576306111777,10537,19514,0.5399713026545044,0.9217108803539752,1.0,0,49.826325,25d07e8211ca0cfebe43f2031d048e33ef5c44b70e5775f0c7949c56e9bc00b8,1e8d77ca6b6504a931daf9a1ec7de1dd43f2644653e5af0008f7f8c451f27b13
RCS13-FP32,25,Mekong_333434,Mekong,"(1,10%]","(1,10%]",38187,55,571,60,38873,631,0.016232346358655107,0.98387138329941,0.08746355685131195,0.535667470075361,298,3031,0.09831738700098977,0.9838962776219998,1.0,0,47.848331,637f7e4bbea7c18e5eebfc6ed49a0249489605a28a887d8d9818b9ff05a53623,1c322ee19d3f0f01e167e55b19df3101ab46c4127ba0972c88f74c550a0ede46
RCS13-FP32,26,Mekong_45934,Mekong,"(0,1%]","(0,1%]",50059,0,60,0,50119,60,0.0011971507811408847,0.9988028492188591,0.0,0.49940142460942955,0,499,0.0,0.9988028492188591,1.0,0,33.045185,c1ced6b9084f352017eb9633a671e9a4eb09fe27b2a49d84e66f4d56fe8d2500,6182ba8a831d4fd5a1e469cd7bbb745b23b455feadb8ba253e060b8250109906
RCS13-FP32,27,Mekong_1443339,Mekong,"(50,100%]",>40%,10346,3002,1690,35136,50174,36826,0.7339657990194124,0.6879904242585451,0.8821934317565532,0.7850919280075491,9337,20745,0.4500843576765486,0.9064854307011599,1.0,0,44.839336,afe5d508ccfce8efbb7beff1bd4146d37fe776d729ad7b97de89062521f4872f,17639d299ebec6e7106e6ce877ab88848d3feb2263dea89a9328cd91cb4cd720
RCS13-FP32,28,Mekong_382276,Mekong,"(1,10%]","(1,10%]",48197,109,120,1745,50171,1865,0.0371728687887425,0.9952711353405196,0.8839918946301925,0.939631514985356,539,1549,0.34796642995480953,0.9954356102130713,1.0,0,47.928906,be141c620405abe16f076c7e51e630e268c4f25b355f34f116342b3c2b41203f,a05dc4bf9974da5a5fcb67f7db19c3cde79b14af783b4aefbf357fd8accc2a30
RCS13-FP32,29,Mekong_254910,Mekong,"(0,1%]","(0,1%]",39315,0,22,0,39337,22,0.0005592698985687775,0.9994407301014312,0.0,0.4997203650507156,0,268,0.0,0.9994407301014312,1.0,0,46.046988,a46129f0e40310f2e0f7990ea6611cc1a7fb85d25df59cce6c9624abc37b18c4,3dad708d09eed4cd7021d58230522e91e52a64cea09191f82d966213808efed5
RCS13-FP32,30,Mekong_424793,Mekong,"(1,10%]","(1,10%]",48526,155,404,376,49461,780,0.015770000606538485,0.9886115921360904,0.4021390374331551,0.6953753147846228,765,2324,0.3291738382099828,0.9886981662319807,1.0,0,50.068271,3704e3578f33d92a87b9121e88809bb53c02e61255407897205104abc33b9a13,3adab479b854055e2aa24b1f05406394518af1be285a2371039fc92ccc1c052a
RCS13-FP32,31,Nigeria_417184,Nigeria,"(1,10%]","(1,10%]",11080,2,229,42,11353,271,0.023870342640711705,0.9795774025285121,0.15384615384615385,0.566711778187333,111,630,0.1761904761904762,0.9796529551660355,1.0,0,47.798737,ee379ea32a79b13bd473814739c1307b5f91e65a06f1317fe76a0d78106bdf8b,64f22ae26f8a5f64fe108cf71b1953da1d1243b1764d6d19465728a79cf88786
RCS13-FP32,32,Nigeria_225131,Nigeria,"(0,1%]","(0,1%]",45924,53,163,42,46182,205,0.004438958901736607,0.9953185955786736,0.16279069767441862,0.5790546466265462,259,1424,0.1818820224719101,0.9953228530596336,1.0,0,48.103258,ebb7e0a361b93db51414de0491092b9c6e02379c46e77ad738468dfa908b8d14,a7e0c845fe6230fe2d39cdbbcd868c1dbd95669fe12fe28487412f200babdc34
RCS13-FP32,33,Nigeria_812045,Nigeria,"(50,100%]",>40%,21090,1433,678,22233,45434,22911,0.5042699300083637,0.9090125425628206,0.913284587578048,0.9111485650704343,3782,10245,0.36915568570034163,0.953536998723423,1.0,0,49.269558,2e1583766e011c67aace3698954056fefed68be8a1808aa4f08c798e31a0e1d6,46720fd9ef15de9a97ab2b98058aab65d6050c0f3338dbe16e564499b79ca2e6
RCS13-FP32,34,Nigeria_22088,Nigeria,"(0,1%]","(0,1%]",42575,1,118,6,42700,124,0.0029039812646370023,0.9972127230992646,0.048,0.5226063615496322,56,541,0.10351201478743069,0.9972131147540984,1.0,0,47.778795,55977c83a2c1fa6eb6d7ab27da44575debffb42273dc4108cace0e4452893f2e,7d6e31474a17b40a095e8bc2afbe5d92efc58cf75019a659df208e249731ff7f
RCS13-FP32,35,Pakistan_849790,Pakistan,"(50,100%]",>40%,13947,2431,7397,25469,49244,32866,0.6674112582243522,0.5866246056782335,0.7215627390429782,0.6540936723606059,10250,28387,0.36108077641173775,0.8004223864836325,1.0,0,52.940186,692a314626f8858c7988de70283ccec5b0815149a49f66751bc67c2a44799f6e,50216d3c5dde3b7638335377651ea75c4b2e772c60f293185d7b928c3f76026b
RCS13-FP32,36,Pakistan_664885,Pakistan,"(1,10%]","(1,10%]",13249,236,115,339,13939,454,0.032570485687639,0.9741911764705883,0.49130434782608695,0.7327477621483376,246,809,0.30407911001236093,0.9748188535762967,1.0,0,47.743843,8d1c4db8d4db9b9bfa4a0ba65e4d8a10ecce9f50214fc0e0fa8da4ff38422bbd,d1392136244321a449716f697f52d7a4ca0adb0b0b6c58b06af1144bc67697a0
RCS13-FP32,37,Pakistan_694942,Pakistan,"(1,10%]","(1,10%]",33223,11,627,2860,36721,3487,0.09495928760110019,0.9811582646702697,0.8176100628930818,0.8993841637816757,541,1783,0.303421200224341,0.982625745486234,1.0,0,47.519719,663e4499f2dd3412b68ce55992cf72bffe3d8768bde426f3353ff131fa712c83,2df94c699075907ad93e4691f54bc94a7347daa2d4687498e054130b55e7e54c
RCS13-FP32,38,Pakistan_70625,Pakistan,"(1,10%]","(1,10%]",49099,189,619,269,50176,888,0.017697704081632654,0.9838098863886829,0.24976787372330547,0.6167888800559942,506,2837,0.17835741980965808,0.9838966836734694,1.0,0,46.863064,622c824829f9f6561c58562b9085ac382714d0e9920c294c74d25da6293070fc,5e6feead77f7ee0e53a6c3464bacb8fc53a31c2838ab91ef1c8cebe481d43bb2
RCS13-FP32,39,Pakistan_528249,Pakistan,0%,0%,14780,41,0,0,14821,0,0.0,0.9972336549490588,0.0,0.4986168274745294,0,131,0.0,0.9972336549490588,1.0,0,50.219401,25ae4af0bc5ffbf13be6ab2ea4d1ed1ec7548b13a9d26b320acc16f3c4f6e5ab,005b946bab414701e27f651ec6c52301699262837fba7a27faf3b813ce5c8307
RCS13-FP32,40,Pakistan_167553,Pakistan,"(0,1%]","(0,1%]",46995,0,290,0,47285,290,0.006133023157449508,0.9938669768425505,0.0,0.49693348842127527,0,942,0.0,0.9938669768425505,1.0,0,47.887073,22cd682f97144c2a487611f35a99aa882aecb74cbd40d8391aa37c1ad1f2ed38,48271f2d014e6201a475da7bd4b73481c69cbad6a1ab1d93770da28842a1fe82
RCS13-FP32,41,Paraguay_913449,Paraguay,"(1,10%]","(1,10%]",49093,29,1012,42,50176,1054,0.02100605867346939,0.9792356484621215,0.038781163434903045,0.5090084059485123,267,4306,0.06200650255457501,0.9792530293367347,1.0,0,47.53843,db18f7b936a1f95b0f01df9622a5c6f09c1e65a52ed6546337d443d9c501040b,489da7a49fe2ef15a996863768e7fd3a8bc6ef57989557fa3eada1dde6e20671
RCS13-FP32,42,Paraguay_280900,Paraguay,"(1,10%]","(1,10%]",48500,425,795,456,50176,1251,0.024932238520408163,0.9754625905068383,0.2720763723150358,0.623769481410937,2226,5297,0.42023787049273176,0.9756855867346939,1.0,0,48.975447,8bb1ee234971a275a37ba9d076aaac995551d6077f03772bc5d6a06e0b65201b,b3e368098220cec6724834d413af93ad304ddc4e9554c0b86a2f4736fb3d85e6
RCS13-FP32,43,Paraguay_790830,Paraguay,"(10,50%]","(10,40%]",43695,226,447,5612,49980,6059,0.12122849139655863,0.9848314100252434,0.8929196499602228,0.9388755299927332,2743,4573,0.5998250601355783,0.9865346138455382,1.0,0,47.99831,73496e59c2326a7929871649b0bd86f094d192f744987aefc9a6fe33f18c040c,88a94bd653652bf7cc5669bd5fa4df7da0aae8c6bc04940cc68940ade6a81482
RCS13-FP32,44,Paraguay_232281,Paraguay,"(10,50%]","(10,40%]",41092,3398,672,5014,50176,5686,0.11332110969387756,0.9098799876001948,0.5519594892118009,0.7309197384059979,1845,8760,0.2106164383561644,0.9188855229591837,1.0,0,45.849084,8755670d6610293446406a2e13e6f20f293346fd149c96bb46254de9a249fe82,93f282ba845683eb80b74e88ecccf62bedcc8971865c0c90934667e6769c603f
RCS13-FP32,45,Paraguay_271769,Paraguay,"(0,1%]","(0,1%]",49682,4,465,25,50176,490,0.009765625,0.9906482423082291,0.05060728744939271,0.5206277648788109,145,2083,0.06961113778204513,0.9906529017857143,1.0,0,50.378262,28c42e9a9e47052a5fbd416cbd11ce1c40291f4790c8c2cc5c50923be154c1c6,4759748d9d3b486947c2d988f6954a8aded00249ae9ef98a2287ab46223903ec
RCS13-FP32,46,Paraguay_40936,Paraguay,0%,0%,41259,0,0,0,41259,0,0.0,1.0,nan,1.0,0,0,nan,1.0,1.0,0,47.506728,3849a1229f76cc2df37dacad17fd49f511d4c0d5d00eced0d00fc62672225121,6182ba8a831d4fd5a1e469cd7bbb745b23b455feadb8ba253e060b8250109906
RCS13-FP32,47,Paraguay_1029191,Paraguay,"(10,50%]","(10,40%]",38483,453,1326,8338,48600,9664,0.19884773662551442,0.9558144155779643,0.82415735890086,0.8899858872394122,5378,9711,0.5538049634435177,0.9633950617283951,1.0,0,46.728035,272d1cb5ef2b4998e6095fd78acead2b7e804cb87738bff4d0717145e6e6c286,b11cc540f064258ef784c0de8210ba8af9c1469352f89adddb1da76e7fb662f3
RCS13-FP32,48,Paraguay_59731,Paraguay,"(1,10%]","(1,10%]",48334,68,167,364,48933,531,0.010851572558396175,0.9951615227820214,0.6076794657762938,0.8014204942791576,729,1193,0.6110645431684828,0.995197514969448,1.0,0,56.555172,1ebabe17d73cf72884598dfab2daea6775a3434b3531533df12ff2a5c1c841a5,fc6df1b530097aa87203cfbbc4b8bc12d89f1f0dbba4bfaba6545c130fc223f9
RCS13-FP32,49,Paraguay_683296,Paraguay,"(1,10%]","(1,10%]",48100,159,467,961,49687,1428,0.02873991184816954,0.9871526495095021,0.6055450535601764,0.7963488515348393,950,3479,0.2730669732681805,0.9874011310805644,1.0,0,45.947372,9a854bd0f13d7a3759e3181760846b30d5d39bbdbc8f3922b9c0a13ee3d51a76,293c43f77a286b4fae50a233418941724d40c87a442aa7c5a263dbcaf8148028
RCS13-FP32,50,Paraguay_34417,Paraguay,"(50,100%]",>40%,0,0,0,9574,9574,9574,1.0,nan,1.0,1.0,0,892,0.0,1.0,1.0,0,46.79845,49afec19e1360d364bec41cb4c9fdfb722e93b0edad753ce259917be1ba89db6,64990ea6addff6af93b8eace95fbcf586b8f19e678352f7776dc1bc87a88d58f
RCS13-FP32,51,Paraguay_868895,Paraguay,"(1,10%]","(1,10%]",28733,1734,1140,1894,33501,3034,0.09056446076236531,0.909070775461132,0.3972315436241611,0.6531511595426466,4134,10312,0.4008921644685803,0.9142115160741471,1.0,0,50.727456,fc63bd3c4c17608e6a4abf9676b66f0d335ebeea6782f40224eb43cc0716939e,739c46bb6529c5f0a018c39ca6cb7b700564c4a4eb7e8d69e3d110932f1084f6
RCS13-FP32,52,Paraguay_511199,Paraguay,"(1,10%]","(1,10%]",46904,1060,948,1264,50176,2212,0.04408482142857143,0.9589466797513903,0.3863080684596577,0.672627374105524,3102,8479,0.3658450288949169,0.9599808673469388,1.0,0,47.643087,8a7cb4856a92b423b2eedd7a9e885ec4fccf9a7f0eb5aad5f8785502765fedaa,c596b04fc63b11df32818e191cdd2807017f614ce14a38301e2e9742d363ba92
RCS13-FP32,53,Paraguay_80102,Paraguay,"(0,1%]","(0,1%]",50171,0,5,0,50176,5,9.964923469387755e-05,0.9999003507653061,0.0,0.4999501753826531,0,95,0.0,0.9999003507653061,1.0,0,51.358939,627c0144d53e9ba9d8034b0f14609c44a4a5a67c055528cabcfcdb484539ffdb,6182ba8a831d4fd5a1e469cd7bbb745b23b455feadb8ba253e060b8250109906
RCS13-FP32,54,Paraguay_651904,Paraguay,"(10,50%]","(10,40%]",44764,207,1398,3807,50176,5205,0.10373485331632654,0.9653863572645518,0.7034368070953437,0.8344115821799478,2158,4929,0.4378170014201664,0.9680125956632653,1.0,0,50.293176,1ccca1c98e182aee9189c8330d9f8f5bce5fbb47ee6b245e8c37ef313de412d6,a4fdf1b1e16845d7a2e85667790700b4aaf4fabfab36a4b80ee750ae2982e704
RCS13-FP32,55,Somalia_699062,Somalia,"(1,10%]","(1,10%]",38206,56,316,308,38886,624,0.01604690634161395,0.990357198403235,0.45294117647058824,0.7216491874369116,671,1892,0.3546511627906977,0.9904335750655763,1.0,0,47.864852,6df192ca4f0bd2a9031d25854224481d80b981927423aaeaeb631e4e8be4374f,960af58fdf697c47da7cb56529526f0e2d9b31580f1221488dcfd4026dfc4620
RCS13-FP32,56,Somalia_60129,Somalia,"(0,1%]","(0,1%]",42396,0,128,0,42524,128,0.0030100649045245037,0.9969899350954755,0.0,0.49849496754773776,0,846,0.0,0.9969899350954755,1.0,0,46.429855,9bff96cbb1045b91aaacfc3a861bb0cc89ae94a865b90d654345932054ec5455,cff778bc7ebac5f392bded342b01976a9a4b153a7b2e509647e68ccb01dd885d
RCS13-FP32,57,Somalia_685158,Somalia,"(10,50%]","(10,40%]",29488,897,947,3876,35208,4823,0.13698591229266077,0.9411464317630538,0.6776223776223776,0.8093844046927157,3249,7973,0.4075003135582591,0.9476255396500796,1.0,0,49.910901,de8b6e54ed49a3e2729d332466af8c72b898d0b32f0dd019da8dbacc917d3f52,f73852ea64a9b91e82612c4d3c0fd77df4e99a5fa075c7e3a67807bbe45a9d9d
RCS13-FP32,58,Somalia_166342,Somalia,"(0,1%]","(0,1%]",42208,14,2,0,42224,2,4.7366426676771504e-05,0.9996210685865858,0.0,0.4998105342932929,0,245,0.0,0.9996210685865858,1.0,0,48.040293,417ae2623fbb9be68d6a5a6b866fbbe1b4780559d0a9590d164d5288dd865e69,93c0e01845fb3fb4c9718b6166a44467888761afd6ed7e5f927e872154a42700
RCS13-FP32,59,Somalia_94102,Somalia,"(1,10%]","(1,10%]",43482,273,112,2329,46196,2441,0.052840072733570005,0.9912234709462694,0.8581429624170965,0.924683216681683,680,2032,0.3346456692913386,0.9916659451034722,1.0,0,46.255073,7951dc1946abe53aba349d0eb8b6b99035bfa7d418224db2cbcc444b8570744f,9cc9a01d8cb4cae0e84819f7438ec1c64e8eca7d357b4de731949832138ab237
RCS13-FP32,60,Somalia_322855,Somalia,"(10,50%]","(10,40%]",39138,1074,2329,6274,48815,8603,0.17623681245518796,0.9200065818857103,0.6483414281285522,0.7841740050071313,6666,12798,0.5208626347866854,0.9302878213663833,1.0,0,50.124445,eaa1cf6682e98eb8e72afbe282d3e25365de589934bb5cdefa26d98ab9dd7b23,005b074ffcc8e97577d166fa177ccc561a286ea709c54d2504bce26d2efa4552
RCS13-FP32,61,Spain_6860600,Spain,"(0,1%]","(0,1%]",50101,0,39,0,50140,39,0.0007778220981252493,0.9992221779018747,0.0,0.49961108895093737,0,371,0.0,0.9992221779018747,1.0,0,48.161172,da7e30d6980b2b2e4af06309cf91f9354b9b4d68789b4a73b94fc24b2c59c65f,6182ba8a831d4fd5a1e469cd7bbb745b23b455feadb8ba253e060b8250109906
RCS13-FP32,62,Spain_7558720,Spain,"(0,1%]","(0,1%]",49731,3,401,10,50145,411,0.008196230930302124,0.9919417572554103,0.024154589371980676,0.5080481733136956,65,2815,0.023090586145648313,0.9919433642436933,1.0,0,46.179398,511de52acccdcaad29954dfec6e310691d5a747ae8629a1dd7b5766783098038,171115ad3f7e6e5d124a9fe13c31edf7ddb21eb86a767ff47abf63b0c54c549e
RCS13-FP32,63,Spain_5650136,Spain,"(50,100%]",>40%,11532,1407,1574,18226,32739,19800,0.6047832859891872,0.7945979466685041,0.8594332060168812,0.8270155763426927,7181,13147,0.546208260439644,0.9089465163871835,1.0,0,50.241144,0332b8723a4fdd7e99482df709340ea58dacf8f5fe18970bd3eb39e4711629ff,31ccb20a69ccad32db0a7e1faa2d793ad6f255f510b4d3b4fc148716784baeb1
RCS13-FP32,64,Spain_7370579,Spain,"(10,50%]","(10,40%]",34526,2227,3727,9675,50155,13402,0.2672116439038979,0.8529150197628459,0.6190415253695054,0.7359782725661757,9989,23836,0.4190719919449572,0.881288007177749,1.0,0,50.698465,03e5c885ee2608a31afe883635cdc3d741fbde7f45b57377d3c6d3221911b192,bb0a3ab4c3a456ead9b170c08353138f7630874745eb39bae01b8649a4d544d0
RCS13-FP32,65,Spain_6095801,Spain,"(1,10%]","(1,10%]",45024,765,2295,2073,50157,4368,0.08708654823853101,0.9363613676066883,0.4038573933372297,0.670109380471959,4343,12420,0.3496779388083736,0.9389915664812489,1.0,0,43.322944,2efb5d5808d3ed83f15fb3a73296670794be222a47b6517df54b2317fbb11839,b1ce762f85b79fd56017c785b46317def0ad2f3970d5ca10a41cccf0f74d9e1a
RCS13-FP32,66,Spain_7387658,Spain,"(50,100%]",>40%,17619,3281,5314,23939,50153,29253,0.5832751779554564,0.6721217669947357,0.735814839859839,0.7039683034272873,18003,33033,0.5450004540913632,0.828624409307519,1.0,0,50.215302,44ee21aedd67b978078676f360959ed1270b0369c2a910b9c3f51e32e260f264,9c10f628253c521cfb2b17bfba4ad27d03b5227e0857434d7d7c82a1a4ad7b6e
RCS13-FP32,67,Sri-Lanka_117737,Sri-Lanka,"(1,10%]","(1,10%]",48854,35,1254,33,50176,1287,0.02564971301020408,0.9742935205312805,0.024962178517397883,0.4996278495243392,307,6587,0.04660695308941855,0.9743104272959183,1.0,0,48.822028,29aa199fa0322c02079caa689a46d12e73235e6009ad87f4dc73531eac5d5e98,a554a5dd1765e92a499c598e94dd717d33ffeee0cd703c4519058e5f8fea6203
RCS13-FP32,68,Sri-Lanka_1049830,Sri-Lanka,"(1,10%]","(1,10%]",35754,141,247,247,36389,494,0.01357553106708071,0.9892645675391512,0.3889763779527559,0.6891204727459536,429,1404,0.3055555555555556,0.9893374371375965,1.0,0,46.118823,92238545e77b6fc9bb9a86787acb5bd8374540fda8c9cf45fe37f7b194b01cb5,700bcc0a734c5562aa253dc44a1774abfe7ecd1186a345b87b0e1629abccacce
RCS13-FP32,69,Sri-Lanka_534068,Sri-Lanka,"(50,100%]",>40%,720,227,36,49193,50176,49229,0.9811264349489796,0.7324516785350966,0.9946821417017147,0.8635669101184056,471,999,0.47147147147147145,0.994758450255102,1.0,0,56.331258,4fc1f9598266ce67b8193349a5ca993acd9fab96fe58f1eb23f46be1c7ef5519,298582d7659fac977502ba63d56b01bedf6b243d83cbefdcbe4e623198837581
RCS13-FP32,70,Sri-Lanka_922192,Sri-Lanka,"(0,1%]","(0,1%]",45666,58,103,87,45914,190,0.0041381713638541625,0.9964867872651494,0.35080645161290325,0.6736466194390263,228,916,0.24890829694323144,0.9964934442653657,1.0,0,45.438337,0cacad551b8bf5dba72f84f5088e03745290356b1f119d0471565d990a63b6e3,3773cc402863ee4693254ddd0071c5b39e223700f73debd4a567e0feebbea912
RCS13-FP32,71,Sri-Lanka_377277,Sri-Lanka,"(1,10%]","(1,10%]",47904,82,1281,379,49646,1660,0.03343673206300608,0.9723344226358415,0.21756601607347875,0.5949502193546601,701,4284,0.16363211951447246,0.9725456230109173,1.0,0,54.090295,335d689fa806ea38b8cc767860de7c72cbc1fe04673c2d74f38796cef4021540,d58c460c1d59f0290c64cc86677ec89375e9e4f75bf6b3ea9a97494222bbf4f9
RCS13-FP32,72,Sri-Lanka_649970,Sri-Lanka,"(1,10%]","(1,10%]",45990,641,2067,1233,49931,3300,0.06609120586409245,0.9443919668158857,0.31286475513828976,0.6286283609770877,4043,13956,0.2896961880194898,0.945765155915163,1.0,0,55.426826,0535433689b630603b56977c8ed3a17157a64ba39491e2f89d1e383e330afbd7,d7ef75ef0e8adfb9c06b595b0907969ca8e65983689515c34e0fcf664eeaa27e
RCS13-FP32,73,Sri-Lanka_450918,Sri-Lanka,"(1,10%]","(1,10%]",17946,113,531,283,18873,814,0.043130397922958724,0.965357719203873,0.30528586839266453,0.6353217937982688,739,2805,0.263458110516934,0.9658771790388385,1.0,0,46.322487,0b6e7a8de3470ebdef34ea70c9e4038aa85e172989a223d062d063292eeaebf7,34bac6e775d839afb7f2f58c329314920a6550cc0c2c45d2464de87a6390a610
RCS13-FP32,74,Sri-Lanka_849649,Sri-Lanka,"(0,1%]","(0,1%]",41387,15,200,170,41772,370,0.008857607967059275,0.9948319792317677,0.44155844155844154,0.7181952103951046,336,1138,0.29525483304042177,0.9948530115867088,1.0,0,54.287569,96779d0095531d65eba0896b47625a56a36882575286cbd59b942ca540274c47,dbd3c5eeb506ac7776ef945605665b62aa4d8c98cb54c90de38d56879673679e
RCS13-FP32,75,Sri-Lanka_713926,Sri-Lanka,"(10,50%]","(10,40%]",34626,130,466,14944,50166,15410,0.3071801618626161,0.9830787575946851,0.9616473616473616,0.9723630596210233,1947,3744,0.5200320512820513,0.9881194434477535,1.0,0,55.146697,c0fa841dee76ee06bde072277fccc6edc08892d3d7e42e5699283f68a8bfe7e5,55ff88737e58a7a5231d99e494374ea3bf7497e53efa1d9747c7cd022dac4cc2
RCS13-FP32,76,USA_905409,USA,"(10,50%]","(10,40%]",41437,285,409,8038,50169,8447,0.16837090633658236,0.9835275687735872,0.9205222171323866,0.9520248929529869,2535,4901,0.5172413793103449,0.9861667563634914,1.0,0,46.80876,62cd826c55e4314aa1153577eb801cb507f51a74237c303e71a5e7f1908d9217,750565a76ca552b640f555f04c2baef68f35e9f648348db7830e004607953ba6
RCS13-FP32,77,USA_430764,USA,"(1,10%]","(1,10%]",46385,845,1221,1724,50175,2945,0.05869456900847035,0.9573589812387773,0.45488126649076516,0.7061201238647712,3762,10456,0.35979342004590664,0.958824115595416,1.0,0,46.909566,d07bccc2fcd3a1d051584bfb5b8c912647a6ef057af4d4e4ad25edba963c616b,86b3737d410ea0e43c540afd7fe3306fec8a28a742d01799dfea7fa1dfb7514b
RCS13-FP32,78,USA_350244,USA,"(0,1%]","(0,1%]",49932,4,232,4,50172,236,0.004703818863110898,0.9952958060915325,0.016666666666666666,0.5059812363790995,72,1533,0.046966731898238745,0.9952961811368891,1.0,0,50.054241,3f37240d4c4e743a1fb19e7e8fdb876d695dafc2cd96ed35d9875546b1204437,be984ccbc3ed6fd138f2b2792cbf9789c89cbd3faf57ce814c8c403800155a8c
RCS13-FP32,79,USA_527077,USA,"(0,1%]","(0,1%]",49816,30,268,57,50171,325,0.006477845767475235,0.9940535578880153,0.16056338028169015,0.5773084690848527,152,1924,0.079002079002079,0.9940603137270535,1.0,0,47.858361,b227e6f9a9ae37637ab7def5d151c71fde7a313e886df8493bd83312cdfc62be,5a1d795ba0d060fb868a37084cbbc78014e9d9728553959022e200ecdc746ab2
RCS13-FP32,80,USA_933610,USA,"(1,10%]","(1,10%]",49319,96,307,426,50148,733,0.014616734465980698,0.9918949358432887,0.5138721351025332,0.7528835354729109,1048,2628,0.3987823439878234,0.9919637871899178,1.0,0,46.960031,776238e7630bd95ade37dbf532f1f91786c597691569369a0b22af066a9733d7,1c1fa00bdd840c2df94134986b467a4a6642c8f76b7d19c8e7459396c6ac60a7
RCS13-FP32,81,USA_66511,USA,"(1,10%]","(1,10%]",49664,0,511,0,50175,511,0.01018435475834579,0.9898156452416542,0.0,0.4949078226208271,0,2626,0.0,0.9898156452416542,1.0,0,56.135944,728759774e2b74985412a7f5c794a5fe7fd768d1d01579801f91fda3b0baa8f5,6182ba8a831d4fd5a1e469cd7bbb745b23b455feadb8ba253e060b8250109906
RCS13-FP32,82,USA_519181,USA,"(0,1%]","(0,1%]",49755,23,301,94,50173,395,0.007872760249536603,0.9935302222488468,0.22488038277511962,0.6092053025119832,401,1901,0.21094160967911627,0.9935423434915194,1.0,0,44.901891,8f2ecffae1f44b93c76c1e8039496bbd96708a1503516e2d2cf636a3e4cc28df,bd1e9f89d4dbffab6cc1f007468ab10be99079136a33070f037c26620a5ff0a1
RCS13-FP32,83,USA_778194,USA,"(1,10%]","(1,10%]",49368,55,407,330,50160,737,0.014692982456140351,0.990728476821192,0.4166666666666667,0.7036975717439293,819,2833,0.2890928344511119,0.9907894736842106,1.0,0,52.749474,94eab915f244367f91696e93089e8e93770ec6608c50bb4eee84150d7acb531e,6e1dd7131c739fb496706dadf56000b950aa11d20c0decff70323042d16f2018
RCS13-FP32,84,USA_67102,USA,"(1,10%]","(1,10%]",48055,288,236,1584,50163,1820,0.03628172158762435,0.9892134461392783,0.7514231499051234,0.8703182980222008,1735,3385,0.5125553914327917,0.989554053784662,1.0,0,47.361418,8dcdae70262ea8d4ba3bc7723ae444a28271e5487b7287f31a79e7be72104232,37573097c8ae4e81c59e896d1806d479e57657c334b81b22ab82ee102ffd5183
RCS13-FP32,85,USA_1049586,USA,"(0,1%]","(0,1%]",49727,39,182,211,50159,393,0.007835084431507806,0.9955753984143509,0.48842592592592593,0.7420006621701385,430,1643,0.26171637248934876,0.9955940110448773,1.0,0,47.770926,c1f0c7fad3530019b120201c0d04bca2605071563efc468dcca86a96701e1638,eca4113eaba043d60711e3de3192c47b0c4a6e79b6283a6c55eee926cefe6f07
RCS13-FP32,86,USA_595451,USA,"(1,10%]","(1,10%]",45460,741,1599,2376,50176,3975,0.07922114158163265,0.9510460251046026,0.5038167938931297,0.7274314094988661,3845,10739,0.3580407859204768,0.9533641581632653,1.0,0,47.249981,8242a95d8909713381238ff864bc941cfa28504f09cbe5981148b72e15ce76a6,fb254e82673c992881a8a3fbc41c75626ad7f3749ec9b03090942176a2ea9094
RCS13-FP32,87,USA_670826,USA,"(1,10%]","(1,10%]",49592,4,565,13,50174,578,0.011519910710726671,0.988656525986324,0.022336769759450172,0.5054966478728871,93,2632,0.03533434650455927,0.9886594650615856,1.0,0,50.18942,14d97692736c77d4551882d8b0697626f43ea7963a3b68d96c061bf04d441fcf,88e8598bfb7af63112e7aadb611244c12aaf42e9bbe956708a31cd050671a9cd
RCS13-FP32,88,USA_504150,USA,"(1,10%]","(1,10%]",49457,80,371,263,50171,634,0.01263678220485938,0.9909633726055943,0.36834733893557425,0.6796553557705842,709,2380,0.29789915966386554,0.9910107432580575,1.0,0,47.820089,e8bfbacb5c2354ea75ded12397eefa8cdadd4ecd34a29fd7e3c857d69515d97d,e30bbd8b979b6bfcd13cdb725f12a6ba41602bf8387c85cdf74a47ce24fa0762
RCS13-FP32,89,USA_758178,USA,"(0,1%]","(0,1%]",49833,41,255,44,50173,299,0.005959380543320112,0.9940952342955176,0.12941176470588237,0.5617534995007,232,1394,0.16642754662840745,0.9941004125724991,1.0,0,46.406963,a34f8e16fde9368aff1026c0e60535b648ea0cb3c383f7310b2324c745f103d2,f39325d163bb1e2cf161295ae692c353d257f9772489c27c9d3e7d306719faf4
RCS13-FP16-Opt,0,Ghana_313799,Ghana,"(1,10%]","(1,10%]",43717,241,1706,1166,46830,2872,0.061328208413410204,0.9573624737210932,0.3745583038869258,0.6659603888040095,1368,6435,0.2125874125874126,0.9584240871236387,1.0,0,5740.06043,0157f2303452cf20ed6014ee99453096d62b241b204fc82fc45ef5d459fd46c1,fc854e9682c55fe66e8bb60618017e10c2090ac3b4e46508b165d6d2c3ab2f3f
RCS13-FP16-Opt,1,Ghana_1078550,Ghana,"(0,1%]","(0,1%]",49935,1,228,12,50176,240,0.0047831632653061226,0.9954349732876167,0.04979253112033195,0.5226137522039743,45,1606,0.028019925280199254,0.9954360650510204,1.0,0,24.276923,96149d31f8cd6693f8618c65fa109f00d985825ae8fce4fe10c65af98cf12f56,71b9794c38a3c80937b4c775d0923eb9db39475574a112eafbd67855bd530720
RCS13-FP16-Opt,2,Ghana_97059,Ghana,0%,0%,5298,21,0,0,5319,0,0.0,0.9960518894529047,0.0,0.49802594472645234,0,81,0.0,0.9960518894529047,1.0,0,50.540342,532de0bafafe3b2daa217a51e757f9cf301c4e349ce7ba2dcccae8587f2c0809,c147b48dad493091afe8cabca07dcee7a979c3934c5d4764ba517021270e0d3a
RCS13-FP16-Opt,3,Ghana_359826,Ghana,"(1,10%]","(1,10%]",49401,106,330,339,50176,669,0.013333067602040817,0.991251479824227,0.4374193548387097,0.7143354173314683,863,2756,0.31313497822931785,0.9913105867346939,0.9999402104591837,3,47.136408,e3a083e84054bf1c7da01c3bc20bfb6134782d18219cc642ea6ffb79c3471f44,8a78cd880f097ac2e0e68c0ac86c5c52764658a8a42bfe5dd993f58253cd68c8
RCS13-FP16-Opt,4,Ghana_319168,Ghana,"(10,50%]","(10,40%]",24632,589,1938,5634,32793,7572,0.23090293660232367,0.9069553370889945,0.690356573949271,0.7986559555191327,2348,6854,0.34257367960315144,0.9229408715274602,0.9995120909950295,16,47.526505,13032e77404026995497f796e708c8981c61e64fd4e32a5a225b93a2240fa306,eed0f8f45f399c5bc2d85d8b757e3fe58b9e312450cad0573bd60ede2e2b29e9
RCS13-FP16-Opt,5,Ghana_866994,Ghana,"(50,100%]",>40%,225,2013,11177,9152,22567,20329,0.9008286435946293,0.016772269847185987,0.40963208307224064,0.21320217645971332,379,6177,0.061356645620851545,0.415518234590331,0.998582000265875,32,49.678023,da8c584933795e9127949548409362fa75abdb4fde13b7456d3ae2de4aff801e,e5cae6eb42c65577fc2657f34f54d9062718ef8706574c724ddba6acc969c2f1
RCS13-FP16-Opt,6,Ghana_406026,Ghana,"(1,10%]","(1,10%]",49310,45,237,584,50176,821,0.016362404336734693,0.9943135989675754,0.674364896073903,0.8343392475207392,596,1162,0.5129087779690189,0.9943797831632653,0.9998604910714286,7,46.911913,dc5e9450f4abec6f21c921291b38f7593a8ad85a421f8b1bc65388b3c976c00a,1ffcd0c3109636dfcefb8c95d309883345fbeff1bd0553164a7c7b5824bfcdb1
RCS13-FP16-Opt,7,Ghana_53713,Ghana,0%,0%,50176,0,0,0,50176,0,0.0,1.0,nan,1.0,0,0,nan,1.0,1.0,0,47.680655,a396fadb4c9b77f35db5114d84dff77275049b635b0254776d6f1c9c9e1c4cc6,6182ba8a831d4fd5a1e469cd7bbb745b23b455feadb8ba253e060b8250109906
RCS13-FP16-Opt,8,Ghana_83483,Ghana,no-valid-pixels,no-valid-pixels,0,0,0,0,0,0,nan,nan,nan,nan,0,0,nan,nan,nan,0,49.884096,215c75147db9b68da073fe687f6ba108e6f109e0d7d9e3ab389fc29157227b27,6cb70114645453baded4f20c9dc2740c4bbb00d04bf20748783534f6ee1bd56b
RCS13-FP16-Opt,9,Ghana_167233,Ghana,0%,0%,50176,0,0,0,50176,0,0.0,1.0,nan,1.0,0,0,nan,1.0,1.0,0,47.15762,502c44722760eaf272c103b207c60617758d1046c5ced18aaf434141aa848649,6182ba8a831d4fd5a1e469cd7bbb745b23b455feadb8ba253e060b8250109906
RCS13-FP16-Opt,10,Ghana_141271,Ghana,"(0,1%]","(0,1%]",49865,0,311,0,50176,311,0.006198182397959184,0.9938018176020408,0.0,0.4969009088010204,0,1325,0.0,0.9938018176020408,1.0,0,47.525175,45e725410ab57db26492f87e41ce0ace45761d72aa4235f5bf8c99d0ff8a572c,6182ba8a831d4fd5a1e469cd7bbb745b23b455feadb8ba253e060b8250109906
RCS13-FP16-Opt,11,India_900498,India,"(10,50%]",>40%,23775,2634,1824,21917,50150,23741,0.4733998005982054,0.8420996705982361,0.8309763033175356,0.8365379869578858,10766,21291,0.5056596684044902,0.9111066799601196,0.9991625124626121,42,50.173887,50430860dc048a6edfbdf65d4a108086b618dd72adaca86eb70963dd444e8a2c,1ef22253cf638387ad71119ad9d0e4c879d12a200b654b5402eeab7b3d8af184
RCS13-FP16-Opt,12,India_591317,India,"(10,50%]",>40%,23983,1152,1283,20689,47107,21972,0.46642749485214513,0.9078279960632902,0.8946981491091507,0.9012630725862205,2991,10375,0.288289156626506,0.9483091684887597,0.9997877173243892,10,46.851829,4ea798a8fcb3ff257b45db362db6f17a19321015b9d4216a574f2c342ee7bf2b,35c1957a97578703431464a5a1cd2f276bb25b2502ea98e3561b8488d58753d4
RCS13-FP16-Opt,13,India_747992,India,"(10,50%]",>40%,26162,1488,4372,18144,50166,22516,0.448829884782522,0.81700081194179,0.7558740209965006,0.7864374164691452,10362,28709,0.3609321118812916,0.883187816449388,0.9992425148506957,38,47.441009,532025e09cddd7b9c2538056086033e4edd9003b98ba94446d344f6616c00ab6,05dd0c9d75500207f0adf04e174c308f8f32b40151441abb58f3a34dddadb93a
RCS13-FP16-Opt,14,India_79637,India,"(1,10%]","(1,10%]",49145,21,948,62,50176,1010,0.020129145408163265,0.9806640858841841,0.06013579049466537,0.5203999381894248,230,6403,0.03592066218959863,0.9806879783163265,0.9999800701530612,1,49.887827,bd38b7a32607ff05f13be151563aeedb6ca0d9e546d89d4b291059ebfa7faafe,45538b7099b2fd3731aae9a52c4b614a65798d526fb20f4c72fee8a149e45322
RCS13-FP16-Opt,15,India_952728,India,"(1,10%]","(1,10%]",34631,362,881,192,36066,1073,0.02975101203349415,0.9653509505491442,0.1337979094076655,0.5495744299784049,910,6694,0.13594263519569763,0.9655354073088227,0.9998890922198193,4,46.909733,e8ce18f48f5ffc8aab2e14138ac5a4b07ccd802d84420626f80aa5e082c30643,3ac24074a2f0c69656e9ed0b93c05b5aef9f1539862dfa04675dff673d0ec5bf
RCS13-FP16-Opt,16,India_828067,India,"(1,10%]","(1,10%]",33653,113,1183,174,35123,1357,0.038635651852062754,0.9629173939168503,0.11836734693877551,0.5406423704278129,763,4888,0.15609656301145663,0.9631011018420977,0.9998291717677875,6,48.088484,227932e1f032237e851caf2bcee31bfe92059b511f87e65d7efb324ce268a7c4,866a8596d97046c30ec594ac0bf65db655cd4abf7c2aae1211d1e1a9650d9b7c
RCS13-FP16-Opt,17,India_570384,India,"(1,10%]","(1,10%]",43270,235,1389,1418,46312,2807,0.06061064087061669,0.963825901011271,0.46614069690992765,0.7149832989605993,2669,10188,0.26197487239890066,0.9649334945586457,0.9998704439454137,6,49.762048,fea5a38a8f216048efd5b74521e057736060e20848420f371feaa63c3f449ffe,31c27c9d8fa5062080e10b34d2d30ef0da6df830ff832795c857356087292f13
RCS13-FP16-Opt,18,India_44475,India,0%,0%,49795,0,0,0,49795,0,0.0,1.0,nan,1.0,0,0,nan,1.0,1.0,0,47.315851,7fd31a845e247f19565cab59cedfeb034ea94731273d23d13bc989c3722898df,6182ba8a831d4fd5a1e469cd7bbb745b23b455feadb8ba253e060b8250109906
RCS13-FP16-Opt,19,India_80221,India,"(50,100%]",>40%,6418,776,1001,20919,29114,21920,0.752902383732912,0.7831604636973765,0.9217042650687346,0.8524323643830556,4192,8354,0.5017955470433325,0.9389640722676376,0.9994504362162534,16,24.596775,bc306f00808ea117e3a1c95f95aed75242f01002c55b923b85aa2cbcefa77309,c4857e4808d526b290187137f22a8ad419c266a7639cd2e3a08235bd346c8d0e
RCS13-FP16-Opt,20,India_1018327,India,"(10,50%]","(10,40%]",42251,960,2473,4491,50175,6964,0.1387942202291978,0.924853340337974,0.5667592125189298,0.7458062764284519,7236,19542,0.3702793982192201,0.9315794718485302,0.9997209765819631,14,23.851183,a98855383ac4751479549f38be74cfc6a373a30a64506b6b3c8ef50afea573ce,727c4822d9da4008388c0357fabc6c2dbe3bc9c2a1a8e11e1292a594f03d525c
RCS13-FP16-Opt,21,India_592446,India,"(1,10%]","(1,10%]",41116,125,1047,660,42948,1707,0.03974573903324951,0.9722852818766553,0.36026200873362446,0.6662736453051399,1502,4615,0.3254604550379198,0.9727111856198193,0.9998602961721151,6,23.336609,a2644489ada17e1681600f97359c7cc7d64273fbf43d3b5f8a0b789f603b50fc,c40a0be9c3eb619b8717198ed65e7dc0c8067e57b2d29d4f3b0606ddd2e768c8
RCS13-FP16-Opt,22,India_772630,India,"(0,1%]","(0,1%]",29572,24,250,6,29852,256,0.008575639823127429,0.9908195403069088,0.02142857142857143,0.5061240558677401,120,1607,0.07467330429371499,0.9908213855018089,0.9999665014069409,1,23.311157,3234491223cc6e6e4abe93d6f93cd19157d5beb2c0fd452d378aec15f24f9772,5861ea6d72ec2b5c088ddf0debcab15732afe1204e4f75c9102923a8ec7a3c85
RCS13-FP16-Opt,23,India_631692,India,"(0,1%]","(0,1%]",50011,0,165,0,50176,165,0.003288424744897959,0.996711575255102,0.0,0.498355787627551,0,870,0.0,0.996711575255102,1.0,0,26.614863,b5afa9bcd67f6e39c735b105f5fb1f152984937bc8b1d845f13b6c25ee271d7e,6182ba8a831d4fd5a1e469cd7bbb745b23b455feadb8ba253e060b8250109906
RCS13-FP16-Opt,24,India_399883,India,"(50,100%]",>40%,22055,1994,1927,24197,50173,26124,0.5206784525541626,0.84905297197413,0.8605519595988335,0.8548024657864817,10536,19504,0.5401968826907301,0.9218503976242202,0.9995814481892651,21,23.271974,d36040d487a5ed615435d2d04aaa501114855e53ed81050fb3c703dffbb04b51,a8e6559279c790a8edad0f2f9ca4025f31fcc20cf274dc1e27a791a7c512388d
RCS13-FP16-Opt,25,Mekong_333434,Mekong,"(1,10%]","(1,10%]",38187,55,574,57,38873,631,0.016232346358655107,0.983795342126958,0.08309037900874636,0.5334428605678522,292,3030,0.09636963696369637,0.9838191032336069,0.9999228256116071,3,23.817241,a1c52a407e85450408b8b1718849584c2df1ca07b485de7bbe26a3071a260a07,30e8acfd2d3284e09776c83231cc15f4eb398d7f3c8a0aa34f0022958431fd10
RCS13-FP16-Opt,26,Mekong_45934,Mekong,"(0,1%]","(0,1%]",50059,0,60,0,50119,60,0.0011971507811408847,0.9988028492188591,0.0,0.49940142460942955,0,499,0.0,0.9988028492188591,1.0,0,22.951082,f608074d764acfda924cd270fe96b233208c33b8c077553629ebac66828b70e3,6182ba8a831d4fd5a1e469cd7bbb745b23b455feadb8ba253e060b8250109906
RCS13-FP16-Opt,27,Mekong_1443339,Mekong,"(50,100%]",>40%,10349,2999,1694,35132,50174,36826,0.7339657990194124,0.6880069139742055,0.8821594475831764,0.785083180778691,9329,20746,0.4496770461775764,0.9064655000597919,0.9998206242276877,9,22.956562,2b6fbf32beca83ad08a57c46b8a8c6f2e3b4c4f00c5fd287ced0f519cf851105,980d8e14a35374089bf03e67efa596c33be08de9048aca1577dd8d852af4ac9b
RCS13-FP16-Opt,28,Mekong_382276,Mekong,"(1,10%]","(1,10%]",48198,108,120,1745,50171,1865,0.0371728687887425,0.9952917854045348,0.8844399391789154,0.9398658622917251,564,1549,0.36410587475790834,0.995455542046202,0.9999800681668694,1,23.007246,987240b8bb8a77fd08ec7b09fa862e6066b352901fc6ea278ff8519222830a3e,6148fab73d92af759ecf2bbb2dae23000b467548edba3f461dfe73235eef545e
RCS13-FP16-Opt,29,Mekong_254910,Mekong,"(0,1%]","(0,1%]",39315,0,22,0,39337,22,0.0005592698985687775,0.9994407301014312,0.0,0.4997203650507156,0,268,0.0,0.9994407301014312,1.0,0,23.253633,7c0569f753162f9bfa183e1603bdfe32eaec332edbefc066ebb58f2f589ce884,ff0644e768cb30ffeca7042e0134b9855767e625ca8cdf55b674909780499df3
RCS13-FP16-Opt,30,Mekong_424793,Mekong,"(1,10%]","(1,10%]",48526,155,406,374,49461,780,0.015770000606538485,0.9885713121600423,0.4,0.6942856560800212,764,2325,0.3286021505376344,0.9886577303329896,0.9999595641010088,2,22.943541,5328f7a1b4cd9c20260c449bf4f995984a970e03b64af9caafa146066aeb54ec,cfb5e2699f94f629a33164d2fd4bc314c4ed7db7b8b49d87aa983174464d53cf
RCS13-FP16-Opt,31,Nigeria_417184,Nigeria,"(1,10%]","(1,10%]",11080,2,229,42,11353,271,0.023870342640711705,0.9795774025285121,0.15384615384615385,0.566711778187333,111,630,0.1761904761904762,0.9796529551660355,1.0,0,23.052859,c1668997ea458e2d461b30e485e5d4d414c86710ed15fa381356083606dd83a8,6efafc91e74ab6bb81cb260c3282028067bc7f9eeb5771ba9f9e9801b3f24c1f
RCS13-FP16-Opt,32,Nigeria_225131,Nigeria,"(0,1%]","(0,1%]",45926,51,163,42,46182,205,0.004438958901736607,0.9953619419159081,0.1640625,0.579712220957954,255,1422,0.17932489451476794,0.9953661599757482,0.9999566930838855,2,23.120123,c13af7a4be562f2fbfddc82a9fc74ed140fd4c5bbff0d1dfbf30e8dd86fb7127,d35c6f1e0b7a5981690678f798e3c50279e31ce2c273e507a9ace18d4095af08
RCS13-FP16-Opt,33,Nigeria_812045,Nigeria,"(50,100%]",>40%,21094,1429,684,22227,45434,22911,0.5042699300083637,0.9089498858103159,0.9131881676253082,0.9110690267178121,3789,10245,0.3698389458272328,0.9534929788264296,0.9997799005150328,10,23.031848,31c5351cd19bbe7e3aa107a0ecdc60766993a187d0c8a583486c1a91daadec65,635971417c12aa67e221cf31947cd074e145ea55258e8ceb806ae74924a50c2a
RCS13-FP16-Opt,34,Nigeria_22088,Nigeria,"(0,1%]","(0,1%]",42575,1,118,6,42700,124,0.0029039812646370023,0.9972127230992646,0.048,0.5226063615496322,55,541,0.10166358595194085,0.9972131147540984,1.0,0,23.053459,35830f69af3800cb983fa93b924288f47b568f6d16411fd392cfcb2012e48548,7bf5f3f580cbe0cc6c67374747a9f5645fcf598acf5b510c17f9c6570c94e510
RCS13-FP16-Opt,35,Pakistan_849790,Pakistan,"(50,100%]",>40%,13969,2409,7481,25385,49244,32866,0.6674112582243522,0.5854813697137349,0.7196314670446492,0.6525564183791921,10163,28425,0.3575373790677221,0.7991633498497279,0.9978474534968728,106,23.017147,eb5edac251801cae4aa95b91a1d66d4ef5ae788d5841162ad513318a5ff5eb45,e872e2f1b6f9208fea1aeb5357c9afa161a2c8aa750ad4a79352ce39715c22e5
RCS13-FP16-Opt,36,Pakistan_664885,Pakistan,"(1,10%]","(1,10%]",13251,234,115,339,13939,454,0.032570485687639,0.9743382352941177,0.49273255813953487,0.7335353967168263,247,808,0.3056930693069307,0.9749623358921014,0.9998565176841955,2,23.303787,a1350378cd4e3d46c4b9f33fe8bbcae1874e39edaf53c953cc173bd60c5583e8,764cb67df1da13935a63926593acd30c38d1bdfd8bf24ea569da3d6e24739b1a
RCS13-FP16-Opt,37,Pakistan_694942,Pakistan,"(1,10%]","(1,10%]",33223,11,635,2852,36721,3487,0.09495928760110019,0.9809265109687325,0.8153230417381361,0.8981247763534344,545,1784,0.3054932735426009,0.9824078864954658,0.9997821410092318,8,23.051449,9274e05875b1cdf9984e1211dfebfb92f7dfe9f086acc756bdc731eb04658a77,bca170fbf4090fdcba8e3499ac4d9a8dd5d3c38b5e7b9433e6a709f75a732819
RCS13-FP16-Opt,38,Pakistan_70625,Pakistan,"(1,10%]","(1,10%]",49101,187,619,269,50176,888,0.017697704081632654,0.9838499609273248,0.2502325581395349,0.6170412595334298,507,2835,0.17883597883597885,0.9839365433673469,0.9999601403061225,2,23.346929,d75bf57bf69c2e22e43e5c52841ffc33cafc8ec781072f001ed096a21ae383b8,1016b02781974abef7ae7d6d0d08b9478ac15dc23c340bf55c22ac972e54936d
RCS13-FP16-Opt,39,Pakistan_528249,Pakistan,0%,0%,14780,41,0,0,14821,0,0.0,0.9972336549490588,0.0,0.4986168274745294,0,130,0.0,0.9972336549490588,1.0,0,23.35294,82631a925b07de56a4dbbbc99833fdcd14547d6c0e026abf705f9e250d6c31f7,7481b05bae9c611b06c7dd9e3ab5e63645d2d800e99fd31fd7f4a43d76e8749f
RCS13-FP16-Opt,40,Pakistan_167553,Pakistan,"(0,1%]","(0,1%]",46995,0,290,0,47285,290,0.006133023157449508,0.9938669768425505,0.0,0.49693348842127527,0,942,0.0,0.9938669768425505,1.0,0,23.465827,671522a1d034d90e9caf2737a2fcd80143dbbb9d7c5ff5029957e4c36bf4d81e,dc2559b6b828baf7e2fa0f8122e01198b28735dacbc21801e744b28d59152470
RCS13-FP16-Opt,41,Paraguay_913449,Paraguay,"(1,10%]","(1,10%]",49094,28,1013,41,50176,1054,0.02100605867346939,0.9792360626308966,0.03789279112754159,0.5085644268792191,260,4303,0.06042296072507553,0.9792530293367347,0.9999601403061225,2,23.057069,b7fa6ce9e3ba341582928a6ec84a3b1a939504c0cfc064872a0f2e95079c6cde,d5cf0ecb65e09006c0128c457dea14ad8087de28a87d39c2fe584864e8b6b4f8
RCS13-FP16-Opt,42,Paraguay_280900,Paraguay,"(1,10%]","(1,10%]",48504,421,797,454,50176,1251,0.024932238520408163,0.9755038011343068,0.2715311004784689,0.6235174508063879,2222,5295,0.41964117091595843,0.9757254464285714,0.9998804209183674,6,23.021516,344ebd639aef63cd2a3f8192dfa2f52f34fa1018c576e2201c7f49bcb4a489cc,2da85fb4de8168b1fc5cba6b629580393bce2c187086abd6fd5e9ed31dacd6ef
RCS13-FP16-Opt,43,Paraguay_790830,Paraguay,"(10,50%]","(10,40%]",43696,225,449,5610,49980,6059,0.12122849139655863,0.9848095560063106,0.8927434754933163,0.9387765157498135,2743,4573,0.5998250601355783,0.986514605842337,0.9999399759903962,3,23.024647,64841511f39dc474047e12ebaa2f4e63d9d1ecf5a3095eee3c1754eb0d923a76,fdbac4b9c22e49f49ea174d40ac5974f42edd81ee047ffefe5758588c3da53f8
RCS13-FP16-Opt,44,Paraguay_232281,Paraguay,"(10,50%]","(10,40%]",41122,3368,681,5005,50176,5686,0.11332110969387756,0.9103628434172367,0.5527943450408659,0.7315785942290514,1838,8765,0.20969766115231034,0.919304049744898,0.9992227359693877,39,22.974154,e8fbf62942018f8a8ae0b3a39f9c53d8793feee084985ccc2868962799b71485,c92969df91e0ccc8e472ec0cf44a7bd9294a3a1d839a385a25a35081daeceff6
RCS13-FP16-Opt,45,Paraguay_271769,Paraguay,"(0,1%]","(0,1%]",49682,4,466,24,50176,490,0.009765625,0.9906284893922476,0.048582995951417005,0.5196057426718322,144,2083,0.06913106096975516,0.9906329719387755,0.9999800701530612,1,22.944231,b92562afe7aa9d4869bf9f773546a55067a52b4a23228dd9eeb1f85bb97857b4,a9d5eb8d86eefb5cc0605b6cb8193ccb6ed1040e36d59440c8ed1a6d22f60ce2
RCS13-FP16-Opt,46,Paraguay_40936,Paraguay,0%,0%,41259,0,0,0,41259,0,0.0,1.0,nan,1.0,0,0,nan,1.0,1.0,0,22.832424,435452575c13bbe42776843774d4c5e70371281c7acaec80f16144797b1ce986,6182ba8a831d4fd5a1e469cd7bbb745b23b455feadb8ba253e060b8250109906
RCS13-FP16-Opt,47,Paraguay_1029191,Paraguay,"(10,50%]","(10,40%]",38484,452,1331,8333,48600,9664,0.19884773662551442,0.955720565227109,0.8237445630684065,0.8897325641477578,5376,9712,0.5535420098846787,0.9633127572016461,0.9997942386831276,10,22.91913,07a47a87b13c0b57889591e9bdafd89e4f357c3da574ca890d8b9fb874b3e3aa,53fd7082a1b84121153b0dabcb057010bbf4a360970c282016534fd44a001f2e
RCS13-FP16-Opt,48,Paraguay_59731,Paraguay,"(1,10%]","(1,10%]",48334,68,167,364,48933,531,0.010851572558396175,0.9951615227820214,0.6076794657762938,0.8014204942791576,729,1193,0.6110645431684828,0.995197514969448,0.999959127786974,2,22.980704,9756982b71e941f16fb2e266ca7a7ba0897c4ddfba499d963a8638978c73a428,46c1b39dcbfe4ef0615ba11a7463912c499c2ac79e2696caef05b27df33899d5
RCS13-FP16-Opt,49,Paraguay_683296,Paraguay,"(1,10%]","(1,10%]",48105,154,468,960,49687,1428,0.02873991184816954,0.987235003180988,0.606826801517067,0.7970309023490275,949,3457,0.27451547584610936,0.9874816350353212,0.9998792440678649,6,23.096211,7c9ba70e34fc0d339cbedf3b5c2fc6718c709b684768e8a1418bf23b8d7b44fb,0f7e0a20a2eea7ca5eda38390590d6ea28d6febfce5f92e448eb1173e21ae996
RCS13-FP16-Opt,50,Paraguay_34417,Paraguay,"(50,100%]",>40%,0,0,0,9574,9574,9574,1.0,nan,1.0,1.0,0,892,0.0,1.0,1.0,0,23.730626,481ab6100733a7b51c1a8b8b26fd5c5ff5706ac5ddcfd0992c06c1fe1c781444,64990ea6addff6af93b8eace95fbcf586b8f19e678352f7776dc1bc87a88d58f
RCS13-FP16-Opt,51,Paraguay_868895,Paraguay,"(1,10%]","(1,10%]",28758,1709,1148,1886,33501,3034,0.09056446076236531,0.9096315040328958,0.3976386253426102,0.653635064687753,4070,10302,0.39506891865657157,0.9147189636130265,0.9990149547774694,33,23.50004,c653b76e3b59939a69aeac2d77ee9c37f429603c12fac43f4d21fadeb0c2fea4,62ca4b370ee0450f72cd379fda874e77242e1d0dfb6f2709d34c36ce2dac8470
RCS13-FP16-Opt,52,Paraguay_511199,Paraguay,"(1,10%]","(1,10%]",46902,1062,950,1262,50176,2212,0.04408482142857143,0.9588665821646154,0.38546120952962737,0.6721638958471214,3097,8478,0.36529841943854685,0.9599011479591837,0.9998007015306123,10,25.247429,a3f848be68e2f5f9464ef163b698f19d0a71fc5cf3d8be49dff8290f4c9805f2,6edc857a14e7d0ae977a277d59d8007782c21abb432327c77eb1bd204fcb78aa
RCS13-FP16-Opt,53,Paraguay_80102,Paraguay,"(0,1%]","(0,1%]",50171,0,5,0,50176,5,9.964923469387755e-05,0.9999003507653061,0.0,0.4999501753826531,0,95,0.0,0.9999003507653061,1.0,0,25.936967,37f8f3eec9a4ea12e94eeaea29501fc0a7bc68e135a16a3dd3cc9c4cb04d72fc,6182ba8a831d4fd5a1e469cd7bbb745b23b455feadb8ba253e060b8250109906
RCS13-FP16-Opt,54,Paraguay_651904,Paraguay,"(10,50%]","(10,40%]",44766,205,1397,3808,50176,5205,0.10373485331632654,0.9654503105590062,0.7038817005545287,0.8346660055567674,2156,4920,0.43821138211382116,0.9680723852040817,0.9997807716836735,11,24.261592,2f0e055b4c147ce4f9a27abffd44afbbd9109dd9250a1641fe95ed4f3bdc4fbb,b8ff151d9f0c06cf8d71b69921edb1db146803b58f7c16f8eb884889498a05e3
RCS13-FP16-Opt,55,Somalia_699062,Somalia,"(1,10%]","(1,10%]",38206,56,319,305,38886,624,0.01604690634161395,0.9902801897306964,0.4485294117647059,0.7194048007477012,664,1891,0.3511369645690111,0.9903564264773954,0.9999228514118191,3,23.51442,3e926b4a0b05abb8f6a03274a95dcad91b86a699d285c78fd40fabba9bd986bd,731d029cc09a5dfdb51c3feda6d337593f925baa23ad0a4ee907bf5309a584b1
RCS13-FP16-Opt,56,Somalia_60129,Somalia,"(0,1%]","(0,1%]",42396,0,128,0,42524,128,0.0030100649045245037,0.9969899350954755,0.0,0.49849496754773776,0,845,0.0,0.9969899350954755,1.0,0,23.658001,17e9a8202bf50a989a0a3e0e9c02a9d68042787f18c4fb405150ca88483d3365,40cc6fc4ffd753e872cab2cce99be05911ebce4618287d0cf2d3b4cc7336dcab
RCS13-FP16-Opt,57,Somalia_685158,Somalia,"(10,50%]","(10,40%]",29491,894,951,3872,35208,4823,0.13698591229266077,0.9411220321674751,0.6772782928109148,0.8092001624891949,3252,7973,0.4078765834692086,0.9475971370143149,0.9996875710065894,11,23.275834,c44cdd1819ee91eddb8c8010d53de4d696f7a4110f7cc978c614f69e3632dbe5,fb53f567933d5e086576df03bdfeebe7931cc8a8cc93cc1c548c6eea586eaf90
RCS13-FP16-Opt,58,Somalia_166342,Somalia,"(0,1%]","(0,1%]",42209,13,2,0,42224,2,4.7366426676771504e-05,0.9996447517999242,0.0,0.4998223758999621,0,245,0.0,0.9996447517999242,0.9999763167866617,1,23.419964,c247753e719c567a1900214a3e83f79db30090d2d0332d7ffc68bcc1c74525cb,78d4b7ec078aa5d036c08081a995d25daf3cf7058e099b9c44cf53402146fb40
RCS13-FP16-Opt,59,Somalia_94102,Somalia,"(1,10%]","(1,10%]",43483,272,113,2328,46196,2441,0.052840072733570005,0.9912236710130391,0.8580906745300405,0.9246571727715398,680,2032,0.3346456692913386,0.9916659451034722,0.9999567062083298,2,23.390262,978e9511b6698d93b28097d7e8784a66381e6ffd29c5b8275932c71f6ebb7e3b,8ca23062e69adfafcd681f050cb302b08f0d5739d3c6de22edfd0e30fe8af58f
RCS13-FP16-Opt,60,Somalia_322855,Somalia,"(10,50%]","(10,40%]",39136,1076,2326,6277,48815,8603,0.17623681245518796,0.920024448728196,0.6485174088232255,0.7842709287757108,6655,12795,0.5201250488472059,0.9303083068728875,0.9998156304414627,9,23.593166,e9ef44f54a6562b1e8dc6cd104c08f106c402b10d8a7c390bb3472b61267d069,09ca757379d289c1fad19533bd836903e2ea687bac193a723498845721e24f22
RCS13-FP16-Opt,61,Spain_6860600,Spain,"(0,1%]","(0,1%]",50101,0,39,0,50140,39,0.0007778220981252493,0.9992221779018747,0.0,0.49961108895093737,0,371,0.0,0.9992221779018747,1.0,0,23.640459,001f6244642a466f84233575b42c5e7d9cd458cf53340dcfa1067c157841e0ff,6182ba8a831d4fd5a1e469cd7bbb745b23b455feadb8ba253e060b8250109906
RCS13-FP16-Opt,62,Spain_7558720,Spain,"(0,1%]","(0,1%]",49732,2,401,10,50145,411,0.008196230930302124,0.9919617034008178,0.024213075060532687,0.5080873892306752,64,2815,0.022735346358792183,0.991963306411407,0.9999800578322864,1,22.92302,6b07e5371b63568c8ce7ca216c6a058f2e1167efc088f380471178f19672d552,237e786029e0b5e83499201a26897f56518968bf40b72d0748d371be5cebd965
RCS13-FP16-Opt,63,Spain_5650136,Spain,"(50,100%]",>40%,11536,1403,1581,18219,32739,19800,0.6047832859891872,0.7944903581267218,0.8592651983209924,0.826877778223857,7185,13152,0.5463047445255474,0.908854882555973,0.9996029200647546,13,23.966102,a1d7b6a42f500805eac52297b05b26c0c442508a35c8914020c4b1f4e811faf9,0c82c82a45ff846fb005467a1e653fb9dd224a713c9b109eb8aa94a282f9c157
RCS13-FP16-Opt,64,Spain_7370579,Spain,"(10,50%]","(10,40%]",34554,2199,3748,9654,50155,13402,0.2672116439038979,0.8531641194044591,0.618806486763669,0.7359853030840641,9963,23835,0.41799874134675896,0.8814275745189911,0.999023028611305,49,32.83982,9fbcd1887cdf5da84d449df3a64014c958c587e7ec7b78e4bd662533277dc557,f255b8658718bcde307ec9dfc3d43d661f6bf44c436ba26c41dfed153f8cb1fb
RCS13-FP16-Opt,65,Spain_6095801,Spain,"(1,10%]","(1,10%]",45037,752,2308,2060,50157,4368,0.08708654823853101,0.9363785683098738,0.40234375,0.6693611591549369,4324,12419,0.34817618165713826,0.9389915664812489,0.9994816276890564,26,24.290754,8aaaa6149cc3ae8ee5b6a088ce7df0ed67030f4d336d4d33cf497711a3f269be,abe5fc3afd4fa675d55e70eab621232b436f12573b6ccd20d09c72734860ec6b
RCS13-FP16-Opt,66,Spain_7387658,Spain,"(50,100%]",>40%,17635,3265,5346,23907,50153,29253,0.5832751779554564,0.6719119103863446,0.7351928162863645,0.7035523633363545,17994,33046,0.5445137081643769,0.8283053855203079,0.9990030506649652,50,22.639071,47d629fdedfce7f50bfc71027d355461dd90e3ba8fe1e8fcaa0a12ffd9f1a486,d4ee68bf58e69d2a3557e3d0fd4764d17f99a6641bff383c2649e06de4fdb56e
RCS13-FP16-Opt,67,Sri-Lanka_117737,Sri-Lanka,"(1,10%]","(1,10%]",48860,29,1255,32,50176,1287,0.02564971301020408,0.9743937460114869,0.0243161094224924,0.49935492771698964,293,6586,0.044488308533252356,0.9744100765306123,0.9998604910714286,7,24.747435,3831f1f648b91ca36a4b9e8debeb3ee7c371dba1201a47f5383cf2cb547dfa3c,9d5ab37761729ae534ba988560c190db6eaeefb5507f3544dc0aa7effa3d51b3
RCS13-FP16-Opt,68,Sri-Lanka_1049830,Sri-Lanka,"(1,10%]","(1,10%]",35761,134,249,245,36389,494,0.01357553106708071,0.9894034971226207,0.39012738853503187,0.6897654428288262,429,1386,0.30952380952380953,0.9894748412981945,0.9997526725109236,9,22.49714,10775ded56501a7fbd2a47d2ebca3e70ceff76b9e2784662d67d34956c8606bf,9771cf3cd90737fb7515c0ae18b454c0d127ae82922365370773f539d22bbafe
RCS13-FP16-Opt,69,Sri-Lanka_534068,Sri-Lanka,"(50,100%]",>40%,720,227,36,49193,50176,49229,0.9811264349489796,0.7324516785350966,0.9946821417017147,0.8635669101184056,471,999,0.47147147147147145,0.994758450255102,1.0,0,22.236863,4361282004a7a077284182cfa348f7f98bdbeb4aaa6da0ccdb636d3348287de1,298582d7659fac977502ba63d56b01bedf6b243d83cbefdcbe4e623198837581
RCS13-FP16-Opt,70,Sri-Lanka_922192,Sri-Lanka,"(0,1%]","(0,1%]",45669,55,103,87,45914,190,0.0041381713638541625,0.996552250856482,0.3551020408163265,0.6758271458364042,229,914,0.25054704595185995,0.996558783813216,0.9999346604521496,3,22.281216,e25d121d2e12692f41a01f86b38eeaef05eedb8e9436ec6751aa601e1b12fd3c,8b1ea8be78dc5f7a9fa806d9b6d80c45e834693ffb49c72a61d8ddfeb86a6636
RCS13-FP16-Opt,71,Sri-Lanka_377277,Sri-Lanka,"(1,10%]","(1,10%]",47904,82,1288,372,49646,1660,0.03343673206300608,0.9721962901327272,0.21354764638346727,0.5928719682580973,690,4287,0.1609517144856543,0.9724046247431817,0.9998590017322644,7,24.710553,27a75a7ada025015a374b65ed7b95739a46c7beeb04fe4d26d84d7e67b05e4d5,926ad27197ede638f675ce1e4cd90e724cd9ac07c0f012a049cfe9425b0cab4b
RCS13-FP16-Opt,72,Sri-Lanka_649970,Sri-Lanka,"(1,10%]","(1,10%]",45995,636,2075,1225,49931,3300,0.06609120586409245,0.9443395064263129,0.31122967479674796,0.6277845906115305,4031,13957,0.2888156480619044,0.945705073000741,0.9997396407041718,13,22.92235,be03c32b158e502bebbe8d72c0ce352add868af9b17e95527a189e6cf544593e,bc2107e238eba08e9bc1106b440d3852c4f1941114d96b03f7a6f26e58dc7e9a
RCS13-FP16-Opt,73,Sri-Lanka_450918,Sri-Lanka,"(1,10%]","(1,10%]",17946,113,533,281,18873,814,0.043130397922958724,0.9652538726333907,0.30312837108953616,0.6341911218614634,733,2805,0.26131907308377894,0.9657712075451703,0.9998940285063318,2,26.670257,6ec1ba9df67d99765176f7affa836f2d6cb157bf28f04007e96621ba00028dfc,2ae3bd276e51e9a4c09ca98df7df381edaa24d33b15b5ca1588224485216e8ec
RCS13-FP16-Opt,74,Sri-Lanka_849649,Sri-Lanka,"(0,1%]","(0,1%]",41387,15,201,169,41772,370,0.008857607967059275,0.9948080667259572,0.43896103896103894,0.7168845528434981,336,1138,0.29525483304042177,0.9948290721057167,0.999976060519008,1,22.706055,bbf4b4a3044a5b8b87187496d5c906f99edccd09a96b4e996663c9044347fcde,ba288fe466cb1e161d18e51c58e4f937b7cec80d48ae8c748edae6351946874d
RCS13-FP16-Opt,75,Sri-Lanka_713926,Sri-Lanka,"(10,50%]","(10,40%]",34628,128,468,14942,50166,15410,0.3071801618626161,0.983079718373836,0.9616424250225254,0.9723610716981808,1944,3746,0.5189535504538174,0.9881194434477535,0.9999202647211258,4,25.592793,3821af9b276bc05c545446789852bfa9dc95ca60dfd2922cab2fb183572d0d58,eb2d51a2daea68c0ac0abd372acfdab390b1f58c086db5a6f58b6e03298a7e03
RCS13-FP16-Opt,76,USA_905409,USA,"(10,50%]","(10,40%]",41437,285,409,8038,50169,8447,0.16837090633658236,0.9835275687735872,0.9205222171323866,0.9520248929529869,2535,4900,0.5173469387755102,0.9861667563634914,0.9999601347445634,2,25.336105,b0f2e916260aaf12e3739a3ebaf5bdf5193b07af513263d3d4d7830136d37e7e,52594ae236582a028364e9362704b5c29dbfbfbf6033bce08b30ccb3068ab538
RCS13-FP16-Opt,77,USA_430764,USA,"(1,10%]","(1,10%]",46393,837,1226,1719,50175,2945,0.05869456900847035,0.9574252930493644,0.4545214172395558,0.7059733551444601,3752,10448,0.35911179173047475,0.9588839063278525,0.9997409068261086,13,24.982732,1b88104c9aadf0f370821e7d6a5c60dbe38c0d8cb3ee5780866dbcb02b36723e,372d46dad0091fa3a984b4d46fc54db8b7b9ccb71288d3a2ea35319e9ed11c72
RCS13-FP16-Opt,78,USA_350244,USA,"(0,1%]","(0,1%]",49933,3,232,4,50172,236,0.004703818863110898,0.9953157391165683,0.016736401673640166,0.5060260703951043,72,1532,0.04699738903394256,0.9953161125727498,0.9999800685641393,1,24.560353,17d374062743db347c033368e4a0fef48c2ff9647eca157da5a1e39d6f220d0b,925dc8b9b59c42f3854319d633ea50197bb6a71e8a6705612a9dc3a6507370de
RCS13-FP16-Opt,79,USA_527077,USA,"(0,1%]","(0,1%]",49816,30,268,57,50171,325,0.006477845767475235,0.9940535578880153,0.16056338028169015,0.5773084690848527,152,1924,0.079002079002079,0.9940603137270535,1.0,0,23.482808,cd2a587aabbc3fd9dd827e10c72af94e51c60c9947fa921f309cbbfca56d284a,5a1d795ba0d060fb868a37084cbbc78014e9d9728553959022e200ecdc746ab2
RCS13-FP16-Opt,80,USA_933610,USA,"(1,10%]","(1,10%]",49320,95,309,424,50148,733,0.014616734465980698,0.9918751508325959,0.5120772946859904,0.7519762227592932,1041,2628,0.3961187214611872,0.991943846215203,0.9999401770758555,3,23.306737,a6bfa1e990f87368cc9c284b71ec7eba4a8b7eea952d82ba3042be9085ed771d,73b145ab3bbb2160fd803d46de768d2b47cee75a63d0a6adf51e49c1ce89e2d2
RCS13-FP16-Opt,81,USA_66511,USA,"(1,10%]","(1,10%]",49664,0,511,0,50175,511,0.01018435475834579,0.9898156452416542,0.0,0.4949078226208271,0,2626,0.0,0.9898156452416542,1.0,0,25.772815,1f7d8e1c77d984c61c8b9b48c1d026286cb97ccd2ad8add44c159a91b008f2e1,6182ba8a831d4fd5a1e469cd7bbb745b23b455feadb8ba253e060b8250109906
RCS13-FP16-Opt,82,USA_519181,USA,"(0,1%]","(0,1%]",49755,23,302,93,50173,395,0.007872760249536603,0.9935103833865815,0.22248803827751196,0.6079992108320467,400,1901,0.21041557075223566,0.993522412452913,0.9999800689613936,1,26.727801,ef1c8884fa67a512664f3ca7773a439800fdd40aa0b65a11382f8c7a31e3090e,813e483b913a9b1908faee89fbb72b08f877939b54fff6f5e5fbb32144a8e714
RCS13-FP16-Opt,83,USA_778194,USA,"(1,10%]","(1,10%]",49369,54,409,328,50160,737,0.014692982456140351,0.9907087815058597,0.41466498103666244,0.7026868812712611,817,2832,0.2884887005649718,0.9907695374800638,0.9999401913875599,3,24.820209,8792877de754715edf44b5886fc3fca9a3e4216d06a39aefb245668a4d542fb1,e643ee05a2a3235e992d1e0bf3c72f00f4f2e113498e7672eb4f92b33715b550
RCS13-FP16-Opt,84,USA_67102,USA,"(1,10%]","(1,10%]",48056,287,237,1583,50163,1820,0.03628172158762435,0.9892136681762042,0.7513051732320836,0.8702594207041439,1735,3384,0.5127068557919622,0.989554053784662,0.9999601299762774,2,24.38441,2e83c4b5c845d0b76fb8f78b220e40db9e87c6704b45092e5c043613722c597e,dceda7c86471a00bf4ce86a2a714d1d4c1bf262755947d6d82ac0fd6e899f7cb
RCS13-FP16-Opt,85,USA_1049586,USA,"(0,1%]","(0,1%]",49727,39,182,211,50159,393,0.007835084431507806,0.9955753984143509,0.48842592592592593,0.7420006621701385,430,1643,0.26171637248934876,0.9955940110448773,1.0,0,23.764348,6c0d6028df299045820e74a8ef55e8971ab2ae14b680436b3233fa226b944cbd,eca4113eaba043d60711e3de3192c47b0c4a6e79b6283a6c55eee926cefe6f07
RCS13-FP16-Opt,86,USA_595451,USA,"(1,10%]","(1,10%]",45464,737,1603,2372,50176,3975,0.07922114158163265,0.9510501213287591,0.5033955857385399,0.7272228535336496,3838,10737,0.35745552761479,0.9533641581632653,0.9998405612244898,8,23.452476,28664a7b11c156643448213e395bc1a5b2a57577e2edc98db734086d8440619a,b4e55e478cc768cd838d7ece1925fa639eeedca1f0ae74461bd4466435587f78
RCS13-FP16-Opt,87,USA_670826,USA,"(1,10%]","(1,10%]",49592,4,565,13,50174,578,0.011519910710726671,0.988656525986324,0.022336769759450172,0.5054966478728871,93,2632,0.03533434650455927,0.9886594650615856,1.0,0,23.520991,5910f42ceb2b58b463ccb130dd792cc4ae111e08d07271ec903bea783ea9c4ec,88e8598bfb7af63112e7aadb611244c12aaf42e9bbe956708a31cd050671a9cd
RCS13-FP16-Opt,88,USA_504150,USA,"(1,10%]","(1,10%]",49457,80,371,263,50171,634,0.01263678220485938,0.9909633726055943,0.36834733893557425,0.6796553557705842,709,2380,0.29789915966386554,0.9910107432580575,1.0,0,23.531731,decbe3abb7e3fa05cdba6ee1035a8836c28f04b1e5d0ce4f83acab5a0f5282cc,e30bbd8b979b6bfcd13cdb725f12a6ba41602bf8387c85cdf74a47ce24fa0762
RCS13-FP16-Opt,89,USA_758178,USA,"(0,1%]","(0,1%]",49833,41,256,43,50173,299,0.005959380543320112,0.9940754039497307,0.1264705882352941,0.5602729960925124,231,1394,0.16571018651362984,0.9940804815338927,0.9999800689613936,1,22.787231,b559ef04645c5a8249ce7960e2215902bb244835b4fcbf8f8a6b2fdff3158882,143d476a8acf7c8cab311f7a4b41414da57daef53d3ad4285b0cb794a9e3cf91
Mono-FP16-Opt,0,Ghana_313799,Ghana,"(1,10%]","(1,10%]",43717,241,1706,1166,46830,2872,0.061328208413410204,0.9573624737210932,0.3745583038869258,0.6659603888040095,1368,6435,0.2125874125874126,0.9584240871236387,1.0,0,558.123629,613c8a677f677464571b226d4e1b7504375706cba9c6862858edf1861a476ceb,fc854e9682c55fe66e8bb60618017e10c2090ac3b4e46508b165d6d2c3ab2f3f
Mono-FP16-Opt,1,Ghana_1078550,Ghana,"(0,1%]","(0,1%]",49935,1,228,12,50176,240,0.0047831632653061226,0.9954349732876167,0.04979253112033195,0.5226137522039743,45,1606,0.028019925280199254,0.9954360650510204,1.0,0,16.706298,a547fe18bfe95a8ffee185083de8db382b04ea2f88cfe5702f5c26acf68e3be6,71b9794c38a3c80937b4c775d0923eb9db39475574a112eafbd67855bd530720
Mono-FP16-Opt,2,Ghana_97059,Ghana,0%,0%,5298,21,0,0,5319,0,0.0,0.9960518894529047,0.0,0.49802594472645234,0,81,0.0,0.9960518894529047,1.0,0,25.406396,c90391528ae3f6ae67ae1f8f05adedf6bda045a431d3ca91a03325dad79427f8,c63532336fbc35403a03220bc09b0e08d2d90bc7ae855055b555997adea12e84
Mono-FP16-Opt,3,Ghana_359826,Ghana,"(1,10%]","(1,10%]",49401,106,330,339,50176,669,0.013333067602040817,0.991251479824227,0.4374193548387097,0.7143354173314683,863,2756,0.31313497822931785,0.9913105867346939,0.9999402104591837,3,15.455662,ba91cd691927a3d2e8a40e0b5642336008488135e66bd4b47d2868f8c4c28a1e,8a78cd880f097ac2e0e68c0ac86c5c52764658a8a42bfe5dd993f58253cd68c8
Mono-FP16-Opt,4,Ghana_319168,Ghana,"(10,50%]","(10,40%]",24632,589,1938,5634,32793,7572,0.23090293660232367,0.9069553370889945,0.690356573949271,0.7986559555191327,2348,6854,0.34257367960315144,0.9229408715274602,0.9995120909950295,16,15.050615,e184a6b66c3e01c5e29b291eb2dbdafcb359e46fbd9e987bf63accf237bca314,eed0f8f45f399c5bc2d85d8b757e3fe58b9e312450cad0573bd60ede2e2b29e9
Mono-FP16-Opt,5,Ghana_866994,Ghana,"(50,100%]",>40%,225,2013,11177,9152,22567,20329,0.9008286435946293,0.016772269847185987,0.40963208307224064,0.21320217645971332,379,6177,0.061356645620851545,0.415518234590331,0.998582000265875,32,15.042234,10fc2ad17e842ea177d08b7ed281fd7860fc204bc34cf2ae5ba41e11bd614a99,ed28d423f534514fb01421d691f9f97f183e5dfaa963d33d8a945349ed54b13c
Mono-FP16-Opt,6,Ghana_406026,Ghana,"(1,10%]","(1,10%]",49310,45,237,584,50176,821,0.016362404336734693,0.9943135989675754,0.674364896073903,0.8343392475207392,596,1162,0.5129087779690189,0.9943797831632653,0.9998604910714286,7,15.053245,c3888c3e92422eb7bdbca6ec9c570330929e98168d6d9180ba2875e66a4c2b19,1ffcd0c3109636dfcefb8c95d309883345fbeff1bd0553164a7c7b5824bfcdb1
Mono-FP16-Opt,7,Ghana_53713,Ghana,0%,0%,50176,0,0,0,50176,0,0.0,1.0,nan,1.0,0,0,nan,1.0,1.0,0,15.020793,1bd40023ae013cf10f478c22af567c01d9aa6c99f93d01b8ff5d3ab47ef40c1f,6182ba8a831d4fd5a1e469cd7bbb745b23b455feadb8ba253e060b8250109906
Mono-FP16-Opt,8,Ghana_83483,Ghana,no-valid-pixels,no-valid-pixels,0,0,0,0,0,0,nan,nan,nan,nan,0,0,nan,nan,nan,0,15.090807,683d109fc27efee9abfec0fa545d37fbcca49ab2045c15b99235ef9c4f418804,5f136929acfbeb59f73fc244d791eec1c87f32bf3b9ae90246a4a632e6353b32
Mono-FP16-Opt,9,Ghana_167233,Ghana,0%,0%,50176,0,0,0,50176,0,0.0,1.0,nan,1.0,0,0,nan,1.0,1.0,0,15.038133,fb271ca1ecd97aff4e7a9299a904522f40d49979c3ea9bd0ffab6ef61f03c060,6182ba8a831d4fd5a1e469cd7bbb745b23b455feadb8ba253e060b8250109906
Mono-FP16-Opt,10,Ghana_141271,Ghana,"(0,1%]","(0,1%]",49865,0,311,0,50176,311,0.006198182397959184,0.9938018176020408,0.0,0.4969009088010204,0,1325,0.0,0.9938018176020408,1.0,0,15.198725,3a4785fed67e605fdaef1121f7a86be050931fde5e8e0f06665ecaa06bd89c8b,6182ba8a831d4fd5a1e469cd7bbb745b23b455feadb8ba253e060b8250109906
Mono-FP16-Opt,11,India_900498,India,"(10,50%]",>40%,23774,2635,1824,21917,50150,23741,0.4733998005982054,0.8420642510537314,0.8309447983014862,0.8365045246776088,10761,21290,0.5054485674025364,0.911086739780658,0.9991824526420737,41,15.310292,f5cf691b6ded1c2a45c47746c859fff7a1134ad773a24b276e6619dbc5252212,24e4771d5753aa78ce53a8f89d6778058702f3dbbfba72dc423f00b9768cd5f1
Mono-FP16-Opt,12,India_591317,India,"(10,50%]",>40%,23983,1152,1284,20688,47107,21972,0.46642749485214513,0.9077936333699231,0.8946549039958485,0.9012242686828857,2989,10377,0.2880408595933314,0.9482879402211986,0.9997664890568281,11,15.890311,d1ad9b86e3f3903d152c1a5aacf7becdf570591a28f3ba3a82506967704d91b5,e0a865730063cdfeeb98cbd7f4ccaf1ce55679690ec67afe7c7d0fb26e8301de
Mono-FP16-Opt,13,India_747992,India,"(10,50%]",>40%,26161,1489,4372,18144,50166,22516,0.448829884782522,0.8169695834114047,0.7558425328056655,0.786406058108535,10361,28709,0.3608972795987321,0.8831678826296695,0.9992624486704142,37,15.470223,d433946965e5b4abefe94c7ff21b1ac4320bd1c8a12a3f8297c6be6b23d8ea66,c51d433b8ea87e917c1a621630b37b5ed504ee4e2acd7b1e03824e628031297a
Mono-FP16-Opt,14,India_79637,India,"(1,10%]","(1,10%]",49145,21,948,62,50176,1010,0.020129145408163265,0.9806640858841841,0.06013579049466537,0.5203999381894248,230,6403,0.03592066218959863,0.9806879783163265,0.9999800701530612,1,15.393358,c7c2c5b6056dc76dba13f983d23646094e9d02ad06f1712d59adf3487cee7ebd,45538b7099b2fd3731aae9a52c4b614a65798d526fb20f4c72fee8a149e45322
Mono-FP16-Opt,15,India_952728,India,"(1,10%]","(1,10%]",34631,362,881,192,36066,1073,0.02975101203349415,0.9653509505491442,0.1337979094076655,0.5495744299784049,910,6694,0.13594263519569763,0.9655354073088227,0.9998890922198193,4,15.512146,bc1e5326dd3babbc4cafa1f9b58db49845373e867425dab61ed2e8fd9677b204,fa55916d76567ed3faa01a2c7de389eee069ea893bf2f194202720b17c19b3e6
Mono-FP16-Opt,16,India_828067,India,"(1,10%]","(1,10%]",33653,113,1183,174,35123,1357,0.038635651852062754,0.9629173939168503,0.11836734693877551,0.5406423704278129,763,4888,0.15609656301145663,0.9631011018420977,0.9998291717677875,6,15.42883,05ee3a5350592713e040a8bb79c99a0fcd6a5a660748b942b800a945de27baa1,866a8596d97046c30ec594ac0bf65db655cd4abf7c2aae1211d1e1a9650d9b7c
Mono-FP16-Opt,17,India_570384,India,"(1,10%]","(1,10%]",43270,235,1389,1418,46312,2807,0.06061064087061669,0.963825901011271,0.46614069690992765,0.7149832989605993,2669,10188,0.26197487239890066,0.9649334945586457,0.9998704439454137,6,15.13277,64e4858fd92b78fe2c5197f232cd0eed2b5d04bb1fde4aa58e8c27db2d30ff1d,31c27c9d8fa5062080e10b34d2d30ef0da6df830ff832795c857356087292f13
Mono-FP16-Opt,18,India_44475,India,0%,0%,49795,0,0,0,49795,0,0.0,1.0,nan,1.0,0,0,nan,1.0,1.0,0,15.159552,dee257818e64b7c9ea3a9cdee3b31ef09dd0d585277f64db078bba9014ea3a83,6182ba8a831d4fd5a1e469cd7bbb745b23b455feadb8ba253e060b8250109906
Mono-FP16-Opt,19,India_80221,India,"(50,100%]",>40%,6418,776,1000,20920,29114,21920,0.752902383732912,0.7832560410056139,0.9217483256961579,0.8525021833508859,4192,8349,0.5020960594083124,0.9389984200041217,0.9994847839527375,15,15.216216,5635faa013ea3f026dadc4bb3ccd069d9543a0939796041b0895cb38aef8b5ac,4cf6640a14c1b78bbbba43e009cb5edc0e701e80def11fdd11f892f78ef3eadd
Mono-FP16-Opt,20,India_1018327,India,"(10,50%]","(10,40%]",42252,959,2474,4490,50175,6964,0.1387942202291978,0.9248549852249097,0.5667045311119525,0.7457797581684311,7230,19542,0.3699723672090881,0.9315794718485302,0.9996811160936722,16,15.12665,f0fb7d5cc999451c6895abd5214100d4a07011ced9a8403aa0a055614e7120a3,db394f17e53bd3eeb9cc12ad5352c8fc7351ba4890d0c728dc21f542c76669f3
Mono-FP16-Opt,21,India_592446,India,"(1,10%]","(1,10%]",41116,125,1047,660,42948,1707,0.03974573903324951,0.9722852818766553,0.36026200873362446,0.6662736453051399,1502,4615,0.3254604550379198,0.9727111856198193,0.9998602961721151,6,15.115879,4cdd4ac71fc5d02369dc38a86a937a71b1488998bc8952c7e27471e4fe845405,c40a0be9c3eb619b8717198ed65e7dc0c8067e57b2d29d4f3b0606ddd2e768c8
Mono-FP16-Opt,22,India_772630,India,"(0,1%]","(0,1%]",29572,24,250,6,29852,256,0.008575639823127429,0.9908195403069088,0.02142857142857143,0.5061240558677401,120,1607,0.07467330429371499,0.9908213855018089,0.9999665014069409,1,15.124079,5ef9380cffa29f7927b1bd09e011d8470c9183a5b187d098564aa46b16523086,5861ea6d72ec2b5c088ddf0debcab15732afe1204e4f75c9102923a8ec7a3c85
Mono-FP16-Opt,23,India_631692,India,"(0,1%]","(0,1%]",50011,0,165,0,50176,165,0.003288424744897959,0.996711575255102,0.0,0.498355787627551,0,870,0.0,0.996711575255102,1.0,0,15.147481,9e74b34e230a2508c831f1e6b6a857b8c70f0c0bf8052d339aa24cf56dcae166,6182ba8a831d4fd5a1e469cd7bbb745b23b455feadb8ba253e060b8250109906
Mono-FP16-Opt,24,India_399883,India,"(50,100%]",>40%,22055,1994,1927,24197,50173,26124,0.5206784525541626,0.84905297197413,0.8605519595988335,0.8548024657864817,10536,19504,0.5401968826907301,0.9218503976242202,0.9995814481892651,21,15.149351,36356db47dd422c53c7594f98b020e85101de56bb046864a29c348ee42fa40c2,a8e6559279c790a8edad0f2f9ca4025f31fcc20cf274dc1e27a791a7c512388d
Mono-FP16-Opt,25,Mekong_333434,Mekong,"(1,10%]","(1,10%]",38187,55,574,57,38873,631,0.016232346358655107,0.983795342126958,0.08309037900874636,0.5334428605678522,292,3030,0.09636963696369637,0.9838191032336069,0.9999228256116071,3,15.124789,3f4c84ba9b63b3d5276fe752e0d201700d2dcdabd3a27badbcd14612cecff032,148a608df399b4f6e087e8d4a50016390d2c5e165dd02e50e4ae1abbacafa513
Mono-FP16-Opt,26,Mekong_45934,Mekong,"(0,1%]","(0,1%]",50059,0,60,0,50119,60,0.0011971507811408847,0.9988028492188591,0.0,0.49940142460942955,0,499,0.0,0.9988028492188591,1.0,0,15.129719,87b1dc98caadc932d255d3c34f776165a3c67fb97732c0ca4260c0081e01686b,6182ba8a831d4fd5a1e469cd7bbb745b23b455feadb8ba253e060b8250109906
Mono-FP16-Opt,27,Mekong_1443339,Mekong,"(50,100%]",>40%,10349,2999,1694,35132,50174,36826,0.7339657990194124,0.6880069139742055,0.8821594475831764,0.785083180778691,9329,20746,0.4496770461775764,0.9064655000597919,0.9998206242276877,9,15.044074,9d0997d47ac80ad456ba28086a9b8aff8e467e0b9e39128e8bf6ef9b25dbb326,980d8e14a35374089bf03e67efa596c33be08de9048aca1577dd8d852af4ac9b
Mono-FP16-Opt,28,Mekong_382276,Mekong,"(1,10%]","(1,10%]",48198,108,120,1745,50171,1865,0.0371728687887425,0.9952917854045348,0.8844399391789154,0.9398658622917251,564,1549,0.36410587475790834,0.995455542046202,0.9999800681668694,1,15.186614,4f58c5d6f6fa6bef28e7c44ceb3fdb93ba52a4031cf24b370f8845c32439fc3b,6148fab73d92af759ecf2bbb2dae23000b467548edba3f461dfe73235eef545e
Mono-FP16-Opt,29,Mekong_254910,Mekong,"(0,1%]","(0,1%]",39315,0,22,0,39337,22,0.0005592698985687775,0.9994407301014312,0.0,0.4997203650507156,0,268,0.0,0.9994407301014312,1.0,0,15.064065,79a5b55d44f4d471e5a7838f7c887c51a91b1413f33ea29a9aa624dde6ee1542,ff0644e768cb30ffeca7042e0134b9855767e625ca8cdf55b674909780499df3
Mono-FP16-Opt,30,Mekong_424793,Mekong,"(1,10%]","(1,10%]",48526,155,406,374,49461,780,0.015770000606538485,0.9885713121600423,0.4,0.6942856560800212,764,2325,0.3286021505376344,0.9886577303329896,0.9999595641010088,2,15.140591,0923bd78418a5cc7aec3146970ccdcd59d85cf88526128f7f131f583ff476d03,cfb5e2699f94f629a33164d2fd4bc314c4ed7db7b8b49d87aa983174464d53cf
Mono-FP16-Opt,31,Nigeria_417184,Nigeria,"(1,10%]","(1,10%]",11080,2,229,42,11353,271,0.023870342640711705,0.9795774025285121,0.15384615384615385,0.566711778187333,111,630,0.1761904761904762,0.9796529551660355,1.0,0,14.991381,33729952dbe407d120444c31dfdef6c7800af6a5d4272c9ed831d94f63f8ace3,ac39f9e8caf6164389798ac92438f1041acc2fb78c0d8a726829c4c5fd0f6bb4
Mono-FP16-Opt,32,Nigeria_225131,Nigeria,"(0,1%]","(0,1%]",45926,51,163,42,46182,205,0.004438958901736607,0.9953619419159081,0.1640625,0.579712220957954,255,1422,0.17932489451476794,0.9953661599757482,0.9999566930838855,2,15.28825,72f3b16878f48123b078150a1e427dd7709361d36cb931ba04041ec3c563c0eb,d35c6f1e0b7a5981690678f798e3c50279e31ce2c273e507a9ace18d4095af08
Mono-FP16-Opt,33,Nigeria_812045,Nigeria,"(50,100%]",>40%,21094,1429,684,22227,45434,22911,0.5042699300083637,0.9089498858103159,0.9131881676253082,0.9110690267178121,3789,10245,0.3698389458272328,0.9534929788264296,0.9997799005150328,10,15.449162,0e5e7d7daab0b85e158795cab0de8a161bff4e8cd2f540bef2181f032c703b3f,c4e9ac67c0519b0b755b5be9252440e8786ca3504c8c0df25b5e82f9051887cd
Mono-FP16-Opt,34,Nigeria_22088,Nigeria,"(0,1%]","(0,1%]",42575,1,118,6,42700,124,0.0029039812646370023,0.9972127230992646,0.048,0.5226063615496322,55,541,0.10166358595194085,0.9972131147540984,1.0,0,15.362406,be3c4fe60798b7141b18052790af30c92fcf0581d990eb3e702e4a648d853459,7bf5f3f580cbe0cc6c67374747a9f5645fcf598acf5b510c17f9c6570c94e510
Mono-FP16-Opt,35,Pakistan_849790,Pakistan,"(50,100%]",>40%,13969,2409,7478,25388,49244,32866,0.6674112582243522,0.585554996646546,0.7197165131112686,0.6526357548789072,10178,28425,0.3580650835532102,0.7992242709771749,0.9979083746243197,103,15.303961,fdfc5def685d03eb23727c251e75d2d722b2b15b80fca21e0f0a80020b67557c,4e9245a5a6f828bf492dbfa74bf01d146ba81b63caea6e93f9c48068ce9ad07f
Mono-FP16-Opt,36,Pakistan_664885,Pakistan,"(1,10%]","(1,10%]",13251,234,115,339,13939,454,0.032570485687639,0.9743382352941177,0.49273255813953487,0.7335353967168263,247,808,0.3056930693069307,0.9749623358921014,0.9998565176841955,2,15.738421,d3712c78c36b51d0a5a30b36a3d1c53e19f0fd3d334aa23e62185ea3c91b0694,6d79e25963ee9d13c57bf620da5399be78453ba01c940a66b691b909d93951e1
Mono-FP16-Opt,37,Pakistan_694942,Pakistan,"(1,10%]","(1,10%]",33223,11,635,2852,36721,3487,0.09495928760110019,0.9809265109687325,0.8153230417381361,0.8981247763534344,545,1784,0.3054932735426009,0.9824078864954658,0.9997821410092318,8,15.57232,e974b50b306f6772a09804f031840d2df03d5e2225a1322f27cbe0a8aa2d89d5,6717dd908521fa07ddb1e7a4899e196a0222a9da548f815a3d28413b9677b1ca
Mono-FP16-Opt,38,Pakistan_70625,Pakistan,"(1,10%]","(1,10%]",49100,188,619,269,50176,888,0.017697704081632654,0.9838299236580039,0.25,0.616914961829002,506,2836,0.17842031029619182,0.9839166135204082,0.9999800701530612,1,20.334408,01d275e5729a53a8aa20616f8ce63e9105338101bf7c28223eee5f116e98af6f,4fe260a811cc07097e9fa2309c9e33b0e99a632c61f3198eee08c5e74043cab7
Mono-FP16-Opt,39,Pakistan_528249,Pakistan,0%,0%,14780,41,0,0,14821,0,0.0,0.9972336549490588,0.0,0.4986168274745294,0,130,0.0,0.9972336549490588,1.0,0,16.87124,712ce2ef9453235f2f277fd82a212fdc59b0c59796e30c18f216e2a969107185,e53bdf81a9f9608620c63a55401a81bfcb8ba83e3a4e6b99984f8906e29e25d6
Mono-FP16-Opt,40,Pakistan_167553,Pakistan,"(0,1%]","(0,1%]",46995,0,290,0,47285,290,0.006133023157449508,0.9938669768425505,0.0,0.49693348842127527,0,942,0.0,0.9938669768425505,1.0,0,17.170841,31803133c60872cbd02b32edba65ac515c9145e24fc865bb9457d752fa59eade,dc2559b6b828baf7e2fa0f8122e01198b28735dacbc21801e744b28d59152470
Mono-FP16-Opt,41,Paraguay_913449,Paraguay,"(1,10%]","(1,10%]",49094,28,1013,41,50176,1054,0.02100605867346939,0.9792360626308966,0.03789279112754159,0.5085644268792191,260,4303,0.06042296072507553,0.9792530293367347,0.9999601403061225,2,16.035282,f9461980dc2297e3b56f3b2d17f8875894857d520dcdf2766d8a13cbf6b7c52b,d5cf0ecb65e09006c0128c457dea14ad8087de28a87d39c2fe584864e8b6b4f8
Mono-FP16-Opt,42,Paraguay_280900,Paraguay,"(1,10%]","(1,10%]",48503,422,797,454,50176,1251,0.024932238520408163,0.9754836893125779,0.27136879856545126,0.6234262439390146,2222,5296,0.4195619335347432,0.9757055165816326,0.9999003507653061,5,15.673877,92d59fccf5f177484d04dc85d673aa24617800a09e0079753f1b3c8b441368ed,3e005b78a56afeffb959efd478842570a1febbc155b4ec81d73e1891222d2a88
Mono-FP16-Opt,43,Paraguay_790830,Paraguay,"(10,50%]","(10,40%]",43696,225,449,5610,49980,6059,0.12122849139655863,0.9848095560063106,0.8927434754933163,0.9387765157498135,2743,4573,0.5998250601355783,0.986514605842337,0.9999399759903962,3,15.241147,efd8f21050b8662a1b4941af32e37f078759e46f1e03ade9e9f86e76dde24dae,fdbac4b9c22e49f49ea174d40ac5974f42edd81ee047ffefe5758588c3da53f8
Mono-FP16-Opt,44,Paraguay_232281,Paraguay,"(10,50%]","(10,40%]",41122,3368,681,5005,50176,5686,0.11332110969387756,0.9103628434172367,0.5527943450408659,0.7315785942290514,1838,8765,0.20969766115231034,0.919304049744898,0.9992227359693877,39,15.320723,2d7f05e1a419f5acb4a1b50f140e8fc65ebbb472f2c69da29dcaea7c9f76f3c3,c92969df91e0ccc8e472ec0cf44a7bd9294a3a1d839a385a25a35081daeceff6
Mono-FP16-Opt,45,Paraguay_271769,Paraguay,"(0,1%]","(0,1%]",49682,4,466,24,50176,490,0.009765625,0.9906284893922476,0.048582995951417005,0.5196057426718322,144,2083,0.06913106096975516,0.9906329719387755,0.9999800701530612,1,15.632854,c584018c343e837f59ac2730e951aa063c80bf060a1e33ca39a946c998c0b0d2,a9d5eb8d86eefb5cc0605b6cb8193ccb6ed1040e36d59440c8ed1a6d22f60ce2
Mono-FP16-Opt,46,Paraguay_40936,Paraguay,0%,0%,41259,0,0,0,41259,0,0.0,1.0,nan,1.0,0,0,nan,1.0,1.0,0,15.925285,0379e16af0096a17cab3c73780a5897a8eea9a17a1fe6e852d281a7747075f6b,6182ba8a831d4fd5a1e469cd7bbb745b23b455feadb8ba253e060b8250109906
Mono-FP16-Opt,47,Paraguay_1029191,Paraguay,"(10,50%]","(10,40%]",38484,452,1330,8334,48600,9664,0.19884773662551442,0.9557443004023245,0.8238434163701067,0.8897938583862156,5377,9711,0.5537019874369272,0.9633333333333334,0.9998148148148148,9,16.103226,68d8d23209f7f78b5573d945f848f38deee5b84ac321bc8d8a8bc61d1749194d,a51694d9cba4e5738c3ad4306c6a3d6a8b7b1bba07ec9262f3c957cce0333c19
Mono-FP16-Opt,48,Paraguay_59731,Paraguay,"(1,10%]","(1,10%]",48334,68,167,364,48933,531,0.010851572558396175,0.9951615227820214,0.6076794657762938,0.8014204942791576,729,1193,0.6110645431684828,0.995197514969448,0.999959127786974,2,16.565358,82d18bdebd07f411038834950d39269f7a60ad9cfad487d16bd1c99885430335,46c1b39dcbfe4ef0615ba11a7463912c499c2ac79e2696caef05b27df33899d5
Mono-FP16-Opt,49,Paraguay_683296,Paraguay,"(1,10%]","(1,10%]",48105,154,468,960,49687,1428,0.02873991184816954,0.987235003180988,0.606826801517067,0.7970309023490275,949,3457,0.27451547584610936,0.9874816350353212,0.9998792440678649,6,15.931955,58d65ed39333b9066ba88614525be726461c5816d588fc7e4436ff89f1c9d4af,0f7e0a20a2eea7ca5eda38390590d6ea28d6febfce5f92e448eb1173e21ae996
Mono-FP16-Opt,50,Paraguay_34417,Paraguay,"(50,100%]",>40%,0,0,0,9574,9574,9574,1.0,nan,1.0,1.0,0,892,0.0,1.0,1.0,0,15.836299,00c67bfcd7dff6a86f40a45b1b8cff89a95d770ea2d25eadb7f8d066791dddc6,64990ea6addff6af93b8eace95fbcf586b8f19e678352f7776dc1bc87a88d58f
Mono-FP16-Opt,51,Paraguay_868895,Paraguay,"(1,10%]","(1,10%]",28758,1709,1148,1886,33501,3034,0.09056446076236531,0.9096315040328958,0.3976386253426102,0.653635064687753,4070,10302,0.39506891865657157,0.9147189636130265,0.9990149547774694,33,16.341253,660a315dc5753c35e21650a64add6dcf66e38119c724ab3635f5de6856db288d,c5b440db32a9b56eb3b650a91374a144ca95faf9ad9eaf190da5595bf5bbc041
Mono-FP16-Opt,52,Paraguay_511199,Paraguay,"(1,10%]","(1,10%]",46902,1062,950,1262,50176,2212,0.04408482142857143,0.9588665821646154,0.38546120952962737,0.6721638958471214,3097,8478,0.36529841943854685,0.9599011479591837,0.9998007015306123,10,16.14477,aaf99c74c7b573bb55f883b5fc837dbd6c30c93f0f1a611a538d303c6a21de15,6edc857a14e7d0ae977a277d59d8007782c21abb432327c77eb1bd204fcb78aa
Mono-FP16-Opt,53,Paraguay_80102,Paraguay,"(0,1%]","(0,1%]",50171,0,5,0,50176,5,9.964923469387755e-05,0.9999003507653061,0.0,0.4999501753826531,0,95,0.0,0.9999003507653061,1.0,0,16.006071,1a98b2644216b2136d1c3ab99033a87e72bc3e25b5eb79b4287948720de8802e,6182ba8a831d4fd5a1e469cd7bbb745b23b455feadb8ba253e060b8250109906
Mono-FP16-Opt,54,Paraguay_651904,Paraguay,"(10,50%]","(10,40%]",44766,205,1397,3808,50176,5205,0.10373485331632654,0.9654503105590062,0.7038817005545287,0.8346660055567674,2156,4920,0.43821138211382116,0.9680723852040817,0.9997807716836735,11,15.850999,aa3da34043cfd16e92c9186570aa3c55f27f421265f334fddf4540a4d691e3df,b8ff151d9f0c06cf8d71b69921edb1db146803b58f7c16f8eb884889498a05e3
Mono-FP16-Opt,55,Somalia_699062,Somalia,"(1,10%]","(1,10%]",38206,56,319,305,38886,624,0.01604690634161395,0.9902801897306964,0.4485294117647059,0.7194048007477012,664,1891,0.3511369645690111,0.9903564264773954,0.9999228514118191,3,15.023933,73c89929209efb43add4d4afc40758297b9045a824eda1d8743e2c26284d487c,731d029cc09a5dfdb51c3feda6d337593f925baa23ad0a4ee907bf5309a584b1
Mono-FP16-Opt,56,Somalia_60129,Somalia,"(0,1%]","(0,1%]",42396,0,128,0,42524,128,0.0030100649045245037,0.9969899350954755,0.0,0.49849496754773776,0,845,0.0,0.9969899350954755,1.0,0,15.661106,f66e238dffbddbc8c57971c6e4ffc6721008bbb0785b17c6bc900575e002e10e,1527bb830e4cd832b9b01db525f98fb80d4d8ff004e7896cc8480d9a4ebd0be1
Mono-FP16-Opt,57,Somalia_685158,Somalia,"(10,50%]","(10,40%]",29491,894,951,3872,35208,4823,0.13698591229266077,0.9411220321674751,0.6772782928109148,0.8092001624891949,3252,7973,0.4078765834692086,0.9475971370143149,0.9996875710065894,11,15.786905,0956aee019ad9b89b8b4f448498f3d87dd769691ec2b4f43978bfe69d8de751d,b8b60d7ad0eaa21e8e72d4543540f93da70a911d827d4a757f46d35a20b868fe
Mono-FP16-Opt,58,Somalia_166342,Somalia,"(0,1%]","(0,1%]",42209,13,2,0,42224,2,4.7366426676771504e-05,0.9996447517999242,0.0,0.4998223758999621,0,245,0.0,0.9996447517999242,0.9999763167866617,1,15.846019,94570d699acaec27fa37cebe90c05d89d5c363f845e39f89b23fc03e9d831acd,78d4b7ec078aa5d036c08081a995d25daf3cf7058e099b9c44cf53402146fb40
Mono-FP16-Opt,59,Somalia_94102,Somalia,"(1,10%]","(1,10%]",43483,272,113,2328,46196,2441,0.052840072733570005,0.9912236710130391,0.8580906745300405,0.9246571727715398,680,2032,0.3346456692913386,0.9916659451034722,0.9999567062083298,2,15.695219,da2e0796a90b375d50786cd73479f7389298d8cae0ebf22fd21f1a53f18ccc4e,77ce5b66952b80cf3610ffbef32355e77ccdba6f616377cb6346dbe22ba604a8
Mono-FP16-Opt,60,Somalia_322855,Somalia,"(10,50%]","(10,40%]",39136,1076,2326,6277,48815,8603,0.17623681245518796,0.920024448728196,0.6485174088232255,0.7842709287757108,6655,12795,0.5201250488472059,0.9303083068728875,0.9998156304414627,9,15.233527,c8dccfebc59d3cd159f9489d01b0b92100e6939d20f60fbd70ecc014f21a672c,09ca757379d289c1fad19533bd836903e2ea687bac193a723498845721e24f22
Mono-FP16-Opt,61,Spain_6860600,Spain,"(0,1%]","(0,1%]",50101,0,39,0,50140,39,0.0007778220981252493,0.9992221779018747,0.0,0.49961108895093737,0,371,0.0,0.9992221779018747,1.0,0,15.739282,8860fef9d68dabdb3a0621f4949c57d1884337fc02db40e3c11e259eb1da540d,6182ba8a831d4fd5a1e469cd7bbb745b23b455feadb8ba253e060b8250109906
Mono-FP16-Opt,62,Spain_7558720,Spain,"(0,1%]","(0,1%]",49732,2,401,10,50145,411,0.008196230930302124,0.9919617034008178,0.024213075060532687,0.5080873892306752,64,2815,0.022735346358792183,0.991963306411407,0.9999800578322864,1,16.102786,44aae0a7ca77e76eaef7127b9671a554fdf200f26137eb9d6fc5376b9bae93fa,237e786029e0b5e83499201a26897f56518968bf40b72d0748d371be5cebd965
Mono-FP16-Opt,63,Spain_5650136,Spain,"(50,100%]",>40%,11536,1403,1581,18219,32739,19800,0.6047832859891872,0.7944903581267218,0.8592651983209924,0.826877778223857,7185,13152,0.5463047445255474,0.908854882555973,0.9996029200647546,13,15.659076,809a38f96389be075cbb58f186cc7d4a1513bc4a4c3dabe3ee88b0b63add8d15,0c82c82a45ff846fb005467a1e653fb9dd224a713c9b109eb8aa94a282f9c157
Mono-FP16-Opt,64,Spain_7370579,Spain,"(10,50%]","(10,40%]",34552,2201,3749,9653,50155,13402,0.2672116439038979,0.85309367438645,0.6186630776132795,0.7358783759998648,9963,23836,0.417981204900151,0.881367759944173,0.9990429668029109,48,15.609133,7ab5368afdc36ad48c0efcb16c29f94d4bfce5588e6a62e96eda6a714b9359a5,64ea95106137662141a680d8c7353e75ca9ba94cf5349e3d96d1f07ed9ca8091
Mono-FP16-Opt,65,Spain_6095801,Spain,"(1,10%]","(1,10%]",45037,752,2308,2060,50157,4368,0.08708654823853101,0.9363785683098738,0.40234375,0.6693611591549369,4324,12419,0.34817618165713826,0.9389915664812489,0.9994816276890564,26,15.575091,15e85029eef79e8b869ad38228064196025d8b50e4cf7a8e1ed3084a24fd93cf,abe5fc3afd4fa675d55e70eab621232b436f12573b6ccd20d09c72734860ec6b
Mono-FP16-Opt,66,Spain_7387658,Spain,"(50,100%]",>40%,17636,3264,5347,23906,50153,29253,0.5832751779554564,0.6719244104088087,0.7351846726327766,0.7035545415207927,17995,33050,0.5444780635400908,0.8283053855203079,0.9989631726915638,52,15.442591,e393d0de15898d84f270747cebcafeee3498b15231391d8687613017f209f23b,ff300f1745cf0ea1d077b35a5c680dce46e6c8e2f23d8f66b1188536b01abe38
Mono-FP16-Opt,67,Sri-Lanka_117737,Sri-Lanka,"(1,10%]","(1,10%]",48860,29,1255,32,50176,1287,0.02564971301020408,0.9743937460114869,0.0243161094224924,0.49935492771698964,293,6586,0.044488308533252356,0.9744100765306123,0.9998604910714286,7,15.241228,da4dcd7c17964827b0adc9d6fd69ce2e337a65e1b6a4a2164896bbf05e8be310,9d5ab37761729ae534ba988560c190db6eaeefb5507f3544dc0aa7effa3d51b3
Mono-FP16-Opt,68,Sri-Lanka_1049830,Sri-Lanka,"(1,10%]","(1,10%]",35761,134,249,245,36389,494,0.01357553106708071,0.9894034971226207,0.39012738853503187,0.6897654428288262,429,1386,0.30952380952380953,0.9894748412981945,0.9997526725109236,9,15.736862,459140204ef0c2e9d4550b7db4ec67460137ca7d9b4aaffc80d506d0b37bf292,9771cf3cd90737fb7515c0ae18b454c0d127ae82922365370773f539d22bbafe
Mono-FP16-Opt,69,Sri-Lanka_534068,Sri-Lanka,"(50,100%]",>40%,720,227,36,49193,50176,49229,0.9811264349489796,0.7324516785350966,0.9946821417017147,0.8635669101184056,471,999,0.47147147147147145,0.994758450255102,1.0,0,15.633674,197245df9e6e4fb3073063d4d9858912dfa296ea79278472fa1793731b1a851f,298582d7659fac977502ba63d56b01bedf6b243d83cbefdcbe4e623198837581
Mono-FP16-Opt,70,Sri-Lanka_922192,Sri-Lanka,"(0,1%]","(0,1%]",45669,55,103,87,45914,190,0.0041381713638541625,0.996552250856482,0.3551020408163265,0.6758271458364042,229,914,0.25054704595185995,0.996558783813216,0.9999346604521496,3,15.597992,bcecbd230f9a19a336938a550862250b4b8da30404d22f7a93d2d470c49e9e3f,0504a07de4f051e24216b09db0832a283e98733782a69e508c4848dcbe7717fa
Mono-FP16-Opt,71,Sri-Lanka_377277,Sri-Lanka,"(1,10%]","(1,10%]",47904,82,1288,372,49646,1660,0.03343673206300608,0.9721962901327272,0.21354764638346727,0.5928719682580973,690,4287,0.1609517144856543,0.9724046247431817,0.9998590017322644,7,15.200475,c54c130b7543b1536b183c5defe4a1acd1d7697f9eaef859a16271a79a4c6d29,926ad27197ede638f675ce1e4cd90e724cd9ac07c0f012a049cfe9425b0cab4b
Mono-FP16-Opt,72,Sri-Lanka_649970,Sri-Lanka,"(1,10%]","(1,10%]",45995,636,2075,1225,49931,3300,0.06609120586409245,0.9443395064263129,0.31122967479674796,0.6277845906115305,4031,13957,0.2888156480619044,0.945705073000741,0.9997396407041718,13,17.949544,47d43b507e14e6b069b0e234fb94f9ab8739518e000551e155fea7c15caf53ee,bc2107e238eba08e9bc1106b440d3852c4f1941114d96b03f7a6f26e58dc7e9a
Mono-FP16-Opt,73,Sri-Lanka_450918,Sri-Lanka,"(1,10%]","(1,10%]",17946,113,533,281,18873,814,0.043130397922958724,0.9652538726333907,0.30312837108953616,0.6341911218614634,733,2805,0.26131907308377894,0.9657712075451703,0.9998940285063318,2,16.031641,f9a7d5515fc587a137ffc08e00f7dd69edb3b3e4f9d39a3140987cd55e16edf4,2ae3bd276e51e9a4c09ca98df7df381edaa24d33b15b5ca1588224485216e8ec
Mono-FP16-Opt,74,Sri-Lanka_849649,Sri-Lanka,"(0,1%]","(0,1%]",41387,15,201,169,41772,370,0.008857607967059275,0.9948080667259572,0.43896103896103894,0.7168845528434981,336,1138,0.29525483304042177,0.9948290721057167,0.999976060519008,1,16.102117,eb447488fead8d856a9c449e9cef2b2a7a608f75bffa8668cb90c454e6c3254e,710bd07b554cb5916b0178ad79ece974fae8c395d7755df4418b7c154db34736
Mono-FP16-Opt,75,Sri-Lanka_713926,Sri-Lanka,"(10,50%]","(10,40%]",34628,128,468,14942,50166,15410,0.3071801618626161,0.983079718373836,0.9616424250225254,0.9723610716981808,1944,3746,0.5189535504538174,0.9881194434477535,0.9999202647211258,4,15.644675,a3a92030dd0f26a2333c733c341cb12f581c6a786656ee95870f1e9cb6ed36e4,eb2d51a2daea68c0ac0abd372acfdab390b1f58c086db5a6f58b6e03298a7e03
Mono-FP16-Opt,76,USA_905409,USA,"(10,50%]","(10,40%]",41437,285,409,8038,50169,8447,0.16837090633658236,0.9835275687735872,0.9205222171323866,0.9520248929529869,2535,4900,0.5173469387755102,0.9861667563634914,0.9999601347445634,2,15.815568,06f35b8689454c01984aa6a8b6bcdd36c8eb81bec5494e9bd9624602b12672bc,52594ae236582a028364e9362704b5c29dbfbfbf6033bce08b30ccb3068ab538
Mono-FP16-Opt,77,USA_430764,USA,"(1,10%]","(1,10%]",46393,837,1226,1719,50175,2945,0.05869456900847035,0.9574252930493644,0.4545214172395558,0.7059733551444601,3752,10448,0.35911179173047475,0.9588839063278525,0.9997409068261086,13,15.816607,e7677a72cc51a1b79c120cd2fb2fa4b3939c6932f101bbc545e62de5aa406f03,372d46dad0091fa3a984b4d46fc54db8b7b9ccb71288d3a2ea35319e9ed11c72
Mono-FP16-Opt,78,USA_350244,USA,"(0,1%]","(0,1%]",49933,3,232,4,50172,236,0.004703818863110898,0.9953157391165683,0.016736401673640166,0.5060260703951043,72,1532,0.04699738903394256,0.9953161125727498,0.9999800685641393,1,16.142889,37b1566ef2d810843eeaab1fdd61b0dccef3714169f80fbab43be8ec0dd1ed67,925dc8b9b59c42f3854319d633ea50197bb6a71e8a6705612a9dc3a6507370de
Mono-FP16-Opt,79,USA_527077,USA,"(0,1%]","(0,1%]",49816,30,268,57,50171,325,0.006477845767475235,0.9940535578880153,0.16056338028169015,0.5773084690848527,152,1924,0.079002079002079,0.9940603137270535,1.0,0,15.885752,5d311b0ecac3a871e427391f7f2f9741394a7fda758ba21b54160663ca76c915,5a1d795ba0d060fb868a37084cbbc78014e9d9728553959022e200ecdc746ab2
Mono-FP16-Opt,80,USA_933610,USA,"(1,10%]","(1,10%]",49320,95,309,424,50148,733,0.014616734465980698,0.9918751508325959,0.5120772946859904,0.7519762227592932,1041,2628,0.3961187214611872,0.991943846215203,0.9999401770758555,3,15.879361,e8a986149cb1ae1b1db0d5b2bbd02aa63c79f08f671789d9447187d55cb7929f,73b145ab3bbb2160fd803d46de768d2b47cee75a63d0a6adf51e49c1ce89e2d2
Mono-FP16-Opt,81,USA_66511,USA,"(1,10%]","(1,10%]",49664,0,511,0,50175,511,0.01018435475834579,0.9898156452416542,0.0,0.4949078226208271,0,2626,0.0,0.9898156452416542,1.0,0,15.761653,77f48f51de3b09a8c2c87e757d230002cdfe5887027dd247a5323fe9ea4dbd5f,6182ba8a831d4fd5a1e469cd7bbb745b23b455feadb8ba253e060b8250109906
Mono-FP16-Opt,82,USA_519181,USA,"(0,1%]","(0,1%]",49755,23,303,92,50173,395,0.007872760249536603,0.9934905453165871,0.22009569377990432,0.6067931195482457,395,1901,0.2077853761178327,0.9935024814143065,0.9999601379227872,2,15.455792,b4392cd907544149095123efc48709b9e4b70406364bf8d018fed8bd890e32ea,6513a5bdbb670b5071f85b9196a1b852baa31d075876d9ea653877278bb169ca
Mono-FP16-Opt,83,USA_778194,USA,"(1,10%]","(1,10%]",49369,54,409,328,50160,737,0.014692982456140351,0.9907087815058597,0.41466498103666244,0.7026868812712611,817,2832,0.2884887005649718,0.9907695374800638,0.9999401913875599,3,15.507536,fb12d0e3158d253e3fbd1b000598fa05bcbc52baa8226a51558696793e6251fb,e643ee05a2a3235e992d1e0bf3c72f00f4f2e113498e7672eb4f92b33715b550
Mono-FP16-Opt,84,USA_67102,USA,"(1,10%]","(1,10%]",48056,287,237,1583,50163,1820,0.03628172158762435,0.9892136681762042,0.7513051732320836,0.8702594207041439,1735,3384,0.5127068557919622,0.989554053784662,0.9999601299762774,2,15.967377,63618702efd5ab55c43f13684231ad11b7a18c8c9644ffb83bb7a25986efc78a,dceda7c86471a00bf4ce86a2a714d1d4c1bf262755947d6d82ac0fd6e899f7cb
Mono-FP16-Opt,85,USA_1049586,USA,"(0,1%]","(0,1%]",49727,39,182,211,50159,393,0.007835084431507806,0.9955753984143509,0.48842592592592593,0.7420006621701385,430,1643,0.26171637248934876,0.9955940110448773,1.0,0,15.926624,01ee8a92c93427b18b57a04b1317d73827e8c60dc4df568fe416663393eff80d,eca4113eaba043d60711e3de3192c47b0c4a6e79b6283a6c55eee926cefe6f07
Mono-FP16-Opt,86,USA_595451,USA,"(1,10%]","(1,10%]",45464,737,1602,2373,50176,3975,0.07922114158163265,0.9510700165261594,0.5036078098471987,0.727338913186679,3839,10737,0.35754866350004655,0.9533840880102041,0.9998604910714286,7,15.897623,b248e8c6cdec585709ac69155411ef904a6791289d23f3497c26efba94d20128,d8199525d39da0a0bbc3375b390cbad6840ebfd5903d2c06f9b1c17ce38620b2
Mono-FP16-Opt,87,USA_670826,USA,"(1,10%]","(1,10%]",49592,4,565,13,50174,578,0.011519910710726671,0.988656525986324,0.022336769759450172,0.5054966478728871,93,2632,0.03533434650455927,0.9886594650615856,1.0,0,15.734601,ccf38da50480000064561f74f43fd22f6b5654549d8940f80829c47b77d3e77a,88e8598bfb7af63112e7aadb611244c12aaf42e9bbe956708a31cd050671a9cd
Mono-FP16-Opt,88,USA_504150,USA,"(1,10%]","(1,10%]",49457,80,371,263,50171,634,0.01263678220485938,0.9909633726055943,0.36834733893557425,0.6796553557705842,709,2380,0.29789915966386554,0.9910107432580575,1.0,0,15.667197,01c4fb41af75aebcb2c7efef1c7df6003f40bf0180ed77a4971a257b2e4f77c6,e30bbd8b979b6bfcd13cdb725f12a6ba41602bf8387c85cdf74a47ce24fa0762
Mono-FP16-Opt,89,USA_758178,USA,"(0,1%]","(0,1%]",49833,41,256,43,50173,299,0.005959380543320112,0.9940754039497307,0.1264705882352941,0.5602729960925124,231,1394,0.16571018651362984,0.9940804815338927,0.9999800689613936,1,15.436741,64595f40c892cb63864f575e917a8a7c9f1c8067e3d19effbc2d34e49e658388,143d476a8acf7c8cab311f7a4b41414da57daef53d3ad4285b0cb794a9e3cf91
MP-RCS-Opt,0,Ghana_313799,Ghana,"(1,10%]","(1,10%]",43724,234,1712,1160,46830,2872,0.061328208413410204,0.9573899715349244,0.3734707018673535,0.6654303367011389,1356,6432,0.21082089552238806,0.9584454409566517,0.9995088618407004,23,1523.277452,be54f7a54d4ad158246771d51487911ff0fb65ef87ae18ec783b3d82d462b024,23a332f33293aee0da24975a9b028d5ab278ed71bfbf19bfcd8c200339406697
MP-RCS-Opt,1,Ghana_1078550,Ghana,"(0,1%]","(0,1%]",49935,1,228,12,50176,240,0.0047831632653061226,0.9954349732876167,0.04979253112033195,0.5226137522039743,45,1606,0.028019925280199254,0.9954360650510204,1.0,0,36.568145,47037ffe0e8bf20abfc826c2977abdf4eceb2a3504cb4953f4f91b8212c6e762,71b9794c38a3c80937b4c775d0923eb9db39475574a112eafbd67855bd530720
MP-RCS-Opt,2,Ghana_97059,Ghana,0%,0%,5299,20,0,0,5319,0,0.0,0.9962398947170521,0.0,0.49811994735852605,0,80,0.0,0.9962398947170521,0.9998119947358526,1,47.725621,0716323d453350637adcd3d81e106e9095593c64e03ee178ec69c5ef7f2a827e,858cadf9ba766c4197b5e9642ec329c4a3843a20c1c3105c1eccba20357376f8
MP-RCS-Opt,3,Ghana_359826,Ghana,"(1,10%]","(1,10%]",49407,100,334,335,50176,669,0.013333067602040817,0.991292309544351,0.435630689206762,0.7134614993755565,849,2750,0.30872727272727274,0.9913504464285714,0.9997010522959183,15,54.69179,55b93bb451ec27caec56abbb9fee2e77a42a3ba5c67b2a5a07e3f761fbceecb3,cadfe611fadd3c30edef49ab5adae20e9c19f19c50fbfa371fa044fefcbeae6f
MP-RCS-Opt,4,Ghana_319168,Ghana,"(10,50%]","(10,40%]",24630,591,1932,5640,32793,7572,0.23090293660232367,0.9070820903767539,0.6909224549797869,0.7990022726782704,2348,6852,0.3426736719206071,0.9230628487787028,0.9980483639801178,64,47.195485,725c0c5cd68df50f37f846de582d1d4aca24292d4be141a48be17929f1fcb0be,28521a9c04f238d41619109f628ce27a1e1bd0056a46986545514bcd990f778f
MP-RCS-Opt,5,Ghana_866994,Ghana,"(50,100%]",>40%,225,2013,11354,8975,22567,20329,0.9008286435946293,0.01655385520894644,0.4017097842628234,0.2091318197358849,356,6089,0.05846608638528494,0.4076749235609518,0.9891434395356051,245,47.351615,1edf2d2d1b3595c4988f06197d35c7a42c1106ba8a015f391978c65eee161ed8,7218c958c1565a3eba33687a13047d2f3909c0c3cd5a7d55c646f09774535571
MP-RCS-Opt,6,Ghana_406026,Ghana,"(1,10%]","(1,10%]",49307,48,232,589,50176,821,0.016362404336734693,0.994353358743219,0.6777905638665133,0.8360719613048662,609,1166,0.5222984562607204,0.9944196428571429,0.9995814732142857,21,47.487085,49573dea564d3229baa919f033af9ff6f3f360243f67bd7cb2324d162160b232,492e004ad96805ed5a732e0e1a87bc334badc288b1b8c9c00cc6a9802b64b915
MP-RCS-Opt,7,Ghana_53713,Ghana,0%,0%,50176,0,0,0,50176,0,0.0,1.0,nan,1.0,0,0,nan,1.0,1.0,0,50.957274,5d87b2c05315dd215a73ac3e267442957101e1aee2b8479aa4efd99130f745c4,6182ba8a831d4fd5a1e469cd7bbb745b23b455feadb8ba253e060b8250109906
MP-RCS-Opt,8,Ghana_83483,Ghana,no-valid-pixels,no-valid-pixels,0,0,0,0,0,0,nan,nan,nan,nan,0,0,nan,nan,nan,0,46.572082,51feb11b71871007de33a96e4f39b7507e271eb444df97ea554b94dd3ba60d8a,efaf0c3f66274caeeee14abfa473cd71e64a0f2b41ff108f84ea99bd0df182d5
MP-RCS-Opt,9,Ghana_167233,Ghana,0%,0%,50176,0,0,0,50176,0,0.0,1.0,nan,1.0,0,0,nan,1.0,1.0,0,55.350026,e1837da6158264085ab932b286c999169a21cb84a1b054f1a4e4043990530046,6182ba8a831d4fd5a1e469cd7bbb745b23b455feadb8ba253e060b8250109906
MP-RCS-Opt,10,Ghana_141271,Ghana,"(0,1%]","(0,1%]",49865,0,311,0,50176,311,0.006198182397959184,0.9938018176020408,0.0,0.4969009088010204,0,1325,0.0,0.9938018176020408,1.0,0,54.024854,581e77eab15a30404ddb7e3a0dc64b12fb2f27b6bc1dfe70f5ff97c8d4ab6cad,6182ba8a831d4fd5a1e469cd7bbb745b23b455feadb8ba253e060b8250109906
MP-RCS-Opt,11,India_900498,India,"(10,50%]",>40%,23751,2658,1831,21910,50150,23741,0.4733998005982054,0.8410410764872521,0.8299556801393992,0.8354983783133256,10650,21292,0.5001878639864737,0.9104885343968095,0.9971884346959122,141,44.728825,6f36c9c07725834a398c08b79c8c970b7c01faabd00973eb1fd001b3d522799f,448408d39a31307659a06abe599f14f800290bdf2774c0e2e402cf32dae2ac1d
MP-RCS-Opt,12,India_591317,India,"(10,50%]",>40%,23962,1173,1268,20704,47107,21972,0.46642749485214513,0.9075483846532592,0.8945344566861093,0.9010414206696842,3017,10388,0.29043126684636117,0.9481817988833932,0.9980045428492581,94,46.849471,bd33dca01978eb4c1f99823b842714b42ca9a2cff7e92d34f393efc9ed7d3900,5eba369aeb6e0279673f3aaec2b739e419733e9c29f8b083ab138389cfa7b168
MP-RCS-Opt,13,India_747992,India,"(10,50%]",>40%,26127,1523,4290,18226,50166,22516,0.448829884782522,0.8180025046963055,0.7581846166645867,0.7880935606804461,10450,28649,0.3647596774756536,0.8841247059761591,0.9961129051548858,195,50.565956,2a223f32db9cc6ec8707dd7e20d603f8fd5ed91077abd24ad6e930af9f2cedd9,8504838b5f8af5d80d1cd9fee5931dc74d27447eb626d12204e669b1cd54bd93
MP-RCS-Opt,14,India_79637,India,"(1,10%]","(1,10%]",49144,22,948,62,50176,1010,0.020129145408163265,0.9806441313804526,0.060077519379844964,0.5203608253801488,231,6403,0.03607683898172732,0.9806680484693877,1.0,0,47.491985,fb550b3a47470d6599fea5833eefd4d33b6d46d50efa85d44b07e2b5424e43bf,9b3dc0cb20a21e4c847ec6a29be12c0794af628b5e5ba9301054aee0442bcb16
MP-RCS-Opt,15,India_952728,India,"(1,10%]","(1,10%]",34637,356,879,194,36066,1073,0.02975101203349415,0.965572033898305,0.1357592722183345,0.5506656530583198,910,6695,0.13592233009708737,0.9657572228691843,0.9995009149891865,18,54.83666,d95566d6fe5f22b0a94bc0a4d8587ae023b67e335348c9d24abf9b3269dd544f,2382b6c7d263d9033147b743503753a78acb696e3ea018368c8a9c1f73ea3b75
MP-RCS-Opt,16,India_828067,India,"(1,10%]","(1,10%]",33651,115,1180,177,35123,1357,0.038635651852062754,0.962942826074515,0.12024456521739131,0.5415936956459532,774,4898,0.15802368313597387,0.9631295732141332,0.9996298721635396,13,54.817289,041d24fc9e70c48adfdfe76f36c1d744f8c5ec8d11ed6370eb24e83f684d0316,61abd071462507855937dc1bfb14aaedfbb1a458aaef12cc339e3f809ad59191
MP-RCS-Opt,17,India_570384,India,"(1,10%]","(1,10%]",43256,249,1386,1421,46312,2807,0.06061064087061669,0.963578445568154,0.4649869109947644,0.7142826782814592,2645,10201,0.25928830506813055,0.9646959751252375,0.9992874416997755,33,44.672631,04de90f159874d4d091f5089d96282a3ccecc9ee6f2577bfa4803e94f00de6ab,899bcc91fb5d9f6692c95e9262fda30eab242f9a6ff0fca6e98692ce4dbfe06e
MP-RCS-Opt,18,India_44475,India,0%,0%,49795,0,0,0,49795,0,0.0,1.0,nan,1.0,0,0,nan,1.0,1.0,0,47.726161,4f24090113d9aefa4d641dcae7369d080c68acdf362e93cbf1611bed251fd471,6182ba8a831d4fd5a1e469cd7bbb745b23b455feadb8ba253e060b8250109906
MP-RCS-Opt,19,India_80221,India,"(50,100%]",>40%,6329,865,882,21038,29114,21920,0.752902383732912,0.783680039623576,0.9233267500548606,0.8535033948392183,4057,8326,0.48726879654095606,0.9399945043621626,0.9933365391220719,194,56.918923,88a06a54c3abf3ca958b98b9aa337d094804b8a45f288bb3db1ddd4c478cbb00,2df45f83799517b8f7df77fc209df3b49fcc9518e0368cb4e718ec04806d1367
MP-RCS-Opt,20,India_1018327,India,"(10,50%]","(10,40%]",42224,987,2464,4500,50175,6964,0.1387942202291978,0.9244444444444444,0.5659665450886681,0.7452054947665563,7276,19551,0.37215487698838934,0.9312207274539113,0.9983258594917788,84,44.462237,b3c174aafddcc9949d90c1bb7f56917a8a43c71291da30de18973e72e2b04d93,eccc2fb47ed2a1dd454188a98573aa5765a32b0f21770f8d7aabd845ddc1d583
MP-RCS-Opt,21,India_592446,India,"(1,10%]","(1,10%]",41114,127,1048,659,42948,1707,0.03974573903324951,0.9722149968076805,0.35932388222464556,0.6657694395161631,1488,4619,0.3221476510067114,0.9726413337058769,0.9994644686597746,23,47.959687,e41cb20da2a3d110da180f5a9768a7b0a55a9a85feb37cfa3be89eff971de8b5,46376fba3dad88ce8f8fdc09e9ca292ace3fd77cdc1e96450e23673b5f4089b7
MP-RCS-Opt,22,India_772630,India,"(0,1%]","(0,1%]",29574,22,253,3,29852,256,0.008575639823127429,0.9907869610372206,0.01079136690647482,0.5007891639718477,104,1607,0.06471686372121967,0.9907878869087499,0.9997990084416455,6,50.680104,a7bf771eac15b4de599587673a501b8f2c3a0304b4c29286aca1cd0f9b7f2f32,b272e6fadc9558c7a672950870a833c77b254eca057863c20c21f946f47bed72
MP-RCS-Opt,23,India_631692,India,"(0,1%]","(0,1%]",50011,0,165,0,50176,165,0.003288424744897959,0.996711575255102,0.0,0.498355787627551,0,870,0.0,0.996711575255102,1.0,0,46.923406,15c7833916111bf4d2c97bbe90867d55db317ae2f0cc1812021d3fc8f527fec6,6182ba8a831d4fd5a1e469cd7bbb745b23b455feadb8ba253e060b8250109906
MP-RCS-Opt,24,India_399883,India,"(50,100%]",>40%,22037,2012,1908,24216,50173,26124,0.5206784525541626,0.8489810070501214,0.8606767131077623,0.8548288600789418,10558,19502,0.541380371243975,0.9218703286628266,0.9972096545951009,140,47.014442,af93e8f592c489ce28ba62e2b4a7b79a86685556a1500e20c73c13efcf432668,3d224e295c2929143f173eb35e2d4be4c7bb18b26dbc525e20e790c41c828656
MP-RCS-Opt,25,Mekong_333434,Mekong,"(1,10%]","(1,10%]",38190,52,573,58,38873,631,0.016232346358655107,0.9838979775859849,0.0849194729136164,0.5344087252498007,281,3033,0.09264754368611935,0.9839220024181309,0.9998199264270831,7,51.203191,b3ea3d428ff19d7302d7adc8df781394cd07b7ceca43299360238926c98b1082,e66fd59a3692da4bfea6f549f3801b9bdb6397694fee2da6f46257c0ef2e916f
MP-RCS-Opt,26,Mekong_45934,Mekong,"(0,1%]","(0,1%]",50059,0,60,0,50119,60,0.0011971507811408847,0.9988028492188591,0.0,0.49940142460942955,0,499,0.0,0.9988028492188591,1.0,0,47.313003,9629b76efd5a4bb1acc60c5982ba737a269a9fdfc0ede8bcc3af893716a41937,6182ba8a831d4fd5a1e469cd7bbb745b23b455feadb8ba253e060b8250109906
MP-RCS-Opt,27,Mekong_1443339,Mekong,"(50,100%]",>40%,10294,3054,1636,35190,50174,36826,0.7339657990194124,0.6869994660971703,0.8823971915747242,0.7846983288359473,9272,20752,0.44680030840400925,0.9065252919838961,0.9962131781400726,190,46.766856,0ddd6f042d52f2161020cc89e109bda6cb936202d17c12d6fae3ea8f45f7e224,87107bcc684058c478d56dfe5c1336031ca4b39fcd6830cc42e0c6a39cd641bd
MP-RCS-Opt,28,Mekong_382276,Mekong,"(1,10%]","(1,10%]",48198,108,120,1745,50171,1865,0.0371728687887425,0.9952917854045348,0.8844399391789154,0.9398658622917251,574,1549,0.3705616526791478,0.995455542046202,0.9998206135018237,9,57.29369,f0e00dc081f73d64ea301949f6eb08b3588fc5f7bcc4df3e96ddf3a80820b307,8575dcaaaee3886a79bca0ea11539b39f1dcf492630515f4c806e3986623aef1
MP-RCS-Opt,29,Mekong_254910,Mekong,"(0,1%]","(0,1%]",39315,0,22,0,39337,22,0.0005592698985687775,0.9994407301014312,0.0,0.4997203650507156,0,272,0.0,0.9994407301014312,1.0,0,40.788324,15d8175a15d619ea5247e45efe0ec4793984f2ce4e406b84b0af22de060ffd4b,1f8accfe25034f49f3a05682f619eea9dbf154d3a0e382952a23a5c49fb0381c
MP-RCS-Opt,30,Mekong_424793,Mekong,"(1,10%]","(1,10%]",48532,149,410,370,49461,780,0.015770000606538485,0.9886129840500295,0.3982777179763186,0.6934453510131741,723,2328,0.31056701030927836,0.9886981662319807,0.9996360769090799,18,56.899362,5988c77110cc0cd7f578b110aa3d0526ea606d63302eca1811946bdf1bce469b,88c0217aef40bcb96606610e46067153a38ec532566f1c91f908edee93644ec3
MP-RCS-Opt,31,Nigeria_417184,Nigeria,"(1,10%]","(1,10%]",11080,2,230,41,11353,271,0.023870342640711705,0.9794908062234795,0.15018315018315018,0.5648369782033148,110,631,0.17432646592709986,0.9795648727208668,0.9999119175548313,1,47.439371,1fe94cc032074c15a42c510d8ec39ea7871a4344674ddc5c1ecfecbcdafab6d1,968b9d4766e0d1e911a87168146121667a4b493ea30199dc7852ba20104dd322
MP-RCS-Opt,32,Nigeria_225131,Nigeria,"(0,1%]","(0,1%]",45921,56,163,42,46182,205,0.004438958901736607,0.9952535760728218,0.16091954022988506,0.5780865581513535,259,1433,0.1807397069085834,0.9952578926854618,0.9999350396258282,3,47.316184,3163e0aacbab85c93bbb10608541cd9e215e15e086a4ab90d41e61fa45147b1b,ff9e20db8e676e0bc1f57a79670b960a0204c13584d7a03c704369983c2d33a7
MP-RCS-Opt,33,Nigeria_812045,Nigeria,"(50,100%]",>40%,21060,1463,649,22262,45434,22911,0.5042699300083637,0.9088555152770585,0.9133502912940018,0.9111029032855302,3747,10234,0.3661324995114325,0.9535149887749262,0.9980851344807853,87,46.911776,d4a2bc08b53b0c9dc42a5032f1bae3fa7efc4a1a41b3a576e0d9910e740575b1,2b86432746152ad9841478bb1ff3f8181fe14d49ba1bb602ae2cebf9d7bb472d
MP-RCS-Opt,34,Nigeria_22088,Nigeria,"(0,1%]","(0,1%]",42574,2,118,6,42700,124,0.0029039812646370023,0.9971893006043003,0.047619047619047616,0.522404174111674,60,543,0.11049723756906077,0.9971896955503513,0.999976580796253,1,57.918023,fc5b64560080ad9ae46e77e1246faad9b5c7a0f877fb57a750b20bb8949b6b17,7941874a6a773def8ea0e1609f236a05078b96ba3943e0bded7187a532ce9701
MP-RCS-Opt,35,Pakistan_849790,Pakistan,"(50,100%]",>40%,13904,2474,7282,25584,49244,32866,0.6674112582243522,0.5876584953508031,0.7239388794567063,0.6557986874037547,10350,28399,0.36444945244550864,0.8018844935423605,0.9863130533669077,674,44.688873,51e9ec9fe97426598b3142a45cca17518998486cb018a0af0274d34e719801bc,a54772c5690d87276c94880e7e8228c735022bff18c98366b204719854197649
MP-RCS-Opt,36,Pakistan_664885,Pakistan,"(1,10%]","(1,10%]",13257,228,117,337,13939,454,0.032570485687639,0.9746360829289811,0.4941348973607038,0.7343854901448424,244,803,0.3038605230386052,0.9752493005237105,0.9982782122103451,24,47.448793,1cca6d64db902da63cbc563b5fed7936d4e75725873478932747da1bff9bbfc9,6b0e48b2593bb2e3a5c8d8fc765abf798ca8ac9e014f67faf8792bd5f55c5498
MP-RCS-Opt,37,Pakistan_694942,Pakistan,"(1,10%]","(1,10%]",33228,6,703,2784,36721,3487,0.09495928760110019,0.9791083478209623,0.7970226166618952,0.8880654822414288,538,1809,0.2974018794914317,0.980692246943166,0.9977941777184717,81,58.218583,e06db312048044d7cdc2c3cf2522f3db38dd6029cf999e8b67c6ccb2883d5541,887fb41f18e4da80431c57f5be180ac963922c6c805536cd5efbbc727a84f56e
MP-RCS-Opt,38,Pakistan_70625,Pakistan,"(1,10%]","(1,10%]",49109,179,620,268,50176,888,0.017697704081632654,0.983990542598381,0.2511715089034677,0.6175810257509243,512,2820,0.18156028368794327,0.9840760522959183,0.9997807716836735,11,44.35708,c1b62364142e248774f779470562e4f190473d9a551fde3877a0ac8dd8254e50,4100e6e14e5000a891898723a854a52a6cefdb9ec8c529c6af8bfcfe5151b066
MP-RCS-Opt,39,Pakistan_528249,Pakistan,0%,0%,14786,35,0,0,14821,0,0.0,0.9976384859321233,0.0,0.49881924296606167,0,109,0.0,0.9976384859321233,0.9995951690169355,6,47.204106,f2f5e35d4c4f753bcdcec062b75a0f770735c7a0369801c4d9873544cc67f1e8,ff226dbc98d17d364aa4fa53e9683c51d8be2604bd573eebe28d2a3dd7f8abc1
MP-RCS-Opt,40,Pakistan_167553,Pakistan,"(0,1%]","(0,1%]",46995,0,290,0,47285,290,0.006133023157449508,0.9938669768425505,0.0,0.49693348842127527,0,942,0.0,0.9938669768425505,1.0,0,54.644176,f39ae36105104679a9b1f7126167b67c68a2519737377f0d2d119c0e9b4bf03a,a2f0517b39a9ebbb5d76cc27c9665be9c9f8be55dccc759624cf4a36c7c4cdd0
MP-RCS-Opt,41,Paraguay_913449,Paraguay,"(1,10%]","(1,10%]",49087,35,1003,51,50176,1054,0.02100605867346939,0.9792917705735661,0.046831955922865015,0.5130618632482156,316,4308,0.0733519034354689,0.9793128188775511,0.9997010522959183,15,48.877021,e8da3bbc7e30fbb7e8df84a984273e91c8254124bb72a5e0832a6a4e934df66c,59bba65e2957de649910c955b6aeb9f3e69c451c3f0c9a1b4ee4e5d4ffc248ce
MP-RCS-Opt,42,Paraguay_280900,Paraguay,"(1,10%]","(1,10%]",48506,419,799,452,50176,1251,0.024932238520408163,0.9755047864210442,0.27065868263473053,0.6230817345278874,2217,5290,0.41909262759924387,0.9757254464285714,0.9990433673469388,48,45.671391,2f857508061bdbb4ce28359b24c099cdb6ed1de9c30e40932f4fe8b3bd0b8925,e33ff974eaa749df33ed59f901d285f65b5534def1fdfcf4edb084ce8907e7d7
MP-RCS-Opt,43,Paraguay_790830,Paraguay,"(10,50%]","(10,40%]",43696,225,441,5618,49980,6059,0.12122849139655863,0.9849871511654118,0.8940165499681731,0.9395018505667925,2751,4573,0.6015744587797944,0.9866746698679472,0.9994197679071629,29,50.083444,08949d799569c9ab4a427055379ce4736e9b51851f5d28ee1dfefe9cd993b315,c5929a6906f164ad7f08b73494aa233775e56976d380ca4e3e39e5b975dd8609
MP-RCS-Opt,44,Paraguay_232281,Paraguay,"(10,50%]","(10,40%]",41338,3152,708,4978,50176,5686,0.11332110969387756,0.9145979910615514,0.5632496039828015,0.7389237975221765,1851,8680,0.21324884792626728,0.9230707908163265,0.9939413265306123,304,46.68645,fb79d16e13c2b14eb9726a4136a6e0564ba255f783c1e44d9b2f222a63e7abcb,ffb510b9627e8021c19e4de3a53006e8b61fe976171dfc8deef5e651834b53a4
MP-RCS-Opt,45,Paraguay_271769,Paraguay,"(0,1%]","(0,1%]",49678,8,460,30,50176,490,0.009765625,0.9906672516252543,0.060240963855421686,0.525454107740338,172,2085,0.08249400479616308,0.9906728316326531,0.9998206313775511,9,55.283601,78aa7eec3f83c8bbd2f2c7ace29516bc1a386d4e06cd5e1e4ed67b5521f9c037,a3f5b897c339b174d1fc3b5fbefec69449559bbb703782f2b26f3766407ad2f6
MP-RCS-Opt,46,Paraguay_40936,Paraguay,0%,0%,41259,0,0,0,41259,0,0.0,1.0,nan,1.0,0,0,nan,1.0,1.0,0,39.27971,89b63c1b3df67f29d11a5028823058f376d5f8bc0f54546bdf08d2fca14b2dfe,6182ba8a831d4fd5a1e469cd7bbb745b23b455feadb8ba253e060b8250109906
MP-RCS-Opt,47,Paraguay_1029191,Paraguay,"(10,50%]","(10,40%]",38464,472,1301,8363,48600,9664,0.19884773662551442,0.955936078733504,0.8250789265982637,0.8905075026658837,5412,9727,0.5563894314793872,0.9635185185185186,0.9985185185185185,72,29.08961,2d01d812764bdbd619c4254bb118bc759b1491fc0c00ac4e5a01bd248f05246d,4a9087cbd78a7875108eb0eace78ccc3d4ddb3688212a42ac305b4d830b3219e
MP-RCS-Opt,48,Paraguay_59731,Paraguay,"(1,10%]","(1,10%]",48334,68,164,367,48933,531,0.010851572558396175,0.995222995511263,0.6126878130217028,0.8039554042664829,733,1192,0.6149328859060402,0.995258823288987,0.9998160750413831,9,33.114357,c22a1b3db0f8d57183aec3af0cff53b15fa095e7e0d1e5ab33128d5b1c0bdcf3,27467c8c9f18d3ab5c6d9f510f4c69f7fe75884e46925dd7163ab69c116b457c
MP-RCS-Opt,49,Paraguay_683296,Paraguay,"(1,10%]","(1,10%]",48104,155,466,962,49687,1428,0.02873991184816954,0.9872550025654182,0.607706885660139,0.7974809441127786,947,3455,0.274095513748191,0.9875017610240103,0.9996578581922837,17,28.376351,4383011c9fe37f59bd2720171f17c08b96cc2864a2e43b3160d7f466be88a7fc,920b6c59fe8edd52347c8eb6b52ba49aaabba13e0f41bc186375daf9bc4fb3a6
MP-RCS-Opt,50,Paraguay_34417,Paraguay,"(50,100%]",>40%,0,0,0,9574,9574,9574,1.0,nan,1.0,1.0,0,892,0.0,1.0,1.0,0,28.669191,cf218b535c200773041ad8d9bd76dad06fd7c7936f273537b37a16afc3650b11,64990ea6addff6af93b8eace95fbcf586b8f19e678352f7776dc1bc87a88d58f
MP-RCS-Opt,51,Paraguay_868895,Paraguay,"(1,10%]","(1,10%]",28777,1690,1153,1881,33501,3034,0.09056446076236531,0.9100885515496521,0.39817950889077053,0.6541340302202113,4072,10310,0.39495635305528615,0.9151368615862213,0.9954329721500851,153,28.034348,4e9752cf922ec798b9bf24f2fddda2b7a4494371d53745a29a6076662025d1d0,355354e361065ce9cadedf01046dd54ebd04539eb55d276fe9b98620f7827a31
MP-RCS-Opt,52,Paraguay_511199,Paraguay,"(1,10%]","(1,10%]",46958,1006,969,1243,50176,2212,0.04408482142857143,0.9596386896368504,0.3862647607209447,0.6729517251788976,3095,8437,0.36683655327723125,0.9606385522959183,0.9979472257653061,103,35.453508,e084327f18a6f0df121b0ab77e15a273a0926670e252136f18679989a7e3f0f6,530eb2e950ed35c0cc86e18213148249c2c117527f5c73369ea55964323b7524
MP-RCS-Opt,53,Paraguay_80102,Paraguay,"(0,1%]","(0,1%]",50171,0,5,0,50176,5,9.964923469387755e-05,0.9999003507653061,0.0,0.4999501753826531,0,95,0.0,0.9999003507653061,1.0,0,28.210929,83292de89334ea7dbe55b31300a58fb4ccab1eea091e3eb7e561ecc66648ca93,6182ba8a831d4fd5a1e469cd7bbb745b23b455feadb8ba253e060b8250109906
MP-RCS-Opt,54,Paraguay_651904,Paraguay,"(10,50%]","(10,40%]",44765,206,1414,3791,50176,5205,0.10373485331632654,0.9650749164600625,0.7006098687858067,0.8328423926229346,2121,4905,0.43241590214067277,0.9677136479591837,0.9990632971938775,47,28.001035,e913c98458ce115fe0ac560eeef70a044dc6589dfd1460ae5ee2a1aff16d0fa6,44811949224ef9b2e618a55a862da9c3af7a2eb404d78afd0b80518feed8c4d3
MP-RCS-Opt,55,Somalia_699062,Somalia,"(1,10%]","(1,10%]",38193,69,309,315,38886,624,0.01604690634161395,0.9901998911099013,0.45454545454545453,0.7223726728276779,687,1900,0.36157894736842106,0.9902792778892147,0.9992799465103122,28,27.992814,f46f7333d840ecefeb9a6926a44218d6f4b79e9ff9cd980a3afd5b9aaf37ec66,be8cb48f9ef4dbbd78be74fc1409cfbdc4cc6cc95aea057caa76a43d4a7711f9
MP-RCS-Opt,56,Somalia_60129,Somalia,"(0,1%]","(0,1%]",42396,0,128,0,42524,128,0.0030100649045245037,0.9969899350954755,0.0,0.49849496754773776,0,840,0.0,0.9969899350954755,1.0,0,27.49534,880da3e098290f3a560dc37cc3535dd62a80823e8d0017a2b860838e0a6221d4,06becd28207c51ad675d229a5923ac62f20ed57c1e59305cc65009c1558b85e8
MP-RCS-Opt,57,Somalia_685158,Somalia,"(10,50%]","(10,40%]",29508,877,972,3851,35208,4823,0.13698591229266077,0.9410338999266511,0.6756140350877193,0.8083239675071852,3237,7985,0.40538509705698184,0.9474835264712566,0.9980402181322426,69,28.246092,0523c6db7f0bae5f13a46e3b1dd2044b7c19948016c49657d055750183338fc1,196677fe2d41560ab991cee93a51fbefdca07e5129791b6333951348d22ffeb8
MP-RCS-Opt,58,Somalia_166342,Somalia,"(0,1%]","(0,1%]",42210,12,2,0,42224,2,4.7366426676771504e-05,0.9996684350132626,0.0,0.4998342175066313,0,244,0.0,0.9996684350132626,0.9999526335733232,2,28.039048,ce88cfcf0c824cf5116f4e1184a7cc8412f7a1dcaf494d2cadd8c27a60d25319,f1b4607956e2ba739af9e8ecb8c086a52a5ca136eac71b678fe5b73bd8a02a03
MP-RCS-Opt,59,Somalia_94102,Somalia,"(1,10%]","(1,10%]",43480,275,110,2331,46196,2441,0.052840072733570005,0.9912230707853642,0.8582474226804123,0.9247352467328882,669,2032,0.32923228346456695,0.9916659451034722,0.9997402372499784,12,27.152157,3ff704d78f4651cf6d33bb8e411b5c10bf7502ac804a2a0e1231636b2f7b7123,fdb9f7ecbc54cf84ee173f7abf2c67297181520eec5e6c0eee5b392d34f5efde
MP-RCS-Opt,60,Somalia_322855,Somalia,"(10,50%]","(10,40%]",39151,1061,2348,6255,48815,8603,0.17623681245518796,0.9199013157894737,0.6472475165562914,0.7835744161728826,6700,12773,0.5245439599154467,0.9301649083273584,0.9974597971934857,124,37.494259,34f2fca775b30cfdadc30faa776e7eb44d4bba9261c9f5dfff63671a80e0f2c8,b7810a452e9f339bd89e225a59a420eeadbc4242700d284267bd72620ba9f482
MP-RCS-Opt,61,Spain_6860600,Spain,"(0,1%]","(0,1%]",50101,0,39,0,50140,39,0.0007778220981252493,0.9992221779018747,0.0,0.49961108895093737,0,371,0.0,0.9992221779018747,1.0,0,28.543252,c15e3f8c2c69235a9e2e5237c241a745d0434c551e5fb5ca536abce6a2c05dbc,6182ba8a831d4fd5a1e469cd7bbb745b23b455feadb8ba253e060b8250109906
MP-RCS-Opt,62,Spain_7558720,Spain,"(0,1%]","(0,1%]",49731,3,397,14,50145,411,0.008196230930302124,0.9920209052283019,0.033816425120772944,0.5129186651745374,73,2815,0.025932504440497335,0.9920231329145478,0.9999202313291454,4,27.614998,4b45b2886b99e9cfed70b3995a41817d80008daddc0440adb122bdc62d35835e,4bb6e0301b635fd7599efa331d4fed89d70c4a3fd3d29d1e85e98450e2ffa080
MP-RCS-Opt,63,Spain_5650136,Spain,"(50,100%]",>40%,11496,1443,1542,18258,32739,19800,0.6047832859891872,0.7938678268075409,0.8594831238525632,0.826675475330052,7239,13142,0.5508294019175164,0.9088243379455695,0.9962124683099667,124,27.300577,7aeca35e302bb2d3b81e4576bc87d288fba204b4b5b9fce6378f61cce4710c7a,9c4e6b3074c9713982c394cd77ddc20b654ac0da91685bab5a9c5e8492424eac
MP-RCS-Opt,64,Spain_7370579,Spain,"(10,50%]","(10,40%]",34484,2269,3682,9720,50155,13402,0.2672116439038979,0.8528255224434277,0.6202539723055325,0.7365397473744801,10007,23833,0.41987999832165485,0.8813478217525671,0.9963513109360981,183,27.518692,539dea998c43a2d05bf3eb1c8fa57d6d4b7dd0e85a6223ab537178968cf3efd8,8df5f1e9c5cadefd5f0228f8e3488d0a56d475fdb3f58fda4ff0c14f88994122
MP-RCS-Opt,65,Spain_6095801,Spain,"(1,10%]","(1,10%]",45019,770,2289,2079,50157,4368,0.08708654823853101,0.9363742252173551,0.40463215258855584,0.6705031889029555,4310,12420,0.3470209339774557,0.9390115038778236,0.9984648204637439,77,27.743568,63f1f14ebb16072d25ab6917a741c603753d28c712e851cd0da18061521edea2,14e4366dbb23a5ce8ec3ac3d29d376607440a2b5b90de36c3822f73d112c5a2f
MP-RCS-Opt,66,Spain_7387658,Spain,"(50,100%]",>40%,17459,3441,5120,24133,50153,29253,0.5832751779554564,0.6709838585703305,0.7381476723557839,0.7045657654630573,18046,32966,0.5474124855912151,0.8293023348553427,0.9900703846230534,498,27.403294,aaebee83dd49f6e71927b3e29287d1ccc80c0943b9f978cd4ef6bda292db35a1,a7aac70c97fe7ec40389ef577ce431b3f1f52003a1214fb15d52faf8a3eb5cc8
MP-RCS-Opt,67,Sri-Lanka_117737,Sri-Lanka,"(1,10%]","(1,10%]",48856,33,1258,29,50176,1287,0.02564971301020408,0.9742556882764671,0.02196969696969697,0.49811269262308205,291,6585,0.04419134396355353,0.9742705676020408,0.9998405612244898,8,27.835854,40af51545819b7a52f212032841b4d0572149b5eeedba38b3b2e2f4afb48bca3,89c2883f935bcdecb984f4d3e255cc0d3d3a6c40baffc0d4cc3e428caaa9d82c
MP-RCS-Opt,68,Sri-Lanka_1049830,Sri-Lanka,"(1,10%]","(1,10%]",35793,102,272,222,36389,494,0.01357553106708071,0.98965908148312,0.3724832214765101,0.681071151479815,396,1294,0.30602782071097373,0.9897221687872709,0.9981862650801067,66,31.626805,4c4d37eaf6d6adc7e0831810e0a5aaf96be866fca1b50604198651b9d0cf3862,fb56f5975070269740f000db040398227efaf00ec89672f810fd1854b01774ba
MP-RCS-Opt,69,Sri-Lanka_534068,Sri-Lanka,"(50,100%]",>40%,721,226,36,49193,50176,49229,0.9811264349489796,0.7334689725330621,0.994702254574866,0.8640856135539641,476,1000,0.476,0.9947783801020408,0.9997807716836735,11,29.259342,dfad3de95d1c455c9969e4a0120fbfdd54c9c92c7925d437985e3dfa9b77349e,2c5f5d0408ee77b73f159154c9341d2237fb3b45ae3f17526ab56465309c5a0e
MP-RCS-Opt,70,Sri-Lanka_922192,Sri-Lanka,"(0,1%]","(0,1%]",45664,60,98,92,45914,190,0.0041381713638541625,0.9965518746453669,0.368,0.6822759373226834,237,917,0.2584514721919302,0.996558783813216,0.999803981356449,9,27.252034,a1d61f68072e8b532e51bc1e82e3a5da9c07f2faf41e22aaf60c716712e13837,dcebc046ab0b42a80d048ecfa3eca5acc2065d5c6955e00f4d21984dff368ff5
MP-RCS-Opt,71,Sri-Lanka_377277,Sri-Lanka,"(1,10%]","(1,10%]",47902,84,1328,332,49646,1660,0.03343673206300608,0.9713671573995214,0.19036697247706422,0.5808670649382928,672,4279,0.15704603879411078,0.9715586351367683,0.9987713008097329,61,27.63891,fef62866ea3b7fe32b82ace508b4479534d19c2b25912aa9cf3040f7913c39af,cddc0f7c286a90b89ccc861e226315ca7ded5c99e268f9784c00cd87b0f11561
MP-RCS-Opt,72,Sri-Lanka_649970,Sri-Lanka,"(1,10%]","(1,10%]",45945,686,2034,1266,49931,3300,0.06609120586409245,0.944107674920374,0.3176116407425991,0.6308596578314866,4191,13973,0.29993559006655696,0.9455248242574753,0.9974765175942801,126,29.561663,cca887bc30ae1171e15e25b312b8ed5dd740921358224276b3204ebc48e6eaeb,3c8f3e300e1116b2c5e5c691acec8925bb96061e8977dd5002ff30ec83e744ce
MP-RCS-Opt,73,Sri-Lanka_450918,Sri-Lanka,"(1,10%]","(1,10%]",17938,121,525,289,18873,814,0.043130397922958724,0.9652389151958675,0.3090909090909091,0.6371649121433882,743,2807,0.26469540434627714,0.9657712075451703,0.9991522280506544,16,25.972486,a287c8e843bbecbf5aedb98658281393589b58232a6c3412af71e1f6ebde245b,bd786a41ae9615c2401a2e2644848e96674baef7e4fc341ed673e610433cc857
MP-RCS-Opt,74,Sri-Lanka_849649,Sri-Lanka,"(0,1%]","(0,1%]",41389,13,214,156,41772,370,0.008857607967059275,0.9945453671664745,0.4073107049608355,0.700928036063655,320,1141,0.28045574057843997,0.9945657378148042,0.9996169683041272,16,35.040849,a273fa4474dbed1fec401c871394e409b1b83757050e95196685656a62ab15fd,dcd8208b7291ab42fe6364c222cbdba912ccf9556ededa80ebcbe57a2b53cb80
MP-RCS-Opt,75,Sri-Lanka_713926,Sri-Lanka,"(10,50%]","(10,40%]",34623,133,450,14960,50166,15410,0.3071801618626161,0.9834403226722718,0.9624911535739561,0.9729657381231139,1980,3744,0.5288461538461539,0.9883785831040944,0.9993023163098513,35,25.937323,d1b5ddb404e215f3313654da9c81b52afbb2056269a1f19842338760cf91d87f,f61c7ad9568e1626e740727273a1735bd7c8a11fb5862a030c90dc3b1784c461
MP-RCS-Opt,76,USA_905409,USA,"(10,50%]","(10,40%]",41449,273,420,8027,50169,8447,0.16837090633658236,0.983555597740971,0.9205275229357798,0.9520415603383754,2519,4892,0.5149223221586263,0.9861866889912098,0.9992226275189858,39,25.778322,8800af98ef8dbb68426360be7aebeb0e03e93772c8c099d00d745b04fe13d09a,a1c71807377b6bffd0c261d773b3e119fc632f1b68195601de1b3fb000d27c68
MP-RCS-Opt,77,USA_430764,USA,"(1,10%]","(1,10%]",46391,839,1215,1730,50175,2945,0.05869456900847035,0.9576014036536278,0.4571881606765328,0.7073947821650803,3760,10458,0.35953337158156434,0.9590632785251619,0.9988839063278525,56,25.563317,904f29cb488d30a09d0e49a778bd397c00ee3ca962c54e538a8e1abb33c7869b,fc2149fa787bc85d2dc3bd94a98c21944afc8bcfab0a5514fa7145f3832f08ca
MP-RCS-Opt,78,USA_350244,USA,"(0,1%]","(0,1%]",49933,3,232,4,50172,236,0.004703818863110898,0.9953157391165683,0.016736401673640166,0.5060260703951043,72,1532,0.04699738903394256,0.9953161125727498,0.9999800685641393,1,25.900421,1a712002e34373119aa12c7ce53f787a663887ac80980d9af5afdb3406686629,925dc8b9b59c42f3854319d633ea50197bb6a71e8a6705612a9dc3a6507370de
MP-RCS-Opt,79,USA_527077,USA,"(0,1%]","(0,1%]",49819,27,268,57,50171,325,0.006477845767475235,0.9941134213992098,0.16193181818181818,0.578022619790514,156,1923,0.0811232449297972,0.9941201092264456,0.9999402045006079,3,26.806793,eb5238006bdee80946a7e4e81b9dd1861214fdecbc9ddf352eea1a4681ab4973,3a73ce7a183b70ab344232cefc1fc156de06c23d4f566608fe8a2f0c6d4c269e
MP-RCS-Opt,80,USA_933610,USA,"(1,10%]","(1,10%]",49320,95,310,423,50148,733,0.014616734465980698,0.9918552036199095,0.5108695652173914,0.7513623844186504,1043,2629,0.39672879421833396,0.9919239052404881,0.9997208263539922,14,29.093231,af2dd7eef4546947dc2e849559d177d3291af5bb7806778990c28c0566dae26b,32815424f01b4f064fd1084dee9a2e75ad75e47bb2d555f0575e9be363b8411b
MP-RCS-Opt,81,USA_66511,USA,"(1,10%]","(1,10%]",49664,0,511,0,50175,511,0.01018435475834579,0.9898156452416542,0.0,0.4949078226208271,0,2626,0.0,0.9898156452416542,1.0,0,27.593287,2fd1d81d00dc1d2ed9235692bd297abc1847145e9d5fc1ec11ba51955baa62d3,6182ba8a831d4fd5a1e469cd7bbb745b23b455feadb8ba253e060b8250109906
MP-RCS-Opt,82,USA_519181,USA,"(0,1%]","(0,1%]",49746,32,294,101,50173,395,0.007872760249536603,0.9934893752995686,0.23653395784543327,0.615011666572501,449,1904,0.23581932773109243,0.9935024814143065,0.9996013792278715,20,27.685463,8f407a6bb9afb22da99474125b3c8df19488b15996490c1394cfeff6921e7879,898be0af82dcf2bcc7e0cf0c9e4753e481e5c59f9d586ce26ce3ac3c5aa719ff
MP-RCS-Opt,83,USA_778194,USA,"(1,10%]","(1,10%]",49366,57,404,333,50160,737,0.014692982456140351,0.9907479880386136,0.4193954659949622,0.7050717270167879,827,2835,0.29171075837742505,0.9908094098883573,0.9998604465709728,7,24.773574,85ae7827a2c0b1923daa36320d41cf968625a4b4212cdf6b668974ec916114bb,5d38df4e0d3d3f94d6e8d684e36a928d94b4182834db26b27df182545be76734
MP-RCS-Opt,84,USA_67102,USA,"(1,10%]","(1,10%]",48051,292,233,1587,50163,1820,0.03628172158762435,0.9891921936758893,0.7514204545454546,0.8703063241106719,1747,3386,0.5159480212640284,0.9895341187728006,0.9996212347746347,19,27.950532,0aa5eaf42b2307aaea45c4a59d527128ee1971c082d8bd98cbdae8d0b2cd586e,e4e1fbc2da5e4d853f5fbf2d5053769f17799435dda4e58cb1a1722c845a7f2a
MP-RCS-Opt,85,USA_1049586,USA,"(0,1%]","(0,1%]",49728,38,184,209,50159,393,0.007835084431507806,0.9955555555555555,0.48491879350348027,0.7402371745295179,425,1642,0.25883069427527405,0.9955740744432704,0.9999003169919656,5,25.422298,1cbd79af3ced0c8a2c8eb4bf1b8efb89ed463c0d8d5efec29e50fe481d7b7b16,fde7c027d13dc29d70816d03d85039be1ee2952cc465bbbfdf2c8c5501e8a810
MP-RCS-Opt,86,USA_595451,USA,"(1,10%]","(1,10%]",45451,750,1595,2380,50176,3975,0.07922114158163265,0.950937316930287,0.5037037037037037,0.7273205103169953,3868,10741,0.3601154454892468,0.9532645089285714,0.9989835778061225,51,24.650665,0b8a6c0257dc48994561cd5dab82786f3e660f0a57adaf8bf2f2577eb62103a2,b77a01739082c97724b8cd91e0b3dd8f47f192cdf5124f34925ea4b50d50d0cc
MP-RCS-Opt,87,USA_670826,USA,"(1,10%]","(1,10%]",49591,5,563,15,50174,578,0.011519910710726671,0.9886760102872865,0.025728987993138937,0.5072024991402126,99,2637,0.03754266211604096,0.9886793957029537,0.9999402080758959,3,24.949326,6dc0ec81a0a2980fd1c2b34513581b50e62a3216a4be37cd02c410a373c3a005,3c96b7d4539f42a73cfeb6930b1a971d4c78eeb8cb3aee2a39b9a07b6c1cc883
MP-RCS-Opt,88,USA_504150,USA,"(1,10%]","(1,10%]",49459,78,369,265,50171,634,0.01263678220485938,0.9910431611429488,0.37219101123595505,0.6816170861894519,707,2373,0.29793510324483774,0.9910904705905802,0.9998006816686931,10,25.976236,0a452068cce006e92800f14e2626e90b131cea9c442e219b305f36c33b457d92,37765b4763b463162c34bfcbf4a320939b409ec6b1e4626a5d54ef1c9f8784fd
MP-RCS-Opt,89,USA_758178,USA,"(0,1%]","(0,1%]",49831,43,255,44,50173,299,0.005959380543320112,0.9940553372299468,0.1286549707602339,0.5613551539950903,229,1394,0.1642754662840746,0.9940605504952863,0.9999202758455743,4,26.32716,2b45b5c1e2027aea4aeae22e65a4ee0719eb46b812fa6e527fd590828b40a186,cd75f7ed5417ebc540f9883d26066954f740ff277a960a3faf0e0ecda58f97e0
Legacy-M5-25S,0,Ghana_313799,Ghana,"(1,10%]","(1,10%]",43724,234,1709,1163,46830,2872,0.061328208413410204,0.9574528653075525,0.37443657437218286,0.6659447198398677,1365,6431,0.21225314881044938,0.9585095024556908,0.9995729233397395,20,1669.749739,b0a94e7f43bc6d5e41e59f2f3f50f1515448bcb2f9ec517f4775f8dfce4accbb,42a715b0aeaeeca5c9b072a79a5f0a4bd8d09a94814e4811005ab1cf9b5ba182
Legacy-M5-25S,1,Ghana_1078550,Ghana,"(0,1%]","(0,1%]",49935,1,230,10,50176,240,0.0047831632653061226,0.9953952876450185,0.04149377593360996,0.5184445317893143,41,1606,0.025529265255292654,0.9953962053571429,0.9999601403061225,2,41.105917,5770c2999a95c3eff70c293f62db44ed7ff15dafe522b701717feefea2c4faac,e00fdf5caa5ea83435887e711d0dd630debf88831a4eecc375cb25bcf86a6093
Legacy-M5-25S,2,Ghana_97059,Ghana,0%,0%,5298,21,0,0,5319,0,0.0,0.9960518894529047,0.0,0.49802594472645234,0,81,0.0,0.9960518894529047,1.0,0,51.806764,54426bd50f9fbce35b49867dc7fba13af915ba5a52f8d36b30149806ca50d476,5d9cd8f26132a9d90da04e3a064d5fdef24464fca4beced4d3877510ff922ead
Legacy-M5-25S,3,Ghana_359826,Ghana,"(1,10%]","(1,10%]",49404,103,331,338,50176,669,0.013333067602040817,0.9912917853846462,0.4378238341968912,0.7145578097907688,856,2755,0.31070780399274045,0.9913504464285714,0.9997010522959183,15,57.887352,cfed4fad31650689a6297d547462f220a6cb6f3d82273e09b6ada45ec0e125d2,6096b4efa323a7ba3fcb36fd5b8fc5e95fd46ab43b325c09ee848ca8d14482f0
Legacy-M5-25S,4,Ghana_319168,Ghana,"(10,50%]","(10,40%]",24631,590,1932,5640,32793,7572,0.23090293660232367,0.9071189187198468,0.6910071061014458,0.7990630124106464,2359,6856,0.3440781796966161,0.9230933430915135,0.9980788582929284,63,36.156157,fac80367e6034a13dec0a78bc697dbc4d1fa9fceb65427bb10716c58e91f93c1,2409b866922e7127f57a0d6c7d50dad13f04a3bddd1146456edb33bbacb5f7e8
Legacy-M5-25S,5,Ghana_866994,Ghana,"(50,100%]",>40%,225,2013,11227,9102,22567,20329,0.9008286435946293,0.01670998886000743,0.4073941455554561,0.21205206720773176,358,6129,0.05841083374123022,0.41330261000576063,0.9906943767448043,210,52.177879,354324b62386c8ea7efb65e98dfcce560d00bf9a0b97bfb150ce9c1685f478df,11ed6005b3f073ccd368ca1686c130ba9c2336c0437b84c5f3ea0ad20fa6bdce
Legacy-M5-25S,6,Ghana_406026,Ghana,"(1,10%]","(1,10%]",49305,50,227,594,50176,821,0.016362404336734693,0.9944132951474325,0.6819747416762342,0.8381940184118333,617,1163,0.530524505588994,0.9944794323979592,0.9995615433673469,22,49.906793,b4a889f9861fba13da207ad45aff396354a56d76d713277da2048769dd86fbf7,f7cef9829cebb8c3114466218d1b71e7250f3a5e503129f37266d8448f628d7a
Legacy-M5-25S,7,Ghana_53713,Ghana,0%,0%,50176,0,0,0,50176,0,0.0,1.0,nan,1.0,0,0,nan,1.0,1.0,0,50.355773,b6a8fde0f070886f08830c4ad5168d00df33d95ddcb9115a390a89a46309ec97,6182ba8a831d4fd5a1e469cd7bbb745b23b455feadb8ba253e060b8250109906
Legacy-M5-25S,8,Ghana_83483,Ghana,no-valid-pixels,no-valid-pixels,0,0,0,0,0,0,nan,nan,nan,nan,0,0,nan,nan,nan,0,45.298016,724ed7af2540803d26fb3eed167158770b6ccd932a0b3ee5291e43c2f8f6f465,0278448bed255edc91f7a6972c28b368a79f15cfc4acf46dc6bc91a374644df8
Legacy-M5-25S,9,Ghana_167233,Ghana,0%,0%,50176,0,0,0,50176,0,0.0,1.0,nan,1.0,0,0,nan,1.0,1.0,0,51.409487,a88370884ff932ae938dd3194481dd96380c24c32bf9beda4288afdad29f6936,6182ba8a831d4fd5a1e469cd7bbb745b23b455feadb8ba253e060b8250109906
Legacy-M5-25S,10,Ghana_141271,Ghana,"(0,1%]","(0,1%]",49865,0,311,0,50176,311,0.006198182397959184,0.9938018176020408,0.0,0.4969009088010204,0,1325,0.0,0.9938018176020408,1.0,0,42.858358,61e836313c1178a578d0dea617c78b2c574482bb4b099f9e00e8ca4c9f33200d,6182ba8a831d4fd5a1e469cd7bbb745b23b455feadb8ba253e060b8250109906
Legacy-M5-25S,11,India_900498,India,"(10,50%]",>40%,23752,2657,1831,21910,50150,23741,0.4733998005982054,0.8410764872521247,0.8299871202363815,0.8355318037442532,10669,21289,0.5011508290666541,0.9105084745762712,0.9971286141575274,144,52.677793,5db38262c62d94eae42b66a82113c96158b67bdc983383d548ade52b7c90e59d,4e1e43c22f28a23994f80bc52b0df9e321e2ec71759a2e0bd2c6232c98f7e67b
Legacy-M5-25S,12,India_591317,India,"(10,50%]",>40%,23965,1170,1264,20708,47107,21972,0.46642749485214513,0.9077995378612826,0.8948232650591997,0.9013114014602412,3023,10386,0.2910648950510302,0.9483303967563207,0.99823805379243,83,50.400807,00651a3bd1671740d4383fbbb0b1685d0f43d94027922536548964b38cfc595f,e416d8b2a5c55c513fb94784658eaccb213303b4ae2360720be30f5a277e9b5c
Legacy-M5-25S,13,India_747992,India,"(10,50%]",>40%,26159,1491,4341,18175,50166,22516,0.448829884782522,0.8176987277671846,0.7570708543341526,0.7873847910506686,10447,28683,0.36422271031621517,0.883745963401507,0.9962923095323526,186,42.728519,ed75e41e1de4fc8dd6fbea0aa174156119fd7b4eaacf8c5d203a28de0448c26f,8492d21c8bbd0932b94d4895034bbe1069353e943a7f47179b765a825df732cf
Legacy-M5-25S,14,India_79637,India,"(1,10%]","(1,10%]",49144,22,948,62,50176,1010,0.020129145408163265,0.9806441313804526,0.060077519379844964,0.5203608253801488,231,6403,0.03607683898172732,0.9806680484693877,1.0,0,52.313529,2408bb1f1b883c08f2811eaccd5c5e7bef0e613b7e5d8cd550b6d8b091430554,9b3dc0cb20a21e4c847ec6a29be12c0794af628b5e5ba9301054aee0442bcb16
Legacy-M5-25S,15,India_952728,India,"(1,10%]","(1,10%]",34637,356,882,191,36066,1073,0.02975101203349415,0.9654912891986063,0.13365990202939118,0.5495755956139987,898,6700,0.13402985074626866,0.9656740420340487,0.9993622802639606,23,50.541537,a58eda4f4f081ba6244b0ab539271ff76d9ef9d9f52a581e53acdb41ba83c523,e98de063ed19a45d9c97e738d521a2c33026e3870cc9c6e87e65ff33d8159c19
Legacy-M5-25S,16,India_828067,India,"(1,10%]","(1,10%]",33649,117,1177,180,35123,1357,0.038635651852062754,0.96296826259909,0.12211668928086838,0.5425424759399792,766,4898,0.1563903634136382,0.9631580445861686,0.9994875153033624,18,43.03019,b0f1c92acadf549411689321183c522dd21e578c3236d0a5af9312cb991ceba0,4988d88e70455d7a874cc8c763fad40dfd0e372d3fb350757c38ef8f3dbc6b4a
Legacy-M5-25S,17,India_570384,India,"(1,10%]","(1,10%]",43259,246,1383,1424,46312,2807,0.06061064087061669,0.9637096774193549,0.4664264657713724,0.7150680715953637,2675,10198,0.2623063345754069,0.9648255311798238,0.9992874416997755,33,52.417756,ed4684f7bc1cf9b9e19586746fe09ee218d7c17db2c91d974f60ea08bdb82761,8b0da4c3fb5ccde10a8e4e15a680f98e11dfa75dc7e8d3f86774936bc043c481
Legacy-M5-25S,18,India_44475,India,0%,0%,49795,0,0,0,49795,0,0.0,1.0,nan,1.0,0,0,nan,1.0,1.0,0,50.208564,bd04c38115d2d67926809d4cb7e169a8232d7dfddef2e90caf74b1829b72172e,6182ba8a831d4fd5a1e469cd7bbb745b23b455feadb8ba253e060b8250109906
Legacy-M5-25S,19,India_80221,India,"(50,100%]",>40%,6318,876,869,21051,29114,21920,0.752902383732912,0.7835793129108273,0.923451482716266,0.8535153978135466,4049,8330,0.4860744297719088,0.9400631998351309,0.9925121934464519,218,43.305588,6565989498097453105e631624297fe27bb042c650718155389b69deaa865fb6,97a5c22acfbb8c9a9cccd778721870022a4469bd9c8aa47af5c7dedc0f80a857
Legacy-M5-25S,20,India_1018327,India,"(10,50%]","(10,40%]",42226,985,2457,4507,50175,6964,0.1387942202291978,0.9246299378120347,0.5669895584350233,0.7458097481235291,7286,19549,0.3727044861629751,0.9314000996512207,0.9980667663178874,97,52.435857,e86b91a10d3da7080e6eb85ac62b2f5494951824768ed97826fe710dcc0b872a,a3d7f90e2e54a32d5361ace6fd69ff1b4582effbc05cab46b46a24cf084a1c8c
Legacy-M5-25S,21,India_592446,India,"(1,10%]","(1,10%]",41122,119,1055,652,42948,1707,0.03974573903324951,0.9722432381312653,0.35706462212486306,0.6646539301280642,1470,4618,0.31831961888263316,0.972664617677191,0.9993014808605756,30,51.221294,a82723b5df02d01c0b5f4097119cefbb2b51eb47ec0994ffda55c94350d20b31,275f2601729100abf849131e8e877d5b57cb2a2464729dece4758004ad178c62
Legacy-M5-25S,22,India_772630,India,"(0,1%]","(0,1%]",29574,22,253,3,29852,256,0.008575639823127429,0.9907869610372206,0.01079136690647482,0.5007891639718477,104,1607,0.06471686372121967,0.9907878869087499,0.9997990084416455,6,42.952465,0021ba5b89d166415b3091e248387976281dc73c472ea80b5a363ff0149f1ebe,607ffe03c9b3be39232a97795462f669a1487a3b862e5869bb6ab4528f3d8985
Legacy-M5-25S,23,India_631692,India,"(0,1%]","(0,1%]",50011,0,165,0,50176,165,0.003288424744897959,0.996711575255102,0.0,0.498355787627551,0,870,0.0,0.996711575255102,1.0,0,52.369503,0fd87d248b35d06b866938433980ab720fcb28955c64ebff43cd5da3c6f2cadf,6182ba8a831d4fd5a1e469cd7bbb745b23b455feadb8ba253e060b8250109906
Legacy-M5-25S,24,India_399883,India,"(50,100%]",>40%,22037,2012,1919,24205,50173,26124,0.5206784525541626,0.8486213801601972,0.8602857549047483,0.8544535675324727,10493,19502,0.5380473797559224,0.921651087238156,0.9969106890160047,155,50.599611,a60f97673f0673f0c24e3296e62b8b432a467f46cf26f1facc74bd279a2313fc,416a9cf4ec4704e1ae4bac61e004e91df64c07c46c2726265585fe15becc63d7
Legacy-M5-25S,25,Mekong_333434,Mekong,"(1,10%]","(1,10%]",38190,52,575,56,38873,631,0.016232346358655107,0.9838472834067548,0.08199121522693997,0.5329192493168473,280,3042,0.09204470742932282,0.9838705528258689,0.9997684768348211,9,43.058232,7affdd0cd4baf166fc6f83486970e78d15fe075d0a6fcc28ec300268c53bb5e7,52941f28c6ed1df13ab1ec8fc6488accfb128f0b38878a5e2bf6e42a29d15b15
Legacy-M5-25S,26,Mekong_45934,Mekong,"(0,1%]","(0,1%]",50059,0,60,0,50119,60,0.0011971507811408847,0.9988028492188591,0.0,0.49940142460942955,0,499,0.0,0.9988028492188591,1.0,0,52.162628,c7592f7f101ebd3bc2d5e13c15c73d8674914c37c57eea316bda65a0cde26ba5,6182ba8a831d4fd5a1e469cd7bbb745b23b455feadb8ba253e060b8250109906
Legacy-M5-25S,27,Mekong_1443339,Mekong,"(50,100%]",>40%,10322,3026,1653,35173,50174,36826,0.7339657990194124,0.6880874608359443,0.8825905851651109,0.7853390230005276,9314,20756,0.4487377143958374,0.9067445290389444,0.9968708893052178,157,51.870809,8ff2d89a8ab4e47781eccb754de8d3a9a771434a0f34161765239fbfeccc9ada,61ed6e5bb607614df26ed409d7b8d0fbb879f9e01bcba6964193ca5fb65acced
Legacy-M5-25S,28,Mekong_382276,Mekong,"(1,10%]","(1,10%]",48198,108,125,1740,50171,1865,0.0371728687887425,0.9951890318184634,0.8819057273188039,0.9385473795686337,579,1554,0.37258687258687256,0.9953558828805485,0.9997608180024317,12,42.764462,f06b1c37f42df7c13581a7a84f31ee4825d46b42c2897057206b7824a47ce6c7,c1cea68c854ed6f2977e1d7485508c8b19e61115a16bb957b1df81c955c284a2
Legacy-M5-25S,29,Mekong_254910,Mekong,"(0,1%]","(0,1%]",39315,0,22,0,39337,22,0.0005592698985687775,0.9994407301014312,0.0,0.4997203650507156,0,275,0.0,0.9994407301014312,1.0,0,52.406085,8c8fcaa2db5cd7c712ebd202f51cf941a95ab75d7f9d32a9008c4263b2725762,eded5caa6fe9ec68d00ceb7dc0b243a027af84d94dd9765c1fb5f286b98a1d0b
Legacy-M5-25S,30,Mekong_424793,Mekong,"(1,10%]","(1,10%]",48530,151,408,372,49461,780,0.015770000606538485,0.988612520116523,0.3995703544575725,0.6940914372870477,745,2328,0.32001718213058417,0.9886981662319807,0.999676512808071,16,50.87647,c4bc9eb04fdabe1eb52ee0f0fc333f1c54ea5e64414c715f2e81292595969b4d,69043811aecb779e1857a58ce6a914b59bde01180a5102f9dc4f44a4430f3214
Legacy-M5-25S,31,Nigeria_417184,Nigeria,"(1,10%]","(1,10%]",11076,6,225,46,11353,271,0.023870342640711705,0.9795701777659857,0.16606498194945848,0.5728175798577221,112,639,0.1752738654147105,0.9796529551660355,0.9992953404386505,8,43.238974,b9f8f31d09a22f00e9a4c47f00b40eed8ae3b753d1f643a7e935ab0a1821737b,7ea05a21e831ef65951f06365bea2e186938ee4634c4e488399bec241dc89e6e
Legacy-M5-25S,32,Nigeria_225131,Nigeria,"(0,1%]","(0,1%]",45919,58,163,42,46182,205,0.004438958901736607,0.9952102297355874,0.1596958174904943,0.5774530236130409,259,1433,0.1807397069085834,0.9952145857693474,0.9998917327097138,5,52.133076,9de9294c4bea145c357947321d9fe91d1b2cc3bc80aa29641f0227e904a8c32d,7ce6dd63b1992a678b4b45bbce827ed30f44efb4148ef45dea104068f609b04b
Legacy-M5-25S,33,Nigeria_812045,Nigeria,"(50,100%]",>40%,21070,1453,654,22257,45434,22911,0.5042699300083637,0.9090909090909091,0.9135199474634706,0.9113054282771899,3751,10262,0.3655232898070552,0.9536250385174099,0.9980191046352952,90,58.687737,b739c9731d05f576592a33c8e6d1e7c24d2fe6d07fe75a36773d840e3a2902c9,84b3c05b2e120c5b83acee91d166de2006f0ebbd69a4e0ba55ee9a4c3d570ea9
Legacy-M5-25S,34,Nigeria_22088,Nigeria,"(0,1%]","(0,1%]",42575,1,119,5,42700,124,0.0029039812646370023,0.9971893664363508,0.04,0.5185946832181754,30,541,0.05545286506469501,0.9971896955503513,0.999976580796253,1,35.083933,f7ef3cd62e457d13ef122a2b57d9a5a7e5fa9f8b73673d2cc05bcd956da4f5ea,b83d8ffa8101f0412477200feb09b6e1ce9a980968a04e5e8278a28e76a0bc55
Legacy-M5-25S,35,Pakistan_849790,Pakistan,"(50,100%]",>40%,13892,2486,7264,25602,49244,32866,0.6674112582243522,0.5875983419338465,0.7242023082145281,0.6559003250741873,10454,28427,0.36774897104865095,0.8020063357972544,0.9853383153277556,722,52.19118,e79f8060b18da77ce0351bf155b9e308f9da26aa6f64a5cac72f220e9912fab7,812d430ee6f89988c81737ec8bf45a87d92e182691987295e2e4513fd43be50d
Legacy-M5-25S,36,Pakistan_664885,Pakistan,"(1,10%]","(1,10%]",13258,227,113,341,13939,454,0.032570485687639,0.9749963229886748,0.5007342143906021,0.7378652686896384,244,805,0.3031055900621118,0.9756080063132219,0.9979195064208336,29,59.295339,b6c3b1e02ada6991f164282ef910d369e2d4b3b50a5294d711a2e0828f48e3b0,21b373311ca4d196b55aca835644c4d7521a4fd60a2be04f1bd0fed7c30b25a8
Legacy-M5-25S,37,Pakistan_694942,Pakistan,"(1,10%]","(1,10%]",33229,5,660,2827,36721,3487,0.09495928760110019,0.9803800082610492,0.8095647193585338,0.8949723638097915,546,1810,0.30165745856353593,0.9818904713923913,0.9985566841861605,53,35.730068,483d2c510fa97b7c6b3f914262450cb4fe71e2aac14f9f51c821986abe8ab435,032971677ea8c8eeec57ad6427812f50edfcbdc586549427c635f32cf02b9a45
Legacy-M5-25S,38,Pakistan_70625,Pakistan,"(1,10%]","(1,10%]",49106,182,620,268,50176,888,0.017697704081632654,0.9839304319948705,0.2504672897196262,0.6171988608572483,510,2827,0.1804032543332154,0.984016262755102,0.9998405612244898,8,52.402845,3906dda27754a46ac543466ca651648b5fea1a807e550cfc003f0a77b8147c52,8f8343efabfe2d0a87cab36e3d87de33ea0b13d9d1f72589fe05fb756e55c04b
Legacy-M5-25S,39,Pakistan_528249,Pakistan,0%,0%,14788,33,0,0,14821,0,0.0,0.9977734295931449,0.0,0.49888671479657243,0,107,0.0,0.9977734295931449,0.999460225355914,8,51.544026,c378ec6a6611fb8d15c3d486d898381288eb08d5c51b00a1216b693fbeafa458,6ed22ac1515b7ea478b1935ea45929ee19537aca62d2ffe7c1e8e3d63d5a1697
Legacy-M5-25S,40,Pakistan_167553,Pakistan,"(0,1%]","(0,1%]",46995,0,290,0,47285,290,0.006133023157449508,0.9938669768425505,0.0,0.49693348842127527,0,942,0.0,0.9938669768425505,1.0,0,42.938834,58eebcecdcc30984ebd8cf859c2690e4a56bb9e267379de7b921ee7cd25b1c45,dc2559b6b828baf7e2fa0f8122e01198b28735dacbc21801e744b28d59152470
Legacy-M5-25S,41,Paraguay_913449,Paraguay,"(1,10%]","(1,10%]",49091,31,1012,42,50176,1054,0.02100605867346939,0.9791957553755934,0.03870967741935484,0.5089527163974742,289,4306,0.06711565257779842,0.9792131696428571,0.9998007015306123,10,52.156107,f29b9d909e432af420760da1819bb4bf1180d5e42dfdb87ecec7154e368fd10f,ecc1c45c3ab7bed95e9df0e4705afdc7837bb5eb0ec79fba46b7392dc38ea78d
Legacy-M5-25S,42,Paraguay_280900,Paraguay,"(1,10%]","(1,10%]",48507,418,810,441,50176,1251,0.024932238520408163,0.9753091384336986,0.26423007789095265,0.6197696081623256,2180,5304,0.4110105580693816,0.9755261479591837,0.9989636479591837,52,58.931834,53ea30dd1e0e998870c20c5131d9ffeec6eae5ef25da6548e6ee39f2316fc4a5,e224c461a4a6963d9a0fdf7fe9be90ac88668f15fa8adbe3a25a4ba8692ca7f0
Legacy-M5-25S,43,Paraguay_790830,Paraguay,"(10,50%]","(10,40%]",43700,221,447,5612,49980,6059,0.12122849139655863,0.9849441038586368,0.8936305732484077,0.9392873385535223,2749,4572,0.6012685914260717,0.9866346538615446,0.9993797519007603,31,35.218492,3afabb0d5ac5f7203e075e4a9bad29f9aa90ac156e150e734ed5a44d1ac323a4,cadc4ca93bc5a87ec283b0eb56067c8ade0d2486480e1627c1bcd6be2218db6b
Legacy-M5-25S,44,Paraguay_232281,Paraguay,"(10,50%]","(10,40%]",41328,3162,707,4979,50176,5686,0.11332110969387756,0.914396973250437,0.5627260397830018,0.7385615065167195,1833,8686,0.21102924245912963,0.9228914221938775,0.9942004145408163,291,52.521694,02417304e2cad2d59f8ebe2e54cb5694cfd0cb5b4ea7c96148f38bbe7a946165,706b4bfbef6b00b0665692f6fa2218e49c7c405dd1c041a67a9ad312cba6103b
Legacy-M5-25S,45,Paraguay_271769,Paraguay,"(0,1%]","(0,1%]",49677,9,460,30,50176,490,0.009765625,0.9906473098552228,0.06012024048096192,0.5253837751680923,172,2086,0.08245445829338446,0.9906529017857143,0.9998007015306123,10,49.207775,6bbacacfd1a2ed51a8ee4c1e30e71dfdbb8e24168fa3c789b638ebb477b382bc,e6be20b7a79e97dc4a3740e67d92c865e792725eda1968d6e29b80eab19e448b
Legacy-M5-25S,46,Paraguay_40936,Paraguay,0%,0%,41259,0,0,0,41259,0,0.0,1.0,nan,1.0,0,0,nan,1.0,1.0,0,45.521771,b641066d68e5f4afc00e519e9114b161b0cbdfa61726a526761a9b1821428e9a,6182ba8a831d4fd5a1e469cd7bbb745b23b455feadb8ba253e060b8250109906
Legacy-M5-25S,47,Paraguay_1029191,Paraguay,"(10,50%]","(10,40%]",38465,471,1307,8357,48600,9664,0.19884773662551442,0.9558184032005567,0.824568327577701,0.8901933653891289,5414,9728,0.5565378289473685,0.9634156378600823,0.9985802469135803,69,52.403205,5546364ee4331708c5c1143e420e1b1c31b9a136fc8e09b7bc3c97d2025e606f,c125fb83f124d76439789f7f1d9d2e84866c75433f935f20bf8b38b7a73ed94f
Legacy-M5-25S,48,Paraguay_59731,Paraguay,"(1,10%]","(1,10%]",48336,66,168,363,48933,531,0.010851572558396175,0.9951822112415071,0.6080402010050251,0.8016112061232661,729,1191,0.6120906801007556,0.995217951075961,0.9998569472544091,7,49.196574,c0efced0a1dd746ff697b5eb6d3e7eaa94efa278afb920f8e3dd1dff507875f9,64c65a01f8cf9a149fc7f4ff3939104412339ab57a256e545a5e7609c9bac270
Legacy-M5-25S,49,Paraguay_683296,Paraguay,"(1,10%]","(1,10%]",48099,160,466,962,49687,1428,0.02873991184816954,0.9871523858388918,0.6057934508816121,0.7964729183602519,949,3461,0.27419820861022826,0.9874011310805644,0.9996377322035945,18,45.520261,3dc66274c3a70ebb053d2ce3d486e210eac6affbd7ddf119a04a2352d3c7cfa1,0bd428f112ccdec476d2ca5406b9d5a175de8a7f348f501d4afc4950e6a8a087
Legacy-M5-25S,50,Paraguay_34417,Paraguay,"(50,100%]",>40%,0,0,0,9574,9574,9574,1.0,nan,1.0,1.0,0,892,0.0,1.0,1.0,0,52.413936,ad3af5b3ad51f17c9d21208e1eb45293863dbfd36485a183823bbc624ec4535b,64990ea6addff6af93b8eace95fbcf586b8f19e678352f7776dc1bc87a88d58f
Legacy-M5-25S,51,Paraguay_868895,Paraguay,"(1,10%]","(1,10%]",28804,1663,1166,1868,33501,3034,0.09056446076236531,0.9105680776404388,0.39770065999574195,0.6541343688180904,4082,10302,0.39623374102116093,0.9155547595594161,0.9952538730187158,159,58.526666,73f940bbdd570bb61a36d986cc5d275451c3fa13da00c22f3f3977abaf0dbbaf,c9ee90e08711e41ee5327d32146df997a6e832fa09e000127fc8d843acdcd359
Legacy-M5-25S,52,Paraguay_511199,Paraguay,"(1,10%]","(1,10%]",46989,975,982,1230,50176,2212,0.04408482142857143,0.960017161770114,0.385942893002824,0.672980027386469,3102,8421,0.3683648022800142,0.9609972895408163,0.997429049744898,129,40.13141,fa8681725f350bea06228a6e64f5485fa75ddf20044d004021cd099b45f4da4d,ac7e74a2d169a5850de5dd6d84599ed3f569163782ff431ba24d6f3e37d70cd4
Legacy-M5-25S,53,Paraguay_80102,Paraguay,"(0,1%]","(0,1%]",50171,0,5,0,50176,5,9.964923469387755e-05,0.9999003507653061,0.0,0.4999501753826531,0,95,0.0,0.9999003507653061,1.0,0,52.534384,08ddd1409ebfc58c240ddf6d640b12a1e0dd957c9aa3d5cb3a51d59bafb71e6a,6182ba8a831d4fd5a1e469cd7bbb745b23b455feadb8ba253e060b8250109906
Legacy-M5-25S,54,Paraguay_651904,Paraguay,"(10,50%]","(10,40%]",44763,208,1398,3807,50176,5205,0.10373485331632654,0.9653647911320064,0.7033068538703122,0.8343358225011592,2146,4913,0.4368003256665988,0.9679926658163265,0.9992227359693877,39,50.272648,3f672795a7e895f5692aa908fe9b396759cfedd55de23d26ffa7ceda8736f6bf,be77e4f70c0b62db327e3e068ba1d72a622a1cab0be70f041bcc48035d73ddc5
Legacy-M5-25S,55,Somalia_699062,Somalia,"(1,10%]","(1,10%]",38195,67,306,318,38886,624,0.01604690634161395,0.9903287699647376,0.4602026049204052,0.7252656874425714,702,1897,0.37005798629414866,0.990407858869516,0.9991513655300108,33,40.054226,da82e894490825448bde192eecd5c843602938d98cc6f90796d698baa431ef94,a46cbfcb6d68f4e0a963dbe8347cdc4cca35543d4c27ca98c7a1e96510e258b8
Legacy-M5-25S,56,Somalia_60129,Somalia,"(0,1%]","(0,1%]",42396,0,128,0,42524,128,0.0030100649045245037,0.9969899350954755,0.0,0.49849496754773776,0,840,0.0,0.9969899350954755,1.0,0,52.271786,b585f9757ab87f971cc6a40351ec98d2f1b939034d7b9ecd925ee29d5a8a1448,e80b0f09bb9a8bbacbc0f6273892166c1e48fafe875a7a3a69d508cba3614c39
Legacy-M5-25S,57,Somalia_685158,Somalia,"(10,50%]","(10,40%]",29516,869,983,3840,35208,4823,0.13698591229266077,0.9409589390461617,0.67463106113844,0.8077950000923009,3237,7986,0.4053343350864012,0.9473983185639627,0.9978413996818905,76,51.394526,be9014f38cdd25730a15ca19d3ded2e70097e96fdca27fccce2c38847a734127,003dcb8a1c1e74a83317b3fa0522cdc2789b9b5643b822c45931bb6a85378d42
Legacy-M5-25S,58,Somalia_166342,Somalia,"(0,1%]","(0,1%]",42211,11,2,0,42224,2,4.7366426676771504e-05,0.999692118226601,0.0,0.4998460591133005,0,239,0.0,0.999692118226601,0.9999289503599849,3,42.88577,17ababca69fb43e9786f425b8c60ae2b92cafd82efb0d84f11dd61db0b0f9026,11701ff16d2f0804f09c7d5511393748f6abd2bd2d120a82322eb4c6b88ade75
Legacy-M5-25S,59,Somalia_94102,Somalia,"(1,10%]","(1,10%]",43480,275,109,2332,46196,2441,0.052840072733570005,0.9912456684296918,0.8586156111929307,0.9249306398113113,675,2034,0.33185840707964603,0.9916875919993073,0.9997618841458135,11,52.521232,12944ae2d3b473c7fda54bcd0a13bae8706046d869683da383efe653d806e3be,9b4c8fa0af14fc44022ed0f8153585036f6a3e2ee5145ed279a2cd88f3a66a70
Legacy-M5-25S,60,Somalia_322855,Somalia,"(10,50%]","(10,40%]",39179,1033,2368,6235,48815,8603,0.17623681245518796,0.9201268201033349,0.6470527189705272,0.783589769536931,6680,12773,0.5229781570500274,0.9303287923793916,0.9972549421284441,134,50.14901,f6177173bf81da07b6d2042a488af5c399a338af59c09ea3799956fdb81254ef,5fba69c9e7dab7f4c8641afd0394c794d0ccf683d2e5f31ec70507efbd0002b4
Legacy-M5-25S,61,Spain_6860600,Spain,"(0,1%]","(0,1%]",50101,0,39,0,50140,39,0.0007778220981252493,0.9992221779018747,0.0,0.49961108895093737,0,371,0.0,0.9992221779018747,1.0,0,43.331831,f24a16e6a42a667de0cce9ce2cde322bea568e01f069892b859279744b58a939,6182ba8a831d4fd5a1e469cd7bbb745b23b455feadb8ba253e060b8250109906
Legacy-M5-25S,62,Spain_7558720,Spain,"(0,1%]","(0,1%]",49731,3,397,14,50145,411,0.008196230930302124,0.9920209052283019,0.033816425120772944,0.5129186651745374,73,2815,0.025932504440497335,0.9920231329145478,0.9999202313291454,4,52.505662,f9c6a18320e686efd653dd63ffa52a7fd096d6d40c467d4503413f25ac2b221c,4bb6e0301b635fd7599efa331d4fed89d70c4a3fd3d29d1e85e98450e2ffa080
Legacy-M5-25S,63,Spain_5650136,Spain,"(50,100%]",>40%,11541,1398,1582,18218,32739,19800,0.6047832859891872,0.7947799738310034,0.859420700066044,0.8271003369485237,7241,13157,0.5503534240328343,0.908977060997587,0.9963041021411772,121,50.944645,6bf5cd99dcd3679141b881ae2ceec229ee97f8ca7f77a65ed3738ca25916d25d,2883076d14b7569967673340c2914087b24a2e76c4089fee901c61654e48241a
Legacy-M5-25S,64,Spain_7370579,Spain,"(10,50%]","(10,40%]",34505,2248,3689,9713,50155,13402,0.2672116439038979,0.8531971712576035,0.6206389776357828,0.7369180744466932,10043,23836,0.4213374727303239,0.8816269564350513,0.9963513109360981,183,42.59607,8dfb7f31037e14646ad84a547a3d82bef0debc8623cb312e0e033164a91b2c9a,14d8e8ea8f5fce88a69916d32fec106ad09db4dab0698c7d0c941cc279862a78
Legacy-M5-25S,65,Spain_6095801,Spain,"(1,10%]","(1,10%]",45045,744,2336,2032,50157,4368,0.08708654823853101,0.936,0.3974960876369327,0.6667480438184664,4217,12416,0.3396423969072165,0.9385928185497537,0.9979265107562254,104,53.072681,2eea789293526699efbeb68c2bcbf955185da125b4a7d1cd689bc53e584ebeda,7f4c6ecdca0b45f82e5994ac96c2471274115c3d3a006d1c1e2926001724fd3a
Legacy-M5-25S,66,Spain_7387658,Spain,"(50,100%]",>40%,17485,3415,5142,24111,50153,29253,0.5832751779554564,0.6714154058828047,0.7380617117668666,0.7047385588248356,18051,32983,0.5472819331170603,0.8293820908021454,0.990429286383666,480,49.767254,b5e0bbcaa2729ee270670bc6018cdf98a092a363672f06f650ae1ea974465986,fd0b55c5d7a5898e30e98db24e2a6d1f2fe4af20f1c5f7b2847b6f0dcb5c73ef
Legacy-M5-25S,67,Sri-Lanka_117737,Sri-Lanka,"(1,10%]","(1,10%]",48855,34,1255,32,50176,1287,0.02564971301020408,0.9742940331844289,0.024224072672218017,0.49925905292832345,304,6586,0.04615851806863043,0.9743104272959183,0.9998405612244898,8,43.328031,44f307147795bf9bbfcbea8cc6ffac0ad24bc41ce19eefd4b844e425cf3e7524,8e523a846ea2e23de83c7d6fed2a18271463be221a1606faeea6e9f0bd23d59e
Legacy-M5-25S,68,Sri-Lanka_1049830,Sri-Lanka,"(1,10%]","(1,10%]",35796,99,271,223,36389,494,0.01357553106708071,0.9897693966709064,0.3760539629005059,0.6829116797857061,395,1288,0.30667701863354035,0.9898320921157493,0.9981313034158674,68,52.440687,93bc20cb8936bb9cd54f480914d039ef3cce8949c1e749c3fc3cae701d0fff56,3b5ab3f29c624f5d3c0cf216a99372edc4e27c4c5414732839a2e3558e47da14
Legacy-M5-25S,69,Sri-Lanka_534068,Sri-Lanka,"(50,100%]",>40%,715,232,37,49192,50176,49229,0.9811264349489796,0.7266260162601627,0.9945613715856938,0.8605936939229282,469,1007,0.4657398212512413,0.9946388711734694,0.9996811224489796,16,50.7336,3a6f6ed2249252fa3aad8dc25859842a035c1fd78452508a4d6c945dbc5468a3,3a39d950b6a2c551cf6c964cee906eb68cc710cc2855404b1e4f2c0cb4acca3d
Legacy-M5-25S,70,Sri-Lanka_922192,Sri-Lanka,"(0,1%]","(0,1%]",45672,52,99,91,45914,190,0.0041381713638541625,0.9967047116077079,0.3760330578512397,0.6863688847294738,236,902,0.2616407982261641,0.9967112427582001,0.9997822015071656,10,42.845277,9be8706a2e22cc604b58a891765800f27ea97f8f7cfdceb33f74e97a868585e7,6c97db24278850e15a8aebdcfa8e5edab7f03b9a5a95fb2ea11d41df12abd501
Legacy-M5-25S,71,Sri-Lanka_377277,Sri-Lanka,"(1,10%]","(1,10%]",47905,81,1341,319,49646,1660,0.03343673206300608,0.9711719747805462,0.18322802986789202,0.5772000023242191,657,4277,0.1536123451017068,0.9713572090400032,0.9986101599323208,69,52.830935,3447920069818faf2243a568a8d87119e069e9d3c9fc403120e7e58039858dd1,c2a2621c38271490c5ae7c9a08e18119e5c634b1ed85b27daa06e08423e520e0
Legacy-M5-25S,72,Sri-Lanka_649970,Sri-Lanka,"(1,10%]","(1,10%]",45939,692,2014,1286,49931,3300,0.06609120586409245,0.9443724946037619,0.3221442885771543,0.6332583915904582,4243,13972,0.303678786143716,0.9458052111914442,0.9968756884500611,156,49.980909,5ff1e0dbe403435ff8c44c73122a5d84191dc623af4b767e05fc16e4cf7a69d7,72c9b2feb5e9c697993f4f1c6780f1e4b858b339a070fc6ed5662e3accce0bef
Legacy-M5-25S,73,Sri-Lanka_450918,Sri-Lanka,"(1,10%]","(1,10%]",17947,112,531,283,18873,814,0.043130397922958724,0.9654115115653578,0.30561555075593955,0.6355135311606487,710,2806,0.25302922309337134,0.9659301647856726,0.9989932708101521,19,43.74796,6030f5da34596d474260ad45ed3f34274fa259354944fd9dd65eede81815bf80,4c2eb51f98467e7c469c38863395fe4c64c9b1f962bfcf1c9b71bd1cc14cff09
Legacy-M5-25S,74,Sri-Lanka_849649,Sri-Lanka,"(0,1%]","(0,1%]",41389,13,216,154,41772,370,0.008857607967059275,0.9944975731654573,0.402088772845953,0.6982931730057051,318,1142,0.27845884413309985,0.9945178588528201,0.9995690893421431,18,52.48439,a3a016e4f3fe83b9367bba84fa80a8039949fd9f5fda78f0064653c666e2944b,92be8eb43611382bcc2347f773681610b576977d166c53d3b45fc9a7fd895fa1
Legacy-M5-25S,75,Sri-Lanka_713926,Sri-Lanka,"(10,50%]","(10,40%]",34621,135,447,14963,50166,15410,0.3071801618626161,0.9834673181262961,0.9625603087809586,0.9730138134536273,2001,3743,0.5345979161100721,0.988398516923813,0.9993222501295699,34,59.125817,3b450072c6c3387745a404786d53df9ed5bec17413b6a73f87a435a95a60bc2c,9a4935e8f6fc86f2ae3130b5685a0f9039aa3699a89b8537402b0b8a4236453a
Legacy-M5-25S,76,USA_905409,USA,"(10,50%]","(10,40%]",41439,283,413,8034,50169,8447,0.16837090633658236,0.9834816660733358,0.920274914089347,0.9518782900813414,2538,4898,0.518170681910984,0.9861268911080547,0.999362155913014,32,34.617722,a30caf518bd357abe2cd1ad3c68d053ef1331ab2cb8df43bf0074e9de72aad06,6f18329060ea4e7b932c27ff5115c8e692e393c5dd35744d0bf4de1c43144c7d
Legacy-M5-25S,77,USA_430764,USA,"(1,10%]","(1,10%]",46379,851,1204,1741,50175,2945,0.05869456900847035,0.9575711277201966,0.45864067439409906,0.7081059010571478,3781,10467,0.36123053405942485,0.9590433482810165,0.9987443946188341,63,54.491148,686418c57d99993f3f4c50f0667a5fee1c7f592424748a0a9d32437070a661cd,6e233a671a647a89ac31325e922301a2ef4bef8eaf92cb23cee91879302c2ea0
Legacy-M5-25S,78,USA_350244,USA,"(0,1%]","(0,1%]",49933,3,231,5,50172,236,0.004703818863110898,0.9953355791655869,0.02092050209205021,0.5081280406288186,77,1532,0.05026109660574413,0.9953360440086104,0.9999601371282787,2,31.376268,1c14abc5c2b50cef3bf4918039dadcee36e08d448c04e460aabcdacb89f78332,a189abfd25ff94f2d89c1df38764f3793de7b1e2e3030aeb90eea784af651929
Legacy-M5-25S,79,USA_527077,USA,"(0,1%]","(0,1%]",49819,27,268,57,50171,325,0.006477845767475235,0.9941134213992098,0.16193181818181818,0.578022619790514,156,1923,0.0811232449297972,0.9941201092264456,0.9999402045006079,3,30.739695,b7d6cae1c753f52ec89aff7a69a082de4ccd4bd40c55df8b4e1972fd1aaba8b6,3a73ce7a183b70ab344232cefc1fc156de06c23d4f566608fe8a2f0c6d4c269e
Legacy-M5-25S,80,USA_933610,USA,"(1,10%]","(1,10%]",49320,95,307,426,50148,733,0.014616734465980698,0.9919150476650175,0.5144927536231884,0.7532039006441029,1050,2628,0.3995433789954338,0.9919837281646326,0.9997008853792774,15,31.097119,4e3cd829dc888ee91c20eb2e99e1aeebf1cccecec9969a9f53de64f6ff105bc4,a08135d755885a22967540f547dc66d8cffe61bca4e70e70d415a209967cce4d
Legacy-M5-25S,81,USA_66511,USA,"(1,10%]","(1,10%]",49664,0,511,0,50175,511,0.01018435475834579,0.9898156452416542,0.0,0.4949078226208271,0,2626,0.0,0.9898156452416542,1.0,0,31.343956,872662d77fd7ce6502ad34f4b8e9594973e33cd41a45d1cb28bee9431f7b56ec,6182ba8a831d4fd5a1e469cd7bbb745b23b455feadb8ba253e060b8250109906
Legacy-M5-25S,82,USA_519181,USA,"(0,1%]","(0,1%]",49751,27,289,106,50173,395,0.007872760249536603,0.9936884574669942,0.25118483412322273,0.6224366457951085,456,1904,0.23949579831932774,0.9937017918003708,0.9996811033822972,16,31.054516,30f62c2306c46ed5cac52f7ab04b4a56cf179b509cd92a26de3134c79f21a87f,520668646e4db242f30ef794172e0d80d2a33620152418e588b6b689371c807d
Legacy-M5-25S,83,USA_778194,USA,"(1,10%]","(1,10%]",49366,57,405,332,50160,737,0.014692982456140351,0.9907281046800995,0.4181360201511335,0.7044320624156165,825,2835,0.291005291005291,0.9907894736842106,0.9998405103668262,8,30.826011,15b4b3615f2ff9b473a3883751b948ae8c47ba80822956273d21a5fc377ac9df,04c0ce2cede0578f637298c8126cc1decab535ddd39fa4936438497e04f30220
Legacy-M5-25S,84,USA_67102,USA,"(1,10%]","(1,10%]",48051,292,228,1592,50163,1820,0.03628172158762435,0.9892940231825575,0.7537878787878788,0.8715409509852181,1751,3386,0.5171293561724749,0.9896337938321074,0.9996012997627733,20,30.716454,66e41d201e5f5d1067fac25f6508ce2b2c40ceac00804045e22bfd612731ac30,7e7d49780a694d09d5211854195b1c83b66060a7b4ea122dbdfc63cc5df8997c
Legacy-M5-25S,85,USA_1049586,USA,"(0,1%]","(0,1%]",49727,39,185,208,50159,393,0.007835084431507806,0.9955156052931873,0.48148148148148145,0.7384985433873343,423,1643,0.25745587340231285,0.9955342012400566,0.9999401901951793,3,31.655898,eca124a71e8bc23844165431836fb716144d3ea173cf4048e1e13203d2e5ac97,99f36f77533d952af373a5540c0065a3e641aed691aee4059b97696181ae03c5
Legacy-M5-25S,86,USA_595451,USA,"(1,10%]","(1,10%]",45447,754,1589,2386,50176,3975,0.07922114158163265,0.9509730069052102,0.5045464157327131,0.7277597113189617,3880,10746,0.3610645821701098,0.9533043686224489,0.9987842793367347,61,30.851472,7c298817bd763a680f19c669c94b7385f6f539a73774a36edea30d7e694e0375,e87d946fba5cbac178d7f2fbd996ded987b0eb7d3d6b21c2768ea9683dbde4da
Legacy-M5-25S,87,USA_670826,USA,"(1,10%]","(1,10%]",49591,5,564,14,50174,578,0.011519910710726671,0.9886562998405104,0.024013722126929673,0.50633501098372,102,2637,0.038680318543799774,0.9886594650615856,0.9999202774345278,4,30.573974,d8568a864b8c31ac9f22bb0aef76863e64281c811bbe910b62af1b438d9670bb,bbc3be0695c95903bc99c98b31a0797fcf664d95f1e7a2a9c7c3c9cff94d1207
Legacy-M5-25S,88,USA_504150,USA,"(1,10%]","(1,10%]",49457,80,366,268,50171,634,0.01263678220485938,0.991062661563433,0.3753501400560224,0.6832064008097277,714,2379,0.30012610340479196,0.991110402423711,0.9998604771680851,7,30.703152,a6b854e9b8cda9c1440657e1f90321c21f11c4841eddf804daf15af46ead8839,fe24853b650bbf3f1d6ffc337e0fb9064a5fb951adb0d85d3532837a58e664bc
Legacy-M5-25S,89,USA_758178,USA,"(0,1%]","(0,1%]",49832,42,257,42,50173,299,0.005959380543320112,0.9940356266581556,0.12316715542521994,0.5586013910416878,223,1394,0.1599713055954089,0.9940406194566799,0.9999402068841807,3,30.568703,ab1b524e74dbf5fbb95c4ae3356eb9a96d4e2aa0cb3eae9d4d8e22095ae6061b,8fa0a7103757feceff24d9d1123f1c64fb0988a05feb39971160bae4a60e7dac
