scene_index,payload_sha256,prediction_sha256,prediction_file_sha256,valid_pixels,mIoU,MacroF1,PixelAccuracy,confusion_matrix_json
0,d12f4ea423cc9475324b7f1d27c71af006f76cc8815478a91e9a0ae2d711aec5,ab31d7d389dd569daae5438f66610161ec23f37d740034f37726a8e1518fe7bd,7460f6ac7f5f1695006dd2a20fb1e072de156b51170f94d99e086806de84df7c,4000000,0.5385347443347266,0.6655740343215207,0.8820965,"[[170556,32110,70700,66508],[2399,2954618,56582,44362],[5908,55963,65100,5102],[56467,55179,20334,338112]]"
1,79444f1d3232f0f39ee4d2b9b2b8e059ef4a72cc59ddfb55c59c2c0967d4444d,11d2a756180ffe6743a5c2d272d8b61650932eb168446f549c1ac15b72763285,4e77119bcef92d4570f96aade2050a213c27cf13d2a9bc98e9ebfc7d50232e09,4000000,0.46260493640639216,0.5976214005373431,0.7333725,"[[388959,2802,28779,27299],[5294,2021060,26929,94462],[264111,55063,192770,111305],[343500,57858,49108,330701]]"
2,0738296f445b460034c122e934243b171d665645b569eece57f7536ef08e94ee,cc35aa3fdd84a419f3c53bdd9bf1643fdae34316c68b36f126826bab52be5fa4,6627b690e76993b853f630f1e05a12f46a173dea8c5099d137b986c5bb169b04,4000000,0.34506530155148374,0.4331498185675171,0.71497425,"[[2050577,3806,3860,266455],[226285,764380,234515,170583],[205198,1451,28837,26749],[527,638,36,16103]]"
3,0dcfdc016095be6ba17c1789bb9c68a0457af59d66bea823c7f7e22ea17cd765,1a6af4ac59bcf23a240b25bcc587f343647645b0436f2364f78d4b0240ff83b9,df0c9997183fc27ef8f1fbf57eab7cb0b4fd7215321e4127b074bc549eb20b00,4000000,0.6539359572338604,0.696920762242494,0.97062525,"[[3189717,33344,732,57130],[7897,456970,221,13066],[0,0,0,0],[2359,2750,0,235814]]"
4,27470064fa7f1ff09167aaacf1b40bec2cb62e9bcd74e0f5c69fadba378eb881,6d0c8df9051c8ca9f7b063fa175f978e6dcf3655b4e642d04b3372020ab99445,4a9c38d1ac52742064971d796adedc0fa1fb95802aafc2b1359dc058c2abc20a,4000000,0.6048231457103768,0.6687368435480981,0.902074,"[[750814,43852,184,100119],[8050,1916125,432,167433],[0,0,0,0],[31193,40330,111,941357]]"
5,9e5fbf96d9602d9f211f7e9d9c23aaa31fc7ded32301e05ba8928fec2df621f8,23d21c5eca2432cc41aff047d181d829254d6dc5cc12b47660e306f4a9d98d4a,ca689d7101cda0c4c4a47a1cb41d064209122752efb7b9fc268499133d9abfdb,4000000,0.3127304986053525,0.35449715383340946,0.977772,"[[3877899,671,43905,8],[0,0,0,0],[44328,0,33189,0],[0,0,0,0]]"
6,97acaf5f0428c189aa7d014e80f69db8eeead8bf08cec8f2606bbefb5954e619,f81ee8e929dededc61ef53c701ed55453a1a8339333f64f985de4ddc51323fcc,e1f4c181a189a2ef8c6cde0badff8a87b4051cb4b7c469f91f386e483b25a34e,4000000,0.3330734166666667,0.3332033243127331,0.99922025,"[[3996881,73,0,3044],[2,0,0,0],[0,0,0,0],[0,0,0,0]]"
7,2c14df27dc839cefc5bd81ec327c83b69ec4d6d69ae78ba842ac1fd56fe935dc,da67eaa1c0db7e4399f9e491f15430ce6225f77f4fe877f8d51d20c795c2b8a9,8bb72011f602bdf2ccfe76d002ad3ddff24cbb1d92bcc4e164af3962a02895db,4000000,0.5395484076902083,0.6384079680254573,0.7753675,"[[1459912,30932,624799,94569],[4022,1397969,55461,29288],[305,10834,45596,1021],[20368,7964,18967,197993]]"
8,54f770e668ddcd6832eff468bdcc237a5077bd5d0b28c3408e57026d78e1216c,80d852257cc9a1fdc352a5b0af73ed581fde7d40289fa15cabfd802584d2c927,44f9d2331494ab57d274635b2ebc1c822deade21e5ade62ea356cce4c3dd04cd,4000000,0.5128233537868853,0.6303256511151766,0.81755325,"[[2516597,3154,13244,96086],[3026,12173,0,260],[597856,129,730807,8973],[6970,89,0,10636]]"
9,d64f9cc75e13d17d18b2088b3def5d05e13a8cdad2d2200f5335c8ff131009b7,f697142dbbe9c6d5b5a1feae8f89dfc057b4e0dae1e6adc62045d623a4ae06b8,ff2593f78b537f4996b1e06e79f7650e4cb95266e660d79da45ec3b64c120f5c,4000000,0.6043809780936765,0.7220311997766599,0.8878915,"[[259585,24462,89442,110756],[3556,2577617,6146,78064],[2313,59935,64786,22024],[2740,38988,10008,649578]]"
10,e7af65c3213056e712f815bcd803cfa06361fa3f3abe9c54e9ddc5fcd1eb2091,afbda0f22cb5f46b4ccb0bcdc59e1d1b57c52e9d282d56e770a91cb62628dc2b,8b9aeed624c2ae8b63735337bc87ddaa417848e67d8622b6fa64c7837cf99356,4000000,0.566141700462067,0.6335738594665751,0.995524,"[[3949537,5786,87,5587],[5170,11511,474,0],[0,0,0,0],[800,0,0,21048]]"
11,23bd490487998c34914bd13e52110907288080351f98152430a088ba5dff2255,6692d922629f745baf13f20887d5c4362247622efc814a9f16ea85c19f45b9f2,b9e440fe40171281d08dee8e38126b735bcf3ebbd18eca232b2a65fc41576f77,4000000,0.4768280393170196,0.5544087497604825,0.9940295,"[[3958855,10,5586,980],[10146,4328,82,0],[0,0,0,0],[7078,0,0,12935]]"
12,750e0b8b7e82948359a0c7c6d20f906cba4639302d14693363942aefbe74448c,8dbe5f139fd946d4cd84e8cc612cd9f68cbc87e394457884acc0c5dad56dd8dd,dc0100c14fd5964cba497dfe41a2ca1b030262bb0d32997635d3c88952170d4d,4000000,1.0,1.0,1.0,"[[4000000,0,0,0],[0,0,0,0],[0,0,0,0],[0,0,0,0]]"
13,1ac42d659d5eb46de89d7ccf589972e34b42e8a1aa03bea81cc990d5124eb010,90df5654f401c039fdfdf156bdf5eafcec5fb7a1c7a455ff26017702cc92bdc9,2a34ae426ca72ce4d74d8ea56f8744c83dfaa42d1bda32072eeadb1eaa47f22d,4000000,0.2490694375,0.24953385118879373,0.99627775,"[[3985111,1271,11259,2359],[0,0,0,0],[0,0,0,0],[0,0,0,0]]"
14,61bcec3e104214f19f361450b4d1841c4905acb8e55525e482f8a3fc9bd6a72e,1dbf5fa80bb1b21e2a93dab68b2f57c14bdd35df22fa8173c60e9a9187259876,d8bc1d2471043633a9a761f8631d7ec1d02f22fdb7661951dcc5e94cb3c4efa5,4000000,0.6952728364326941,0.8041023626581801,0.88220025,"[[1846244,867,16545,89969],[438,969460,39989,63574],[12714,7679,97438,12843],[171424,10132,45025,615659]]"
15,bc46ca4ea8c0236ae778834d458b20073cb5c0ea645db5d49b9c34ad093fe3bd,2494af544d1fd50864c2ee35d6e13383d550dd0383499609911009c9d359bffb,e8dfb2b619694bd3d5976402c3614fb492268728cffec0312fc4b17b57babbb9,4000000,0.6565644087220645,0.7336899225156187,0.924071,"[[1750760,38934,5492,33337],[39314,1408821,11275,59787],[7681,955,3418,13],[75283,30899,746,533285]]"
16,c4a869dcf6d8ea07da5a9503beac4b5fe8a9493ebe2583ba9e1d13ecbd103970,2bc3b7505f082ac8da686f5aeed112522bf961ab11fd9bd93005b67904b8a94c,2a9db3aeb49e57180407ee3765f7e1c85ec2660ff9fbac94c1398655e0423536,4000000,0.2481693125,0.24908129251739086,0.99267725,"[[3970709,1658,2456,25071],[0,0,0,0],[0,0,0,0],[106,0,0,0]]"
17,4978921d89c6e9a505e5b4cdad45433a18d0d184b4d0aaba67ea07d49434764d,0717b8b65848553378c2bf1ae6a838c1ec11a28de6b9db2be7580c0361d7b251,3f72dfcebc589c892ac403f36b30d8245bb51b73e8d39fec683d3023c1212b6a,4000000,0.4637471857649471,0.5499181411442172,0.99038325,"[[3952763,4901,26956,2537],[383,5061,8,30],[135,7,35,0],[3498,12,0,3674]]"
18,d961b69dde3b7288fbec8b2ab137f77f7e2b45472af07d21a8f60b8a4c8ac241,92515b9ca54d9f6960004500271d4bef56aceee31c2374bbb60c9800d863194a,ec38abd327f5dbf95e296f3fd2f27b135c2cee6b2d411bb13b91d8e1cfd9f9e7,4000000,0.2457570625,0.2478603746567907,0.98302825,"[[3932113,256,64665,2966],[0,0,0,0],[0,0,0,0],[0,0,0,0]]"
19,010ca91d7304efb8821603bbc6b2106200f690e445ef2c7f93dc9923bad34203,4077b0fe46aa3a82db05d707d047f16214bbefa5686a3b12047f7fc78827e4a6,a31f855d3e8eab645e53f2e5d2e9760524b66f05462ec138f0697f42f39d84e0,4000000,0.43381321927970995,0.5138653596057001,0.944891,"[[3716405,1073,198947,603],[117,3729,382,0],[18154,1160,59430,0],[0,0,0,0]]"
20,e5ce2a3626c4e9361efd5b8d5e5bdf2b1fb23fc6cea21f446137c41c3ffeee2e,27cb5d99da635ea2eeb95ce958795a9738b1ab7b00d18b86d6865e99a45ae8ab,a92669bcddfdc07d36380171349f42f3ce50f241450ab103a9419e04800ed0eb,4000000,0.28315777024356614,0.41900111285808456,0.53324625,"[[39936,14453,27214,38729],[1819,1708959,379629,64744],[999,202106,202478,75576],[15745,795452,250549,181612]]"
21,67fcfb59239a99f91b622344492754fed47a94e3bf0e542fd1431a191fb5d20a,3c5c846f4a31f3daf82c3ed14189431ba10e2e476d8a9944faf8cb044319a63b,2980568b94fc8420a28ef40a212b0110353482e60a77aacdb7e9ace1536e6505,4000000,0.25668382393967404,0.3387771072894357,0.72292275,"[[2658656,0,69798,0],[0,0,0,0],[497390,0,191831,0],[498957,9168,32996,41204]]"
22,7c2a8314ca64a92de6975cd6196fc2a3dd3c18a192ebfe86df61f1ea00d78e59,dc043f4b39930c12a755587364df5c9bb1b4778964b4bc35002b1363027f8ba4,4cad76410bb383a0380c824b2b7e7e0a6d7c0d29a6459b686edc4efd6858dad3,4000000,0.22809081679365484,0.23860131830961617,0.912205,"[[3648765,3869,344805,2481],[2,0,0,0],[23,0,55,0],[0,0,0,0]]"
23,9c55e5c0f86b320d10ce985a88916f36af7a4c527a44a2cb52b53eacd1f445dc,b184691043d8b051bdaf403a3b0477fa9df4165f7e0cbfc745de026190b5c4de,cf1c37ba4f0d082ce9fcc061f4ef110ae1ca6426eb904fad10405622a2452601,4000000,0.5075963187963929,0.5941413093321515,0.73209425,"[[571920,614,15666,5320],[21371,1930081,112746,1261],[21654,137902,421547,1175],[13629,420049,320236,4829]]"
24,fd043b17828a8e7a6bf39c95a4322edc8b077cc63df58744c56a287902c155e4,fbf958bd58fd329900e7e047c6035add1dfb6889f4102cbd1f1da917c206cd6f,07effd8de9e2b3c7d9a29135a2f3e36d1bfa5f8d6386524b85d01120d67c4802,4000000,0.6701723509496984,0.7773714451724976,0.85610275,"[[1811881,28,3340,8221],[0,810316,8386,19186],[3836,3462,140916,17476],[237242,47955,226457,661298]]"
25,b37932b54df922d9f6cfc55025fd3dfbf4d00a9020509cb9c9e989c3e28bfddc,7504a6406544d7832ed6191d39759740456ee42ce4ca0d8aa28a6f7b7cc190dc,563cdc897ef8ec0df1e8437f20abc48d14dd38eb4b6b326b8264ebabae3c9a65,4000000,0.38797517679512294,0.4294026710627668,0.9799835,"[[3821983,181,7554,6620],[0,0,0,0],[64399,1259,97951,53],[0,0,0,0]]"
26,8d6428e724eb74b2d9bd5907914ed237f15d6f551334329ec9dbf9177b9b1cc2,6ff8f8f58e88126207d7ca7f73d2f82c87c6bacdd0c437bdbfc47f40c460ede5,c6eaddbe4838f58199e5f3b1cdf445f4f124b473e28f715494be1c9e15b4a8af,4000000,0.237527125,0.2436040097256127,0.9501085,"[[3800434,3172,195524,870],[0,0,0,0],[0,0,0,0],[0,0,0,0]]"
27,171ad88df4ab8d838e7dc7b1b77598201cd2447056e0dbb1624134e927a88d65,23434229e6dc9a4d268e113a54f29198220d23a023057f022444503b8e3b5862,92cf2ddfa3ca63c4ccc53d6ff28ce5f6a1ea182330527781deca80809ca15aa0,4000000,0.33230108333333336,0.3328164079389759,0.99690325,"[[3987613,0,3132,9245],[0,0,0,0],[0,0,0,0],[10,0,0,0]]"
28,8a65b733ec629467fb48bd88a08acde50db7f69d613586a384a2ce64b60f6e20,ff14f92e93996a86446267466d39221b3120ab89d1ae2aa8e96032a1dc629271,4a07665be4fcda2ead9335d89b0c9c83d9fc48ef894ea8396b962f0386d33d23,4000000,0.4998315,0.4999157358014826,0.999663,"[[3998652,0,0,1348],[0,0,0,0],[0,0,0,0],[0,0,0,0]]"
29,7cb3ef186408cf9f0b7ef623afdd556466debd2341f592e6fb1fa2dcbb74caf2,b40cf3372ab1afdc282a37799dd6d1e04143d71a47ea194d074312db7a5d445f,980a1adc56dde41c79eaadfbd7cb4c1e5ed8233730a6777ca0be8ff5127bc971,4000000,0.3332835,0.3333084148040066,0.9998505,"[[3999402,0,505,93],[0,0,0,0],[0,0,0,0],[0,0,0,0]]"
30,71cc544401d39a3343b3385190c9f41235e037d55c9e54935669774fe29357e1,e351360a4928c403e68992768d49a26f6fd3fc8a64d63f8569865835f130f7e6,ae67801470bc51db693e0849f51fd22dc1dc27d20907315fed85afc15fb697da,4000000,0.14159056229719447,0.22100135637645424,0.2827915,"[[2307,0,512,0],[0,0,0,0],[2868322,0,1128859,0],[0,0,0,0]]"
31,d3eeb27063246496ada2d449c1da4421e741b68714d9b28e76c31a6eed006264,2c7f4e32f31625340eac922d69fc373ad79a2e2917231b9bf25e482035f32b6b,37d999b7a99663d4f6c8da2760ca7efebc5158f926b3bc1d98909b9f22665de0,4000000,0.6493373103982744,0.7687086317110537,0.83597075,"[[296165,10642,437639,14018],[2614,1906310,23948,26378],[3180,5942,758524,2596],[4136,29424,95600,382884]]"
32,d173ade01eee750adafdccfeb0685e68613bbfc1e5824dcd058443b54dd9041c,a368556931a2de51f372164d72cc4e39a94333d12176a9d4b43c64216757e386,62178016fb7a4dd33ad03004e55a0e68233f6d2b67682b1496db9a527733a014,4000000,0.5851409747798494,0.687311191020899,0.76805625,"[[624443,16013,698538,37242],[2191,1661520,44230,26963],[0,1523,156007,726],[5813,20330,74206,630255]]"
33,1fb76940b83ae2b31b60662b13c9964c78684196f47749db6e076be0d2c79854,610a5475d068df7ee23ff92787f5ada7c8384ec01ba2ca86e724a7e2f63b4258,b433ce17bd02ca295a39b3adcbc25dc646b5c6d16b3c4add2056fc166e9e170d,4000000,0.2575345842389642,0.26549818366588424,0.998089,"[[3992198,373,381,6849],[1,4,17,0],[0,0,0,0],[23,0,0,154]]"
34,0febcc030c59db27e948dfbf4b3edb8909d3a454b06e9cb4e3ba9ba3936c61a8,0928cfc69310a06f5b347fb9c4cdf20695ecd5fa5eb3a08e110d6c7ec25c22e3,f617f8cc06b1341703250642051e9243c0d71c07a6d3b5644ae4b949a9dbfa4d,4000000,0.36606387815004304,0.42026107153656095,0.99248875,"[[3965702,197,18081,63],[4271,4060,0,0],[2458,1006,0,0],[3969,0,0,193]]"
35,59c59f1c3e46e22475571b03cd1b92b9d7fa64f9de936cf0e761b9502a57c79e,0410f906082b29e7ca0228562db3b2c6e125616ae1a725a90d1d659f281df175,4affb2caad882fe7677a501bc336e860b81249c5148f5f613e25bebda82d4d9a,4000000,0.20483574021000447,0.2853123805002629,0.548305,"[[1883065,0,29433,0],[347,0,99344,0],[592198,0,310155,0],[1040591,0,44867,0]]"
36,6d0821ad0c425c3a8ad33c6b7ad9c4e2e91faacac5194c55614662d6819e19f8,a829260a7eab4cb2b386ef2e860024d5ac548381838a6eb6a47be46a170225e9,92ba05c1277c1e9dc775549c397b8ca56275cab18bdbb3dbac3f9d5a4c98eb3e,4000000,0.4873614641525113,0.5609761842311867,0.87340775,"[[3165616,25417,178191,268173],[3275,224186,3671,10622],[0,0,0,0],[10411,5360,1249,103829]]"
37,1b2c2b55a6856f1ae4379ab19bf2409ff457db83dd258091a9ea25007d6d1fe1,7015895bbf95c24a414618f4c4e24e39b28ee9ed7c0c54eaebe6abc1019abb6a,0bd405e52971cc4b0a18aa4effb1a9e40d458818f9a1107c3dc074e43a74656c,4000000,0.3220834201462803,0.42917621825934255,0.49917575,"[[309013,3054,334109,41472],[37347,1341550,154887,124949],[4,7,83542,1829],[235212,100643,969784,262598]]"
38,d2bcee3008951c612629285dbead47d81aa35b08c136376edb15ea6cf422f6ed,ff0fa7cf609bafe9326e565e31f169bebcb6bbbf74cc1c6d7ecfa6a4dcdad2ab,8957c2d8c52aef13f62a526932062e1ebc10f7833bcec06697723f00618a238c,4000000,0.333286,0.333309664986214,0.999858,"[[3999432,2,0,566],[0,0,0,0],[0,0,0,0],[0,0,0,0]]"
39,552210dd59d9839b33ba5dae7724c7becda486d08d9d474d5bb124a047dfd734,2ec725a7e7c95ff811897bae8301b5f13eccbe88a2c76ab0ffe5a3b80825dfb3,61e0324bef627acb533831da62e87ff30fb7cffd1298b8dbae5e81b633be3fbc,4000000,0.5223344572569167,0.5730253074622872,0.95135625,"[[0,0,0,0],[0,3785342,0,3619],[0,0,0,0],[0,190956,0,20083]]"
40,251f8c941707e8081de3baaf0ad6d4f8d3f050310d423b4fb175b0d5d5cbc851,eac36dd81d9e846756a898c9574674f6b1c9fc2562cd2a79fbf126dfd3794376,a19a7f6087c847e7968728645def99ac6234d06b7897e13c4f705bb538874ff1,4000000,0.4193253117618409,0.5287191543879883,0.954082,"[[3724933,331,3945,19564],[191,6543,15611,71],[128240,2596,79958,13113],[10,0,0,4894]]"
41,42485855b6f1851925aea2352ec79b4bf93ba09e82d99d1cd5e8d388a7e4cbf9,964211092b1be43d5249236cd57b8c2bb56a359368627a05f0a6fab5f85f4f32,ffe8287997118165cfa9fbe2bee8556db05c440b2c0b9c85c2779130a8e6f230,4000000,0.25116764608338227,0.2901806607912254,0.8791865,"[[3446186,49,3583,298],[0,0,0,0],[478580,0,70560,724],[20,0,0,0]]"
42,ac0fde8d922fe7782895e26d7f307d59545f78707fcbc7edb79ebe7029352817,d090005c03a42e18da3c157da770b18820d2bef0dd712ba1fd56a621b87a8d27,79fef5b667356a123b240cf5a831ef7f1612335274688bfcf476e3b24ac9168f,4000000,0.33229258333333334,0.33281214469271675,0.99687775,"[[3987511,0,10643,1846],[0,0,0,0],[0,0,0,0],[0,0,0,0]]"
43,f2ae2fa8e4ba0d504b3b4d9dd0197b8b130af84499c0fa3c4db2aaa0334f5e35,f40a735ca525e76dc94466a9fa8d65e6244d7cfa86d19a17fb9de25ae9145975,32e99b92531605bbf1463deda77d52b8ed9a773852403d36929e30fe34b2310d,4000000,0.6655966782700653,0.789036400726924,0.82535725,"[[1051775,18677,271393,76300],[3525,1421001,88635,14943],[22583,66196,393457,8047],[28691,51479,48102,435196]]"
44,18b22f7f373bad26857ad2e3798d23f2e6d49ad36831424056aa575e0e71fc1b,f6588e60612dfc2128323f8395575707a9c9c109ad1e97981ef0d0c01667e8d3,3bec3b707ac1c479fdf89cb79a83783e362729cbddf39226009bc597e72b8bfb,4000000,0.4080163123843816,0.48729856155106277,0.7827265,"[[1447305,12957,43082,152877],[140148,1602436,300976,38229],[164689,13396,81165,2740],[0,0,0,0]]"
45,b45f6a48775cc1ef6f7e0e63447e934728df720900852e5ad3c38a164ee52e07,c2c3db1fd25bb1b73d1f33ee2110d201229b3a1027855e09f6dfbdc2a1a33d68,7f785c9be497319f2eeb7a024dc5a61f74a5ab301a6a4bff052df74af35f0fd2,4000000,0.6922463901988136,0.8032171734484121,0.87173175,"[[612690,17853,245400,59280],[3536,2066470,82949,42442],[7095,4812,263383,4960],[9706,19114,15926,544384]]"
46,898bde1c294259889b867d702dbf9a515b09b8d887b3fa3cf7f8c5e589ff95ed,98f3cbe08795d0cc04c61482732eced19709558d81a9df8f7ae5bfb0b890a0c7,5c3f4af93f2983c909358a0796f7192c3a275ba49a43ea5297bc55482d5d44fa,4000000,0.5994803038699041,0.6605720526342906,0.9968675,"[[3975828,285,8720,2296],[673,2180,0,290],[23,0,0,0],[217,26,0,9462]]"
47,a4bb7847888f708cf66422735fba984831c66552e9267296a85d0cab175f90ce,61d971283c033870380611933d46154ae2021bd6089fb97671d2b7c4e51c1357,0fb69cacda9aa72c3fc4dcca54c2f8263fe3e8da35322adf4ba0dcbbf7d258a6,4000000,0.5972172751267091,0.7021348792652471,0.981276,"[[3854173,1210,20303,34399],[496,16844,2607,1624],[776,0,5550,318],[12549,460,154,48537]]"
48,f7736ea49dd8ce06a98dcf5283fd4bf51c251519f06e0a32f82b0eb1871cc235,5019c195afb0f4ba71ba5eedcb5559c621aff517a8dd662b4ebf836671152764,ad09e40b9eb18f71556b4fcb98d6e25277ad6e60e6b681b20b0f011dcf544c1b,4000000,0.249052375,0.24952528780170619,0.9962095,"[[3984838,3680,954,10528],[0,0,0,0],[0,0,0,0],[0,0,0,0]]"
49,7eac8a2cb045935743ee1f6a793f4b31f8fba7e2f59e64080789ff00a313bfae,5e24de13ca1889c20c3bbf7f284cb6810288f5bb506473b054de51e7f4f7242e,4fac1b07c0fff3325f02385ec110c7c8d3fb50e4b24ee24bc35db801d368c92c,4000000,0.39187491250799306,0.4818700411476516,0.8038955,"[[2689619,0,620832,122],[0,0,0,0],[163464,0,525963,0],[0,0,0,0]]"
50,fe94dac6fc6f898b521211936af1d1588f62e32c9d12742a0520e6ac959702b0,6acba8fc0883022687a32465c03976dc028b9601e283951a913c477b77b21a2b,674c52960cf8cc345f6e3479b22ac763cc3ae9cfe92d1c508a967f289e4f6932,4000000,0.2499153125,0.2499576490768124,0.99966125,"[[3998645,561,770,24],[0,0,0,0],[0,0,0,0],[0,0,0,0]]"
51,3f4bc81c098533d6f6a0c47663b162d247138dd069d7f464155d02f3917964b8,ce965cb50c993bd71e27b9710ec228d21e45e07aacb3b8fbcbb84f20799ac8af,957c3df624c716a762e86e983b3b766dd0c038c371946ab2e776980d11deda9a,4000000,0.33331533333333335,0.3333243330903268,0.999946,"[[3999784,0,206,0],[0,0,0,0],[0,0,0,0],[10,0,0,0]]"
52,c8df70028481d2e9b39db629856faac9903322327333c9fddb3e73cd3c2fdc4f,d7e8172ef312d462fd2225fff9a0e25d8f66c813551b74cd341483c26cda10b2,887f6d5d79d1824796b219347de3439ca849b49c534a0fa94b133a21e79e76ec,4000000,0.5439765018647713,0.6775903478993959,0.718996,"[[1559127,822,20901,47033],[8560,479238,151640,18173],[62372,27072,459727,103740],[179207,8255,496241,377892]]"
53,4c84215b9221d7bfb11b2325e5cc241095c7244da41d229b815068720857a09e,175eb259662f37b87a981b9c5c897032bdaa5ee19c7e654d67d8293a404b946c,37ec68a09fc478b94342625d4591126d09fb35a003b53c3573fbdfed161ea708,4000000,0.564082424089048,0.6438089446262327,0.93883575,"[[0,0,0,0],[0,3697872,0,95554],[0,0,0,0],[0,149103,0,57471]]"
54,b40dee6cfe7bae31606de85b766a8ad8485d3f8dbaf038e3182132a86eb534c1,e5e61dcf14a5fe1bb27d857696a2fdfeec6e4d6a2b83a94d246ba76442328cbf,607ec56bd80cf46eb92761e50e05e3e0d47bc12d19f8c0f8b2b6d08c62f11007,4000000,0.32624000304747713,0.4083834292155908,0.79004025,"[[2909842,0,17336,54891],[92,0,0,0],[201969,0,202380,82],[539219,0,26250,47939]]"
55,0f964f4c6f082b718fe7e495b4605c4f55c9577d301e2c4bd67d92e906853e57,5a89a76713a72b3308b534edec2b536c27c746473a96ab542b68c122d082416c,97ad4e3a9ea9f8bb159c8c5c225961504ed3ce5f66db0f0c50416cbccdeffbe8,4000000,0.4437851677488348,0.5106812538582949,0.991119,"[[3960268,387,17037,16197],[353,1549,124,0],[85,0,1382,0],[1341,0,0,1277]]"
56,36a9550095976b3fb23d10aebca36dbfeff33e80ecc1f6126d257d7170dafedd,d731e94dd7298f7a17ff0c3a329dc0c8515a97bafc051266f43f3751ca1b3544,2d02615069aa1111cc887ebb6ace81a0ccfe3c5bd352cd3bcd4dd3b8f9c4a1c4,4000000,0.6789467540964749,0.7829648206005109,0.96286475,"[[180922,5296,19854,11123],[3656,3494820,14981,41441],[4271,8134,34070,2675],[293,18650,18167,141647]]"
57,183d1d9a9ac30ed8e4cc3203184c9f6376c97df3f72354188aa2b11cdf95410e,efb25039e0ebb1d8bc8d7dee48ac8b435026e0176a802dad30bf5da4314bb7c6,940d89b7e24a7c834080a278dcc0463a0b04051072ca9c8386b9e902fa63b6c0,4000000,0.3332946666666667,0.33331399887860164,0.999884,"[[3999536,0,460,0],[0,0,0,0],[0,0,0,0],[4,0,0,0]]"
58,9699aebe74850bad32d5f2e70cd2cd7a3fc5750a693cafaa3ba26b13dddeda1f,99e2512dee3306e68639a7b74d928b3058d0a8b645c8ad636171871c3f61c17f,b90188e581c4086c45a57de78a8591de7e41e5a66b672c2ec620dfd5f4510178,4000000,0.31448397608279666,0.3790082029152898,0.8182765,"[[2666954,0,0,0],[653358,606152,57307,16229],[0,0,0,0],[0,0,0,0]]"
59,caa5b77723baa0ae0d1f3e19777a0195b731677c01254208cd7157bde8a34174,1b8a32debbab6b225ebe825e5b88ef5244fc562b6205f965c52e7b06256bd762,134b938a9664691dbf2a26a6af633ed565f92fbae2fea985b160da79d7d99040,4000000,0.268674253147269,0.35342367941880987,0.50197175,"[[1266298,958,60,8],[237342,669107,780023,119313],[182766,245071,58926,21523],[67999,298393,38657,13556]]"
60,26e7194e5766c36648630cbda245a69b46bc080abcda13a9e4af0384b7613b7e,dc7483a8db45e9ee49730571f0a116e22e8e12138e512576af07c701af607218,aa927fb5307618b54a5ab78829e2cab0707a00f8af1508d38dbfea45ab105efd,4000000,0.6123862680033247,0.7040501031650517,0.863386,"[[1816573,1553,318896,11504],[4517,1475608,963,34816],[137974,14760,69586,8306],[721,12373,73,91777]]"
61,e1cd1fa8d0157e0949cbdd9c0307b2a638d2a55b60ba63618e016d0c55a0a493,3ccd765569a32266d2a4fcffe9e80f62c21a904735c5e71c6505cb21d0912ad2,47170339b6b6e761aaf43586bab9fb743613c7dcde61f00b0645fff5c40dc216,4000000,0.31799949577942516,0.32556564173251923,0.95383675,"[[3815319,0,11906,172546],[0,0,0,0],[0,0,0,0],[201,0,0,28]]"
62,3d5a88a74537ef0dba5bb5c81973dfd717127883e7f0d31b7a0b6668336c5709,08ea87ca85e41b741b095b9b9df3509dee35143ce324a5082b5ebb9460b10521,c0ac320060c5c3565d95eac29d9faa34907cdda6f2c0b55f8e8b8aceabe27132,4000000,0.6808174639806418,0.756965462705819,0.98612825,"[[3794810,4615,0,15018],[6607,83542,382,3562],[22561,214,4351,309],[1016,1203,0,61810]]"
63,e9c9a4e350d277636e46e71bb567b4c5833d9b6ad87697b2cb0c34b9e0b11135,7ee5ba403647b7138c98a8ef94b6c8e23a1c147e9fbcc87b834e395fafe4c8ee,f30905c0d8704b413bca3fb551544d412304a6a17e1ad93345810e4c9432a951,4000000,0.5687725910874453,0.6375926771940648,0.9272195,"[[2874064,13899,5737,77104],[25850,575236,0,68867],[0,2,0,0],[90677,8894,92,259578]]"
64,f9a287ee9453711477f2c157a1ab8be88f01028875d528caf52c1aa15e765504,3ac47e18aa68ee8451e96b34b5dfdb10e6cb3963488b900e782095d088708a17,68df6c45854c73bf7652f07ebc4341c9ee641b7be28918adedb0296fbc1763d3,4000000,0.4909648395169214,0.6239505511107684,0.76344725,"[[1888836,7307,25315,33100],[53728,736751,89560,26692],[56891,118876,89561,10673],[203765,249456,70848,338641]]"
65,e043f8280a95db339d25351533d23f756592590da9bb124e24acaf6b21688fab,7213a1a4669ae7dbf92bc7b130bc2c5932729e3f2d00caebc87e30de6babc4c8,5a764a41ee1c5117e0f4de8e779c62cbb0ae6fe8a02145c551e7b246cee721ab,4000000,0.40501640256443433,0.46850473790330865,0.93446,"[[0,0,0,0],[0,3635485,1953,74411],[0,0,0,0],[0,185796,0,102355]]"
66,e60382f94f8a923c01eeb0f54103299d460d228bc39d0dba95c814ba64676446,8b81dd8be4a7c3be1ea7c1c26a6106b56658d92b8910ab8e1d1d08c01d2a397b,1bee0ec3c11cccb8704b270a0032940fe1a9a5b7f22a8017ad0100faecb94e7a,4000000,0.7117454746640896,0.8242180174240628,0.84959075,"[[990974,16971,341113,44803],[6930,1504478,26831,31248],[45140,12231,542192,14121],[3993,32057,26199,360719]]"
67,5212926d68f7f3d52d475da2e422b937921d98f7b2d9f7cd4867388188a04107,02d2c50ec8bb8dc619d4a2e40b582804db20261f4abb54d06c09d3d423ad0b7e,cd248b0be6731c3768570b0adbbc3d10af6b28435a130c37be549587a043b6da,4000000,0.624868805830712,0.7612311876098581,0.75401775,"[[1222375,2456,234412,10374],[971,361654,49541,6670],[484362,6979,1247270,23200],[32130,3812,129022,184772]]"
68,32751d1919f9994e37d9900f5bfbd774d1e09f2752d194d0f2fdfa74cc824e71,feaf457b2761574c00a0de79bbae0f691d1ba3123a296a495308445eb6d618f6,74f4bfb6a8cb4816fd59e1bfac7676a685d7d8b5f9b35c56c3a6ed022f15b855,4000000,0.2429936875,0.2464470577019305,0.97197475,"[[3887899,31469,45427,35205],[0,0,0,0],[0,0,0,0],[0,0,0,0]]"
69,91d519e74b671f5cb852125343a44d629d0aa498f66451614298654ee13bca0d,45f950b9a548411fa398d27b957c85c6b4ebc96527f49a82863c1545ff3c0603,99dc238190fe79fbc8b1d4b59ac494d903f4c202097b8520c95eaa5fcf194df9,4000000,0.3000233652384968,0.37422343474688835,0.75332825,"[[1860077,13900,402803,2285],[0,0,0,0],[551794,14811,1153236,1090],[4,0,0,0]]"
70,b3cea93ab2e9ca22918ad362e3af208c17e5406667707e145c6f85a1c7431b51,0d97668b1e4cd8186cd548baaebc45519622311cb1c5a0ae1dd2787392f27fba,1214bee1252f0b6b3a0530335c3ca12abcc4e72fcf07a3dad0cfbe9bae19bb82,4000000,0.2418853125,0.24587572179236394,0.96754125,"[[3870165,5563,123184,1063],[0,0,0,0],[25,0,0,0],[0,0,0,0]]"
71,8ba06c443f7a8b89f3d714a200dd60c11f3abbc46bdcfa6258eeecc408257bdf,e834c434981a974790f98a1213affb1a25ff80da7f2920f37c2c550e3220e9f4,5d147ec0d458fb65cad69d0400e29f92400a32adb48cad582206bff1e2df60d1,4000000,0.5443704587431852,0.701263736854352,0.70435875,"[[1143844,12595,145432,86323],[67841,628215,92062,67711],[128211,151,449320,5114],[404494,76983,95648,596056]]"
72,5e2284a27f575cbf809d292cec9ef40fa582739cf2c3cd330ff3c8a2f490753b,3cf19d779674f21ab5b21fcfca580ea07d6f940128105ca9999a765a120bc824,6b50e40304546ceb4081e1d3d9f15602b1bf08fa74a910bd14a0ac7d1f6b531a,4000000,0.5333012329861011,0.6425969325330552,0.96989975,"[[3764421,3490,31532,6845],[389,5540,22310,1289],[26601,0,42801,740],[25462,0,1743,66837]]"
73,40c313ddba49c66059e5fea18f6489cac47752d4cd9bbabcbd04db399a9a5136,45409cd0b951054a336629ca843b614ec20eccd801e798e70fc92b86842d7587,a74ce7600ae5fd7969df075b09ce4afcc74c26c8025637d341b32aa1205367c0,4000000,0.1660876736981233,0.25506857053974874,0.41058425,"[[1215768,2,22615,828],[69,27,78,124],[172261,22673,59836,2567],[1432157,322784,381505,366706]]"
74,119c6663e0351523f928b6fe4d3557dde1f376adcdc852af273954f0aa582ba4,c2e947d22ee83a41d6e27426fea7fe2ed4be2e4e9424a1e573d6b08ce15e41ed,b723280280c8210c558daafe1dae9c875c9464d4e1d031f9233d515ccff40cf8,4000000,0.09852510278155358,0.17137701648219672,0.232972,"[[563510,104,919,581],[0,76,56,0],[806472,75021,120140,6596],[1370896,427865,379602,248162]]"
75,e60d5c69de4084c88cad897df3a3dd43bb0ff5052b5070571c7402c9ed7c2f4b,4572720d6de5ae5dc997b81eb32246abed28cac62ae7d988a989f13f9d7ee48d,316e60bc1e19cb008c65a6bad2e10583801c6620fcbdde64a69ff5e93bf61664,4000000,0.5725706441150761,0.6121862220352905,0.99489,"[[3928198,0,14634,748],[0,0,0,0],[4940,0,51362,118],[0,0,0,0]]"
76,66a1971a8098d4c70673757db0b39695de0576970d2f5b58fd5eec9a3c07494f,5dafa393834ebd3b8c5f1b1369d0e644647258c08795dd2f1636e11693a7648f,7e425449b00392f65871f326f3846b93b7a5d87dc318de8b19df76b6c7400123,4000000,0.2386469375,0.24419158208681088,0.95458775,"[[3818351,1407,179812,430],[0,0,0,0],[0,0,0,0],[0,0,0,0]]"
77,53adb0549217695c6cf862af6f40e6211da3f60226f1ebd847c4de412670ad2b,cad2b227356d52dbd2f2d8dc85d5c31976854b10a7f8c0aca3d41f510f384dd0,1e203dab36d016f83ba157da5fc5d5e1ce482fd443bb78e314cdd1fc9a0cc2da,4000000,0.5838728776626957,0.649238228113333,0.991158,"[[3937131,2951,23262,882],[2167,18779,807,43],[0,2,0,0],[4957,0,297,8722]]"
78,f3dbf3447a16417bfa42e65abedb285598f4773250f0d44464d48327630986d7,2afd4aac45ce909070b26a5c637437681110c6467e378057a726ed0753bda0c3,bca4d7785a61429d85fcdc944eb9eb24a3fad40c95d2c81f68523fbaa8099496,4000000,0.0102144375,0.019626961513232715,0.04085775,"[[0,0,0,0],[2778712,163431,1056190,1667],[0,0,0,0],[0,0,0,0]]"
79,233f74cf13823de22eba9182ee763e5cd79b1572abb629d6c64e31ecbc267dad,f5f5b00b09a265adbcd4d3e3377e3b41a73b6da746f0c49c8d91bb59f2efbb75,2ee9f52f35f57bf9d84263a9097d51d4fed80005afe3a8e5888c6b70fb93d8b0,4000000,0.6019931591611738,0.7303010887730291,0.89892875,"[[3119438,5530,114773,31347],[480,75144,3552,4207],[9301,31386,83169,11953],[182971,1064,7721,317964]]"
80,3c427141283ace21f1053c288e46a1843f923c628187959992070943e1c9bc04,5f43d4177292cfb94ddef7c687decfce369ae46a13358f5b568d078688ac339a,0ebe7dcb3c60d33839ddfb928099eea694f9823096d2b371ccad2b25f8f4bf0c,4000000,0.499877125,0.4999385549499395,0.99975425,"[[3999017,0,0,983],[0,0,0,0],[0,0,0,0],[0,0,0,0]]"
81,8834d9025dc97e80161cf58ccaca1194ec1ba4ce54a0e0b2d252005f41151507,8dbe5f139fd946d4cd84e8cc612cd9f68cbc87e394457884acc0c5dad56dd8dd,dc0100c14fd5964cba497dfe41a2ca1b030262bb0d32997635d3c88952170d4d,4000000,1.0,1.0,1.0,"[[4000000,0,0,0],[0,0,0,0],[0,0,0,0],[0,0,0,0]]"
82,99722af336daf4296e226992ad4d8e008a4d5a4e2a94c1639fa91ac83f63a927,2ca8b669b26b73b987a3c09e85ba3f88af3cdaf9afa35158c19a2ca6ec1cf8f4,036308d766aafc9facdc6405a47008e931bd247a30c62fbc46d7e316388295ef,4000000,0.248866625,0.24943202504276568,0.9954665,"[[3981866,527,1607,16000],[0,0,0,0],[0,0,0,0],[0,0,0,0]]"
83,8a82e9fc9ee37c607f02fa11f60ce22ec191df7b35d884090a5d606da4a1b0a0,79d23144f82e1556f93d0bc680ea54ab45cf973bbe154df73bdd0ffcc527f5e7,1ced33fdb64f8d3a350059390f03609a211e49d04bb32e166fb8acb2d9fcdf0b,4000000,0.4254423828695196,0.5398742387385935,0.69750075,"[[2212369,5089,1048292,39089],[3374,227403,60582,220],[18058,12353,345017,5781],[1268,2427,13464,5214]]"
84,ad5002967de08dac4df6617b4b4cbf865d5e4dec5bdd2a1aff8e8e7fb1791085,8dbe5f139fd946d4cd84e8cc612cd9f68cbc87e394457884acc0c5dad56dd8dd,dc0100c14fd5964cba497dfe41a2ca1b030262bb0d32997635d3c88952170d4d,4000000,1.0,1.0,1.0,"[[4000000,0,0,0],[0,0,0,0],[0,0,0,0],[0,0,0,0]]"
85,8ca4b2c344aef2335a1007b975c4715f28c27ecb35a1882f1a7b6c467ab0c9a4,edfc4b3feec1300d374f84dfcf245119892c5668b53f67c6471e69c91092afec,56283df53cb83d471dc69dd88d68f751e2ac0f8079fde9f706f7fb14657ba845,4000000,0.21437575057921918,0.2892662647948774,0.59171175,"[[2145593,0,110256,5436],[78845,500,118951,16],[290602,0,200921,7834],[777076,0,244137,19833]]"
86,f14dd5a927425cd0ade1849b5f35bf4864046a749642f6a8c132be6dadaaf71c,227547e0da5b5ba65d9e25e093da18dc099a6d04d76a1383330f1bbee0be4844,05ae943045a9cae10c31925ea9b02f2195e8392ebfb5a9676e8001b1dec86658,4000000,0.3004475834368698,0.4314590954247699,0.58046425,"[[1379825,28893,74568,4283],[180393,203094,189134,35575],[831989,70426,729151,56013],[198854,0,8015,9787]]"
87,5b6a3dfbdca2957803b4051c38ebff559a073dd17cfc93acaf4aeff27bde22c8,a229a5c6aa5c065d392ce62ce06df723231f51100cb03a186ccd3cc74ad88849,0199be00c47261769000b0d1fd253261df245195e397603d2de6af87add4dd72,4000000,0.249952375,0.2499761852316433,0.9998095,"[[3999238,196,556,7],[3,0,0,0],[0,0,0,0],[0,0,0,0]]"
88,f2c8ec75e47c15e090587c2154cb4bbd6b7e93e8cfd82ffdedaf7829d676f55e,75f4ab5f7c601d3080a51f6450add8d7895d46d0d2030c4913c0f7125f40e7d9,d9d8cdae829acad04a1af3b49cb1313c89ff30d2aac700435d3845115678999f,4000000,0.2473166875,0.2486511047349482,0.98926675,"[[3957067,2653,39660,620],[0,0,0,0],[0,0,0,0],[0,0,0,0]]"
89,0e8eff1416e3d9be32482761c808a57d2efde2d1c594025b7b466a752d7339c5,61f99cc1af65cc5e0a3447bf3943abdae4aeca7c2acb1ff0eb6c3fe972887c02,7c506b3df5ed423ab5d0050a4f8dfb796c5a408aabd03aef803355168e40d48d,4000000,0.2692088564869403,0.34225006118761137,0.72832125,"[[2659543,175,17903,166705],[0,0,0,0],[419056,0,252266,567],[478839,0,3470,1476]]"
90,2f46348116ee51d4d68085319f9d372445aa8b4c5b9b775825f17c25f3ebecfa,15744ae28d31ba252a622ccda23161a52cf2a8b4d3b0bd028604b621bc9056f0,178657263d480c6d79db3c8ef5df46bb929a1fe7e783d7f794dcc494fed411e9,4000000,0.7130022149482158,0.8203956163037847,0.9834495,"[[3813714,3614,12089,3183],[2103,16870,8284,293],[32193,1148,83584,13],[2787,495,0,19630]]"
91,d4b21296d298778a49b24b2c8b3750131528022d2760c9cb9fc4f21cb406c39b,d09b342e4ca6c2ff56f3e53e227ead4ee59023a793c44ad31bc8b8900b2e8dd2,4017618d6af9ff155710843a3c10a9df8e0b16c36dcbe125c2363d7a938b634f,4000000,0.2753657257279557,0.29945668483937393,0.9953785,"[[3980214,15134,0,2958],[72,1197,0,0],[233,70,0,0],[10,9,0,103]]"
92,00df3c7c98d89cd0a3e2c2b40eb118bf0196d37462418c925d2941b5bd4c3489,0f54086c05f37b494d4f6026f2ce7f01f07be3a2fc4a07179eb95d932c39a30b,9dd292e440473ee935614c2b803aa5e921855777ba0e97fc6f891a963a6c8b37,4000000,0.6070004532784812,0.724489496761377,0.84901625,"[[2042241,7757,43,230696],[3132,1049108,1475,80785],[6654,38,5378,0],[261429,11354,572,299338]]"
93,0bd214053f15c880bd3d18430f7a71d31ba0ffa1b697f0e5616c6f85a0773544,a47165cf302cbe653e161d91d16e7f6e9cc18dd55b2eadafe5bccf057e37adf4,184af0016d9367dc0ca9797978fbc518294ba9f9df800c890a5fb92fe6f7ea7c,4000000,0.4636994158127829,0.5555038632799307,0.98454825,"[[3922065,0,147,30],[0,0,0,0],[34184,0,10187,0],[27446,0,0,5941]]"
94,cf556bcbfe5a24c39527464ded801e9ef82dd18ca758fc1a4beb6504e0ee9acb,1ca7133694b6679e150f92be8d69843b48fc31fa1fc7b3d5eaf5262e0eeddb0a,c6af8a861e87a54f12b4f91eec5bc3a0efdf8685c617e8f9696d463deaa2d189,4000000,0.31623507288408925,0.41623010940511945,0.69421575,"[[525459,0,211062,1234],[0,0,0,0],[1010841,0,2251404,0],[0,0,0,0]]"
95,7d0ec20b69bcf8df6e246fcba0152d0e86b5035c453a3059f2e96eb3622fdce3,fb827730a093744a62416e42bdabe817dd7560b840547eee74cb86a3187bf917,1e51b45545c2fb1910598c3d6329d0b9bd160870a49705073f9ea22b3164b8df,4000000,0.46016975798855675,0.6054288206774419,0.50057375,"[[980360,6696,1761107,3856],[12,266984,12016,470],[5044,21658,567496,1339],[3040,41495,140972,187455]]"
96,a613d986df104824dd8c35e5f1b26837e5b1c56d86362412ebe54a171a5263c5,adf0ca947bf761b15104e46534f0a8d54b4b90529828777118eb3e3486a30c69,5ab83c045aa0f45dece538fb9473f70971948186d2242d1c103647154347d30d,4000000,0.249948,0.24997399729571876,0.999792,"[[3999168,11,784,37],[0,0,0,0],[0,0,0,0],[0,0,0,0]]"
97,7487c63691c306f1f1e55f407fd2737813bea6aa2cbc17a058b88e7e7e6bebae,e4faf458dffd8bd527dbf6672a7e521bf277d815b09aab00056fa4f2d20044cb,93d56113c2d13e51aa67c98667a32d90e5b788133cb46440fe6c86fa1fa0caa4,4000000,0.333285,0.3333091649144563,0.999855,"[[3999420,91,489,0],[0,0,0,0],[0,0,0,0],[0,0,0,0]]"
98,74eb13c6fab6eae0092826121d425628c6acaee56b97f7d2a1f9b7f0dad468fd,77ffbd1754a4b416317e3585772eca6feb37bdaeb631b06943c14a42fbd5cefd,87bbf7c4c56630b85371c969b680898cea1f4f4538c429d63d929bb23c2a6fb9,4000000,0.7462693344082275,0.8380918788658996,0.999927,"[[3998951,63,0,36],[174,704,0,0],[0,0,0,0],[19,0,0,53]]"
99,6ec8abfdfa12bafec939d525675a80c78af02e1344e56e68f2489e750421a76f,1c5d446b05647e98e1c98fd4fe8b8270781d5c3a8eb0212e5cfb2d0bf124d770,21829f20929e92b30b51fb34f9c21fa4e67c141d57e3fac007c8fedc97ca8553,4000000,0.4982515,0.4991242186963906,0.996503,"[[3986012,0,13988,0],[0,0,0,0],[0,0,0,0],[0,0,0,0]]"
100,d19d990dc3c6e8b31278eea8f7a696fd52d3a3012ac23617c8012ed2512c1adc,8dbe5f139fd946d4cd84e8cc612cd9f68cbc87e394457884acc0c5dad56dd8dd,dc0100c14fd5964cba497dfe41a2ca1b030262bb0d32997635d3c88952170d4d,4000000,1.0,1.0,1.0,"[[4000000,0,0,0],[0,0,0,0],[0,0,0,0],[0,0,0,0]]"
101,68d253390f0a4572c368846864fdbb886f0f18aee0fea8b5037eff52c04401ee,36d995cfd074a0b30bc9996336904b7369672c42ad2613e30144bc1b6bb3f51d,6f5567466ba8197726e592102f8e02a68cac07010b48094baf92456568850f22,4000000,0.6832519937618339,0.7816609004300932,0.9510295,"[[442668,15015,12438,45080],[9963,3057586,2815,40925],[4387,8490,13285,643],[16656,35324,4146,290579]]"
102,59a2a1bf4cae4054476acb2ebb9bbce2708539004d4ee78e5647ff1229094cc2,e1ae89e2b3ce116a629cf91b207748f2dee496e04f44712799fc6080d46af069,086e58bcd9944728653f69e53cca4845f6a1a63bcedb05b0aebfb6423c27ebb4,4000000,0.5733266478388553,0.701859720022162,0.7987325,"[[1276256,20585,385698,95444],[14947,1336429,62165,23715],[77510,37340,499191,26961],[5508,18161,37036,83054]]"
103,83545727c0108279f99cc5ff76adf20ef0379746c253fa67eb36728b300b0667,85b7f7a666bef6f86e6aca9410463bf6196afe827f2d5be359b3b21ad8d469e4,ae2d8973b3029a6c3179ee56036d8d12ae0b4572be043848cb5a786c85170f66,4000000,0.502439948763365,0.6190440206322095,0.78391675,"[[1947749,30488,30170,46595],[8854,720148,68925,95153],[15598,11185,22089,20896],[473832,23905,38732,445681]]"
104,4bc55496945ba7f18be56092c012d33db0d188393a11d70ef57cf53fa4b6bfc1,ce3e1a1c475146dde8414b037f1e77d036321b4ca26ca7a7b222ebb43b7f69d9,f1f43a3c94506946a2bd713986488b9befab0bbd3e1381f9a0f0f43c437898c2,4000000,0.4086529885015504,0.5341238685301642,0.612774,"[[1227812,91,793020,24505],[0,147789,8884,3130],[137294,66558,1059185,7390],[150915,3494,353623,16310]]"
105,47bc007e1188dae63225c213fccf488a53d31fee5799bdd310add73b842af59d,ec6bfafaf8653771a008b7a7a27c12a472dae5030845dcf339c20b798fe990ce,e688fa566fb1f341ac552132af1a7fb6b8bf6e711392a75fab2e403c51fc7cdb,4000000,0.2930548147969296,0.3944378782936231,0.663717,"[[668,305,1983,641],[347,103795,3168,789],[508715,729397,2483763,72909],[3940,12623,10315,66642]]"
106,dddd8f26b9253a0bcae931e24e9d0eee0120adfbef070f336a0b3904cd401ef2,4c5424c3656e880f554259a63999f9ef713f99db73106c30eeb394186af93d30,e7cf6afda88366bb020e884cb71f469530df3da19c47f865f2a50df804b3327f,4000000,0.4903570121081783,0.5997867601948343,0.846777,"[[2774060,48,195302,10569],[1,124403,63557,22],[287269,16376,485890,293],[32319,0,7136,2755]]"
107,dd35f190c16b63d0256734feaeff940ec081a5d966f939fda7b3bf9807994395,213fec6e6bfc4961f3ca113983cb518c2bb498ce486373d98467ae2d9a136143,3d08aaa2f0e842526ba1ad57623d7a8158993d22a0db4f2b8a16070c721e43bc,4000000,0.4243977942751549,0.4840816010615556,0.887997,"[[584304,7689,3436,17116],[161314,2945701,31843,181501],[36,0,0,26],[19527,25389,135,21983]]"
108,a65cc87d75bcd42cb89d2f8109b3e9448a9d6b3f62f3f21e3c482c74d90748ae,f499ff247814493beab196dad3aa6444ab2107d4f6763fc5f9b94ed0974d0e5c,2092a51f079c9d61b5e0d5c916c170c8ceaf85fcf206f9f6ae459b3449e351a5,4000000,0.499714125,0.49985702162605733,0.99942825,"[[3997713,0,0,2277],[0,0,0,0],[0,0,0,0],[10,0,0,0]]"
109,da4d4506fa7f8cf5abfb080a45f0e97c20c54bcb72bf8813c8b98ecd5a7cff44,8dbe5f139fd946d4cd84e8cc612cd9f68cbc87e394457884acc0c5dad56dd8dd,dc0100c14fd5964cba497dfe41a2ca1b030262bb0d32997635d3c88952170d4d,4000000,1.0,1.0,1.0,"[[4000000,0,0,0],[0,0,0,0],[0,0,0,0],[0,0,0,0]]"
110,00f5a61559d98b131f93c6606da86d654ae97a36ab864f3cd82caf9933390941,5f1917d96a8929820dba97755f17942c21f3215f1da3db431e666c08eb3f7e40,e25db070c7d012d24c10c492631d0c66d6791e900124d064c1f8adb5d73a020f,4000000,0.3881971428274617,0.5303625066290663,0.5826235,"[[1335867,0,12596,104],[0,74442,87366,0],[404699,6604,818575,7935],[971825,0,178377,101610]]"
111,a0e3cefa43b54c48a0db61ea95f154674012dba0f09d4189d84e16d6f24739c3,aa09aa700585c455fe3a477831b0129c6492e9d3655dcca967578dde125e288e,1d2940c0ebb9e2eb27e46e0c7ad2edf2127f710e6212a5f946647750c3f9986f,4000000,0.3588620784772842,0.49427297601192577,0.50170425,"[[661950,191,58117,354],[0,263688,242690,1996],[58401,4401,1019330,10],[601581,22862,1002580,61849]]"
112,5bb6a3fdac809a185f7641ef1972d5eea1cd186142c4bb70fd0b134daa6af5a9,8fa5d2d7a403adb81ae6f6bb4e0333934b7a3a59931685e85c4eb2d14a88cc73,f479cc4af9b240aef01fa69480acfb5fc601e333102f83c56e77c678f61ca12b,4000000,0.6521529220255373,0.7805184127778731,0.82470425,"[[804856,74957,70910,145283],[8858,1453958,9814,60475],[78906,56778,247581,84243],[7857,88625,14477,792422]]"
113,157fa62cc0615d290482e54a0335a12590ffdc101390c9c46842473e247f56bd,37405cd08c1589285c01b88a9b333094935f1c90e67acfb9456cbdf9bf2a41e3,bebf9dcc5d8899c5bfe2d32c5b9ee00faebde9ad3ac09da2ea97dcba89afba5a,4000000,0.2302405,0.23971374759105074,0.920962,"[[3683848,2079,120822,193243],[0,0,0,0],[0,0,0,0],[8,0,0,0]]"
114,e8eafb0981e8c4e766b5bc7818ecdf75a6a53828264986ba5fe03ada596f080c,c9c62aaf5c6fa3d8ad9610636d6b7364cdd8c8d2b73dfd959e66d164b7cb689f,8fe85849e236949c467722d01d8d52a8c2fb8ee3cfaa8102241a789ee1a5aea9,4000000,0.6635070838116408,0.7017487677245496,0.9852605,"[[3438481,21357,0,18676],[3119,404539,0,7537],[1044,197,0,7],[4664,2357,0,98022]]"
115,eb0fb0a8db455d54f296689ade8c7783233346437a1d8cec81a61dbfc288f535,641586b7e75513ff271967a2e0c20853edb84747d442da786de3531f14311408,dfdeac4224a2c3acebb673771c7d8645742bf7088efc59cbd2cd369763332ae8,4000000,0.3093663854912492,0.3458264305710778,0.8712725,"[[3454690,0,248,370],[0,0,0,0],[505070,0,30400,9222],[0,0,0,0]]"
116,ee7f4215f2bf6fb1055d58edee779137051ec57c3985cb8137ee3a1d6cae9830,8dbe5f139fd946d4cd84e8cc612cd9f68cbc87e394457884acc0c5dad56dd8dd,dc0100c14fd5964cba497dfe41a2ca1b030262bb0d32997635d3c88952170d4d,4000000,1.0,1.0,1.0,"[[4000000,0,0,0],[0,0,0,0],[0,0,0,0],[0,0,0,0]]"
117,da12e87fe46b65fb3354f0874d6da6b6dd707391027326754cd88cf64601660b,7151efc18f02a56296a22345ba38de0b5a979363c50ae5340db68832cd1adfd6,b191b0ed6d7c0069732b3b7c6bb7f3b3a32333a6b9bb534f61bc91b79ba89a43,4000000,0.33088258333333337,0.3321034370809726,0.99264775,"[[3970591,4483,0,24903],[0,0,0,0],[0,0,0,0],[23,0,0,0]]"
118,e5ee72f2faa4f5cb06e8793def8a3c338bda1ce1d92d95ddb4b05c21a7dac6cf,4c516b6fe8961396ecb9aa08a321396f7ffb79ecc4c15d77787ddca4cad9215e,7700288ed9c0b12f92983235bf2aaebd1c88e08b2a2b8d1fbf7d08e655d72a2b,4000000,0.09835401333217997,0.14140414217582892,0.3928035,"[[2352,0,0,0],[2422903,1568862,5851,0],[0,25,0,0],[0,7,0,0]]"
119,2f881c69f429bee8dbb2d1465de300f9a418b397c75b3bcb0ccea3934d74725a,efa386aa7fadb2586cb4926304a622a11c6ad4ec363cf41040c412323cfd10c1,f203da1fa26cbc7467994eb8fba1c6818e69145087dbe2d6b4d5890ea41d04f6,4000000,0.37322456309569446,0.4368965590934518,0.93645225,"[[3646773,4206,11581,145575],[93,693,1816,1014],[63515,3717,97464,22526],[148,0,0,879]]"
120,cd560825b96fe4b1e489ef2ef70c3d2bbc611393d3cde30f5d40624e10442e26,5a13b7df63bca5026f393d552824d7dbb2851fe70c9395daa7fe31f99804d18e,95b585670193ebef11dbcc34f16bfaa016cd162d4861db75ef548bb7c4be099a,4000000,0.4784317496529884,0.5695878634713142,0.898752,"[[3321562,2205,3298,2995],[14,4,0,0],[1091,8385,24147,0],[383751,1805,1448,249295]]"
121,5cdba4fbcb1ee34481141b058ad14c192bae0bb20035ac70431bd65e73acdc2f,1cfddf268d5c3d0621497d11eb5115449792f0e9de0b0e27791abcaffe75cc96,e9dee02846f879771fc68de0332afe6f2a623f20e54ec314dbe9b3d4791cd1e6,4000000,0.2498903125,0.24994514421601238,0.99956125,"[[3998245,914,703,106],[32,0,0,0],[0,0,0,0],[0,0,0,0]]"
122,833ebb9736ae6c5e630194975201b78af34b4e019548f49aabf59a08633b6125,4436d4dac9fdc0ccb1fda453f6ac0c791416e918334477099eff2ba55e247c3c,6c53e77bddf80dc717e495da97dc6e275745355e4db931e8323b2c123b26e20e,4000000,0.247010875,0.24849644889561018,0.9880435,"[[3952174,2623,19241,25962],[0,0,0,0],[0,0,0,0],[0,0,0,0]]"
123,c5a3efca8b228d7088078f31c8dd2c16b54aa2cc694141b5b001fa50ee7714fc,422866d4c03a127464d120d0ccc6f15e339bbd8a3c8d70e85234a518cf8a2c76,c212dd1e4799a57401952fa8a899daf789b475a957a40d52173bac3c922e7b6d,4000000,0.2497814375,0.2498906709595432,0.99912575,"[[3996503,59,2810,190],[384,0,0,0],[54,0,0,0],[0,0,0,0]]"
124,59fce58663b9cf0a99bd1e004e26d794bb6818a086339ac9543546d535b2cea9,9ecf2b51585a8a2eb325b531498352c76cc7e5e04d27415f7101bb8cf2b92bef,bf71a6e3297ec8a9f41da872a8b362675645caefd945598871d8003d9661a15d,4000000,0.32392308333333336,0.3285608428403408,0.97176925,"[[3887077,0,112912,11],[0,0,0,0],[0,0,0,0],[0,0,0,0]]"
125,0b65793fc9a2fa9687225beb48ad5242dde01260747e19b2c707774a86f279c0,0563e139485937c79cf6580e4a882ada2baf9fc8e1321ab9498ad23bc219d329,4028830f0d38a42cd00e3bddd5583a623de230a0b5a3660af580e9e45af52ab1,4000000,0.49994825,0.49997412366089944,0.9998965,"[[3999586,0,0,414],[0,0,0,0],[0,0,0,0],[0,0,0,0]]"
126,ff2479093335196700ebaa840058a13cfa2536e5d0592d00ccc155d40565bd28,f8f83954e43fa3d950ef49359c395be6f6307d454eb13a7cb5ed049e2c090afc,a1a227b43d094d2ce0cb284d3eb3bb703becb7b74d00c3ccff7a50f31a6b1ecc,4000000,0.499977,0.4999884997354939,0.999954,"[[3999816,0,184,0],[0,0,0,0],[0,0,0,0],[0,0,0,0]]"
127,387e020881a82f9e26ae179a77298648ee9a93b2db22916af09140a2fa5439ed,e6b8ef8096c95628bead95f92ebb33856d816b31cfe0601a0aab97d9d1fa1685,8dcdf8635cd9725ecb5984432b19c6994e179ab3db2462577bb7e7a75ec0d3d6,4000000,0.38699900630465917,0.5289224914788682,0.56778075,"[[733882,1734,134155,10755],[75870,1020292,236280,25456],[76079,24516,261928,2228],[839316,43035,259453,255021]]"
128,c2d880c581496e98d9e3b9a6f6fd6096593f0244f5f0fd590761fb403355427e,89d530c3c5931d77764d86a52945e428a7a4da215b5f13e1f02ca3d842fae5c1,cb20af63bba2b01c428a986863e962bbd467e4f1db14a1c23f4d017b4b2badd1,4000000,0.2499894375,0.24999471863843123,0.99995775,"[[3999831,12,53,75],[0,0,0,0],[0,0,0,0],[29,0,0,0]]"
129,2bd5aed8ff47b0cdbb345b84d34aee300b1d66661c36fda6144ea7828f5d5e5f,08cc7baf9ba8876ffeb401ca4dd4affc786215b2d8412356e88860ef2f3f74ab,cb2516f92999eacb0b45ef8d0af7eb1bd67217ea23cce1758e735b5c15b1739c,4000000,0.4999565,0.49997824905383387,0.999913,"[[3999652,0,0,237],[0,0,0,0],[0,0,0,0],[111,0,0,0]]"
130,630261d742229b252b239d77064c5c74a61d86455c68e3981f7b5d93b6ac2dd4,d4d855a74023ecb2195fe1b9ec629c3e5a1ae8dd0bbfc521e30617d3382e35a3,a70aad8de8d586a192bcc21ecb2b1e3120b9ede44416a155e9576c6566b1bf44,4000000,0.333326,0.3333296666263329,0.999978,"[[3999912,18,21,0],[0,0,0,0],[49,0,0,0],[0,0,0,0]]"
131,82c50a310d75b9988958d968addd44a13def191a32985124fd13bd95eb887ded,3a3138c5342b3540d6afe331077c616b32cfefb4e134c8a739476bebc60c9e31,100be761e62f5bbf659aae742225cbef1ad628f83e7666901c442d51ad9a2558,4000000,0.5377610373972023,0.6110171804220333,0.99318675,"[[3934479,1498,1516,6190],[88,11097,0,11],[1835,12365,102,241],[1944,1565,0,27069]]"
132,7d36e744a3912f18139abc0f9a407a1b7dbe1cec930e91a5fe5284a62b402574,36b89b5b5e270f19f63c9eba05c76f729ab34d8ff4d6f9557680bbff930cf1f8,93b95bbf5f5545619e70e0be98c615f0108a35afe1ae107d45390dd70025c385,4000000,0.4986069794432555,0.5925312699216428,0.85531825,"[[180379,17953,1400,139871],[33895,2099121,489,357327],[12364,2234,89,4846],[1679,6534,135,1141684]]"
133,d341b74a10ef627d77df2b3095f1243323eb02d36b494ca7cab699939e5d8d94,ee3e56edbfff4949a7ec8fd0d4dff1df8f9f81e5ab84c4b4336663e833a151f8,1adb696b1f7c32bc4d948ce5875adff48c7af4108fd98333c1ac3735bd8ed289,4000000,0.249719875,0.2498598589859969,0.9988795,"[[3995518,111,4363,0],[0,0,0,0],[0,0,0,0],[8,0,0,0]]"
134,9f74083fb9eaa5b57b8af7be97ca697d9343f0eb135bd6a1be38e2531d719097,d0252e62f6b95ffd94d36645bdf6a40688ea03ca412e7de99f3da329999623ea,0ab1dc511b47eb54d0ef6f2a4a3592726335249780dc572158968f8201d5a2bc,4000000,0.499286,0.4996427449198728,0.998572,"[[3994288,0,0,5712],[0,0,0,0],[0,0,0,0],[0,0,0,0]]"
135,38dd2a54fa6c5bb117f952545c9cf1c113d611deaaea75c74967eb18d2cc963b,8add8c4e5d32a6c802a67461f0e4f9d80293b1f51661bced805810f4f8a8c96c,04abc8038f271d616282b506e7bf47653b2fa6496985ca39df22ecbd97d86954,4000000,0.28789878358155796,0.3756796052964375,0.5610775,"[[1353822,10076,6738,43720],[7460,844285,2065,5464],[293082,870649,41066,66057],[446739,3640,0,5137]]"
136,43fd107da1ee71e255826fddf1000e444b495a1380cd3fbe0f4fc4f231653955,e815b47e6d318cdcae82376bf091cbff8fe55c6c6e41f3181cecb1643e1dbfb5,579ec1a32852bdd90518d634dbe27543e0c91bee88036c28d257dd3d7a5fd895,4000000,0.3083437221000215,0.3568112564858339,0.9349475,"[[3630319,2824,89336,2264],[3,0,0,0],[165783,0,109471,0],[0,0,0,0]]"
137,70114208cca4af9cd1083f2be88602e60e70aa741842d982b3e3c97c11196882,61392b91a0262093aaa2a85c28c4974664690e876d9dd41217680bca9febd071,acc7d4714c82362107fb394796b1f200bb7ab362191cd00e60f514a1cce6998f,4000000,0.6615883676396723,0.7534431147094873,0.93142925,"[[313275,2842,10369,22506],[935,2648982,13823,50097],[3366,3616,17652,2103],[69000,55093,40533,745808]]"
138,f34a44b942b9cee2ef5f88ae3459b8b9fc9a2e84bfc049647af3fba33db27a85,ef519b466c86d547f297200197ea1feed3e34e7da25c8143ce5ec1898503e16f,5032079339e5affd7cb7bd0b0210aa95141cb931678d9f9e47e16a97385518ae,4000000,0.2867418993770097,0.369288414399963,0.80425475,"[[3174265,141,10,7368],[3629,1318,15878,0],[755650,18,39143,8],[279,0,0,2293]]"
139,3bcfe4e66ae4765ee6b714960c23b7fec28511adb3936a2e74e4922d8650f062,e87a71800a99d554e8c0c0bfc4310308f2edd0de386b1c0cd33fa393ee70bb33,7782405b6459d73125e7704c2b5d4b9cd18cc3205e6bfb96a3938e9c0e341448,4000000,0.6088439345001618,0.7265953712573561,0.83098425,"[[1046395,14393,14374,95464],[15302,1750567,58576,184011],[15833,205844,115456,44248],[8982,14279,4757,411519]]"
140,5bd343c0cf39d4f2fbbc619e2136dc1e433d16ba07291d0b3cb8ad2ab958389d,b37da0e4f1676dbe58d67b785ecfbdfad11ccf8e874ac84a4b39414249adf0b3,d3f37a2bde2a708fe3b6db104fda28872a594d5615d9ef078b7ce4fb04807243,4000000,0.42883469137666275,0.46085422709888135,0.943173,"[[712881,30,2816,0],[0,0,0,0],[193002,30471,3059811,989],[0,0,0,0]]"
141,59b9a67d124698379972a0e61dfaa300555af6f30c5d0f261616b46a56a2a0da,ad847926e70fd77d17ea4f29a6facbedfb4c28e8c4bf950d327a7c2db6c284c9,69c570bcfcff9181a0ceede1f858a3c5c38f11d977489a6fa361f4339d5814b4,4000000,0.247819125,0.2489047854479275,0.9912765,"[[3965106,112,24800,9849],[0,0,0,0],[128,0,0,0],[5,0,0,0]]"
142,54decaafef79677c456b7f25b1c5cc793441c51b6ec4358eaa65e71231e761c7,2ddc6db1a3410500ffa8dd09defe16035f52faf7064cf40fb7b93577d29480f8,682cca697888192131afc9488e183da68e6a0dda023de1b33fac89ef8c3ca47e,4000000,0.499977125,0.4999885622383612,0.99995425,"[[3999817,0,0,183],[0,0,0,0],[0,0,0,0],[0,0,0,0]]"
143,77c419de851697d33042dcb6a0ad9c643613623d9c2c117d9c73412aaa51ebe5,6ccb9e45f678dd53c56ae8a72978731e128f4e89ccc233f1a8693f03c97842cb,effaa64298246d80ec73ecdfe06a7f3d1390b0ce4c7a7dbc90b053e08cbc5086,4000000,0.5828213895510665,0.6704817096549416,0.86892425,"[[1125786,12232,12175,309442],[5025,1588961,1676,133361],[8454,3019,2225,9642],[16307,12707,263,758725]]"
144,cf16ab1b19edf1065ed9222e90efe1c4f224fda1ec17b170be321e1dc242c48f,90798e492da48906d4edcdf673105876c902be9515499dc64835eb620b0950d1,e5ca7bc97f8120cee36402564333caa241b62187b6f9ca5fbaf331b69c77a8c5,4000000,0.2116757611902543,0.2549977404107655,0.76806175,"[[2987672,973,141809,310],[0,0,0,0],[784660,1,84575,0],[0,0,0,0]]"
145,756381e46b846924619ad99b949bd6b3880b39bb971ec4feef85d351880a45d5,bd771d737cfbd8cac35366e95cc14bb45dd9564a8c3bcc94590463820044eb88,8b4e1e61c1e6d9b99524af77d18db163df34fc673a53df20af3882fceeb4a088,4000000,0.6251795231883598,0.6788030886260921,0.99687225,"[[3949992,5659,309,4082],[629,19278,33,157],[0,0,0,0],[1620,22,0,18219]]"
146,b5598d130f1aced4d5967ee2f82a5b75d8b37147df4203ef556f4c4af1d559bb,74ce5bfe2c42de8c376690c853180fa1e67fa50798302eceecbbc5446590e7ca,a7bec6e1d64387ddc5617ef719c4e3475b49962541ff8334e0ea1ccf28cd7d55,4000000,0.3921685126055911,0.49055622134470767,0.910696,"[[58098,2796,63708,12921],[2286,3531870,122533,108267],[541,2078,24657,2303],[11064,1008,27711,28159]]"
147,9fe6ce9a9d6539c00245aa436bac95adedceb0fb82d4680fd9322c6fe86c7db6,25df7882f8ab431972412bb5e4798980b3e16e3c3fc4813b73f592fd848cbcdf,fcb30bb35f0b7e4b409ceb321bb6782da077d0d702d944d5e68bad767b99dc16,4000000,0.39260282292028237,0.5376732202554556,0.621255,"[[1306190,726,5884,436795],[282250,917254,78869,457847],[138552,257,125758,10871],[102849,79,1,135818]]"
148,b0d4da137f1a1022f9131a0f13549df9524dab72dff3819940b61fb2fd141ff0,a2d0fed592aa438c8078cfd191a83602780f78d72ab5872059a70e831b7612ba,965913535a90ec989ee6204fdd1f2bf327bfa6813cc1a130b4ed8685e2b9d569,4000000,0.6845180029034172,0.7150328789025931,0.97617875,"[[2883095,30022,0,36394],[4382,713707,0,18877],[49,68,0,1],[3486,2006,0,307913]]"
149,a16e6b20d64d0bca33c5394791222ca3bfd232edd3384202398685dd1de677cd,b2cc54f885f3c3fc82c4c3dc485c64e26352b1a6798365ca0d4bf6044b2f8773,e5c9506de6c188b08bb75d1dbeff9e137d1edb7769cfe5263103c9e0c8b49704,4000000,0.6817291167657231,0.7147937684741067,0.9621445,"[[1188042,32322,2909,27263],[18055,2146302,1135,40355],[664,2405,20,3],[13747,12546,18,514214]]"
150,b36678552ca282bcfb87e5b1aad2b6e8e8a4db1805ab17466ae94ff07670f52c,289826b98f56b1904c05d69fdc5c1177fcc5a6631cb1be1bd690275996223b9e,94929689ce8efb1cc389bef47717e8a14e0e6f7d09e7135af60bd2ac1a8c74c6,4000000,0.5008928254999824,0.5965958107174208,0.857139,"[[888086,1463,74,23124],[480051,2434264,21,18276],[0,4176,0,0],[22215,21668,376,106206]]"
151,3c50d21bbc8680cf26cb59323c0e80d989343fff3ece914f139f8afd5475de3a,73ce9756621b73a07f21575919d7dc94097bb08cc846c603e9af79d3552509a0,d3dced742da9841fa2feaf22d38824b1ab03c4faef0542847e4e33eddec9363d,4000000,0.3893121473579554,0.4593133292429408,0.843445,"[[2057631,0,106451,0],[9,2000,29016,0],[389548,69,1313542,0],[72235,0,28892,607]]"
152,c39375a3538248cff67267c48850bba8fa9748a4609ba69600dfdd15ee64ec3b,cc6062eeaad7a0f62da9805dc4a02ff1bf16f05f66f8681cda9cefdecaad8099,7d08723774cdc33b125f6eb4e684dd8407a3cfc190f507ac2b2be2cb265feb6f,4000000,0.4641691280689381,0.5418308172153452,0.8968985,"[[2439664,11258,145320,31871],[1666,18213,30938,26],[174067,16384,1129717,854],[22,0,0,0]]"
153,67c406b5275091e18e7e21b71bfbdc60782d5336b490a3427dcb0500a72e4edc,63760c3d03a4f65e6576b06810d335261be07d680d832881e8c9ddf4d82b3b10,a613a57bc1ae8fe97ca38acd9b71d10439527ffaa2c40b04d31446f332e537ba,4000000,0.246350125,0.24816164295314724,0.9854005,"[[3941602,52,10268,48078],[0,0,0,0],[0,0,0,0],[0,0,0,0]]"
154,c67e745282f16bd253d5ffd696ae189c8b426011858d306f11766c27a2838e68,c58cd7e02411e392115551c1c0947bc738cc1dff0806d4192ed4a3f628b41c07,8c06d3024f34beceb26b7870475209c31598d7585c85cb1acef557d650f4876e,4000000,0.5504381111058321,0.6414280515098583,0.84585625,"[[1215074,138,200880,3273],[6,93456,25900,0],[127083,26803,2068975,4829],[105798,0,121865,5920]]"
155,30be5096e3f7b2c15d8d0b90ce760f369afbdf20b935223271477f72a3b59af2,76d749d37db46a826224aabd203422e23b54e9c45796546d3233dc4de4830f51,35481087e921c42a95473835f44a3eb5ade716ded96c6cc7787a9e41ccbe8ae2,4000000,0.5207842826740249,0.6547478266919898,0.7628255,"[[2034833,1314,155843,7998],[0,37409,2825,0],[209413,21685,863810,3681],[293788,538,251613,115250]]"
156,156e8057f0a644700aa48026e5ba9d384d5804c0b5db28f32af7b9bee898b8cc,c6410b34f2b8629e9ebb1d759a04dc355d51f67e702f9494df4f937d9deffa69,8b07a23d832f01b0fead79c74f353642aaf6f61488b8ab3f658b4479c77d6227,4000000,0.2484135,0.24920422500594386,0.993654,"[[3974616,169,25137,57],[0,0,0,0],[0,0,0,0],[21,0,0,0]]"
157,e6b7fa31cc6e933e954e8e3d0301e425767bdc0511b29a6c21c1da7eb9a8381a,a8c081d1cdc899766286ff41b2e590be0c91ee6aababe3672cdcb3478f41056e,038ec8157887889145f5039d01c5cbc659ea80576358b3c1761b286b536c3ae5,4000000,0.5383652904389202,0.6513794188415427,0.8505315,"[[422734,9201,13521,26324],[47327,2207391,22268,165490],[3097,6706,8483,8905],[247057,35561,12417,763518]]"
158,cbf1433d9773e7c0c34e4862ce6be337c6e97178a609c6b9099048d224f76dea,6cdfddbaf3d4bdc3ee93c785cc89d2383465d743150f2989222308169b3eb5ac,50cabce558ccef5a3dba2943c1c7a2a2cd765ace8e5fe656f0499c995c827d5a,4000000,0.3701041459530656,0.4101498940954172,0.9705475,"[[0,0,0,0],[0,3863211,1133,20364],[0,0,0,0],[0,96313,0,18979]]"
159,743d45781dace42f65a8fe556af56c26f10189a6c50e2fe389af8503f32f7a63,f0db004212ee39a14a08f92d3baa046eeec45bef9dc05976f45ec52fe36dba63,bdeb619eae7c4f8ce99a7c872c5f3ad4faa25cb3aa5f38bd94ee8ddd53ddce7c,4000000,0.26289869616650624,0.29396436669427145,0.788678,"[[3154696,0,845034,0],[0,0,0,0],[0,0,16,0],[254,0,0,0]]"
160,752fccd2c3caa676645be9302ed6c9c8de133b24f6bac4e244b808459a5dbca8,d24f79ccbb48d812789076629e69f42a0672d0aa65da18ac2c82507ed05bc130,9a541c9091d8f78a38d81a7f842d7f0f421d0658450f98c293fc448fc26e16fa,4000000,0.2512904920989796,0.2535743856402928,0.99726725,"[[3989042,4990,2493,3393],[55,0,0,0],[0,0,0,0],[0,0,0,27]]"
161,9117e49e16e23c243ca67498e5c93080bc727382207e795d5463d3f0ef68f8b0,678e3e312002cc7561bfc3e15ab81df870dc01554f1c0d84fa440fb5bdf160c5,69bc738fcaa077efba4c194af5ae73ed45f43493b6042398157b18c1b30423d3,4000000,0.2989573027061833,0.3949915406778722,0.75115775,"[[2775684,33,11292,8936],[86102,59479,32241,31937],[121,0,49,0],[823275,1170,262,169419]]"
162,0e158accc468febd7982da6be3b35e8bc89415d38e7474bb451b6c2193807a25,c9de02efb247126bf07e144c3a6863795c9598a13a35d4a4a0cd58edf676749a,fe610971bd0d4cce739a274cc96824f5b54fa1279c8c873368c8052cb30ff65f,4000000,0.7673782662920678,0.8512731182932916,0.92935025,"[[1538779,12042,67298,53085],[16671,1348778,20853,50931],[1648,15658,86750,658],[21774,9206,12775,743094]]"
163,7ba8bbd29c0d0c9a8ba3738a5cad9f068d2781ff5a68577774be3d17e02b0533,b0370d3a7b3d1e62cdd65cd33f9432bb99c233cc7228107c44d854bf0910527a,e5e445bc3e3ef8354975f2c6e0690733ca54482041198d3f58088b62b43f8589,4000000,0.29197705900720616,0.35303517420431785,0.83087575,"[[307662,0,387598,211],[0,0,0,0],[156137,7796,3015841,38],[59360,0,65357,0]]"
164,2dc4e877f4dda75701f432a1690b97c5603b17b071f39ae0153b457ee24acc1a,c0e9fa53254ba3f34e0d8f54af1e955f45c238b73cd2ac25203c193dfdfcfabb,d6ad178f918afd1d0e890ff20cd5ee14017a42643d96ce4896f8ddd445e52eda,4000000,0.27144420565798216,0.2992908954483738,0.814189,"[[100,1200,0,0],[673180,3256656,0,0],[0,0,0,0],[0,68864,0,0]]"
165,f45ece67e6e98c5b2789c8e9efafbbd8258167ec616c2062a02dae296b2c8b2b,8886e4cb6e4ee7bc262a0cdd085212625cffd85d6ca0f2d96f97b1fb4fd274d0,13f42de272eadf47f1f761dff84721e21792bb42c3175e212357d14ec8540887,4000000,0.20754910810920418,0.23110044745429775,0.817806,"[[0,0,0,0],[320,3268752,533217,23091],[0,0,0,0],[0,172148,0,2472]]"
166,8c2fdb27fed5fc8bc55b34016e09e85051b92706b75ae86f95edbfa0f31989cf,62073b4486329f843d7fc1d116bc4d4d77359523a3a1ac04254b5e18fe368847,e53019ff61fb83c79f8fdba20f2d1a8a84bcf30d32fca69c0661100cf150ba1f,4000000,0.32329658333333333,0.32823825123546463,0.96988975,"[[3879559,1979,118462,0],[0,0,0,0],[0,0,0,0],[0,0,0,0]]"
167,3c5537ef2e6d401fca9ce3f0b45f2b063840f0fb363dc1c28557e11e7f1d4c12,b135b75fe37eaa5a763d93fea0f6f49251076cfaed1dd798a7cfac6af9e10ffd,fa2bac3ad74f196b5b8cc9cc7ca48df7976e4956add3d6c2c23b240068087595,4000000,0.369376501133702,0.5311221555527257,0.55730925,"[[641964,0,70097,0],[0,0,0,0],[1700666,0,1587273,0],[0,0,0,0]]"
168,ff65438ce3dbdafeecddff57a8779f92de580145fa9cae14456ad7bbfa569085,53785af9cba6b69106fba056bc87e3e9dfa7588abb7bca1dd1e6bd2e3c8bbc68,26dcc6b08ec8116fdcd957472dce743bcc56810773047d7acb27dcd53a1f344d,4000000,0.2264173125,0.23762498397872558,0.90566925,"[[3622677,215,14219,362883],[6,0,0,0],[0,0,0,0],[0,0,0,0]]"
169,362d6edfc888a6618e3b0d3866d0b99c60a5dcec99b8939255d981b4a6d9c31e,fcc8e208802d4552bb685d0310dbbc56fc754bc58a2c08a1e6fa393605f2e9cb,be97e5fc70ffa4bfc8baca7535c69ff48d38e0c41f61021aea1e3709d2feb09b,4000000,0.41030737280950735,0.5325148401511282,0.65187225,"[[503408,427,65642,22967],[13820,1633641,39137,90062],[0,3852,37486,2517],[1065801,36411,51875,432954]]"
170,4a597ade5af5a420f589acdb926b4b7e6d565ddbbabb02bf7d788090ca06d185,1da30b8f180ff98c6a4a1948defb1d3f3ef32082a53259c684448f849f27cbf1,e3386c3e48d4f79d1a7a0636edd85a142a9a5956d8e36b72bb0ab495043254de,4000000,0.36677008609555606,0.48139741277940656,0.56542625,"[[485418,1880,68003,25410],[10504,1406847,153831,36394],[73399,20227,172972,7094],[781411,51342,508800,196468]]"
171,f23d7215c7a309f52eebaa5b212ba0829f197853cea2f4880b984d67e110dbb0,ec06a0f1eb73b90551f521234498ffd452c74a27e493fb1c823145274f838046,62247a8c11d7ee164b1738914037e62475a0b6d74488c044615fcbb0d4e57d2d,4000000,0.22323355745224535,0.2361108268217278,0.892207,"[[3568529,2297,4,200],[10,0,0,0],[428420,149,299,22],[70,0,0,0]]"
172,458b60a562f83253df246dd890d2a195826895a6d658b018ac74d1953f2e33b3,4a40daec7b8a31592a7e55004ab84b0329fe5f18b00237da23f64e7eff485b4a,78cf96c664a149679d3d5fad2340ad6ffd49f326b62495aad5b2f381cc9a4387,4000000,0.22066791666666666,0.26554442692041663,0.66200375,"[[0,0,0,0],[1291589,2648015,0,0],[0,0,0,0],[0,60396,0,0]]"
173,6bcef0d74de1d4121c98fe61626ff7e38c2070d05e81ef472fa92ab6897b92d9,744e256f66db00119f141199b1b1e16300c35ac8430d0954a68be2e8009ca681,141754918c43ff128a9c7c6a32fa41178cc80776f5bbe2180539d392d28b9d04,4000000,0.34982450993941494,0.4957119523216045,0.56316925,"[[394854,84,0,0],[1747239,1857823,0,0],[0,0,0,0],[0,0,0,0]]"
174,f63448e59183bb6af3f946c524ee8e0bc5c6e0668919223820931da1186274f9,bdbe7a60e5b091659aa2006e1ff282adc9276f2c031583dec2ab44cb84ce3ed4,4be67e886eb8fef1c9df7ca6de1553bbd55fca46d7c65dbb6cbaa50d29d47553,4000000,0.590853550328603,0.7240669455693558,0.75635525,"[[1381014,3819,656511,35858],[971,973992,47309,28819],[81456,26661,537313,365],[1020,11587,80203,133102]]"
175,2e6e02285f98b4138a268dcf811cd1930fbfd80d3119ea479df538ba364a991b,8dbe5f139fd946d4cd84e8cc612cd9f68cbc87e394457884acc0c5dad56dd8dd,dc0100c14fd5964cba497dfe41a2ca1b030262bb0d32997635d3c88952170d4d,4000000,1.0,1.0,1.0,"[[4000000,0,0,0],[0,0,0,0],[0,0,0,0],[0,0,0,0]]"
176,9fb9b8615f1aefb5d97310fe466340f9cedad075e2a4d24e70845733e22498ce,d1b72d1213a92ca28b19be10cb802b689aa256f004c643af6e7252761ced4be7,574c6afb0feea1d137274a43e28ee16e673bf91bf21c4e18e0d73189a69c23de,4000000,0.240151875,0.2449770033012727,0.9606075,"[[3842430,2365,153269,1936],[0,0,0,0],[0,0,0,0],[0,0,0,0]]"
177,1c87d601aacf84e0d9d936a8ba7571b74c311de42597b91ee8861d4f0c1c5759,514c0d79b2a932eb1668e78b42f3cdc9b1677651196e09beb6866499a69a3316,3ea74a228c2a5607b4c4fd6ea7005decff5ab4a909bb796a8b39f79fbf745b16,4000000,0.29130938663703865,0.3568947134986578,0.81202475,"[[444959,1002,477985,14082],[0,0,0,0],[253676,2222,2803140,2934],[0,0,0,0]]"
178,3b1270aa726e583b4f523df8f81457a9401186f6a0c23298ed1a1ad140a85d92,1be4ef00ff657d2dbf5ce49fd747f243fcf8d06cf451ee9c093d7e020e24f9e4,42fada5deb16ea8bfdd31dd54abf147069a65845fd75be9285a6b286e09e47aa,4000000,0.48131174159603063,0.57924880047651,0.862965,"[[378617,2753,205519,20],[3,284684,267906,0],[39236,32661,2788559,42],[0,0,0,0]]"
179,de1e52ca938bea19fac4f7f98f16e303efddcdca29072048d367e6927371fd51,64837f0196ca297594ca24c7dbcbe33f1933c43c8c0bb3fe7ce405666b5f42a0,f656a21fcb6a26afa3b8b64f3c256d08416cc44e47ea89f8241a518037fe0768,4000000,0.35723124422607716,0.47849995364818754,0.62301975,"[[37398,282,13813,7505],[141,1518697,433947,14910],[16091,5470,802998,1033],[139344,10261,865124,132986]]"
180,172dae41b24ee406bb81085cd3ea2cf2fc6f80d8833231a163b79ba68fac4853,d87429297980357532c1b8005a3c61a32dfc7085041b5c3566d9642e3b019f31,ba799bf3534106e1c865521acaa667ab5db2e1b5ba34c95851b0ccc1f562f4d7,4000000,0.5787630824463424,0.7080820303917121,0.90115075,"[[126402,7588,33769,61380],[3534,3010980,6015,79457],[52984,17171,114067,10476],[81564,23352,18107,353154]]"
181,39dab516ae5cbe774b934f9d14f5d2c1143616c0b2f56c624b6bdcf69be444d6,7f3e90037159e3012215bdd7de0113a7ae3b0abdc83b9be736819118c85da681,6d32e7c8378f352ddd190a80ce03ebfc2e4bf4ceb26364ee9ffbc2c5792f6bad,4000000,0.4590440100616931,0.5976639367160376,0.611464,"[[1409772,23623,7242,43612],[260,399783,59600,9325],[23530,23079,355824,4305],[751570,55154,552844,280477]]"
182,06910a9fceb54a10f51e60076da8763667f84275002938ec5c50104f95ce90fd,3f69f52eb1b9e1ba195481ed38726adef6ff98ac136b45f7193ac43e537a54cd,03aee5b136bae8ebc2d487cab8b067619c9346b412e13ad85db03082ef3c0a37,4000000,0.5078451736629088,0.6349540265097562,0.89569625,"[[49575,1378,134495,4984],[4,3110306,13901,6588],[124,50004,314067,3173],[128,62796,139640,108837]]"
183,752455a85add03dc8525425b50cfc28ffe75fd2afaab203f14c99f668ac146d3,912bc073c64ef9eab986ab73f8530e823ff625ebd298634497d24a384e9e70d3,2c36e3f8a6f3b75ba2c6400ae22df780f07dcf68e3de0926aacd788fb7c2892f,4000000,0.559455567230753,0.6989148548841579,0.74375775,"[[597444,1223,195259,19734],[777,1189858,227462,7049],[63397,17596,974555,8759],[92562,43531,347620,213174]]"
184,5ba06ade17f7204096e59e1048445cf210e2bc2f444edae0b1949304be2d1c21,cdc5e45c3145de10e6da529b495c32b2aaad20d720079eef1be0738f95430c06,29c06f81a5461609772774baab53b8e49af2382ba5efcee10f2713112881649f,4000000,0.5838462165628374,0.7065207211891462,0.84877225,"[[2735876,986,8742,35429],[298,205688,41235,5464],[52791,4184,114388,5340],[268718,13388,168336,339137]]"
185,a20d3613e839ca455339c2d7f439bea0d21b1ca64d9a060534b039e51c34ed05,02e7b626163611eb744d4ab8ccc8690cf6961689550326b062b1c83395e03c0c,45c83e2762cc4b5f1d14957242ec2a686c1ec4b7311a64c1be0e56a36d22dd65,4000000,0.6286413822503474,0.6745220998937128,0.98477725,"[[280350,3422,0,4341],[1418,3586874,89,42543],[995,263,1,516],[1215,6089,0,71884]]"
186,3cedc1e5ce0f157d9619cd3113fa837ea8372081e510e19a480c1ab6a684a92a,f70991aab725c58d10740b69bdffab5e79f6a69adc00b78a8ff9e9c7f4bf98ab,bbd0d04ac0158b0279af33a3e6f8ddf52094520cf2a83db33c452af9639d829e,4000000,0.6188937491081813,0.7503962951178074,0.8238205,"[[2465841,22188,96985,55977],[7585,293711,11693,12683],[375384,39150,370872,41949],[25926,1599,13599,164858]]"
187,29418fa6f51b0dfaa5e66cc541e8ec5d8594e1817eb9f2ed2c9306554de6c7ad,4a472daf4e4dcbe039ef4e0ceaee54cce1b709092ea4ad782203a33945776b0e,7ebedbf35084351a3ae03a635a9699f54ab615692e92c48dac9f9ed13c470eaf,4000000,0.6056773769475939,0.7295223978598302,0.82386725,"[[1051549,13839,89362,92167],[71478,1343280,60625,206123],[2416,8122,72550,3226],[92686,14316,50171,828090]]"
188,7e7726b3a6bfc2a4c821b3c0b58419ed3560c09d8d7c2eeab2762c88e471d014,bd95bf06b1768690c900635ed4660845367e2316d26bcc079a41fb7d08d45c75,6e557a85b0c1413ff434e0580126f497d7698f2ce08eb3550bbef7b948423083,4000000,0.497123,0.49855734949449565,0.994246,"[[3976984,0,0,23007],[0,0,0,0],[0,0,0,0],[9,0,0,0]]"
189,c991ae788081a62c601a9c0c82ee32c231ef28ee7182e6fbf5cf448d2ebd5273,9b3805b2700c2491b6aba4eeaac286c48b7013fcb554c6b74efcc74f2f9ce779,bd380c2d56adcf4ad448b120685f764dbfa996639a71239a6ebc80c2d6fc6a54,4000000,0.7589521613727268,0.857839869110409,0.87174375,"[[1848341,19552,320329,90924],[7015,724139,8329,17965],[8235,3182,511481,4284],[3940,15962,13308,403014]]"
190,ebefc2848793e7a1cbeb6a07389339623dc23d04ed542b0eafc286911b2b46a7,fa7fa2706a556db38440f830bad56cfb6951d60f874b5be5ceb7c76893b1a52e,29d29e3e1fd6b741b637ddbf41410864fff02a5bc9346e4a3c445a815c607af3,4000000,0.4477578662997694,0.4708460513268461,0.99952,"[[3995525,593,850,397],[80,2555,0,0],[0,0,0,0],[0,0,0,0]]"
191,378c446605ee09d5eac46ce1f20c862bb1144de9d07b378e656021c83d306325,5ea08305802703f58b6b87c5203ae6c621dbb8988243bf511e5d40893ee4cd71,13ac2640d9f3acb55ec266406ea06889008c76bb250d9649681a3c690d7a56cf,4000000,0.49999825,0.49999912499846877,0.9999965,"[[3999986,0,0,14],[0,0,0,0],[0,0,0,0],[0,0,0,0]]"
192,3ffc271b08b6a89e9049e52dcd62650caf4a65945e681a5de71a16f6538af9be,252270280d0ecb76ce2a474ef20a177009bbc7cee0ef37402921e5d7fac9e4c6,3f935403c1caa02cce210786100e7a71d9f9cdf617c2a4cf95844918740899f5,4000000,0.33196953743291935,0.33298966301874267,0.99522775,"[[3980898,9,0,19076],[0,0,0,0],[0,0,0,0],[4,0,0,13]]"
193,b4595a93cab9fe06069ab78f2a7819dd2cd2dd269d2c1fa807dbe85813860b0c,14e2088f89eff79851dec95001b51181881742a524a7fdf592e61cabc66fbbb6,975fb520255cf8ba01500affe007d15832de807b967d38966c7d985434ed0af7,4000000,0.3283388397312923,0.34408985843903195,0.95719475,"[[3828578,0,164198,5853],[0,0,0,0],[0,0,0,0],[1170,0,0,201]]"
194,803e136c3445e47675d4c11b0c183626ccdc0174ee0d43febe15686dbdc33386,8dbe5f139fd946d4cd84e8cc612cd9f68cbc87e394457884acc0c5dad56dd8dd,dc0100c14fd5964cba497dfe41a2ca1b030262bb0d32997635d3c88952170d4d,4000000,1.0,1.0,1.0,"[[4000000,0,0,0],[0,0,0,0],[0,0,0,0],[0,0,0,0]]"
195,7c098d237afed941273b48606ddb6b43e2137c2c286f69e417c30b031f7746cf,9c0de72db325514bc91a7edff412456deb70f897b05f7531394f3ccc6db28228,1837d556100eae9123bfc4d70fb0a44714b69ffed5bffbfccbe95ed2b755b14d,4000000,0.08827042205647555,0.15603563670307846,0.2050825,"[[247894,0,0,0],[0,0,0,0],[1665589,45182,438369,229],[796677,358289,313704,134067]]"
196,3ba0ef811dfbcfc87434fa8c1bbbc084289b5e22da2f6ee99011afcf2bc7bcb5,cda1f7ecfdc87a83c9d0a843fc6e4e3786aa014c3bc1fcb38e9de4294a787a71,fd870be691368ddbb5a16fd01bd681425796ca1c2f17a6049af848bbfa470843,4000000,0.6809538873967476,0.7886518605164619,0.95464575,"[[190514,10352,16354,16675],[7528,3366786,34050,39832],[5286,7854,38866,2918],[20073,15708,4787,222417]]"
197,ca58f46e914f22dbb705ebde94af8a11b64a5e45d5c0ab174749df5a5f8d0618,e4bc80987cfd19b92eb0ef997109c8d7d4f5944ac6536383cb61e7813ad53c35,cceeb7e1f7db34379b6f9766158af5ce9e164c358e6da7e40ba8bffa185ee46e,4000000,0.5447454205333767,0.6187172300463508,0.88611625,"[[1241889,10276,0,214980],[8413,1944099,56,182478],[0,0,0,0],[21991,17341,0,358477]]"
198,62b3e5c673851305d3e16fe3cacff0f58cc4f09623c13243d5e55d5cd1c094f1,0c0aa5aaeb200c5827388cdd7e14d062a4137513a39fc81f92cecbf0e9264583,17a79b326e7c19df816239bbab6339f00cfa6b4026de986e084a19da2947293a,4000000,0.4771926232184737,0.5661159430161204,0.93683825,"[[50831,24712,0,42333],[3165,3403178,0,127426],[0,2,0,0],[6308,48701,0,293344]]"
199,3c4dec641512cb911aa24de81aba5400e506b115054f055bfd008434d2f18467,8f7cc9fdd98084f39b5ebe96b2dd8f13f464f7a691606cc741427a138a3f6c03,803745124aa98a9818fbac49655363772fb622f723f995202a0253b020ca3c52,4000000,0.5837622846679199,0.6529388709606977,0.93823225,"[[236549,15881,265,52963],[16045,3081091,511,134833],[1732,2448,0,696],[6375,14947,375,435289]]"
200,bf3d2ec9dc7c4032eb10717da44f0b76e2cc26e31c8851807abcb18c48eaa0aa,62c71bcc44d0ddd66204ab401db53ca75dea0f577fc72b120d9bc56d3dec90d1,14edcee04523ad7120eee0a6791918f806fe2469c6c2c2d9848f7a4ec5352743,4000000,0.27478401345501163,0.3406097713816005,0.7881275,"[[3065702,43968,259492,145933],[37996,72342,109765,21208],[22,24,24,19],[192931,9340,26792,14442]]"
201,bd04c70b5bda67135a216e1b7f45e3ca09c53ebe5d51393f1d9978bd0a7903fd,8dbe5f139fd946d4cd84e8cc612cd9f68cbc87e394457884acc0c5dad56dd8dd,dc0100c14fd5964cba497dfe41a2ca1b030262bb0d32997635d3c88952170d4d,4000000,1.0,1.0,1.0,"[[4000000,0,0,0],[0,0,0,0],[0,0,0,0],[0,0,0,0]]"
202,75be901256426d2bb96cf64691a69d57efe392a3c3e1aa600581a36b8e931e9f,f3cae6fa7676b2928beff39a2e25106c93da3bc98d5cabebf4ab0dedebc19fb5,fe3eb62107aa776aea263c1ef8f4dfa5d454c27e25b95c83b0060ec17f221f9e,4000000,0.6599218872331998,0.7801222132960157,0.82949075,"[[1960890,3553,39738,24512],[0,532526,51122,275],[54557,37843,488455,12439],[276164,17162,164672,336092]]"
203,7ffb2448afd3a299539f42833b145540436770f2d5fbe3bc10fcda83c8f7dbda,9270839653dbf8eac118a64a9ddb14326a0e7d0d9e2b72712360260c9ece95ff,aadf040223c10ba00b0b6aa64171ae2ddb67911ecfbb8d63ab1e12dc1ae2a650,4000000,0.09771502890871892,0.14063564416647337,0.34464425,"[[830,53,514,9],[1125530,1377747,972590,53687],[0,0,0,0],[469040,0,0,0]]"
204,763bb51cd2ce62523d9edeb6f985c8246d23c4c6543a5bad9e5a1f42d3ca2b50,5e7b1cc7a7de9f2ab8629c78e8793172762ab8daff9ebeec259c6a94ee384f5d,fc84244eb240cdef19b4ee54a247678cc04eaeee9711d0aa999ebdd9c1cc432a,4000000,0.3986870830603612,0.5246359774512249,0.76465525,"[[129147,0,726427,0],[0,85878,100393,0],[10339,104220,2843596,0],[0,0,0,0]]"
205,0cf8556fba552b095e2ace60f5b571649e1889890d90960978360830e616275a,89244d84f34d380c145c96701ed749d7d9ca16f372d43de6b55a4987d4701707,613d6e3bd3c634fc67c0cf4dd3ca09f8a823f7ef933909c996e0ae0692580240,4000000,0.4518444172285174,0.538426821836103,0.8094925,"[[1815259,385,0,0],[761642,1422711,0,0],[3,0,0,0],[0,0,0,0]]"
206,807c9239ed92001d9a50b5989985a6a5a73c95284cd10a8b0a3a810bbc9ae16c,187d001d3005e10df1f513035366640c5d75d99f261167780460f8a43de1b588,74261f6c1ec4367299329f8054da9f5b9acc8e60fbb59154d4ef2759627b9e5f,4000000,0.5690234992108341,0.635624371459508,0.92633175,"[[2532490,58471,32,132648],[21032,970954,0,39293],[0,0,0,0],[27738,15459,0,201883]]"
207,8ae4f98338af0c4e3b4f5eca6c0ec736d7f9808b6f105974642b87fb91503489,9b54acb4ae67a95e7787b070de5e60558a4ef9411cd21b7cca10a0b05e51bb36,c00a87716f9519616fbe170fec8fa288e65693ec25b9a850c9e83758fa40888b,4000000,0.5726251735375226,0.6219915896870389,0.9808315,"[[2058807,2652,0,9447],[38050,1845212,0,18188],[0,25,0,19],[0,8293,0,19307]]"
208,81afd2e64c3f506747fa15fc961aeb03622a18f3662323f775e5dec7b0003103,4946e793ed7e29af51e55689ecaa4ad96ce66cb2f1aa142ade1d9ed8c0475867,4968d65096baa39538e2b48ca676a314baf2ea939b86fd79877bd1fb1f013234,4000000,0.628178377158524,0.6798680726486723,0.94441275,"[[2162027,24883,0,101056],[26015,1277287,0,63383],[159,324,0,59],[2856,3614,0,338337]]"
209,d53898a6e1ae379949bd9d56e41cf0176c3f78a8dde12455ee7b6754fa933883,8dbe5f139fd946d4cd84e8cc612cd9f68cbc87e394457884acc0c5dad56dd8dd,dc0100c14fd5964cba497dfe41a2ca1b030262bb0d32997635d3c88952170d4d,4000000,1.0,1.0,1.0,"[[4000000,0,0,0],[0,0,0,0],[0,0,0,0],[0,0,0,0]]"
210,14bde43a085f9faf27c9b5f6cd6dc6ff0641836dc5a3c63c7a7fdc453990705c,586bc15327a705fa92d05e22098f9e6dbf4e98ad28439509b8fdbb66b44107cd,13d4cd0b413af0c20da89a26163f157b32e65840413c900f6df674b2a9064f4a,4000000,0.7503240617228815,0.8411967194212688,0.98397925,"[[3756115,5452,18467,14457],[0,38055,3430,0],[6655,2245,25402,2150],[11227,0,0,116345]]"
211,00b088463c1d56db3a87a58a2f6ab8c18820e7f9bd9ea650d61ef3ba70a89b6d,a172d2bf07a87160192d1b1327de7fc8198f6e365ba51ed6739d786717039b41,2b18970e9392e466e38c1df0f3b85e69e503c92f17d063e1e5c12b0efe414659,4000000,0.7548481684373513,0.8315213636098282,0.9338435,"[[2057954,5654,75810,26769],[4090,770950,37649,24560],[14894,15365,73776,9265],[41951,4512,4107,832694]]"
212,ea9700c8e46068ac3849fad043c33715ab8f3408993dc7f1e7c84ea61385c2eb,491dff9575e02d1ab5339beb7c011d178beafd420046f62080b2c1cce50961ac,24386a2251d634503defa0558b33a29ced4717e4949e4161a957a5f753473956,4000000,0.6886789221159997,0.7937285114624896,0.88349425,"[[1276142,16719,35007,36113],[13049,1485739,24062,40162],[66005,48697,92684,6510],[146369,28744,4586,679412]]"
213,c30b890d37bfb0d5673f025c26b7bb9f7b0cb7a10e42c1ac101a3a9b0e3405b5,846e96ef2ad041599d277b94ffafe4783a179404347df75dad5ec11d99fbb325,690c2810840b141fe9dc0d6c7656f366566f355c5e33432602e5be0269e01e08,4000000,0.678588151317461,0.7113747543713898,0.99493425,"[[3836422,1635,280,9666],[3543,77155,0,3252],[125,17,0,0],[1634,111,0,66160]]"
214,c6856f65a9350d3bd373549a8e4ea09dbd4d6bb22e3ef3f496af12192d2dbf93,e5c96c5c58723adaf97972ea494778ad9545afbaf1f4d8c78618d2d2d03cb50b,31040bf188d915a270e44e1d9e354d8f625fe7d1b3579899591c987e7147d0e4,4000000,0.6274149558888525,0.6768995049769924,0.96494325,"[[2740947,27133,194,33506],[13865,960617,8,23345],[256,49,0,0],[37699,4172,0,158209]]"
215,3f19158ec5d5bca5e488cf9bfd9231ec7f2a2ac9f58db3af55bf3d209fbb7da5,42456581611be8a732faa7ed2c5d20c69526082919451452bc1242a9b303b6f5,3fbde33dcc76134b5ab98ee0ee448bfcfe03cf4b70995499b3aa3ae6e4679df4,4000000,0.249716,0.24985791929816137,0.998864,"[[3995456,3,1423,3118],[0,0,0,0],[0,0,0,0],[0,0,0,0]]"
216,6489e6554b0ee5fff21d2efff4e083a6d2078ac4bc8b3babe05607a0a7e10d7b,1bccdb131b790886a096d6380185263f3162c7611126306994331b6e94fdbf18,5fb5b78b4f278edcae6512b0cc53e3316b09fc72970dc4a2823b8ba6ac30b611,4000000,0.2494049375,0.24970211422869643,0.99761975,"[[3990479,12,9492,17],[0,0,0,0],[0,0,0,0],[0,0,0,0]]"
217,beab6ae8843d17df634b96c51735495e70d670051e1bc2e53762d79d63cd627a,dbe9b70bc8a0781bc137b76613e7b1ce4abeacb862862a081f5a72e4323c0050,797ce9724bffa7ad63f649133c2837d34c615ef877189324a683cb3877553bce,4000000,0.633739614825301,0.7496682893553488,0.91128475,"[[204459,572,39431,19311],[365,2746260,34177,133835],[2009,10137,49115,3028],[76652,7072,28272,645305]]"
218,e670d238fd83dc632b6669acc8b5f49e945b8d95a28d345afb6a873ec709cc01,bae16afaade52eda9d7aefb0c2f2a16e02cb2da41ecb553973729f1aaefe193f,7fd0a2048243ac92386d2c668a70ea617d03ccafab4e6bb4321aff56adddf890,4000000,0.2479006875,0.2489459180551945,0.99160275,"[[3966411,517,27646,5426],[0,0,0,0],[0,0,0,0],[0,0,0,0]]"
219,90721f9a7a55cde0a6d66548039aa0c90758177e228b46eb058170da0d4f9bef,93d548d34f139d644b638dbb4253e08e8e4f5847ea2a03a01bcc70770f8c375d,c96703572b2559bdc76bab777bccff94b0f63f5024c5b8afe651d0e3965b24dd,4000000,0.37865188937736205,0.4255407468760375,0.9312755,"[[3494638,941,66603,111679],[0,0,0,0],[92821,0,230464,2835],[19,0,0,0]]"
220,690dbe429978c66e7babaf9b34d4f34540a48882a45fe5f5554a9fae855a08ac,c544eaef3518891a03bc98fead6516ade6da64dc6164d7e47930467ac1ad57fd,4d05045886171b7eae2e2e6a32830bd382d19b4667e8a488d102165f67219a23,4000000,0.2394630000798088,0.3213376025789605,0.66161975,"[[1784106,36,922190,303],[0,0,0,0],[430992,0,862373,0],[0,0,0,0]]"
221,c4c1aef64a426f27117e710179bffe9b4a16e987f24624cd5b34a07ed0a6999d,9d77f78999215913a7b861597fa955a10b77ad79637b4ddf8061ab2cf3e7d7f6,758516c7e85e2b38625e49e4e57818fa28683739328ba0b7823ae5909f57e242,4000000,0.494723125,0.4973475659370038,0.98944625,"[[3957785,0,0,42163],[0,0,0,0],[0,0,0,0],[52,0,0,0]]"
222,b78ebdbdd983de8db5b740cda7e46a4a2cb9fc5f88ccaa921ecfa26b10c41512,000ce83305bd6a28a4e17895ca3077da4ff16df89dfc5ba575492dfc6c6081ad,1aea084c86e7993e3aa4c323c80bc411acf400f04d7303529d07ddee6b7eb88d,4000000,0.6456776446569017,0.7712242999630894,0.83089175,"[[1114920,14351,104294,232210],[10802,1473253,58544,65253],[69610,21222,241345,41624],[8644,19427,30452,494049]]"
223,e4bfcaf2cd8a46a91823cad553b117cf8bb844711354d9d7bab40893b9500b35,ec536833db2d4c411dfa5a79b17801ff4fbcd6a3ffab15fb77d2f600245ed255,1d10e15714a883c42d3e913cb90ba784f3f79303426a08ce822ff39a27793870,4000000,0.4847410527861064,0.550152391175721,0.93794075,"[[0,154,0,0],[0,3482179,0,27857],[0,0,0,0],[0,220226,0,269584]]"
224,a96dc85013cd857e685222b021f5a7cfd0414be9960e40af21d127cae2169c9a,0ddd702c362b058368dbdcf3af7ecaa3350adc513993831c3054152c39c82934,64dfbc3f308d7f8e07e761d595c1a5174717a8dc813457e5688a8e98d228cccf,4000000,0.1746974558545513,0.2502614720089746,0.55244725,"[[1750106,76,8171,29],[0,0,0,0],[1780996,819,459683,120],[0,0,0,0]]"
225,67321602a41d99489cfdc04eb9f2534062d3d9be7a494a76ee70759a62153d51,b19c1cdf7a1853c367e7717125ac6514a2dc61cc543628f54e0a71ba5612c9c0,9156d33d55f875d2f2d1a2e418ef9360bf7a1c957de15dc485ef080d6f279113,4000000,0.49977725,0.49988860018569137,0.9995545,"[[3998218,0,0,1782],[0,0,0,0],[0,0,0,0],[0,0,0,0]]"
226,781c2222cc46b5c056850b79aeaacf3f81e46dc08068ee596a460f23e7288154,9eabd5d39689a0c8179864ff6d757bee2193df3661809d39aee8cca1e5a737e7,24ee9d681a34f4181d9c85ce6ab2e2961543295fdff00af1e7948fb3705307fd,4000000,0.249420625,0.24970997643519427,0.9976825,"[[3990730,0,9245,0],[23,0,0,0],[0,0,0,0],[2,0,0,0]]"
227,e2b52bedb987499fa93492408cd23368c9e44b67d7be64192e422b177aff0d91,bdae1da4e3684603c7b98ccca11cefaba433cda95030b941f6de7ac728214722,38e2340b9755ff8f6beff515c86b930f6eabcc71b766e6065248d90d27f5a932,4000000,0.499942375,0.499971185839584,0.99988475,"[[3999539,0,0,399],[0,0,0,0],[0,0,0,0],[62,0,0,0]]"
228,32db837d93c8035f006db439cd90a995bda8827c10c83851f5b80cde3c4d4687,174e384f029b8bbd827e40ed3d9f344e8ce04ad5b29bc00ab2ecd344e2320607,e0b63977d7c2056a1c9ab971fa20664470ab654d7f200428b70786d6e02689bf,4000000,0.24954025,0.24976991343540386,0.998161,"[[3992644,1375,1983,3998],[0,0,0,0],[0,0,0,0],[0,0,0,0]]"
229,fa5eddf4152e343c649fac47ab90f49a4391c0be916ef71501df3e7c9f7c66ae,2b769cf9006fb44b0e1f3c62b08da51e56d82603d508f95d7eefd64375d34821,febbf03f204501348a7049aac4bb8620e23755fc7d39d0e78a8ca1e23d3da418,4000000,0.4998485,0.4999242385221361,0.999697,"[[3998788,0,0,1212],[0,0,0,0],[0,0,0,0],[0,0,0,0]]"
230,0d2789d2151220ac4fef256a7c0f9d2ca62603faa9949b4211d519bc73ceee7a,77e5de2f074b88eb35c6481cb1c1cdaad5f4ab6cd11f8d61254f0619287fdb15,a3c4c621c34cf76d3a03a149567ac069a9e51d08622ee8a5edd4a0c0a86c029f,4000000,0.07656650293662343,0.13212623168748322,0.20014825,"[[610940,787,872,0],[3,14,19,0],[1146033,419801,167123,1146],[1231472,241911,157363,22516]]"
231,20207ba5450e3abbf5f95e43406bcad1d763fea72067b2c5c08e0ef43b694317,edd7e514263cee27eeb66cd3309709abf89f4d757b2fb89c45712224c04e934c,af57f53839f0428451b62a8e67101cec71dd4fd35b4efe8e9fda8d8b1df0a6c7,4000000,0.5240451065459647,0.6473484579129811,0.6670275,"[[1055376,0,245590,12613],[0,864837,65176,27671],[18877,2576,356548,19795],[192282,31031,716279,391349]]"
232,0b27d09a280eaf54519f3ac6a2dc6a0eb88f6631d4dfcd404d41ca034ee1bc58,70f387e97621b41401caef8b2daa4ccf304ad2b69d815948554d00865527960b,37c1352d2ffac907fe8dd593e113f254434b8bb3a19ef7715352875f419fd0ad,4000000,0.249983125,0.24999156221522476,0.9999325,"[[3999730,132,18,9],[111,0,0,0],[0,0,0,0],[0,0,0,0]]"
233,31a8ed1c63c7b368bad339c390dfbcd8e023484b82b52cda3c57361428d40b68,dbcb3ed1f9d9ad1cba0e6fddc7ea2d4dd4c1bf9bf25ae74b52bf802d0937cd8d,75aab6b19474c58f61c02075bba35882149576cedca84d118b5e669097fae540,4000000,0.40235365093388775,0.5072758426911301,0.4548075,"[[1487804,8070,2015870,15326],[5197,245065,7704,4763],[3991,17359,24636,288],[45801,982,55419,61725]]"
234,27274bb6bdf0d11bf7c8991bf545a660b514d2ec6d0e674d4c863775c22ee9df,9a0c186853902e4b1abc1d45c7723a74b6ee103d12a310d43abb632055b3cd93,ff3ab01dbff2c0642f43791f26a20418c98001c6a12d44ccf510ac25ff313217,4000000,0.24813675,0.2490648903137542,0.992547,"[[3970188,10,25449,4353],[0,0,0,0],[0,0,0,0],[0,0,0,0]]"
235,7002a165ade3101bc535a3b9ffaad94ab28c9797f8b28069f0034e026a661cbc,8dbe5f139fd946d4cd84e8cc612cd9f68cbc87e394457884acc0c5dad56dd8dd,dc0100c14fd5964cba497dfe41a2ca1b030262bb0d32997635d3c88952170d4d,4000000,1.0,1.0,1.0,"[[4000000,0,0,0],[0,0,0,0],[0,0,0,0],[0,0,0,0]]"
236,b97a73fc96a778b14691e28ecef9ba78fc2d3fda1e9e6795c4b0b68880c192a2,c24edc2243aa96b84874df663fa68c44d649522539b7a520c9cfcc4738353dd5,19d4dfdece01bd6b4a66e0a8acd37f9b550b35ad096e8414574aaef8733b0c3f,4000000,0.6927485520979833,0.7444976867904312,0.9708645,"[[3326710,18410,3760,44204],[9403,280286,242,4295],[30499,454,2936,752],[3088,1435,0,273526]]"
237,674f82fc61660146f171ca8175cd01d302aed8406686353df0fcc4e17e241666,0f61ade90296637a189b92e047feded04c5ac0ec07c6ea2de55dbc3fc999a50f,a576ee96ad68e8e0b5cecfce8df9355d55d49955f982f77e44f0023f43ec69fe,4000000,0.5874163995316501,0.7266099951390046,0.7448315,"[[1262179,0,411198,42792],[0,566106,126148,3319],[11072,12827,891499,8284],[177477,1321,226236,259542]]"
238,0cefb1d63f49904dd74ad4efc5d4f06d07df3435b16c9e698bab7973df23d9c1,5a4e422ba646c6f9998941fd9f3628f57a40c7c433031dd126fd556f719d44c8,4a116f07440f341fd1ef470ade3915b452446df6535803ab2868c3fb96fa99ed,4000000,0.3892072039428543,0.4476392252119885,0.89834375,"[[2869869,142,55318,2446],[0,23,15,0],[345744,499,723461,1970],[491,0,0,22]]"
239,d495a8a3166e846c180b475cafd468200ca5428d00350d3537763df98e6721db,17be6e114825bb1123826ef40c46d0c8dca393685f78feea57c754e9b1023b53,96829dba8d6a187cf09ca10b96de02196fb6afd05035c889d00f6a60a38efdcc,4000000,0.2710087069496344,0.35341883194868445,0.66513,"[[2239702,0,404271,6072],[49039,4834,160206,3080],[105109,394,379869,5731],[183259,1018,421301,36115]]"
240,dad0dddbef122334ea75edd44f4567354a1c91c9888a57f11471883975824407,3f58bedb38e9c36e9cdb797abafd123e2ed07a6d1f0be076fe91fe6910303d68,b81df7b9afe42c7c0bb317a1f9337dcbd87881333306dcf8c86c583f6ff32726,4000000,0.4683135093913399,0.5825350916928057,0.922648,"[[9083,3535,39027,15891],[33,3423468,67440,37054],[0,12984,96792,13622],[5930,54484,59408,161249]]"
241,666f9199ea585887c0caec37c458fa5e6e09ea11ae9285e13b8944f77f8cf551,fa3447aec8654e362cac98d05ae3ddead594f5aad5d024fa35f5da8c799771d3,9a8bcf7ccda9381c5568e87fbde47ad70201d2a0ff361d6a0a7eac0674ab8612,4000000,0.38067893743817516,0.4255086060429889,0.972084,"[[0,0,0,0],[26,3865452,0,3075],[0,0,0,0],[0,108563,0,22884]]"
242,f3de0976252a1b2ddfc5d7d78dfce052051dd1b749e5ebd2424f5216b23dcd4b,8273e3fb4d0ff26e9b0896d5951a9b8c535b7d52cbcde18a556a467304e4ac81,fb5838e110b4236374167d7f56c0ffc5b06b04ab6d09f1397f793fbef5fc3f22,4000000,0.3359219393886286,0.4403378298098365,0.76176275,"[[387850,4502,475716,5626],[0,12366,36571,0],[83606,6797,2646340,1017],[26613,15,312486,495]]"
243,1f662d8a00887e51cd1a9ee2965b7084e1fa4f9c02f4a0a7d39435ae1eb06aef,2fee9c23b38fe1bb9550ae4754702bfa663922bb7e126a87bef6456cba11bd8b,b92c152ee5cf42706f4d7aa29860d148c8236df4eed1672c366a1c17cdaedf6d,4000000,0.4802647758110014,0.6272270788339982,0.78539225,"[[2599085,6498,274317,63027],[292,128938,48530,306],[67639,75349,216579,32097],[275777,571,14028,196967]]"
244,c91a5ad678e10f33072d4dfd2dbc48cf1777ef2212dd0ac203f8fe9e811d2d47,2d5f69f2511f9622f6a5d3d6d6e848255ba6e9d042e4afd0c955d92e08730b36,e4094ccf1eb4942e1250c38a372a4ee00453b75b6fb368ea46cb0b89189e5de3,4000000,0.5913750601292502,0.7257852328478165,0.83557625,"[[2334482,23615,34726,99700],[35,225891,2594,1922],[108191,233138,302681,19019],[60149,62269,12337,479251]]"
245,00e1b53388beca95ca4c67d5d66ef16b5d344bba75fee1d02f0b96b142e804d5,e4e65b325009e6131fa4d55b7fa503f8beb7d9192566b1863910306a0a26e7be,aa5dddd6771c8e80d9e5c66767a8f853f263f32e24d60fb4b42831ef9522ed3b,4000000,0.24996225,0.2499811235748299,0.999849,"[[3999396,349,241,14],[0,0,0,0],[0,0,0,0],[0,0,0,0]]"
246,d19d97a3c995468715ebbfa44e59f08be9ec961c8562a5f4fdc6fe1451a5d1b6,3fb4083d99101a722e93a4052b865a7c1024a77e53a3f39ae17792317d36030b,e4be7fa72ef840b2f1b4a2a6b0911311f047a5880508a6ee0fb716cf6ef32a31,4000000,0.5326317972038422,0.6901987735512704,0.6517105,"[[1426664,15307,436718,50005],[7596,205455,7766,17866],[776081,54115,859568,21769],[708,3234,1993,115155]]"
247,00bc30bd0790af491f985248142394151836a79c7c1f6f7d01369f774898da7e,a157acb50097616119e2706d1d7410d95a50e3c459215cf7344ee7d546d4406b,1a1bde1e64c54914d167b5265ae1ef7d92603b3ffd93f8b02647e2356e3d6f4f,4000000,0.6497060968359692,0.694734740298634,0.94345925,"[[1657127,13430,33233,23479],[34241,1880177,62313,26385],[56,129,96,141],[15222,17152,382,236437]]"
248,9e675031de71982b92acd721910ca8488be2b8a83b5fa0c82e46f9b8d6323ff2,73a766ef4883c080d1ff53b1baf0f5d94667843d539add155ebb50139ebc0782,0adbb2a95ca2cedc4997ec7e75667cb8157a9389ae47d12bdf986b5427b1caec,4000000,0.8221897150571352,0.8836737729956083,0.982627,"[[876758,0,0,1242],[11471,2994976,0,38980],[0,0,0,0],[103,17696,0,58774]]"
249,975c300ce8ee9a2c0cddfb1696660a2f2bf8cc8b7cdcb109abb8006b07125eab,e594f76393b41b6b148bfa885bd95625b62f2447383a491a999e472d185f4912,98e4ac7385ddce2b43957403dc1aa2aabcb6cbb8b0d9d716498819ac896c2fe7,4000000,0.7896647089820481,0.8606145286311305,0.97804675,"[[2965816,32401,5215,27040],[3292,665974,5,13190],[0,254,3613,0],[4842,1574,0,276784]]"
250,a94bfa69cd12ab25462581c7c34923e39858898659ca735d9c00477d1f24f039,72aa17f62a04c235fa1580313380c84f00beea6e75dd0489e867b6e4ae312645,519e13f6165b5698c64932c2eca60f3cce412b0b8fc61d72039fee316f74ec53,4000000,0.34177262117101415,0.40210277657326,0.96395,"[[3815243,1432,0,49597],[288,1412,0,182],[45937,17406,0,1194],[28106,58,0,39145]]"
251,a81e6bc9e8f76713e7af8c73d0fc8a0442f0923e5c1c2b383bbdc0ae27ad7406,d301adadd3c2bb059d8d9c222076b24b711274cd345c00d9e1e7e88db827be2e,f36af3c3f1f2cd0d26dce9e50d4c97156fc504be53b562efd4e66ac9adf8d20c,4000000,0.499996,0.49999799999199995,0.999992,"[[3999968,0,0,32],[0,0,0,0],[0,0,0,0],[0,0,0,0]]"
252,0d1ae5eaa7cc23fcf6ec7c79d73b17c44f397381dfbc665c0c86bf1093f0eae8,173df708c3466d7c86bd450280e0fb2c46d513c17ac537f504d00f40aeaee943,c5681d28118a74c580c293049aefdf50cc4c9006e63653c411b30417e9215c0b,4000000,0.6008293165241045,0.6562432695252584,0.937967,"[[1157502,5039,3480,5139],[9873,2379664,19708,171813],[0,133,184,734],[3443,10851,17919,214518]]"
253,0b14bfb9a280438b8fc1c22e037324d4360d9aa89e3c65f8434f669d7cb7e015,c311be42b4979dd09713de05819db638655dbfaa4052b42bdd8103159dc2eb19,64f014df206f86e7dedce5c2001c0c2dd8bc1c9267dc87186625af5c8518cbd4,4000000,0.33326875,0.3333010385381084,0.99980625,"[[3999225,192,583,0],[0,0,0,0],[0,0,0,0],[0,0,0,0]]"
254,5d33f39ffe94c1a1ea07112b06c3e560140367b7510a9fcffab23a790f7b5dc4,4df511736e83d73aa6df8cc93c7b0edb9a3e5db72541e345e82ae77c0a6d509d,889bac39fec127fc520c68448c9c1745cb9231df0c914502172819abaa8c676b,4000000,0.33274583333333335,0.3330393242378179,0.9982375,"[[3992950,0,2636,4414],[0,0,0,0],[0,0,0,0],[0,0,0,0]]"
255,c15fc4087a7290745d4a169c6e04fd101ce8cb761995d0cd0aa50a8f6b8032f2,e82a9ee75ac1fc6a7cece142cdd3d1ecb875624a2798e2d2ee2e0abbea75086f,e0f5a3d5e93a6d83487aeb01a15a36e4bc2739c5e15f1ebd837628ea171e87a4,4000000,0.470911242190753,0.5932174817846974,0.7265645,"[[1236206,8,89163,2876],[0,213326,214261,7],[230102,3993,1418289,800],[141365,1761,409406,38437]]"
256,b2c078889010f0c325b02241d4cd2f3a6dbab8378df7ca6527e29dc1dc1d92de,d31696243669c0b19fb919df265b2ea81b3f69f20e4ec2e07e3e01c2554f1293,7539da389b063c465cac53ca616cb349dee2b0516f7b17691df857828bbf9802,4000000,0.12576330991975687,0.1876165022289181,0.30618225,"[[704,17,15,154],[1188285,1127952,91571,237197],[35804,78,11904,641],[898799,40468,282242,84169]]"
257,775e88535be3da2ad5162110db134ccdefa988cacca9938ba0e96fed5e72a62e,fbeaf9d834d0c57d483b8c74ed34a0fd53771edc56740efe3b0f4ee286419f66,b37ed2f28cd2caac4ce1f4558234b94323e487f8996facc848e730b77b66c4d0,4000000,0.6735966193064276,0.709293211124569,0.96414325,"[[2974902,18159,27191,59704],[4293,334791,464,19665],[1,4,0,0],[10182,3599,165,546880]]"
258,a597df5de4520b737b2194959bf985399318ff8d9b876c697b40e356e69fdef8,b9462161e1cd0e976b5acaa8b25215d97ca56894fda79c773fb5c59d9513808b,ccc65b5e54031e518a922e08689bc126ab6926c154ef5b3b165584d95692fe41,4000000,0.5824937489364316,0.6458126870831067,0.9104025,"[[2402182,26483,73,285703],[4709,888791,0,27823],[0,0,0,0],[7330,6269,0,350637]]"
259,9ba6575118dfb4a035101230f04b831deb5eb8667cdac6a6ec2b38c64b713e33,1351c3c175b652e63af8836f1d151b7977f07b043ca77c29bec3e1dd3f25f9f8,780909c5c76bf08b013c2443199ef6ee1705d573535fa2fd756bcf81d9e2f64a,4000000,0.5827098512933806,0.7124883365156474,0.8175715,"[[620440,14918,296704,80152],[364,2056473,61319,28507],[5571,33103,208727,12117],[122369,22270,52320,384646]]"
260,8be277293474e672c15aeb932106996d0f43b00a7817c9392e92777aae656490,2a185eb9f59d7271d794b02b911722743593d820d25efd9e75a4573d19dbf714,69d7170c83566d6ccb8f57c5b1d88264f4eca9c4c734ed7b9c323518582dfcd7,4000000,0.5419642530713307,0.6003664739647718,0.96816475,"[[3803482,2073,55088,65719],[1971,37953,85,773],[75,0,0,10],[1542,5,0,31224]]"
261,69657e2b57ffec600f2fec3ec9b9399858b81c42af40ed74c8a272d1d0a6da06,42fe568780d6e4a75e37dce6f57cfceb1266d7c96979ccbee7be11c22853fcba,fb1aafcf55ce7d2d4bc9c25f3e61a1a4724a353f09b07c207026f6928dce5398,4000000,0.0806941875,0.12200726615432271,0.32277675,"[[1291107,2457067,248524,3302],[0,0,0,0],[0,0,0,0],[0,0,0,0]]"
262,75e3b64c76562658a7a6b27ea9cac7a47975056bc1ae5c08fcedd945bc594004,c9a22e9b2ab80c3abb9930a786555804e82bee19bb8a52e13786b3f1d0bdbe90,24b25c4591b1125c67b6dfd60bdc9e92939c03d1dfc6ee4b31be1af291b39533,4000000,0.6541604837482409,0.6979404913909406,0.9477915,"[[2399059,61446,3,92786],[4143,858699,0,30102],[0,0,0,0],[16778,3576,0,533408]]"
263,dc0d61143bb6eeafb1f8d819d29c99adc96734923862142355a2772c8134df71,dfb60d8fd986825ff1042defc3ce02755f20a910c1378c2dd106c882ed409a15,c268943257a34ba94e122cba35be77bf4a60ff1a486155bd042ef4afd4f66665,4000000,0.6329045201413562,0.6934782726584382,0.93812925,"[[3472773,4811,171725,30434],[3034,81151,7177,2945],[4752,5127,4706,497],[15885,122,974,193887]]"
264,6f79070c9a65bd9578cc80eeab68f8cace797a3a18877688d1c619bf5d82656e,d4fbd4a8f315806817da46ace05aa9799f8662ffe080e67bc4c235b428dec074,5a863c68dcffe05a37f6a12c87dcb9826cbcf3e73d43515a33c1ce1dd6df0498,4000000,0.3780984051153077,0.4460313397386839,0.8291885,"[[2186077,52,102427,86710],[0,1600,41834,1118],[334008,3088,1125388,113111],[8,0,890,3689]]"
265,9caa3bfee27c66e8b53504962a1ec0aee0a625a3093251c9e21a71339128a1e4,bdd813475514de909dd1cac38023896f71952cf954ba45bf3ec373edd17f2502,ea50f46f1a96dee7016c0c47b0869353a8a9aac5561b86025bbedd89f75547ae,4000000,0.2456365,0.24779904224164281,0.982546,"[[3930184,453,158,69205],[0,0,0,0],[0,0,0,0],[0,0,0,0]]"
266,067e6ccbec5db0bebc97557aa6abcc861d567171065b26445e716bb551d91b49,4f7180acde29472d7bbacae2ffab04a868538c4b96d0893d3040303b5b544fa9,6fe3984cd07ab9baa6cf964bdbb74f3214c48c8d131dfe3af9fc52f752683134,4000000,0.24753825,0.2487630348018469,0.990153,"[[3960612,542,23874,14972],[0,0,0,0],[0,0,0,0],[0,0,0,0]]"
267,e6058e5c8ce31e46b1b899d2e64f9899c775bfb47f14016f95647f3336062b1e,2c15391bc216adfc592d9a63096dcc51951c740d84a35327ffc0c6466e097768,428ec8f5eb2a063c2c554f98ebeaecd898877ebb37130b3e946d33fb71ba3620,4000000,0.5475248904931489,0.6799895802373194,0.9207955,"[[3389696,159,20970,39935],[25,1294,870,1827],[194053,243,167325,6828],[51455,33,420,124867]]"
268,22d4de92a0cfd657c7a0438862e014faf5eedbc3843556236ad38a756dc3cd57,c7243baca83e43900053565af1f37d2dbefdc8273e6f30337667b12c4134b138,eeaf8eb6923c7c8c49f83f8cc70e18be799f9efce9bf7038eeb5d2a301a290b0,4000000,0.2890092623768004,0.4300833317626664,0.52881675,"[[1561165,40435,1494564,3256],[313,39548,1626,0],[283963,11955,508740,368],[36952,10792,509,5814]]"
269,f4d457efe86a8f2c61eeefaacf774ce696cb7667d572cd7b0a2e953949fa7539,521df075cdc16004102280b64d974b2b8f4de603656014bed98fcccaf11cf648,30660f5e626d7405a0bb42f9f629e61ed43adec6fd6d5be5e2e44fe9da7b6029,4000000,0.6373308935491218,0.7066301470897028,0.94629575,"[[951298,18068,90735,23895],[3071,2699256,31886,26933],[357,849,9489,599],[5130,11410,1884,125140]]"
270,5b7433b2f7e1128f380047bbaac7e6a254f4f6e534bcb99e4d01f511a8aa4ec9,047db166b0dfe8a4543177e4bc50b44cae5de58ecb820818fc5f5d52d121832c,2a0ef8b2afb12a469627474bdadf6185192635991c21db2a9a56069e5fe680af,4000000,0.5978591621318223,0.6622977615520882,0.947348,"[[3257961,73260,17988,101324],[4584,291159,0,6499],[0,0,0,2],[5986,965,0,240272]]"
271,e7bd2fd34e3630c0e578b35fecb634ab5996661d804e203318b5105e6fb47f53,d3daffc832dbb70cc85a5060bef544b6db11a32aeb963b1727448186c1b470c1,b7d9c88079aef50fce3bf46cc8a5850c73346a5a4d04852fafe94924dccb22c5,4000000,0.49992325,0.4999616220544927,0.9998465,"[[3999386,0,0,614],[0,0,0,0],[0,0,0,0],[0,0,0,0]]"
272,b40b0ca8ad520dea340b22e4a2a957e6c00a72f568cbf948500e5dce444a2f5e,048472f5d92a8789876986b1b01e8b745fd57514be01a9f6d29f3a3ef00d521c,2ac7457d7dd19ea9e5bccf451f2e869fe75f052423add74dee373623ee52d023,4000000,0.4092468496018486,0.5159668719410714,0.949982,"[[3720536,795,11099,3272],[818,1231,1613,0],[10922,2130,23070,0],[142502,3865,23056,55091]]"
273,e194b55efd4cb93aa992647d02b516bc305b065c964ad36326d13dd1fa9ffe58,194decb9e220c3770d1f66cc698b848edb597b29d0c72114f2bc09cd599a0db0,5af1c7f613d3db1497fc3f4cf0723e117f178d076f586e31e5013567e24d8bc5,4000000,0.248423,0.2492090052024084,0.993692,"[[3974768,183,0,176],[8,0,0,0],[24796,0,0,0],[69,0,0,0]]"
274,0107451045b76fe377d63ba7db8bf7a49e7382f5a7d25f5ec8c81434e821bd40,6d7401a8bdab9625e7e2fdeebf671ff9b43828ec3e8eebd7797314f5c3ec430e,fb2dfa11e11b944fb553571bd07d7ad03f828aa5b36918c91392d79f58d4ba33,4000000,0.43990680917407965,0.5200404284923955,0.88645325,"[[3201360,0,198813,2240],[0,0,0,0],[252674,0,344422,412],[48,0,0,31]]"
275,c8351829d8a9c239a452c7012c70d9acdaf91d2873c5335d9ff7229453030825,9de9675a6523712ded8cc72d8ac990f5038b206652fef36e60ef69a531ef2575,62764135ead02eaea63130c1ec9ab47b109eafe1a7dfb1c3079810559c7a22c7,4000000,0.5097895957824428,0.6038166761354268,0.8322645,"[[2071158,1183,2514,16645],[5934,321892,18803,158679],[0,39,7,0],[416765,10749,39631,936001]]"
276,f6fda85b5671c91886e98a639f8429802022534afc6f3c05cfd7506e93c3bd9a,25b6773caf831d45ed9007e2d591242d1387fcfd8d6ed79eafe13118ae64b367,3470a9558ee8762e094439501f6581f82cd2dce647b821b7a9d66693c78fe3eb,4000000,0.580963530517888,0.7189388193246034,0.82626375,"[[1503462,6425,91442,159585],[8910,152111,39311,134457],[23354,210,126588,3939],[168946,1243,57123,1522894]]"
277,b0909e2c3a26ceaf2c43a029c95650d4471ee5bf0454adb62ec0b415b1d74cb9,503f628b9f0cf31c1e2a549919e32c7ed70aad978527f51f1ec2902173991a00,f10142f9bdd6121698865af3d4a077a249aecf25f98d829edb61c9b2a71c9456,4000000,0.41366915523599956,0.4596454953408885,0.72132,"[[929235,3358,0,15712],[985,1949476,931806,157101],[0,0,0,0],[0,1800,3958,6569]]"
278,c5c8569f09fc76d566ed8920d47b058d53483a34c47ee9ccfcf16f5a2c57add3,94e2413d45a2ae8c71fbba85bf52dd59a5dc2fdebc19e7ef4830f0874c190afe,84a839cc19179ec3bd55573726d67e2434c34ddc3e3537004f6d0e4d9c296388,4000000,0.243538375,0.2467268882586891,0.9741535,"[[3896614,9012,14186,80188],[0,0,0,0],[0,0,0,0],[0,0,0,0]]"
279,2cdbce7e9778c336e969cb8206c4ce7ffc1f4d4bfc628e146ea6264b970468e4,1eb72343b17e38e3ba9b7bc6d31fe0076e59001f6becdc11ae56a9f1199b0188,14d2befc2d3ae6d3e2fb02a464a464bdf603a2b62028028e71bcaa9d3268ec83,4000000,0.6622327777120471,0.7066125956854588,0.9400835,"[[1157436,23453,3259,47972],[24384,1755121,1472,108449],[65,63,51,1],[19278,11228,42,847726]]"
280,b0e2e73a658cfce17e15233ca75bc4c4cebabeb58148e691aaf13bd24506cdd5,516fe2bf781e992738466441a8cbddc2437528b0330f1c9707360a394e323530,cbae6b9fc98216058502053715a0883da34bb4487063c681a3a52fafd2c3c326,4000000,0.6241074961663619,0.6870364092129613,0.952765,"[[342349,11021,4679,49541],[8355,3066981,1709,83768],[1963,1220,260,482],[13245,12720,237,401470]]"
281,dcd6c07790509294efe8de5a4eabca2d1fdf00326668d5cea656c8d75903c2b9,ad0ba09348b569fd9db77d73ccea688baac5c0ced9da3946fdcefa0e3e7cd1d0,190479109b0d461054501c4ea858cfe82eb7067be044b4a89f8b62ce7da880cb,4000000,0.4863426430866652,0.5916574693631705,0.89636675,"[[3178302,2052,4621,1268],[26,10987,169358,0],[19008,320,222483,162],[195287,1141,21290,173695]]"
282,8a653f0a8caa1f56e9a0ab7dc2a7775499ee2670d523c135bc68f713ee8b2602,1aa685c203f24a35797dae512d009cb6837491bc7a2ef99b37d6770a7fbc9f06,6bfd5f1b40dc7e7110a59513f16796be33b398c416f5d674557fa7cc7654266e,4000000,0.6534765876148566,0.6978225228577712,0.9372345,"[[1628558,28753,23126,62281],[9334,1451526,3514,61991],[2,257,27,2],[56073,5611,118,668827]]"
283,f56a558b389cdb8f59bf14e084bffd5cfcecca48c07221142b0a873745be4885,3f8086dc8eaf298a0748c1489af647b2b923577f2c43a042994fdd44dd1f3ba2,a88f52f905f16dbea1c0c3d658b90277b6f1bd193408ad59eeab83588f88ad47,4000000,0.6458051497877114,0.6923960333631918,0.980508,"[[3896734,2540,71688,1412],[962,13543,0,11],[0,0,0,0],[1354,1,0,11755]]"
284,c8018898525af15da4bb134a7cc6624e8564a4132253c45b8e0552ab6559a892,d4ba9de9170df3c2b04a8e2d5dcb33100fc6e9ee374d67cff1837be4cc25c6b0,be5526a3d17bd9ef6e9c8daab4a1e99b9e62e38127f806d48d663470254df799,4000000,0.43665550435978057,0.4647529604605082,0.99647275,"[[3982050,2605,10168,1073],[41,7,0,0],[0,0,0,0],[222,0,0,3834]]"
285,d88d31d732bff31673b1cb54d4ed25906c92627e6435ea4a5236b6afa37b6631,b1e5e8b7e2d48dedf9263e3fe7e13a66855f6529dc5cbc1cebd08f32923193a0,c6e17064c9ce102258d73eea12fbd636038bb5f87497f6d2fe4a2a01ecf4f347,4000000,0.33325483333333333,0.33329407871110156,0.9997645,"[[3999058,872,70,0],[0,0,0,0],[0,0,0,0],[0,0,0,0]]"
286,dbd6bcc79726f79c252648941f2ffb2c7dae921d1a6af569b101385f8f97494d,44a062c51272fb4a633084129d2519a8ac6bc8e68ce6d1e9f59ba6688b7e5461,291683a5b59bc5f556026f3313f952d5ff390bc6ce1931483058a290d8fc30b1,4000000,0.2466085,0.2482926691750141,0.986434,"[[3945736,38783,11315,4166],[0,0,0,0],[0,0,0,0],[0,0,0,0]]"
287,a14bfe87ee34451d6face0765e7cc414f1f96ab8c8c6ca819c9838d0c48d28a9,6646d6a7b7d2c4883d7f48783567909f81ffa89f7e822d2f891e2632da686336,93b21b9b699fdd3343a0d6bc8d3195fa60349cacb59127ae05af01353d58f5e7,4000000,0.11454260676594968,0.17329807848759515,0.3951825,"[[0,133,0,0],[6025,1483611,696130,19796],[24402,744737,76463,35417],[7955,863426,21249,20656]]"
288,393d7b49a67ad52b276144deaf4925676527f0c9c2859eee33522074f28aee9b,9e21497caab542c52431972854f91a55ff7eed8c2a4b42050657bea4851f17f8,3a8fa4cfa30e151269900fd31602425a4fbab2affd6ad35fc7acd7dde245a76e,4000000,0.49886297991864564,0.5403732397511675,0.9382285,"[[3737215,0,481,0],[0,0,0,0],[246605,0,15699,0],[0,0,0,0]]"
289,c42cd72e08a4972d9fc461531f6b4156307e0347ddc946d1b51cc9b7a466384c,a586246e54e3f6740c3454c170fe699801024c199c88e6fef8525dbd89090833,867d689bbdf8d200da38035150b465ac4f883a76dd0605586cccd3b8b47238c5,4000000,0.428539563602904,0.4623272468148016,0.85596375,"[[3423198,0,0,0],[0,0,0,0],[576145,0,657,0],[0,0,0,0]]"
290,885274295623a725e2d705dac6ba03ce2ba3e4f5b7287c3f1f757e9ef208dff4,bd49730c61b8b5c162256deaf13c9dc08badd213c584495a8c1b9e0e1535c941,eb54a386f5e648530f041c0d59c226740e54a503bd07a865a837c5410bf0aa41,4000000,0.31275342798556405,0.3618375252016547,0.94079625,"[[3711963,0,0,12264],[0,0,0,0],[120671,1098,620,362],[101894,98,428,50602]]"
291,9985891e21872175de4e4c30a873fbe98265ea2e1fd9e9fc620d70e6b9a77d59,8dbe5f139fd946d4cd84e8cc612cd9f68cbc87e394457884acc0c5dad56dd8dd,dc0100c14fd5964cba497dfe41a2ca1b030262bb0d32997635d3c88952170d4d,4000000,0.499995375,0.4999976874893046,0.99999075,"[[3999963,0,0,0],[0,0,0,0],[0,0,0,0],[37,0,0,0]]"
292,3121156d4cc745ceaefb8f068eb112a650281fc36ede95a038f8412caf16730e,8dbe5f139fd946d4cd84e8cc612cd9f68cbc87e394457884acc0c5dad56dd8dd,dc0100c14fd5964cba497dfe41a2ca1b030262bb0d32997635d3c88952170d4d,4000000,1.0,1.0,1.0,"[[4000000,0,0,0],[0,0,0,0],[0,0,0,0],[0,0,0,0]]"
293,a379578bb8b31371b72a6c2355be0bd155e7e9f0a68a42e62313d83c20338dd1,c47d76d912e4bf6048a3fd5c5fad2be525fa52ed610934ef323420f0e7ce9a3b,b1c77f7de35a44e0e8a6415b818353b79255462203e4506d47fdf9484d5e90be,4000000,0.4652549777759593,0.57229370427897,0.78999,"[[508964,5582,9017,3108],[11981,2437992,114257,25028],[37505,13958,64378,1201],[181548,214263,222592,148626]]"
294,ea8cef30ed0eb79982d73bfa7abdf6e0d73dd0bb175a4aaa4a7f07105b67a494,e416e4aea1eeb3c9b08284db35b37366520f1c39f66de9864d20e1218816b63e,247230e8d43ea8e79c391d23cb2c716c29eed9330d05fb34bce9e6ba1729b302,4000000,0.2474930625,0.2487402148447045,0.98997225,"[[3959889,2828,34,37249],[0,0,0,0],[0,0,0,0],[0,0,0,0]]"
295,f79453ec58d85e734321e9ed468beb122555241153fc106cf55633736b72af1a,84d71e4703e9c2eb93343e89a8638d1669812400319f4640821c00d9abd34ae3,3baade50260f9aaee1d69d2513cdb57f07e96c34e2bfcc2fb8a6ea6433db1e9e,4000000,0.42429721186153474,0.49170304694883926,0.93133425,"[[143997,724,0,0],[273727,3581340,0,0],[0,212,0,0],[0,0,0,0]]"
296,75133b8c58aec580da7a08b58f46ca75bb3b20197ac32557430a082f09a82f6e,1ffb1aad4d1893b8082e94fc8ab82484830a95a8cdaba4321ae4a2bc7459f13e,9b49272fda8719da2089e03a36456ed73d6b977b4be677f14951e07319eb2482,4000000,0.2781330113873722,0.3056772851686654,0.82926125,"[[2060,302,0,21],[639591,3314898,0,76],[0,0,0,0],[0,42965,0,87]]"
297,5914a98f17f8ee0fcd7975eb38e404310103ac1a66d1f00dc49bbb8cefec5bd7,4948e25af42789bd621c7aafcab8214b80fc84b8f3b31bdd3913e3d3d3ffa467,41faca1537d1ef03da74a0b6e5c079248343a32fa603c3b76676408d48d4e621,4000000,0.43686155018438144,0.46701409923892173,0.99098775,"[[3954477,587,10359,20507],[1550,9279,743,246],[0,0,0,0],[1596,6,455,195]]"
298,1fb39149d452d06a54ad6ca0c89c351100df2196598ea3ae355f3614d948a91c,6cc536329370c016b6d09d8ebcfa321903542f63f1307cfd68aacdb6f41fca23,8cd51b99799b6ae30285d3c992245edbe14d329b80504967cb33f5f40c7cda1a,4000000,0.7603879253633672,0.8532440868565204,0.99423325,"[[3901146,550,3334,7172],[264,12435,2267,306],[645,802,8775,473],[6593,94,567,54577]]"
299,75dc779d1992e8304e7e90ad6ff3c89554638da289d19aa974b116728f19d3a8,eacef5e61d98a79edb9931b8ef63cbab75c71c47a4e6860e7e03f206627f43c0,36f776e621c5cddb4c816dd1301110c3060e4ad32105da7faeabaddeb4a3aa08,4000000,0.3568008141616514,0.4211428728356862,0.996729,"[[3983351,30,5601,4880],[0,0,0,0],[1801,0,968,0],[772,0,0,2597]]"
