scene_index,payload_sha256,prediction_sha256,prediction_file_sha256,valid_pixels,mIoU,MacroF1,PixelAccuracy,confusion_matrix_json
0,d12f4ea423cc9475324b7f1d27c71af006f76cc8815478a91e9a0ae2d711aec5,aab9642d3935f4859353ee19b7777d2fa738160d85dde20be2ffd1c7e030787f,fed54f8200c2871ced6b96c45465e5c4a9b5d835c4b18861b779cc32c733ab59,4000000,0.5383451864638333,0.6653523870014516,0.88201975,"[[169982,32120,71060,66712],[2394,2954353,56801,44413],[5894,55844,65203,5132],[56109,55037,20405,338541]]"
1,79444f1d3232f0f39ee4d2b9b2b8e059ef4a72cc59ddfb55c59c2c0967d4444d,1ca0e83d6e3a87ff5ef68a88cf7b75894181af1f3cdc4482b2ad64f6f184a611,57e5f3aeb699e3bfd36308f08ec3edfce03e15e2161c1ad16749c14fb0cd4af9,4000000,0.46152261357532387,0.5963499088690423,0.73273875,"[[388835,2789,28798,27417],[5272,2020979,26796,94698],[265316,55716,190190,112027],[343532,57973,48711,330951]]"
2,0738296f445b460034c122e934243b171d665645b569eece57f7536ef08e94ee,859c5306f70a0120441da3e32545c3bac05d6879e80d0d9fc4d25c8d638e8735,0cf05bc3bd639919e25b1765dd601ab6fce4e9fd95aa7091e13fc6363c0b90c7,4000000,0.3449074193448694,0.43299508345629,0.71422975,"[[2046490,3795,3741,270672],[225424,765546,232262,172531],[204969,1462,28750,27054],[501,634,36,16133]]"
3,0dcfdc016095be6ba17c1789bb9c68a0457af59d66bea823c7f7e22ea17cd765,de55765a31865a7860ace32a4a2abc1ede654e96927b32e6a555e368a02bbcf9,00bf84917f36cd2f081e7fc4f040fccf3735eac4a8769536b8d0c7bca5fa9e99,4000000,0.6538896960059649,0.6968960768083972,0.97059,"[[3189526,33490,763,57144],[7875,457022,221,13036],[0,0,0,0],[2351,2760,0,235812]]"
4,27470064fa7f1ff09167aaacf1b40bec2cb62e9bcd74e0f5c69fadba378eb881,e5fa0b044651aaf382bbdb13aa0195b535964e2b354b58076ace45a57bf5d230,c34af598eacabfaff59d65969c353ebc5a9e969b03efa23736bd6961d5e2292e,4000000,0.6049709550609823,0.668831726518486,0.9021285,"[[751395,43793,184,99597],[8106,1915552,440,167942],[0,0,0,0],[31190,40125,109,941567]]"
5,9e5fbf96d9602d9f211f7e9d9c23aaa31fc7ded32301e05ba8928fec2df621f8,0bfdceec06cc498acbec6a6976d4ee9c079c9bb88b05b86bdbaf9852272efd58,2b2c7fcbc0498e68ba986d8b4a1714afca9f3c98a2ab046cc9512c563c64905f,4000000,0.3126143712946152,0.3543627892744038,0.977723,"[[3877701,677,44097,8],[0,0,0,0],[44326,0,33191,0],[0,0,0,0]]"
6,97acaf5f0428c189aa7d014e80f69db8eeead8bf08cec8f2606bbefb5954e619,adb7c57897e9f9bf0bd0d99d70fd26d357b04c4f3ef6006e170f296ddca7c11b,5fb76cb943e34d3bf1694715bcb846f23e777cb60e7421d9fb3d884d0d3a4611,4000000,0.33307475000000003,0.3332039914982024,0.99922425,"[[3996897,73,0,3028],[2,0,0,0],[0,0,0,0],[0,0,0,0]]"
7,2c14df27dc839cefc5bd81ec327c83b69ec4d6d69ae78ba842ac1fd56fe935dc,1a393d2e1b545bd90b3d0bf8d8756924d4db0dc85d0cf11cd5c1ec22f8d8a48f,7c7df9826f939d0d58718912ae5a02b727efc96daa8a0a78844d0aaff429b726,4000000,0.5394949403797396,0.6383408585889658,0.77533525,"[[1459748,30988,625091,94385],[3999,1398190,55257,29294],[323,10860,45541,1032],[20417,8011,19002,197862]]"
8,54f770e668ddcd6832eff468bdcc237a5077bd5d0b28c3408e57026d78e1216c,add35f70ab972a6abd7c1bcc5768f58f0ee91ce6fce38dc4697dc063484a73a8,526998007ffec2f809822d44723f70c3cec101f1f19acd7d86dba0214e06bc1c,4000000,0.5124263996773053,0.6299849661400502,0.81745475,"[[2516712,3184,13103,96082],[3024,12174,0,261],[598396,129,730324,8916],[6996,90,0,10609]]"
9,d64f9cc75e13d17d18b2088b3def5d05e13a8cdad2d2200f5335c8ff131009b7,e6fc1b9dfea069a11b8cfdceb699ae5907d0e95000bc850d58944c017489db53,3a9affc3228c4d65b020fb44931f26c4bd79f87955aac7390a4e029c336b666c,4000000,0.6040303422867047,0.7216920827663015,0.887765,"[[259172,24553,89743,110777],[3522,2577648,6126,78087],[2291,60017,64759,21991],[2733,39017,10083,649481]]"
10,e7af65c3213056e712f815bcd803cfa06361fa3f3abe9c54e9ddc5fcd1eb2091,dbfc92939266f019f3792f1061a26d6705f28c4bb63252299ea20cf781fb1458,dc632b9329b3d2f6cc1b05ec8b56956958f3e3c7aaedc4cafbfa278bb0e5e2d4,4000000,0.5650619676298474,0.6328767834963134,0.995484,"[[3949373,5802,87,5735],[5169,11517,469,0],[0,0,0,0],[802,0,0,21046]]"
11,23bd490487998c34914bd13e52110907288080351f98152430a088ba5dff2255,92f1322dc13023d35fc6f1f2d47a9199a9eadacde3d8178d8b93c6e144602e7c,51911856d9923683a50cd5a1aed8b763b4007ed2d454808e90c571ff623e52a1,4000000,0.47698811850713935,0.554598699379828,0.99399775,"[[3958716,10,5722,983],[10139,4337,80,0],[0,0,0,0],[7075,0,0,12938]]"
12,750e0b8b7e82948359a0c7c6d20f906cba4639302d14693363942aefbe74448c,8dbe5f139fd946d4cd84e8cc612cd9f68cbc87e394457884acc0c5dad56dd8dd,dc0100c14fd5964cba497dfe41a2ca1b030262bb0d32997635d3c88952170d4d,4000000,1.0,1.0,1.0,"[[4000000,0,0,0],[0,0,0,0],[0,0,0,0],[0,0,0,0]]"
13,1ac42d659d5eb46de89d7ccf589972e34b42e8a1aa03bea81cc990d5124eb010,832be4b66abaedfdff9f2ce4fb457cf0ebc2fc251919e8c44604b26891800113,f587b7ce4ec53e042973777c63da201ff67787655dbde3076229919dbfba7492,4000000,0.249084375,0.24954134759277927,0.9963375,"[[3985350,1280,11000,2370],[0,0,0,0],[0,0,0,0],[0,0,0,0]]"
14,61bcec3e104214f19f361450b4d1841c4905acb8e55525e482f8a3fc9bd6a72e,6c8d2d226d22047ac96a21fd3548db049d5a199975afa5a465b3442a64f1b384,040cfad7a005946135a7432e122a5d1383b93ba7fc81f7a775d30f5cce84f56f,4000000,0.6957965361379698,0.804527165813796,0.8824725,"[[1846299,870,16652,89804],[436,969608,39986,63431],[12662,7678,97546,12788],[170853,10172,44778,616437]]"
15,bc46ca4ea8c0236ae778834d458b20073cb5c0ea645db5d49b9c34ad093fe3bd,124debf66c3f92a6cbcfb9013c3eea766af030d4bf8e1cde3079a612d994df6e,0b00acf0209fe2c089d4bf0d8e796cb5dc993eba6eb68a54fdaa2949e99431cd,4000000,0.65651007715798,0.7335677855394892,0.92407525,"[[1750502,39080,5497,33444],[39255,1408886,11295,59761],[7692,955,3408,12],[74996,30982,730,533505]]"
16,c4a869dcf6d8ea07da5a9503beac4b5fe8a9493ebe2583ba9e1d13ecbd103970,c0d41c27de4945e3fb2304356c2c2a19f194b0de11c50ef19d7add5dfc8a3fcf,0e97d5bb871c7d08ec77725f875dcc6a6854658bcab43bff1e1174d32e74fe66,4000000,0.2481646875,0.24907896296844606,0.99265875,"[[3970635,1676,2479,25104],[0,0,0,0],[0,0,0,0],[106,0,0,0]]"
17,4978921d89c6e9a505e5b4cdad45433a18d0d184b4d0aaba67ea07d49434764d,ff4bc66515255920162a0d0f972d9be6a2bd0e60748bddc9199c61d0238edd67,f69af04581a425c9be11ccd5c9dc3567ad9763d66c2af3cf7bad3f7ea947d68e,4000000,0.4634656495893693,0.5496432757424203,0.9903535,"[[3952647,4912,27054,2544],[383,5061,8,30],[135,7,35,0],[3501,12,0,3671]]"
18,d961b69dde3b7288fbec8b2ab137f77f7e2b45472af07d21a8f60b8a4c8ac241,52420edaf6f14590f43fd0a0740b6a480b4c8af4490e6dbc5e3949e78b1bc249,d34d90d23b01ddfaf929639552293789872572b4d73faf7d59fbb97b9902fd64,4000000,0.245772,0.24786797156757542,0.983088,"[[3932352,260,64448,2940],[0,0,0,0],[0,0,0,0],[0,0,0,0]]"
19,010ca91d7304efb8821603bbc6b2106200f690e445ef2c7f93dc9923bad34203,7ffa530fcfbf9cb0e77f4d83b832bb944337e0a1b9e8cf93796b99613009a7f8,093fdb2ac18d105bf3be644340a427e7a4d8c073dec91e35e059e86f098ea5b4,4000000,0.43357338140296775,0.5136622654077561,0.9448795,"[[3716369,1082,199008,569],[118,3728,382,0],[18164,1159,59421,0],[0,0,0,0]]"
20,e5ce2a3626c4e9361efd5b8d5e5bdf2b1fb23fc6cea21f446137c41c3ffeee2e,27ea7043f5f9c6aa74bf12040a70178537b4bc6ba17fbca60b1b5817c02032c3,deefb463b7331913763a66f7f4501330cf5d3acc87ed8b3af918c73c7fff10f3,4000000,0.28344509458743333,0.41937792869446794,0.5332445,"[[40069,14290,27115,38858],[1851,1708144,380592,64564],[997,201886,202655,75621],[15754,794437,251057,182110]]"
21,67fcfb59239a99f91b622344492754fed47a94e3bf0e542fd1431a191fb5d20a,dc2099fe61bd6a47187e342a2806d5cdeab266e710194a113e9013ea344d030e,102fdbe8ea3b6248b4277e96a199d6584bde224019c07a5903f50db95b50c3de,4000000,0.25701529846066795,0.3392303869823698,0.723142,"[[2658659,0,69795,0],[0,0,0,0],[496713,0,192508,0],[499163,8898,32863,41401]]"
22,7c2a8314ca64a92de6975cd6196fc2a3dd3c18a192ebfe86df61f1ea00d78e59,acab5678a8bc60de81ff3088f191a5028f8a3b8504ab21786d42848d6bdecb38,b2c8b93f4badf3233379aacc1b05cc4605cd25217e1de2597d042513206b47be,4000000,0.2280686509549649,0.23858913488062372,0.9121165,"[[3648411,3897,345156,2456],[2,0,0,0],[23,0,55,0],[0,0,0,0]]"
23,9c55e5c0f86b320d10ce985a88916f36af7a4c527a44a2cb52b53eacd1f445dc,9a4c0829db382335f765dfba2f2693f26e8a7d79f03ab71f7664497375e3dda2,008ba21f8a6d3afa7f4a02fb5c247cf935770206ff240ddc87dfa8a5f3af5fcb,4000000,0.5075548281345015,0.5941799504804407,0.7320015,"[[571619,616,15670,5615],[21357,1929472,113322,1308],[21663,137473,421964,1178],[13565,419726,320501,4951]]"
24,fd043b17828a8e7a6bf39c95a4322edc8b077cc63df58744c56a287902c155e4,1a3bf28be588a4dc304ee3bb122681308b23447620a8d0f3e7929ff6d454d84d,2e3e1aa5ed1311595ac03c1dde37cc495ded1c98af7ae1e1d35a59b391fa08f1,4000000,0.6709201757273671,0.7780736498287206,0.856629,"[[1811869,28,3341,8232],[0,810312,8338,19238],[3860,3467,140972,17391],[235911,48403,225275,663363]]"
25,b37932b54df922d9f6cfc55025fd3dfbf4d00a9020509cb9c9e989c3e28bfddc,be36943c2faa4c35a895c966a9f4c24c9410afdeab04325e13380c7c32669d51,b805b099ef9aa5ab5b906183540fe31530e701c11a2f2590c124052871679fa9,4000000,0.3880701163378733,0.42948239444049807,0.97994425,"[[3821673,184,7696,6785],[0,0,0,0],[64238,1272,98104,48],[0,0,0,0]]"
26,8d6428e724eb74b2d9bd5907914ed237f15d6f551334329ec9dbf9177b9b1cc2,605ef8548ddb4b7df16e282024a689c966616dc4f59860f820ab7c16012ed268,57e4ace8d2d1495ca1a37d541a61ddea43128c660094c523845be0a374f326e0,4000000,0.23743725,0.24355673473867662,0.949749,"[[3798996,3231,196898,875],[0,0,0,0],[0,0,0,0],[0,0,0,0]]"
27,171ad88df4ab8d838e7dc7b1b77598201cd2447056e0dbb1624134e927a88d65,abc9d46b5f241529d745b289d81dbee50913df839bb880549b9e7b66df3a10cf,b2d21378544403fd95bb0fd6f0f0b7077e93588f8b8613f2e2c6953ef16157ea,4000000,0.33229333333333333,0.33281252086588414,0.99688,"[[3987520,0,3179,9291],[0,0,0,0],[0,0,0,0],[10,0,0,0]]"
28,8a65b733ec629467fb48bd88a08acde50db7f69d613586a384a2ce64b60f6e20,6bda19de831ef6cdd8557f78c8ad86e55d1f8aa71777c59557e9b5b63f447184,494f5f6a7f3a6ec9002fbb16647077c2654837c1d219440e0e5103ffc13e5d24,4000000,0.499833625,0.49991679865737665,0.99966725,"[[3998669,0,0,1331],[0,0,0,0],[0,0,0,0],[0,0,0,0]]"
29,7cb3ef186408cf9f0b7ef623afdd556466debd2341f592e6fb1fa2dcbb74caf2,f432192af332a4607b449920bedaf6ac4cc23dc632e775c5a3def8ec907cc0a3,bb194b6441127131787a974edfe96dd9aeaca6caa791778c901add19b32274f9,4000000,0.33328475,0.3333090398962824,0.99985425,"[[3999417,0,494,89],[0,0,0,0],[0,0,0,0],[0,0,0,0]]"
30,71cc544401d39a3343b3385190c9f41235e037d55c9e54935669774fe29357e1,e5be18990199dbdc1b8d9640adcd8461a63c10827bfebfc84dedc26110a45464,a227b2d8e768741a93baef7b3221464784fa54bb73535d7855363424cdf8f0f3,4000000,0.14216462010082184,0.22169952928129694,0.2839375,"[[2308,0,511,0],[0,0,0,0],[2863739,0,1133442,0],[0,0,0,0]]"
31,d3eeb27063246496ada2d449c1da4421e741b68714d9b28e76c31a6eed006264,ce2ab2b47c6a870f16663afc7058ddc7dc172a46ce3995b482bdcd8d2cd8183f,f8ab5f35e6c3490a90db6d1d0978606f4791fb40da9149c50d1e56ec616bf856,4000000,0.6489024349625301,0.7682950932255862,0.83573025,"[[295285,10679,438534,13966],[2584,1906374,23935,26357],[3194,5925,758546,2577],[4131,29460,95737,382716]]"
32,d173ade01eee750adafdccfeb0685e68613bbfc1e5824dcd058443b54dd9041c,971588202941578af47b248330c108c4b150df9331b92b3373fed5dfe5dfad85,14a4209330da010b6024b1cd62df55ee662e952b32b68559e0d78cee14b65cb6,4000000,0.584890913495435,0.6870628830603853,0.76779125,"[[623567,16034,699469,37166],[2189,1661513,44201,27001],[0,1538,155995,723],[5798,20313,74403,630090]]"
33,1fb76940b83ae2b31b60662b13c9964c78684196f47749db6e076be0d2c79854,161ad08987b1ac9c021c05f5e7db53f9a124bb92985ebc5fc3bdb6b012d569bd,5e27cb87fde68b6084122e68ac42325217b68a2b3446f1b238e5c9c8ea9644b1,4000000,0.25754934070906227,0.26552658035214033,0.99809025,"[[3992203,371,380,6847],[1,4,17,0],[0,0,0,0],[23,0,0,154]]"
34,0febcc030c59db27e948dfbf4b3edb8909d3a454b06e9cb4e3ba9ba3936c61a8,2b1e94e482e764769fb0ab4973057b2fe8bad52c36a2e5ac0b547233da31316a,473c6dd56a1bf788baced34dbf9bf5c37fc3cf70f538590ee424f4d6a4114e2b,4000000,0.36617026322654866,0.42053190556610404,0.9923715,"[[3965230,199,18552,62],[4271,4060,0,0],[2456,1008,0,0],[3966,0,0,196]]"
35,59c59f1c3e46e22475571b03cd1b92b9d7fa64f9de936cf0e761b9502a57c79e,557f148d51003af1683611a8f27f4003d0fd42947cb9ebc469d2f8d2a4f89374,bf6b0f441733e8cdeb0ebde2109d66dc0b2de81058737acfff2b3eb345ebf235,4000000,0.20486097605076098,0.2853429540424045,0.548342,"[[1883248,0,29250,0],[353,0,99338,0],[592233,0,310120,0],[1040907,0,44551,0]]"
36,6d0821ad0c425c3a8ad33c6b7ad9c4e2e91faacac5194c55614662d6819e19f8,acf083388bb58283af1d4e228f66141d0b104b101ceafa55c7dec0abd0906e8e,d1fcea9848789ed2eaf8658ecc434f8f63cd378d605d7ed80434920f94f4d11b,4000000,0.48724116925249084,0.5608588417522367,0.87322675,"[[3164863,25436,178361,268737],[3254,224183,3702,10615],[0,0,0,0],[10421,5336,1231,103861]]"
37,1b2c2b55a6856f1ae4379ab19bf2409ff457db83dd258091a9ea25007d6d1fe1,69ae48010179dde51a9bda71e490602bc96a571743d3799de970689a45aae837,765899c3c767b7111778183b599ac5ea0b7a71f7c2a435a52849b654e89e7237,4000000,0.32244202044422166,0.4296652273888215,0.4996535,"[[309789,3026,333175,41658],[37252,1341354,155052,125075],[9,7,83411,1955],[235743,100497,967937,264060]]"
38,d2bcee3008951c612629285dbead47d81aa35b08c136376edb15ea6cf422f6ed,383aad10ac2551f2876bb43c3e61e57273ad8f0332796dbb91101026d9eb142b,61f5cf9cc1c477e8b5a296e48cba924bb2f6750e0dad342ffeeb516618ff0779,4000000,0.3332839166666667,0.333308623168359,0.99985175,"[[3999407,2,0,591],[0,0,0,0],[0,0,0,0],[0,0,0,0]]"
39,552210dd59d9839b33ba5dae7724c7becda486d08d9d474d5bb124a047dfd734,c4c51c41057a15bce14dec446249a241e0919a8f269caa05b3535f330d179fae,50c26ba62ebcf6bfc86551ed6af6055cc853e6545b925762d60857d05ebf569b,4000000,0.5225965835772537,0.5734514493328512,0.9513785,"[[0,0,0,0],[0,3785321,0,3640],[0,0,0,0],[0,190846,0,20193]]"
40,251f8c941707e8081de3baaf0ad6d4f8d3f050310d423b4fb175b0d5d5cbc851,e319e61e0df05b2eeadeb38732cf83062667ce22bb5a0570eb2c955af38867dc,78b3a03ab4f729c565013ed20453ce4aea0a9ac45cba7bc45647bad861f91030,4000000,0.41952058266953035,0.528964201591916,0.9540875,"[[3724865,334,4005,19569],[190,6564,15591,71],[128167,2628,80027,13085],[10,0,0,4894]]"
41,42485855b6f1851925aea2352ec79b4bf93ba09e82d99d1cd5e8d388a7e4cbf9,3771696a6cd5ebfdecbd2d2dd522e4240d9f651e5af9b3211b937c6ccbb4c8ca,1046da84ba4c1989feb42393dcb3f2e761535f3be94a120ddf00b69e7db5f546,4000000,0.25121621443591713,0.29025300655079617,0.87920475,"[[3446159,50,3594,313],[0,0,0,0],[478477,0,70660,727],[20,0,0,0]]"
42,ac0fde8d922fe7782895e26d7f307d59545f78707fcbc7edb79ebe7029352817,0b26d04e6dd4c2e5d91a13399df3b35dee19bd7a43328fb80f3a81b8a643e235,2a9f3f7ee6514586925bd428fedf9ccf29d889b4eecc4ba7fc8bca13ca9181b4,4000000,0.33230025,0.3328159899784704,0.99690075,"[[3987603,0,10605,1792],[0,0,0,0],[0,0,0,0],[0,0,0,0]]"
43,f2ae2fa8e4ba0d504b3b4d9dd0197b8b130af84499c0fa3c4db2aaa0334f5e35,977d66d9ee748ed60ef763f87098c59420c1b829f6d26e9d5740dee3f41b03f9,4671fcbdcf53ed10fe5d57bd37042b60ff1927df0aebca75eac41def364d2344,4000000,0.6653761345125426,0.7888557274388993,0.82518875,"[[1051481,18681,271951,76032],[3529,1420960,88761,14854],[22587,66194,393476,8026],[28790,51526,48314,434838]]"
44,18b22f7f373bad26857ad2e3798d23f2e6d49ad36831424056aa575e0e71fc1b,3300b82e2fb94dfcba8c9f0b7207053618e83e4a156c7428f9c3187f1650c705,8581491573c4a6487b536948766d54ccc0524021c2b7519ae9e849be3bc57613,4000000,0.40808839644786066,0.48757383971241597,0.78236225,"[[1445817,13073,43698,153633],[139838,1601658,301806,38487],[163815,13397,81974,2804],[0,0,0,0]]"
45,b45f6a48775cc1ef6f7e0e63447e934728df720900852e5ad3c38a164ee52e07,1678a431cb7e3cdcf8d8e35c5d95be8aacdbbf07a29632a5dcb4372840dbe5e4,4a4c2543e5678f82911ad794a81afa0b4e82a3bfddda64f8f6543305d571ddbf,4000000,0.6921338029320221,0.8031125471194203,0.871676,"[[612280,17960,245816,59167],[3517,2066823,82822,42235],[7070,4839,263388,4953],[9701,19218,15998,544213]]"
46,898bde1c294259889b867d702dbf9a515b09b8d887b3fa3cf7f8c5e589ff95ed,36690395d2d783772dc783c1ff79f767a33133959221e0aec4f12d89b7e6ae4d,810a710985867a6e18a45a98ba845286d89c2da3773bb86c958a7946ac2fc63b,4000000,0.5991743594632126,0.6603496561310962,0.996838,"[[3975710,292,8829,2298],[672,2181,0,290],[23,0,0,0],[218,26,0,9461]]"
47,a4bb7847888f708cf66422735fba984831c66552e9267296a85d0cab175f90ce,5da490df953b5f8aa58794bd12fceb2e794e7e157ff8e4dd2b61e1ccbc63e372,30294b129dff94b4511982be1bf60d3c0d0584aff29165c466617af9d40310f3,4000000,0.5972184318434269,0.7021377391615623,0.981254,"[[3854079,1222,20306,34478],[498,16864,2585,1624],[773,0,5552,319],[12561,462,156,48521]]"
48,f7736ea49dd8ce06a98dcf5283fd4bf51c251519f06e0a32f82b0eb1871cc235,3f7ee61ca0714606e548a30205ed4f9274254f87f3fd2e95dad075ff5acf7ab6,9c0a565f88ebab7eb960317b9838f9d7b694dfc364ea65f5569039117618e3f4,4000000,0.2490429375,0.24952055102473022,0.99617175,"[[3984687,3655,1036,10622],[0,0,0,0],[0,0,0,0],[0,0,0,0]]"
49,7eac8a2cb045935743ee1f6a793f4b31f8fba7e2f59e64080789ff00a313bfae,0103741338e02af22671f180677df8b093d38bd90f223803bf0302777082b814,add8d53b39dd69cbe4acd78ef12b0e97f565f7fdd0a4f60dcc4005d6a42b7e72,4000000,0.3919483989032771,0.48195019109831644,0.80389225,"[[2689021,0,621433,119],[0,0,0,0],[162879,0,526548,0],[0,0,0,0]]"
50,fe94dac6fc6f898b521211936af1d1588f62e32c9d12742a0520e6ac959702b0,c660667480624253d54d80c21a890fb654ed2b9b5a23bdb98dc38372d5d71de7,12c83a15c5878d34deb66a8ded07f7dfa92ced741f9710ac54eac92995c34cc1,4000000,0.249915625,0.2499578053796578,0.9996625,"[[3998650,565,762,23],[0,0,0,0],[0,0,0,0],[0,0,0,0]]"
51,3f4bc81c098533d6f6a0c47663b162d247138dd069d7f464155d02f3917964b8,ccf8fbeb6e5d33aecce87b6887ffe7698f58bcea09c849e338dfe389067028c2,3594dabe3bc62497a703b6d164ccd5d1a1a2ea474d57e615638d03b564e719cb,4000000,0.3333155,0.3333244164281394,0.9999465,"[[3999786,0,204,0],[0,0,0,0],[0,0,0,0],[10,0,0,0]]"
52,c8df70028481d2e9b39db629856faac9903322327333c9fddb3e73cd3c2fdc4f,43530d5d6e9ed1ccfdfab6ff62b2b4bede78f0f5f7682af1d69d3ef324df2ca2,26209ad0fefd9b276d5a57c8d4f7ceae8eb5746128da165768293047a7b5458e,4000000,0.5437116302497333,0.6773180353796554,0.718802,"[[1559195,824,20834,47030],[8538,479063,151814,18196],[62475,27123,459757,103556],[178976,8364,497062,377193]]"
53,4c84215b9221d7bfb11b2325e5cc241095c7244da41d229b815068720857a09e,fa04d3a0a18403867420ac8c613a8c8c773868edf100d78cab53916d2dfe3031,26fd6a8916ee911029775f190e205145ce66aefd59e6660b677ae66c59199b89,4000000,0.5639847916964247,0.6436741064192539,0.938828,"[[0,0,0,0],[0,3697904,0,95522],[0,0,0,0],[0,149166,0,57408]]"
54,b40dee6cfe7bae31606de85b766a8ad8485d3f8dbaf038e3182132a86eb534c1,120e6095478ce80674553e861343542d05a83de5e0a21ff5ac6bf3d014f9cd0c,89a27500a2ec5c7b05ea71b082c86d0729d9d1fd068e7a48aa483d540443439d,4000000,0.3260010788136662,0.4081414543311682,0.78993925,"[[2909891,0,17307,54871],[92,0,0,0],[202344,0,202005,82],[539358,0,26189,47861]]"
55,0f964f4c6f082b718fe7e495b4605c4f55c9577d301e2c4bd67d92e906853e57,f9dac6ddcb37f9943e350ef2e783731d1a633ddca3f41975afbfa44d46b9634c,3cce32784cae902639ecb3cfd3eeff4e7488c67ad73e9ae9451284a108d418a5,4000000,0.44319790226988726,0.5099743911392146,0.9910575,"[[3960024,393,17329,16143],[352,1550,124,0],[87,0,1380,0],[1342,0,0,1276]]"
56,36a9550095976b3fb23d10aebca36dbfeff33e80ecc1f6126d257d7170dafedd,c65b4e7fc0f08ddb4266cd2363e82a8af5a6605ad76513cc5558b3a41a170cb5,10f88f2f97d23b0853acf8ba3c4875744842787b044b97c2388765348757fcc6,4000000,0.6789197120451037,0.782956478016356,0.962846,"[[180946,5317,19832,11100],[3683,3494722,14980,41513],[4273,8114,34084,2679],[296,18635,18194,141632]]"
57,183d1d9a9ac30ed8e4cc3203184c9f6376c97df3f72354188aa2b11cdf95410e,41f373acd5eea79695434b636e668b3cc19142a020c6a9ad1ad51d5117dd1d69,14e2c46f33d8983a65b52c350e55c3fe303fd5879de46c8f2be28663a14487e5,4000000,0.33329525,0.3333142905788493,0.99988575,"[[3999543,0,453,0],[0,0,0,0],[0,0,0,0],[4,0,0,0]]"
58,9699aebe74850bad32d5f2e70cd2cd7a3fc5750a693cafaa3ba26b13dddeda1f,6e88d1de6894db4cb5d1fbae2b865c5dbd9b8a79624643a8952294b1689aa6c0,41bf4fead5076df1e736ccf9cf753de78d66c9924f492ae8c9cc06ec488d9dd2,4000000,0.31409212687260335,0.37867188881151626,0.8178925,"[[2666954,0,0,0],[655075,604616,56738,16617],[0,0,0,0],[0,0,0,0]]"
59,caa5b77723baa0ae0d1f3e19777a0195b731677c01254208cd7157bde8a34174,dc58f598a682d0ec52b608dff88d26784ff2af13597720fdc69c442c583b40ee,7c10084f20e58f43cb52ef8e558b2b2ce040de759c8683ea510c5237b9c2ec4f,4000000,0.2685929755212019,0.35341990689387226,0.50133975,"[[1266298,957,61,8],[237339,665722,783580,119144],[182240,245051,59520,21475],[67831,298214,38741,13819]]"
60,26e7194e5766c36648630cbda245a69b46bc080abcda13a9e4af0384b7613b7e,640f86dbc487e9b002b6417513a535a62e52874ef08a6702f7266cae516a9287,f27c6191943224b307c6ea98d36bdde08579b063538331039332ef064b916d10,4000000,0.6128071318280975,0.7044102395407228,0.863991,"[[1819031,1559,316427,11509],[4524,1475695,954,34731],[138085,14773,69474,8294],[716,12393,71,91764]]"
61,e1cd1fa8d0157e0949cbdd9c0307b2a638d2a55b60ba63618e016d0c55a0a493,57c6faeb681076d224c88ff12cb09c8b23a95dd9b2bad4a50ec16759e3d13b50,423ef40140744c023752ae0fc1490c2012aaf0ece88cc7a23770994b7db812a5,4000000,0.31770902526051364,0.32541455300782435,0.952963,"[[3811823,0,11796,176152],[0,0,0,0],[0,0,0,0],[200,0,0,29]]"
62,3d5a88a74537ef0dba5bb5c81973dfd717127883e7f0d31b7a0b6668336c5709,e65908bb81df1f5c210e592b37a36c2af23d9332069fa49ac4ddeb59ff1b9961,44d20de05653523051ac3a65ac40adc7828be5d082ae6755f2ca03ba68004b24,4000000,0.6810296115225768,0.7572410506954363,0.98613575,"[[3794810,4636,0,14997],[6609,83549,383,3552],[22541,216,4369,309],[1009,1205,0,61815]]"
63,e9c9a4e350d277636e46e71bb567b4c5833d9b6ad87697b2cb0c34b9e0b11135,6a58c4aa65c76eddcf624a1390b0899df8847baab0c3b4c95c83883a496a137d,9ea95460a29b1bf1cddc1b76ec3290b17ff68712bf1c50ad532253887a6a5fc5,4000000,0.5687020954780708,0.6375313841345267,0.9271695,"[[2873664,13945,5583,77612],[25822,575391,0,68740],[0,2,0,0],[90574,8946,98,259623]]"
64,f9a287ee9453711477f2c157a1ab8be88f01028875d528caf52c1aa15e765504,a6520735a9ce3eda962309f945f2f82012b6ef4f0bb7a6e571f37bb9ba74c74f,15f6036506912417fa9e3aad682fa1fca446a13a4e3939a9bffcf63c29f986eb,4000000,0.49122029168663106,0.6242267212566909,0.76363025,"[[1889072,7325,25196,32965],[53915,736532,89500,26784],[56932,118876,89547,10646],[203817,248819,70704,339370]]"
65,e043f8280a95db339d25351533d23f756592590da9bb124e24acaf6b21688fab,724ba6f503b6492a265caf7d575808d3e893e376f4d811b6bef60612bdf655f3,45d29d79b7505ed81d60dd7d9350025206b9d8c19cd2459237e41e1baf6a3ff7,4000000,0.40514909551436773,0.46867292915332665,0.934435,"[[0,0,0,0],[0,3635122,1935,74792],[0,0,0,0],[0,185533,0,102618]]"
66,e60382f94f8a923c01eeb0f54103299d460d228bc39d0dba95c814ba64676446,1183b16b0c5781d3de7f367310ac1f54d40b9dd4eb63e7d4dd46ee0c9c6f6f69,482e40e58d3ce70ca94ba604d4ebe234ef2c270f6d0f24b2784184fd6acfceca,4000000,0.7116799297618308,0.8241631896949972,0.84946975,"[[990167,17027,342066,44601],[6909,1504495,26849,31234],[44937,12212,542483,14052],[4009,32061,26164,360734]]"
67,5212926d68f7f3d52d475da2e422b937921d98f7b2d9f7cd4867388188a04107,58d0080c28140d2bea872e388810aeb334e4d06098a5ce2319937467756df019,fc7c0ddb50e05ba25c2eb7e35e100002ad47e59555ebcd5e8895cd31f465fba3,4000000,0.6248795159189496,0.7612316885154662,0.75416775,"[[1221524,2468,235287,10338],[969,361619,49576,6672],[482727,6965,1248959,23160],[32364,3812,128991,184569]]"
68,32751d1919f9994e37d9900f5bfbd774d1e09f2752d194d0f2fdfa74cc824e71,4e18e74cc0da0fa6742dce271ed287894c44ec30384ba304f4f1a49121787fb3,d6e5181fd259d82d6bc726544ce16081d9721fce8b533a0ecca0bee2d09b7452,4000000,0.2429288125,0.2464136872705123,0.97171525,"[[3886861,31595,45915,35629],[0,0,0,0],[0,0,0,0],[0,0,0,0]]"
69,91d519e74b671f5cb852125343a44d629d0aa498f66451614298654ee13bca0d,9a1058803a67348fe57232bfa66c557116ac64ee466ce891cf851d729e2bbd73,3eb23b8de71ed7d8dce7d30dc0a5628cf68ccb0d15e487521eaa320da30ff732,4000000,0.2998999885194886,0.3741280742637356,0.753098,"[[1859058,13980,403752,2275],[0,0,0,0],[551523,14984,1153334,1090],[4,0,0,0]]"
70,b3cea93ab2e9ca22918ad362e3af208c17e5406667707e145c6f85a1c7431b51,0d8170431b7dbcffdf80f48d904e3fe7011f144082bf04f40105c6aa2d408ab4,7f92a65d462a257206d174128e639bdb7a29a3663007b09862d25bb3b914b8c6,4000000,0.2418861875,0.24587617384560123,0.96754475,"[[3870179,5566,123144,1086],[0,0,0,0],[25,0,0,0],[0,0,0,0]]"
71,8ba06c443f7a8b89f3d714a200dd60c11f3abbc46bdcfa6258eeecc408257bdf,6bb6a308889d0f9a194e032575f27459e047083485cc3c3219b44f3d00dd67a8,566925d4bfb3942155974b0c6d8ffa58ec675cac4068e1aa30fc58de4aa807e0,4000000,0.54428684435246,0.7011989393117496,0.704298,"[[1143649,12570,145653,86322],[67932,628022,92156,67719],[128269,148,449255,5124],[404316,76922,95677,596266]]"
72,5e2284a27f575cbf809d292cec9ef40fa582739cf2c3cd330ff3c8a2f490753b,acfb408e2c10f951aaa1ce9f2d3e4505aa6bf7f88754792c2ada0df902472bab,4e6d9306d6645582437cd591d579509d1b1aaee894e6b7d18184fabeea8855db,4000000,0.5331712878450139,0.6424507751693638,0.9698675,"[[3764324,3498,31646,6820],[386,5539,22319,1284],[26613,0,42790,739],[25483,0,1742,66817]]"
73,40c313ddba49c66059e5fea18f6489cac47752d4cd9bbabcbd04db399a9a5136,5d96132f599ed6ce7c6afa44bfa265ad806f33b81b0af428422c1aa87a07ae4a,b62fef403c4d0af178709836b82cdedc4160f14711a7bb7a650e2ad9fbe9332e,4000000,0.1666285729047213,0.2558818993226696,0.41143175,"[[1215755,2,22604,852],[69,27,78,124],[171833,22642,60350,2512],[1430669,320996,381892,369595]]"
74,119c6663e0351523f928b6fe4d3557dde1f376adcdc852af273954f0aa582ba4,491ad75036e45756ce7b8aaa14778b4d4419e47a82c6de6ee8b37f7b12495249,910baea8ef5081e7fee5fd611165616492d5aced214a55c7a5cb4bbbea6725fb,4000000,0.0986954619333205,0.17165086850626754,0.2333005,"[[563533,101,885,595],[0,76,56,0],[806011,75188,120448,6582],[1369799,426828,380753,249145]]"
75,e60d5c69de4084c88cad897df3a3dd43bb0ff5052b5070571c7402c9ed7c2f4b,a4ff26f68f0bf4019ed656479799ca36d48a4f8703f7c7f3758a51521e2437cb,04f16f295ec5848a9df7e7962261689daa0b2e803eab085a823821f6d59c780e,4000000,0.5725746858107651,0.6121891342405145,0.9948875,"[[3928171,0,14656,753],[0,0,0,0],[4926,0,51379,115],[0,0,0,0]]"
76,66a1971a8098d4c70673757db0b39695de0576970d2f5b58fd5eec9a3c07494f,c4b2184ae95e9dd2d66e34a64e573afdd4a44fd8e51f14b8cbf410dada5cb003,a4687a46a5214b9687eb1298264862c7c30be21589b41af0eb5fd37f35822adb,4000000,0.23865675,0.24419671886247352,0.954627,"[[3818508,1411,179621,460],[0,0,0,0],[0,0,0,0],[0,0,0,0]]"
77,53adb0549217695c6cf862af6f40e6211da3f60226f1ebd847c4de412670ad2b,de055dea29d0a92fdefedf96989999a2acfca65b2b530c7985f89e88efe91026,f1d314a34cf4c7c5de6d7bdf332eb865eab6a36b9f63358bfbc5fcb15381c834,4000000,0.5838980030414023,0.6492553609154919,0.9911205,"[[3936971,2958,23413,884],[2157,18788,808,43],[0,2,0,0],[4954,0,299,8723]]"
78,f3dbf3447a16417bfa42e65abedb285598f4773250f0d44464d48327630986d7,2d29170ddff09e9d05f93892081998ff0df406d9b7139147ce8ae78705f3f288,91448c7a9e61c49c81591495c83839d28d02f107d1540fe5db5f7c3b4a788354,4000000,0.010289125,0.01976480000845214,0.0411565,"[[0,0,0,0],[2793482,164626,1040264,1628],[0,0,0,0],[0,0,0,0]]"
79,233f74cf13823de22eba9182ee763e5cd79b1572abb629d6c64e31ecbc267dad,6672c5f4a3185d03d248a2ef41b26eba701f2af990ca18313673817c4843a68a,bd50e22a18e32225b4c4b40b0ef8ebef5042274a6e6342512577ffaa894ea582,4000000,0.602914463559077,0.7309891460173028,0.89950675,"[[3119517,5567,114550,31454],[480,75176,3511,4216],[9302,31549,82986,11972],[180647,1069,7656,320348]]"
80,3c427141283ace21f1053c288e46a1843f923c628187959992070943e1c9bc04,ffafbc90f4f4861a1675ed43bea9f44ffdfd40b37611d5e187c37af2d8350df5,3e2d5207c1aa6713fb5a387a9eeb0e3d0411d212ff7eb5b06ea1ad7695f5a9a7,4000000,0.499876875,0.4999384299191838,0.99975375,"[[3999015,0,0,985],[0,0,0,0],[0,0,0,0],[0,0,0,0]]"
81,8834d9025dc97e80161cf58ccaca1194ec1ba4ce54a0e0b2d252005f41151507,8dbe5f139fd946d4cd84e8cc612cd9f68cbc87e394457884acc0c5dad56dd8dd,dc0100c14fd5964cba497dfe41a2ca1b030262bb0d32997635d3c88952170d4d,4000000,1.0,1.0,1.0,"[[4000000,0,0,0],[0,0,0,0],[0,0,0,0],[0,0,0,0]]"
82,99722af336daf4296e226992ad4d8e008a4d5a4e2a94c1639fa91ac83f63a927,c5f0d9b9cd5f02f480e87d8c60d51acd8d5c4c34c45016cc7abd2be2c860c7a3,d6e3d6e4f78aecaff7c1f0df07a928d7e1fa699247d8497fe5a9b7aeda2f6fdb,4000000,0.2488736875,0.24943557230606594,0.99549475,"[[3981979,523,1458,16040],[0,0,0,0],[0,0,0,0],[0,0,0,0]]"
83,8a82e9fc9ee37c607f02fa11f60ce22ec191df7b35d884090a5d606da4a1b0a0,6f868b1897ce2d1319b6b18dd9cd3656a4f628277480d4a2f0913b35339ea68e,e0c8f788bf27ceb6d1682e76cf41089fa00d9985a28d9c955f6bcbcf9911dbd2,4000000,0.4253352851239571,0.5398399735118344,0.69692425,"[[2209915,5080,1050826,39018],[3181,227400,60771,227],[17969,12298,345146,5796],[1250,2402,13485,5236]]"
84,ad5002967de08dac4df6617b4b4cbf865d5e4dec5bdd2a1aff8e8e7fb1791085,8dbe5f139fd946d4cd84e8cc612cd9f68cbc87e394457884acc0c5dad56dd8dd,dc0100c14fd5964cba497dfe41a2ca1b030262bb0d32997635d3c88952170d4d,4000000,1.0,1.0,1.0,"[[4000000,0,0,0],[0,0,0,0],[0,0,0,0],[0,0,0,0]]"
85,8ca4b2c344aef2335a1007b975c4715f28c27ecb35a1882f1a7b6c467ab0c9a4,f72fa9dc68ecc0f8a4204349e940252bc9741a6be12fa85fb4b9735dffbfdcfa,e644f5eb2d2aae8303ffb6e245660f486e56bb78edd153cb5cdff131e02835ab,4000000,0.21456592155272539,0.28942574174196556,0.59218775,"[[2147790,0,108140,5355],[78810,499,118985,18],[290738,0,200806,7813],[777745,0,243645,19656]]"
86,f14dd5a927425cd0ade1849b5f35bf4864046a749642f6a8c132be6dadaaf71c,f90e89d3326f8e56b911dd37daa9a2df385b88688098ca48152690e9648a5d3a,24ee60646fb83fa136817bb68e18a7d99964c434c83ba5c92982258514261372,4000000,0.30048614878562335,0.43149854837905616,0.580431,"[[1379645,28968,74587,4369],[179957,203376,189197,35666],[831808,70616,728920,56235],[198976,0,7897,9783]]"
87,5b6a3dfbdca2957803b4051c38ebff559a073dd17cfc93acaf4aeff27bde22c8,2c8a5b02f5a5126a2cdc0c862561052f5b4952f82ea5d35f0ce3ba4834356bb7,b5d41b286986d074150381985b83e4c8bb690cb005cf897d36e90a658d04a06d,4000000,0.249952875,0.24997643527902505,0.9998115,"[[3999246,206,537,8],[3,0,0,0],[0,0,0,0],[0,0,0,0]]"
88,f2c8ec75e47c15e090587c2154cb4bbd6b7e93e8cfd82ffdedaf7829d676f55e,8835ccefcd4f1eb8444f311ff224079fb9f90555a086571c16b0df568d723550,69d3cb40f6c1261e1e8f07b01b9dd9582aa612661f35f4f8dda8c2e65c392091,4000000,0.2472881875,0.24863669972052171,0.98915275,"[[3956611,2737,40031,621],[0,0,0,0],[0,0,0,0],[0,0,0,0]]"
89,0e8eff1416e3d9be32482761c808a57d2efde2d1c594025b7b466a752d7339c5,240e5b8ed54173f59d236293bfe06b83a34c73c745b815614426209b3b03cf97,404498f0957a3fa7a2b228fe07dd50ba1a6708b601c6ffa5c6aee8fcce2ebcd2,4000000,0.26881922873610076,0.3419430044203483,0.727166,"[[2655177,179,17832,171138],[0,0,0,0],[419296,0,252021,572],[478856,0,3463,1466]]"
90,2f46348116ee51d4d68085319f9d372445aa8b4c5b9b775825f17c25f3ebecfa,048005bf3b2cd5667a1672eb17967a0060f8ee9593c918e464a25f2207a71c70,c6e37654250001fcbcb3320a16140a3482473ea617d55218e7b8255e5b63a775,4000000,0.7128399165686968,0.8202789561364201,0.98344625,"[[3813748,3627,12035,3190],[2097,16876,8287,290],[32234,1152,83539,13],[2792,498,0,19622]]"
91,d4b21296d298778a49b24b2c8b3750131528022d2760c9cb9fc4f21cb406c39b,03a55a1c47ebba87a06fb4eff5e69d34e2e23a9bebcf8b2fc1f199715b343563,5acf1d838f889d15166e76846a7f44dcac20578d2e697895ebe8a4d298aa1856,4000000,0.2748436521333756,0.29857859480919247,0.99527,"[[3979780,15591,0,2935],[71,1198,0,0],[232,71,0,0],[11,9,0,102]]"
92,00df3c7c98d89cd0a3e2c2b40eb118bf0196d37462418c925d2941b5bd4c3489,2dddd46e3fd5b359279f2aa96f7bc8114ff307a922bd996f8a27240548643522,21611bceade28046a5406899eefcd13ba21296d4ddc65c9d4ec2ac785522f7f6,4000000,0.6069157301184114,0.7244112749268232,0.84889575,"[[2041476,7770,43,231448],[3127,1049273,1474,80626],[6655,39,5376,0],[261300,11363,572,299458]]"
93,0bd214053f15c880bd3d18430f7a71d31ba0ffa1b697f0e5616c6f85a0773544,fa47e17cf2878eb85136454fd0c463ee8969f3c52cedb40ce342372a870aea94,28818e18936e8f368c2f8a8817396fe2c05482769206e685eae9441516f86f0f,4000000,0.46436642292880137,0.5563615089167075,0.98457075,"[[3922061,0,151,30],[0,0,0,0],[34075,0,10296,0],[27461,0,0,5926]]"
94,cf556bcbfe5a24c39527464ded801e9ef82dd18ca758fc1a4beb6504e0ee9acb,03971821a769df79e5e9f25c72e19f66bb3151dc1f6b19f31fe27d01d1c161c9,ae5fb97de85a81fc47f9092628ab87f9cc83ed518ff116c3bb55bd2541922455,4000000,0.3163136254183196,0.41633307584511364,0.69420775,"[[526232,0,210184,1339],[0,0,0,0],[1011646,0,2250599,0],[0,0,0,0]]"
95,7d0ec20b69bcf8df6e246fcba0152d0e86b5035c453a3059f2e96eb3622fdce3,cd1a1157e4e5b8d8970e1209c35f5804b50f2e604c7cd33eccf5d1af76709b58,a5d1c7d5523a0a24a309110f62cd5a991b23104db863925782d76154c9250cb8,4000000,0.46019056593345065,0.6054101945818315,0.5003635,"[[979300,6671,1762158,3890],[12,267002,11995,473],[4987,21651,567550,1349],[3029,41462,140869,187602]]"
96,a613d986df104824dd8c35e5f1b26837e5b1c56d86362412ebe54a171a5263c5,b3e7992bcf9fe61ff2ab0a747bd86a4bd87ba3a74993e924e6c3fe66535d417a,d746ef46da691dc6cce010c6e60e4aae68ac891f88f4011f546fb234e5ca2e69,4000000,0.2499476875,0.249973841013116,0.99979075,"[[3999163,10,790,37],[0,0,0,0],[0,0,0,0],[0,0,0,0]]"
97,7487c63691c306f1f1e55f407fd2737813bea6aa2cbc17a058b88e7e7e6bebae,1f41e76102f7103bc6705175bdb29d830f550f946eb988a8a99aa6a83d51f8c1,4aef6358f0978c9b2801a0349af6f25df48e410120b3ca6fe2b73245c3678587,4000000,0.3332836666666667,0.3333084981497788,0.999851,"[[3999404,92,504,0],[0,0,0,0],[0,0,0,0],[0,0,0,0]]"
98,74eb13c6fab6eae0092826121d425628c6acaee56b97f7d2a1f9b7f0dad468fd,25df7442515fdcad7395541df11a65137497919acd20b6f9a1d144da13ed14d2,9de13e162b786c523dbe4f9c9324002860ed60b43822c24ae9e4cc28f5b9f3a8,4000000,0.7478873274423674,0.839521873474976,0.99992725,"[[3998951,64,0,35],[173,705,0,0],[0,0,0,0],[19,0,0,53]]"
99,6ec8abfdfa12bafec939d525675a80c78af02e1344e56e68f2489e750421a76f,2a0243de94f002409a724f645686d538a218ace72c2df5efd23c35461ba99512,3facbb9ed5a96ae8afcc90f2ab5327693ec129ec6ad3d54995d915e69ee4f431,4000000,0.498273,0.4991350061556308,0.996546,"[[3986184,0,13816,0],[0,0,0,0],[0,0,0,0],[0,0,0,0]]"
100,d19d990dc3c6e8b31278eea8f7a696fd52d3a3012ac23617c8012ed2512c1adc,8dbe5f139fd946d4cd84e8cc612cd9f68cbc87e394457884acc0c5dad56dd8dd,dc0100c14fd5964cba497dfe41a2ca1b030262bb0d32997635d3c88952170d4d,4000000,1.0,1.0,1.0,"[[4000000,0,0,0],[0,0,0,0],[0,0,0,0],[0,0,0,0]]"
101,68d253390f0a4572c368846864fdbb886f0f18aee0fea8b5037eff52c04401ee,7070b24ab798e48130e77d3959a1bb3cbc2e647abbeb344e19048c75ead7e449,9f99dc9a4cd17e1eb2b155a37be8ea37af9f304ceb05a7ff257dabe13d9f66d0,4000000,0.6829687719856481,0.781459872677825,0.95095825,"[[442335,15006,12485,45375],[9966,3057651,2809,40863],[4388,8490,13286,641],[16669,35348,4127,290561]]"
102,59a2a1bf4cae4054476acb2ebb9bbce2708539004d4ee78e5647ff1229094cc2,41cbcdb35bdf3d73f9a35996b89c3d58c08c7765c21c1fefaa787eebdd4ee54f,447a56a8af6dba7f4cc639794507ebf7997084454dde6a5c2828b4a4390c5fed,4000000,0.5727724338167269,0.7013511839397941,0.79823725,"[[1274224,20710,386929,96120],[14815,1336432,62181,23828],[77467,37267,499175,27093],[5475,18165,37001,83118]]"
103,83545727c0108279f99cc5ff76adf20ef0379746c253fa67eb36728b300b0667,73cf371de46ae4f87c3b41f3d4be9c1dff01283e4554871475e9397f8d6445e5,067034b3ae5c82307855469d80c9a33ed298c6fc4577585e50c9b2f30e3954eb,4000000,0.5026307596782545,0.6190647742720693,0.7842685,"[[1948987,29295,29865,46855],[8875,720192,68623,95390],[15716,11276,21836,20940],[474056,24152,37883,446059]]"
104,4bc55496945ba7f18be56092c012d33db0d188393a11d70ef57cf53fa4b6bfc1,36f321a44cf24d77cc5a50dd23ce33a6785358f6cde3cdef8cbce5df7398a421,9f160bb57555a41b60439cee036773758cf9c326fbd59830a8e743f08c44b6ad,4000000,0.4083370950898321,0.5339243229317842,0.612092,"[[1223943,93,796356,25036],[0,147794,8871,3138],[136268,66549,1060134,7476],[150991,3495,353359,16497]]"
105,47bc007e1188dae63225c213fccf488a53d31fee5799bdd310add73b842af59d,5ca363b82f32ac37ab74120369ff58d822ce8e8ddb9704628dea470817a2b9c2,7dfba8c7a42e812457c3e24649e87fc3ba97f7580a27211a877359996f1528c9,4000000,0.29271267957100067,0.3940987540672293,0.6630595,"[[673,306,1972,646],[351,103820,3143,785],[508521,731810,2480910,73543],[3937,12565,10183,66835]]"
106,dddd8f26b9253a0bcae931e24e9d0eee0120adfbef070f336a0b3904cd401ef2,b43625bc2dbf37e964343a973c2a5420f14432ac7001ea3878b783fa107f13fc,342271c323629081af9c2376a388f0ec3e581c5e52cb6111a7cc51f70933ea3b,4000000,0.49046872246071127,0.5998635035695319,0.84702075,"[[2774424,49,194941,10565],[1,124234,63725,23],[286566,16283,486676,303],[32342,0,7119,2749]]"
107,dd35f190c16b63d0256734feaeff940ec081a5d966f939fda7b3bf9807994395,0e2c590597c6ad8b4da2eaae847f706d614f02d8e9c9a9a80108b422c5933b57,8231ebca5d6095d0eafad2f2158674a426e15fa3592c16ce884b911d72097d59,4000000,0.4244640203027618,0.4841209683929605,0.88809775,"[[584319,7690,3391,17145],[161165,2946070,31400,181724],[36,0,0,26],[19526,25374,132,22002]]"
108,a65cc87d75bcd42cb89d2f8109b3e9448a9d6b3f62f3f21e3c482c74d90748ae,2bcf685d54baaf4507f89dd8fc5e2c535ddf5aae10f5e16b8f0d4d94a89b9169,c5df94caaacb12de2215dd6b418289f271a4c79799befd9478427ce6d3889d0b,4000000,0.499665375,0.4998326314943138,0.99933075,"[[3997323,0,0,2667],[0,0,0,0],[0,0,0,0],[10,0,0,0]]"
109,da4d4506fa7f8cf5abfb080a45f0e97c20c54bcb72bf8813c8b98ecd5a7cff44,8dbe5f139fd946d4cd84e8cc612cd9f68cbc87e394457884acc0c5dad56dd8dd,dc0100c14fd5964cba497dfe41a2ca1b030262bb0d32997635d3c88952170d4d,4000000,1.0,1.0,1.0,"[[4000000,0,0,0],[0,0,0,0],[0,0,0,0],[0,0,0,0]]"
110,00f5a61559d98b131f93c6606da86d654ae97a36ab864f3cd82caf9933390941,5ccf58f9dd82bd7a1ec68c2e076a1a7837652803b88b66ee428d299dbe83366b,423ea1f4b8b07ef188d18f42950feed2758a4ba072af1354c1d534b92fc8104f,4000000,0.3886263420484886,0.530831590737098,0.58288925,"[[1335630,0,12831,106],[0,74616,87192,0],[403840,6709,819210,8054],[971474,0,178237,102101]]"
111,a0e3cefa43b54c48a0db61ea95f154674012dba0f09d4189d84e16d6f24739c3,59304849d76bc89380098bf305ddfb6f050cf59366f488bda7478400937f29c2,bcb3a708473c1e77352e7ff9c459c64d211e0655430820232edd642cf50dd062,4000000,0.358694253596697,0.4941049716994716,0.50158075,"[[661543,190,58524,355],[0,263261,243122,1991],[58001,4363,1019768,10],[600596,22697,1003828,61751]]"
112,5bb6a3fdac809a185f7641ef1972d5eea1cd186142c4bb70fd0b134daa6af5a9,745bfb4bbfdd0802657e7200076ef8ae7152754fe629d3f8aab41a9e47d5c192,8151ab981bd3984f522538f742ab318640670d41c6851ecc13a21b94a04c154e,4000000,0.6522602849114842,0.7806279182600682,0.8247155,"[[804318,75180,71593,144915],[8829,1454114,9776,60386],[78489,56771,248135,84113],[7838,88770,14478,792295]]"
113,157fa62cc0615d290482e54a0335a12590ffdc101390c9c46842473e247f56bd,a3a6adbdb32e480c097f877b6b5f0451bf6548a889ba598a432a4dd3a0d6b464,24f1cb391f34380490edd4c23c979817be35c3d1bd7a3aed146a1a2ec22c5023,4000000,0.2303548125,0.2397756892463735,0.92141925,"[[3685677,2073,118772,193470],[0,0,0,0],[0,0,0,0],[8,0,0,0]]"
114,e8eafb0981e8c4e766b5bc7818ecdf75a6a53828264986ba5fe03ada596f080c,5bf8375531dca561f8edb6ba1eb16e466aee237beba1dd92dda1ea488a16b1d3,dbed6dec5f0ecd4c0e3fbe6d0f478f68d6b4b25e77bfcd3155343000176abbda,4000000,0.6632298142158407,0.7015749166606554,0.98520175,"[[3438249,21452,0,18813],[3114,404546,0,7535],[1043,197,0,8],[4669,2362,0,98012]]"
115,eb0fb0a8db455d54f296689ade8c7783233346437a1d8cec81a61dbfc288f535,2c33dbf2e78e7e9a6376d9afa375063c3887876de294c1eaeff0bcd97cbbe372,4873ccda85c0097fc8482acde9062b37075fd94a4301142704c97debfb9d6dc7,4000000,0.30956713397391195,0.34618335808290907,0.87134875,"[[3454670,0,264,374],[0,0,0,0],[505013,0,30725,8954],[0,0,0,0]]"
116,ee7f4215f2bf6fb1055d58edee779137051ec57c3985cb8137ee3a1d6cae9830,8dbe5f139fd946d4cd84e8cc612cd9f68cbc87e394457884acc0c5dad56dd8dd,dc0100c14fd5964cba497dfe41a2ca1b030262bb0d32997635d3c88952170d4d,4000000,1.0,1.0,1.0,"[[4000000,0,0,0],[0,0,0,0],[0,0,0,0],[0,0,0,0]]"
117,da12e87fe46b65fb3354f0874d6da6b6dd707391027326754cd88cf64601660b,af645a6310486b70318ce786c88fe1c00930c6cfee87433f7196b8d441172cf5,a74703fedee2cf80158dac152a45d6c4e7bfc0882a08eaf75b01e2216eb69a7e,4000000,0.3308236666666667,0.33207375832989955,0.992471,"[[3969884,4534,0,25559],[0,0,0,0],[0,0,0,0],[23,0,0,0]]"
118,e5ee72f2faa4f5cb06e8793def8a3c338bda1ce1d92d95ddb4b05c21a7dac6cf,34b0c19250959414a163879070c711f63209f1a6d8d21ce7381b57b0f79d6b2b,6c8eb3182d8ce29d0cc49e4e76cc0ce85bb63a64b23641ae249c0f198bcbc790,4000000,0.09857531576630617,0.1416326203992071,0.39368675,"[[2352,0,0,0],[2419307,1572395,5914,0],[0,25,0,0],[0,7,0,0]]"
119,2f881c69f429bee8dbb2d1465de300f9a418b397c75b3bcb0ccea3934d74725a,fed19c5cf8373fc6727392db6300d08ad5ec991bff6f719de9a333dd5669b895,46984516d6e17adfde4b94a179ea64bc5bf23e7e4a9211cada7e72f4aa1f0b4f,4000000,0.37298281116019816,0.43667850191771324,0.93625,"[[3646055,4260,11669,146151],[93,696,1811,1016],[63650,3725,97371,22476],[149,0,0,878]]"
120,cd560825b96fe4b1e489ef2ef70c3d2bbc611393d3cde30f5d40624e10442e26,20c0f4aff1c66671b27a831179a670d10650cecb6dbbbcafce69a0a203c6e8f5,c2bff85bffe82dd36826f3fb3fff31a1eb550442360d31c3dcd443a9695a6b22,4000000,0.4793414118444979,0.5704175938019848,0.899109,"[[3321453,2257,3303,3047],[14,4,0,0],[1084,8348,24191,0],[382236,1823,1452,250788]]"
121,5cdba4fbcb1ee34481141b058ad14c192bae0bb20035ac70431bd65e73acdc2f,2b73ae0fd3136ff0112a36cf96c417727bb50637740c7a47acd57da939916504,731f385c1b0048cebe92e068635f42a208808adf1b267ebd5d6e4a0ef78baac8,4000000,0.249889875,0.2499449253698127,0.9995595,"[[3998238,916,709,105],[32,0,0,0],[0,0,0,0],[0,0,0,0]]"
122,833ebb9736ae6c5e630194975201b78af34b4e019548f49aabf59a08633b6125,24fc71c5c51d97353303e594edaf7f2e5c339c039791f7e9c0fc3247b42d958c,8e25b8a871dc2177f729ef7148e6ce90f2d74a309b107c446f7dd93118d238cd,4000000,0.2469826875,0.2484821843014401,0.98793075,"[[3951723,2619,19457,26201],[0,0,0,0],[0,0,0,0],[0,0,0,0]]"
123,c5a3efca8b228d7088078f31c8dd2c16b54aa2cc694141b5b001fa50ee7714fc,1573a1be83929e40d121f1df0557759ac752d897511aea4e556a58cfb4b235ef,806d433d1f0fb2c30f59c89dccc52d35fd4453ba41736fd8465faa1341abfc0f,4000000,0.2497753125,0.24988760574283067,0.99910125,"[[3996405,59,2905,193],[384,0,0,0],[54,0,0,0],[0,0,0,0]]"
124,59fce58663b9cf0a99bd1e004e26d794bb6818a086339ac9543546d535b2cea9,f8fba8c547a63c62538dd1ee892dab19b531c7f39750904281932d1cc9af5fec,e1a61fbf651cb41efa837927d4dbd0a71b79f746e66baebb07659e540ba4b106,4000000,0.3239085,0.3285533407160378,0.9717255,"[[3886902,0,113087,11],[0,0,0,0],[0,0,0,0],[0,0,0,0]]"
125,0b65793fc9a2fa9687225beb48ad5242dde01260747e19b2c707774a86f279c0,9b4af74cd888abd71ea3267ef94185165ba0336ad51c8f8625d3411ff8cdae8f,91341e8c343c05b24de715a52dde7af4be44431185e49d9d70c235911b99d6e3,4000000,0.499949125,0.49997456120580136,0.99989825,"[[3999593,0,0,407],[0,0,0,0],[0,0,0,0],[0,0,0,0]]"
126,ff2479093335196700ebaa840058a13cfa2536e5d0592d00ccc155d40565bd28,511c6c0793e11ee713006dae6c4450fbe760ad6e2f4c6d34aa0dd69691f5ed76,f0ab31c98d6512f6106ac0692c8cc43cad0821bc219a11f5aaff6fd231df81b1,4000000,0.499977125,0.4999885622383612,0.99995425,"[[3999817,0,183,0],[0,0,0,0],[0,0,0,0],[0,0,0,0]]"
127,387e020881a82f9e26ae179a77298648ee9a93b2db22916af09140a2fa5439ed,e6253a8dcab631aeafdb1fa3ae0de73d4343ae5ac6271c65dae0dcb78e173be5,8ea562d21e010acaa9dc7bbce1ac38f3287b2e88f39b048a6b7a73f2c27cb1eb,4000000,0.38725627526246864,0.5292874092583804,0.5680865,"[[734654,1748,133336,10788],[76171,1020031,235945,25751],[76466,24502,261547,2236],[839347,42993,258371,256114]]"
128,c2d880c581496e98d9e3b9a6f6fd6096593f0244f5f0fd590761fb403355427e,47a074f5922b74fd77b616c5687f72fcf2f7b5af9e20230c31cab327b64e3958,4e8c5d50abe928c6796c12b391ec68a855131d6ba283d796009ceae3cb5c95b8,4000000,0.2499890625,0.24999453113036849,0.99995625,"[[3999825,12,59,75],[0,0,0,0],[0,0,0,0],[29,0,0,0]]"
129,2bd5aed8ff47b0cdbb345b84d34aee300b1d66661c36fda6144ea7828f5d5e5f,ee3be76b357b7ae4bfe381f006457e2f7cdd647169d15b668c2261e6e144dd6c,292d20c7939caca953e56aea1c19dd36ff342f654e0cc3f755370d1eaf7a8a4f,4000000,0.499956875,0.49997843657007707,0.99991375,"[[3999655,0,0,234],[0,0,0,0],[0,0,0,0],[111,0,0,0]]"
130,630261d742229b252b239d77064c5c74a61d86455c68e3981f7b5d93b6ac2dd4,1a9d656d802953a0b67b3207e9444c36232ee1b08cf172f52a07b3cc6086e8d3,34ce2ccdc6a461e0412bbc7b75b4e414b2d58ae5540b2dcf53e3fbab1a54e401,4000000,0.3333258333333333,0.33332958329114537,0.9999775,"[[3999910,18,23,0],[0,0,0,0],[49,0,0,0],[0,0,0,0]]"
131,82c50a310d75b9988958d968addd44a13def191a32985124fd13bd95eb887ded,cd1b2dd1330f383386201d9e16b7258f2f2c38d3337c4cf5c11faa550efc5f19,a2da4e09e153552598d1ba3f9a215a05b72abf0d56b2a98502ea975b4db13b22,4000000,0.537663959383145,0.6109386951415943,0.99319675,"[[3934521,1507,1459,6196],[88,11097,0,11],[1829,12371,102,241],[1945,1566,0,27067]]"
132,7d36e744a3912f18139abc0f9a407a1b7dbe1cec930e91a5fe5284a62b402574,9018ce7081db6526424269d2ea973ac29c1170b33adfdc37ad8879558dcb7899,97c8a93f34850efb61562f33b8510a3bcffdfee65eb612fc97062933b081d6c2,4000000,0.4981972616921472,0.592143117184684,0.85518125,"[[179846,18066,1378,140313],[33839,2099120,483,357390],[12338,2246,87,4862],[1683,6541,136,1141672]]"
133,d341b74a10ef627d77df2b3095f1243323eb02d36b494ca7cab699939e5d8d94,4079d00534d1740eea91617346bef5758e25755c357fe94943c3834e7472e836,a1db1c7b07139a03c3fba907a7a5597e18a57a1827f919f70087ad30b8d07f2f,4000000,0.249716125,0.24985798186920624,0.9988645,"[[3995458,110,4424,0],[0,0,0,0],[0,0,0,0],[8,0,0,0]]"
134,9f74083fb9eaa5b57b8af7be97ca697d9343f0eb135bd6a1be38e2531d719097,ecbaf8788db6fe25b03d292a7ce5119d9619158f7ae4e2704104fd9725f318d2,a10374aded014289a1c8f75fd6e9df469afe362177ff66296941aa1a9d89763b,4000000,0.499284375,0.4996419312570558,0.99856875,"[[3994275,0,0,5725],[0,0,0,0],[0,0,0,0],[0,0,0,0]]"
135,38dd2a54fa6c5bb117f952545c9cf1c113d611deaaea75c74967eb18d2cc963b,2752795776a4da6a36c1d5cad4fdd00b17b2400636b64aa9f38a3adea1cd1a3d,23073c4e2a4d3a4809057d7b467a4211d5c295c6eb176dc677b84aba48908dd1,4000000,0.2879708203976808,0.37583159035691305,0.561119,"[[1353755,10085,6752,43764],[7438,844287,2060,5489],[293649,870186,41164,65855],[446632,3614,0,5270]]"
136,43fd107da1ee71e255826fddf1000e444b495a1380cd3fbe0f4fc4f231653955,49492d0f65db6c70fa594e6c84162e96a628e11cad750b08bf14ad2d02a3d6f3,726ee4341dbee878265aa94077f22592b7641f45dd75b79541bd0a85f27bb388,4000000,0.3079378661632838,0.3563825272446025,0.93463375,"[[3629229,2865,90374,2275],[3,0,0,0],[165948,0,109306,0],[0,0,0,0]]"
137,70114208cca4af9cd1083f2be88602e60e70aa741842d982b3e3c97c11196882,d889a42852ae8dec5d024865e8dd65b89c78f42729dd847ae5db67b48716e247,e0db78dcfaaba5b80a5f5efabade524da959657ac4ecafc506b18d3a4ca8b499,4000000,0.6622943368888856,0.7539712041196558,0.93168175,"[[313299,2843,10333,22517],[994,2648989,13824,50030],[3371,3606,17648,2112],[68152,55111,40380,746791]]"
138,f34a44b942b9cee2ef5f88ae3459b8b9fc9a2e84bfc049647af3fba33db27a85,55324c86d69859f60f8bb46a8cad1eaaa9722c3a1e81fdf5a4fe75b65ce5a38e,a186a56ef5ad044f4b593c4d2b056426e8d648195dacb61ac8fddcb598ee71a3,4000000,0.2845710444758776,0.3664407001801111,0.804205,"[[3173866,141,10,7767],[3627,1318,15880,0],[755450,19,39343,7],[279,0,0,2293]]"
139,3bcfe4e66ae4765ee6b714960c23b7fec28511adb3936a2e74e4922d8650f062,3fc5f467d082abf769333736a681c429dfc59de1061710cbeb842a7c7d84592b,e8cf454b620cd85807bbaa532bdebeccb8b926358176142e7e42f539781cac2b,4000000,0.6085111197380184,0.7262808093624529,0.830805,"[[1046274,14411,14256,95685],[15316,1750168,58393,184579],[15828,205942,115155,44456],[8963,14237,4714,411623]]"
140,5bd343c0cf39d4f2fbbc619e2136dc1e433d16ba07291d0b3cb8ad2ab958389d,4b6769d186b091a16831756654324298794de1b3255b6a05d15fb467175fea5c,c5899a154139a920900a38a9110261f381fc2df32902d99529331e545bfbbdd2,4000000,0.4292427250814571,0.4611011566490314,0.94350275,"[[712878,31,2818,0],[0,0,0,0],[191575,30569,3061133,996],[0,0,0,0]]"
141,59b9a67d124698379972a0e61dfaa300555af6f30c5d0f261616b46a56a2a0da,44a9e50764d0f1df186a2fb7d3290d07d4a9c5675ddaec695bdbe4a4ceaabe03,b282854bfba19584fe86324f8a81f92bec3864f407d01b82636074a36629995f,4000000,0.2477949375,0.24889258491103075,0.99117975,"[[3964719,112,25132,9904],[0,0,0,0],[128,0,0,0],[5,0,0,0]]"
142,54decaafef79677c456b7f25b1c5cc793441c51b6ec4358eaa65e71231e761c7,22af90edeed80765fda05f1ba8c7628435ea7830ffc97e35a4a45dad06972e5d,fc9ef438338f70d2f02ea7b5f679b1652833626e7531e36fd3b28c4df75c929f,4000000,0.49997675,0.49998837472971247,0.9999535,"[[3999814,0,0,186],[0,0,0,0],[0,0,0,0],[0,0,0,0]]"
143,77c419de851697d33042dcb6a0ad9c643613623d9c2c117d9c73412aaa51ebe5,f6fc74c9642b042752767af13efe716ca07dd3a25ef5b43297beab14925f070a,74d80f0c8fb9867fe96e4ca58caa14008a32587462ddb51f8285c95b3ce11cc0,4000000,0.5820414879073279,0.6696208616492212,0.86850675,"[[1124380,12231,12090,310934],[5029,1588856,1669,133469],[8390,3017,2176,9757],[16408,12722,257,758615]]"
144,cf16ab1b19edf1065ed9222e90efe1c4f224fda1ec17b170be321e1dc242c48f,6b6766ff86f8fca2f6f4c881c73947619eee06417a6aea5712245826eda0842b,ee639987bbd7e0ac50beba89ac159601a55eb8d201c6c1cbdf15a16ab37153d9,4000000,0.21192495531766084,0.2554487538357949,0.76803425,"[[2986338,982,143141,303],[0,0,0,0],[783436,1,85799,0],[0,0,0,0]]"
145,756381e46b846924619ad99b949bd6b3880b39bb971ec4feef85d351880a45d5,0d8292e63c57705ae79bb2213b982d7a3da717818a283c615e77bde908abf99b,706eb3d00e1941a542701e1ee0e730af274d48416fc1505ec4eb223f555303d4,4000000,0.6250263848325964,0.6787034857652571,0.996863,"[[3949956,5678,326,4082],[625,19282,33,157],[0,0,0,0],[1625,22,0,18214]]"
146,b5598d130f1aced4d5967ee2f82a5b75d8b37147df4203ef556f4c4af1d559bb,f0b618e970a2578bedb507fd5886194f75b13de2e73746bf36cf600a45c84750,87744f2f4b8428e1c78893745fdeffe70e7212c767f69edcaea90035aa6c77cb,4000000,0.3923508205963491,0.49074974872656885,0.91071325,"[[58218,2808,63536,12961],[2295,3531815,122316,108530],[541,2094,24646,2298],[11060,1008,27700,28174]]"
147,9fe6ce9a9d6539c00245aa436bac95adedceb0fb82d4680fd9322c6fe86c7db6,f2cbc4c811cb022bd37ec33aed386f9565a2c2f699f6ca559618c95206cbd791,fa2fd6f6a6f5009bca0a49ff22febab6d436d7c8911666f9b7aa9b95cfdbd1b7,4000000,0.3930628559666101,0.5381511524555961,0.62125525,"[[1305121,722,5874,437878],[281943,918262,76882,459133],[138536,249,125688,10965],[102723,73,1,135950]]"
148,b0d4da137f1a1022f9131a0f13549df9524dab72dff3819940b61fb2fd141ff0,4c3d977570dc4ff31ad78fa49060ba73da111ac5fe45c74311f5a90a28776cf7,cb6d2113b51c8b17d71fd064bc24f465075bc0db26f0e459efc16e502d559f93,4000000,0.6844005645347163,0.7149662768417376,0.976122,"[[2882821,30158,0,36532],[4348,713748,0,18870],[49,68,0,1],[3481,2005,0,307919]]"
149,a16e6b20d64d0bca33c5394791222ca3bfd232edd3384202398685dd1de677cd,167fe19d8861d6a061cf7265c4cbf6ed297789775de7d420407c6218c9a13f83,3c39470ae8d702bd8130053ec8754649e884be011ca80d68a8e5afe28107f4eb,4000000,0.6817703306472116,0.7148645154171651,0.96214425,"[[1187943,32408,2934,27251],[17997,2146412,1129,40309],[661,2407,21,3],[13745,12561,18,514201]]"
150,b36678552ca282bcfb87e5b1aad2b6e8e8a4db1805ab17466ae94ff07670f52c,5d4f721f78a4053e0bf680fcc5d634b72aa44acf9bafaf249252766ba518e3ee,494682328f237873d41d171e866e296e7a80ee91cb46f973fe2f12b2a57c092e,4000000,0.5018148374925928,0.5973092748990202,0.857665,"[[888017,1473,72,23185],[478235,2435880,21,18476],[0,4176,0,0],[21716,21603,383,106763]]"
151,3c50d21bbc8680cf26cb59323c0e80d989343fff3ece914f139f8afd5475de3a,e430021d11927ef504a41fb04515e5f7ed95b800107c78c886569b1fffcfff5f,f5cab8fddb259234c38b25bff83bba9590dfc9e976d9efd0d1821b592ecf882a,4000000,0.38924425603013485,0.4590701765288027,0.84360425,"[[2058777,0,105305,0],[9,1974,29042,0],[390038,73,1313048,0],[72400,0,28716,618]]"
152,c39375a3538248cff67267c48850bba8fa9748a4609ba69600dfdd15ee64ec3b,94c8e2c6efee7c3c88cbefe76f31c004ea5ad562a6f0639a5a1ddc26feedd621,203e00070e1bcf104e064de278ea24a24c8447c59802d3e7f0bcf7c85437c7fd,4000000,0.46340225662166395,0.5411878605611065,0.895872,"[[2436958,11416,144864,34875],[1678,18198,30941,26],[175295,16508,1128332,887],[22,0,0,0]]"
153,67c406b5275091e18e7e21b71bfbdc60782d5336b490a3427dcb0500a72e4edc,03defaf0619eeda7a25dc9fea25f3de54ea0d2bccc042cfd71d510ee1795c3d8,fb163e85037413030706934099c01f3872893b532e270ba81aa966ab94b906c8,4000000,0.2463468125,0.24815996224414155,0.98538725,"[[3941549,52,10337,48062],[0,0,0,0],[0,0,0,0],[0,0,0,0]]"
154,c67e745282f16bd253d5ffd696ae189c8b426011858d306f11766c27a2838e68,e8782f10f2836166a510e73c3cf3c4163527351f27ecbf4c5f545b7db7a60798,1f1d3ac3df62c97e09dd18fd1ab2fc94568331140805c536cb4bffa79a987862,4000000,0.5503997330454532,0.6413871428005887,0.845852,"[[1215231,137,200720,3277],[6,93385,25971,0],[127204,26716,2068880,4890],[106115,0,121556,5912]]"
155,30be5096e3f7b2c15d8d0b90ce760f369afbdf20b935223271477f72a3b59af2,9d33cc8eaca2ab22f1d95f93b2cf09d2d2cf58639eb59f0aac184b9239029de3,4e2c3a6c491080265f729f359a86a0416375a3b59f626ff8583b218aeca3a93a,4000000,0.5209849037110418,0.6550303004195303,0.76282425,"[[2034440,1327,156256,7965],[0,37400,2834,0],[209470,21615,863691,3813],[293317,546,251560,115766]]"
156,156e8057f0a644700aa48026e5ba9d384d5804c0b5db28f32af7b9bee898b8cc,4726a769f05764def6a389feaa22475ea7e4c48d40ad3b996443ddbf0e7cd811,50e52c759fa9996a6217ec1bd8a870c3bd6fe3dd4ec3d2b25e169465b4de5334,4000000,0.24841375,0.24920435080292228,0.993655,"[[3974620,169,25133,57],[0,0,0,0],[0,0,0,0],[21,0,0,0]]"
157,e6b7fa31cc6e933e954e8e3d0301e425767bdc0511b29a6c21c1da7eb9a8381a,d404bd64101a51f55afb0a4872ee91644edf2efee00b7e33dd98b1228345ad04,8680bbfdb780f510d3c8b92c9b0e10d831b990775af59b79a95c9829d5784248,4000000,0.538497524334125,0.6514600250529098,0.8506305,"[[422212,9226,13734,26608],[47101,2207374,22341,165660],[3081,6711,8506,8893],[246113,35592,12418,764430]]"
158,cbf1433d9773e7c0c34e4862ce6be337c6e97178a609c6b9099048d224f76dea,7c280f891e0c288c4d6367132f17d2082402c7d96c4fdf6549d1301f6fff10a7,9dc2f0be6b56f20188e1731af2d57f26e8b94b67c3bde6a5366e8d14e69b79cf,4000000,0.3702701205397731,0.41041595448381724,0.970517,"[[0,0,0,0],[0,3862987,1142,20579],[0,0,0,0],[0,96211,0,19081]]"
159,743d45781dace42f65a8fe556af56c26f10189a6c50e2fe389af8503f32f7a63,8f417589dda6ffaa205db9b46693da74092d39ad07d829ed3e993ceeb9dc5c0d,3dca200b4e7958b4333e11553bfc060d5ad6ab5fdb80ddf99b52c8fd98af48fd,4000000,0.2625458299578122,0.29374360774756625,0.7876195,"[[3150462,0,849268,0],[0,0,0,0],[0,0,16,0],[254,0,0,0]]"
160,752fccd2c3caa676645be9302ed6c9c8de133b24f6bac4e244b808459a5dbca8,ff2323df3182d8e7ddd8da7a9d67eba8ca31bf0f9c6d0183ff215bd27fc4c254,e58d0134f5c079a2151b3efed0b9663d63a5da531b92820ff8d5e17a5a936dad,4000000,0.25125848621075997,0.2535240249850172,0.99723275,"[[3988904,5044,2536,3434],[55,0,0,0],[0,0,0,0],[0,0,0,27]]"
161,9117e49e16e23c243ca67498e5c93080bc727382207e795d5463d3f0ef68f8b0,932d24c4e7e526d0d9906bd768f76acd49dd0936999ec4ddb74a72d09e5b862a,42df1dd84b7c24531da72848865113b93d2ed7370bc8c281827d8b3ba8f3d3eb,4000000,0.2989209819475741,0.3949948565859084,0.751284,"[[2775257,32,11335,9321],[85981,59180,32499,32099],[121,0,49,0],[822061,1154,261,170650]]"
162,0e158accc468febd7982da6be3b35e8bc89415d38e7474bb451b6c2193807a25,2df7f730d278d5215adea8d16d96a7e3361b4c58e4d8a8c7859e799036f2823c,5cc4106108e6ea29e445d135eb4244f8c2e4e5d0622b6823d14c25f0f3e3cba2,4000000,0.767449671839867,0.8513375089660493,0.9293735,"[[1538833,12116,67220,53035],[16631,1348852,20875,50875],[1623,15677,86746,668],[21852,9221,12713,743063]]"
163,7ba8bbd29c0d0c9a8ba3738a5cad9f068d2781ff5a68577774be3d17e02b0533,10b076d61a783ba701bb6d404acbd385ad4ab02131a227f654e984899afc7db5,128ce028f2b18fa1ab901f6dac6b1f3e56c4921ab9d3c3af54cbbdc572784145,4000000,0.2919305490660856,0.3529781787033778,0.8308835,"[[307364,0,387894,213],[0,0,0,0],[155792,7811,3016170,39],[59428,0,65289,0]]"
164,2dc4e877f4dda75701f432a1690b97c5603b17b071f39ae0153b457ee24acc1a,2f89f6fa840a4d536a39761c8f2b64eaf5af2b31d631638cf67dbdfba401ea84,59938ebff8632c915d8d87e05fcae40caa387b3f8c9178c63630ec8e08b0ec40,4000000,0.2714049201894762,0.29926697333721203,0.81407125,"[[100,1200,0,0],[673651,3256185,0,0],[0,0,0,0],[0,68864,0,0]]"
165,f45ece67e6e98c5b2789c8e9efafbbd8258167ec616c2062a02dae296b2c8b2b,3000b7d0ce5bfd8b14d114b7086557b9997c6a6d8ead79665a4d9346ce1d236c,5540391a2088fb7474935c290abc94957e78c1d56762cc0e8537a0e3be41e14e,4000000,0.20752904674223152,0.23116514522669362,0.81749975,"[[0,0,0,0],[339,3267476,534017,23548],[0,0,0,0],[0,172097,0,2523]]"
166,8c2fdb27fed5fc8bc55b34016e09e85051b92706b75ae86f95edbfa0f31989cf,bbb58c236ecc6a56bcd193e6b8243d2ba8f0c1419cfd51f9fb5dbc7492fe707d,500e827494caa232ad67ca544dad071013938c8bf50ee742b80d59453ecf0621,4000000,0.32326925,0.328224162992556,0.96980775,"[[3879231,1991,118778,0],[0,0,0,0],[0,0,0,0],[0,0,0,0]]"
167,3c5537ef2e6d401fca9ce3f0b45f2b063840f0fb363dc1c28557e11e7f1d4c12,6aa411cca7fc73ef36aa434b8151400712a4f7609955565b43b36766b11e44e5,8f4b83506a880ba833a8f01ba9630efa8554ab8b168436f1c5858f126d77e386,4000000,0.3694431178994513,0.5311980946626582,0.55737275,"[[642165,0,69896,0],[0,0,0,0],[1700613,0,1587326,0],[0,0,0,0]]"
168,ff65438ce3dbdafeecddff57a8779f92de580145fa9cae14456ad7bbfa569085,485f91ee150b6a45b48a2d0d56094696b59110462929e95a223fea28bf31e697,6c426a2c61e8d83205fb2f438bfa9d2d28525005035f27df4ed374ee270afd8c,4000000,0.226208625,0.23751000414996684,0.9048345,"[[3619338,216,14194,366246],[6,0,0,0],[0,0,0,0],[0,0,0,0]]"
169,362d6edfc888a6618e3b0d3866d0b99c60a5dcec99b8939255d981b4a6d9c31e,891dce584cd1a1ece0cc4c35bb483b18bd4b7d8c2bbd713264779252b4cd1ddd,23b182e9ec22dfe327f39b9b058e1f6067723dd831ce5b1782e74da8aef80bf7,4000000,0.41093698034644865,0.5333709402157027,0.6523435,"[[503445,427,65424,23148],[13790,1632783,39253,90834],[0,3761,37568,2526],[1064217,35861,51385,435578]]"
170,4a597ade5af5a420f589acdb926b4b7e6d565ddbbabb02bf7d788090ca06d185,6dfb480632f37b823737ee0e650b097590b63e4d9cebfc9481608e089146db12,41f9770a16a5d45654a94d7437c55272280f3a707907e9d272661a0458203068,4000000,0.36710827142957114,0.48191047323545355,0.56582875,"[[485590,1885,67726,25510],[10571,1406731,153894,36380],[73459,20160,172984,7089],[780948,51322,507741,198010]]"
171,f23d7215c7a309f52eebaa5b212ba0829f197853cea2f4880b984d67e110dbb0,b4745951fad173d95c63e61a6cea25f6107195e7cd555858eaef9015c6349966,ad4d04e2d460266e707b582d42adcaabe279ae21b504374de533ce2ee73434cb,4000000,0.2232359741621472,0.236116370138974,0.89220425,"[[3568513,2315,3,199],[10,0,0,0],[428411,153,304,22],[70,0,0,0]]"
172,458b60a562f83253df246dd890d2a195826895a6d658b018ac74d1953f2e33b3,e2662c2d0f5c381b50d5daab1fd38d31b88060594b64fc427a3bfa126dfb3195,b8bb3f8b726019084f75e4395886d380c4f344b7500fbb7747346cec9e81fdfc,4000000,0.22063708333333332,0.2655221009344913,0.66191125,"[[0,0,0,0],[1291959,2647645,0,0],[0,0,0,0],[0,60396,0,0]]"
173,6bcef0d74de1d4121c98fe61626ff7e38c2070d05e81ef472fa92ab6897b92d9,1597281f62dd3e3cb080dcc66fa4feb5938f251ead29ec368071a2a3aeb2724a,e761fdca3b7564af053715920633fa9e698f20a029b7857dc7ac0beae3383bea,4000000,0.34966716140026144,0.4955542159543061,0.56295275,"[[394854,84,0,0],[1748105,1856957,0,0],[0,0,0,0],[0,0,0,0]]"
174,f63448e59183bb6af3f946c524ee8e0bc5c6e0668919223820931da1186274f9,be95042f0ef15f399160bcdd14524c8e4da223524a3611039f737341cbf80cd4,e7b069c49a8f3bf44b8731805da09f841cf14003c216401ee0907344e6718b19,4000000,0.5908458956441858,0.7240594254788376,0.756419,"[[1381534,3831,655834,36003],[966,974025,47248,28852],[81745,26729,536956,365],[1009,11651,80091,133161]]"
175,2e6e02285f98b4138a268dcf811cd1930fbfd80d3119ea479df538ba364a991b,8dbe5f139fd946d4cd84e8cc612cd9f68cbc87e394457884acc0c5dad56dd8dd,dc0100c14fd5964cba497dfe41a2ca1b030262bb0d32997635d3c88952170d4d,4000000,1.0,1.0,1.0,"[[4000000,0,0,0],[0,0,0,0],[0,0,0,0],[0,0,0,0]]"
176,9fb9b8615f1aefb5d97310fe466340f9cedad075e2a4d24e70845733e22498ce,da645b07f19e1afe12f7be3891eaa77caf8ec0526a19c7d568abe372e2f966e0,4aabad48eabb5833cf20d1144e4b89a20a747116e1caf6f543b77d4cd1c1091d,4000000,0.240177375,0.24499027010375582,0.9607095,"[[3842838,2372,152847,1943],[0,0,0,0],[0,0,0,0],[0,0,0,0]]"
177,1c87d601aacf84e0d9d936a8ba7571b74c311de42597b91ee8861d4f0c1c5759,a308062a07298b6a15739c2d6a2e1a0a02857ffae63a247a5436ec6ca412ee88,d242f01077d61318804fca5bad6130529329eeab5f860e18055d2b31c5e02d30,4000000,0.29127381414131537,0.356878413536,0.81186825,"[[445412,1000,477498,14118],[0,0,0,0],[254718,2224,2802061,2969],[0,0,0,0]]"
178,3b1270aa726e583b4f523df8f81457a9401186f6a0c23298ed1a1ad140a85d92,dd1d3644c7a4a6b32066104abc6bed6cd8fe5f800dfdb6e1666679220a6cded7,b8f1b627b92aebc138c0a1cc8de8c2dd4ee9d448767fa6cf41213080a6615b2b,4000000,0.4813663372956852,0.5793099356181649,0.862952,"[[378698,2752,205433,26],[3,285013,267577,0],[39651,32705,2788097,45],[0,0,0,0]]"
179,de1e52ca938bea19fac4f7f98f16e303efddcdca29072048d367e6927371fd51,8bc972124b9b66da5451eeb7bf4a0fb40c19951f0db0210fd80b582b9b2e9b05,eb733726ca937fa12448ea9241daeac7c64be25508ef680e9400ee0ba71b0ab8,4000000,0.3573110924512363,0.4786529913128998,0.623032,"[[37363,278,13857,7500],[141,1518330,434252,14972],[15965,5438,803151,1038],[139006,10144,865281,133284]]"
180,172dae41b24ee406bb81085cd3ea2cf2fc6f80d8833231a163b79ba68fac4853,33aef09ddebcdfb8d5327cf4a548df675fe55d8cec75ef43e19b09ce72dd365a,51050aa7cf98ad3d0afafcc5475fcb0e66581bd9ff0ac9c6bcfa47de0a2a33ad,4000000,0.5788157881319589,0.70812700332489,0.901175,"[[126335,7574,33704,61526],[3519,3011106,6006,79355],[52922,17113,114103,10560],[81559,23417,18045,353156]]"
181,39dab516ae5cbe774b934f9d14f5d2c1143616c0b2f56c624b6bdcf69be444d6,3b09892ec29fbcdf1e2abfd5942e777a6ce974785c21ce7ac0131ec8938254c3,e938ed628fc13c45645d9dd17bb272e5ec24c659462a9c1f84200e31870b74a9,4000000,0.4590200803158671,0.597715739942938,0.61154275,"[[1409586,23878,7135,43650],[258,399825,59576,9309],[23454,23137,355782,4365],[751213,55337,552517,280978]]"
182,06910a9fceb54a10f51e60076da8763667f84275002938ec5c50104f95ce90fd,84920d3dfdc5902d5ba1da79700e7959f416efc3b02f935971a4aabdd5e8e093,e3ddf30fcf273f6eb7d1fcf723c41ea6332c6c494a4148919c94df33fcd2ff5c,4000000,0.5078331988283349,0.6348964168619926,0.89573825,"[[49547,1373,134533,4979],[4,3110184,14014,6597],[124,49578,314484,3182],[128,62504,140031,108738]]"
183,752455a85add03dc8525425b50cfc28ffe75fd2afaab203f14c99f668ac146d3,730acb75fb3a28e61a74fd2e44a5d5245a76141dcbb799000a5b45d7cb6c88d4,3febb6104f0cf900bf9292663f4f1737cceda86c4020147ead398d351966759e,4000000,0.5593667641886956,0.6988771449800595,0.74366425,"[[597380,1265,195375,19640],[776,1189468,227870,7032],[63390,17617,974538,8762],[92599,43644,347373,213271]]"
184,5ba06ade17f7204096e59e1048445cf210e2bc2f444edae0b1949304be2d1c21,a75a387ea1717834a1e2e0f6d4a29039ac7369be492d5159994054e43a8807a6,78d6ba129f9231a9b47598e38db316f23dec27a58f81fd0073c56b145dcd6f9e,4000000,0.5838818778058097,0.7065412415321317,0.84882875,"[[2735881,980,8747,35425],[298,205642,41235,5510],[52872,4194,114314,5323],[268312,13353,168436,339478]]"
185,a20d3613e839ca455339c2d7f439bea0d21b1ca64d9a060534b039e51c34ed05,a230fa0cfdd7c6352e7340a585553a48b7876080e9aca043196f946e414d7710,2cb7a44008231704d9d1d3c1a5164b3076573b5b753b0ad6645e94f2dd9cb89b,4000000,0.6272702249279892,0.6735659507428907,0.98459375,"[[279695,3419,0,4999],[1405,3586781,90,42648],[995,264,1,515],[1206,6084,0,71898]]"
186,3cedc1e5ce0f157d9619cd3113fa837ea8372081e510e19a480c1ab6a684a92a,9bb37ad80d4b45d66852fe0e48701b45b6cea10edd1e6aef17b9c5e76533c193,f1a24b8de23f79359d85e797ee5e28f182faa81b512f4d057952d491fe9e60d7,4000000,0.6189248922810258,0.7504563384480113,0.82383375,"[[2465317,22316,97389,55969],[7558,293791,11660,12663],[374784,39288,371393,41890],[25897,1604,13647,164834]]"
187,29418fa6f51b0dfaa5e66cc541e8ec5d8594e1817eb9f2ed2c9306554de6c7ad,c12e37ef5622c215edc4edc71c0e0eab16f7f58d474b470ab8a7ce474e8cf9ff,b3531f9202eb4b52e7172f8d715c407146556bee21b30a406971d8963a7b6272,4000000,0.6056982348804245,0.7295567261053214,0.82387425,"[[1051680,13801,89277,92159],[71647,1343137,60658,206064],[2448,8098,72540,3228],[92795,14283,50045,828140]]"
188,7e7726b3a6bfc2a4c821b3c0b58419ed3560c09d8d7c2eeab2762c88e471d014,1e6210cdc2dd5283f09e4f6c07e79b05e4be501ccbce42bfb6368e7e6d4f1077,101bee6231cd2a9e0db55dc42d7222f37185d656d0cf117077e5dcd1d50fa348,4000000,0.497142125,0.4985669670710181,0.99428425,"[[3977137,0,0,22854],[0,0,0,0],[0,0,0,0],[9,0,0,0]]"
189,c991ae788081a62c601a9c0c82ee32c231ef28ee7182e6fbf5cf448d2ebd5273,281ed170edca21b751c7a38e4f37ab09dcd05b838b7255df046ac1d5dbe2c823,b4450d59cada76322153d48d08ec44edb0a065a4622445a87b8763d5550f2960,4000000,0.7588888792988775,0.8577930833406939,0.87168475,"[[1848055,19561,320603,90927],[6980,724173,8332,17963],[8221,3182,511498,4281],[3925,15974,13312,403013]]"
190,ebefc2848793e7a1cbeb6a07389339623dc23d04ed542b0eafc286911b2b46a7,96ddb7b8fda05065da298871ec5e634e1a34563be6e3a6b5201b2f47e28a480d,64d6601f3c9838d4ebd7f940c470c4cef9b7229ccecf8a890d105e109803f81f,4000000,0.4475129053155166,0.470693328765467,0.99951975,"[[3995524,597,843,401],[80,2555,0,0],[0,0,0,0],[0,0,0,0]]"
191,378c446605ee09d5eac46ce1f20c862bb1144de9d07b378e656021c83d306325,5ea08305802703f58b6b87c5203ae6c621dbb8988243bf511e5d40893ee4cd71,13ac2640d9f3acb55ec266406ea06889008c76bb250d9649681a3c690d7a56cf,4000000,0.49999825,0.49999912499846877,0.9999965,"[[3999986,0,0,14],[0,0,0,0],[0,0,0,0],[0,0,0,0]]"
192,3ffc271b08b6a89e9049e52dcd62650caf4a65945e681a5de71a16f6538af9be,bd482e03357a774b8efa18cd71ae60d0e0ea4e59f6f09f9c7a6cb1ad59a63242,ca099b47f157531b2555d9e6b0f8caa5e4197bad17d65ee49e81b00b03846d81,4000000,0.3319890850773713,0.33302596320548145,0.99523325,"[[3980919,8,0,19056],[0,0,0,0],[0,0,0,0],[3,0,0,14]]"
193,b4595a93cab9fe06069ab78f2a7819dd2cd2dd269d2c1fa807dbe85813860b0c,4e7365bf0639e33b7f26ef4aba59f9d54235197fe6d0566ac73a0f17b7ce6362,97f429bac18f5dcb57aa99a0f460e2a7875fb548368a5c3d9a83c19c30867eb3,4000000,0.32836510214046416,0.34412256157439186,0.957232,"[[3828725,0,163990,5914],[0,0,0,0],[0,0,0,0],[1168,0,0,203]]"
194,803e136c3445e47675d4c11b0c183626ccdc0174ee0d43febe15686dbdc33386,8dbe5f139fd946d4cd84e8cc612cd9f68cbc87e394457884acc0c5dad56dd8dd,dc0100c14fd5964cba497dfe41a2ca1b030262bb0d32997635d3c88952170d4d,4000000,1.0,1.0,1.0,"[[4000000,0,0,0],[0,0,0,0],[0,0,0,0],[0,0,0,0]]"
195,7c098d237afed941273b48606ddb6b43e2137c2c286f69e417c30b031f7746cf,0e50ace5926228a318b0442539a256986664d7d2af2f53c68864674fb0669e77,e5f073b48e251ed10773b8c215f797d6a23d94fc9cf034ecb4bec6b691c8b753,4000000,0.08823548283938913,0.15594699461592681,0.2052965,"[[247894,0,0,0],[0,0,0,0],[1664890,44045,440199,235],[796517,355229,317898,133093]]"
196,3ba0ef811dfbcfc87434fa8c1bbbc084289b5e22da2f6ee99011afcf2bc7bcb5,4a552ec2283b8609b395d0666b5d418294e099c0f8f481e66f4dee5758f90108,3f8f4b84664316d58e33f0a93ece2e6d612ff1ffd27b10b702cf7bf4cec935b6,4000000,0.681073459731417,0.788777168751964,0.95466425,"[[190468,10369,16350,16708],[7506,3366886,33994,39810],[5257,7863,38888,2916],[20035,15760,4775,222415]]"
197,ca58f46e914f22dbb705ebde94af8a11b64a5e45d5c0ab174749df5a5f8d0618,54068b2239cfd7e634d99998c4c47ab4ab7a8c9f0010d2473fc8037d9024aea2,0a04d78bd3481b3ffd3e6ab0c1902dc570b70883b3eaad0505a3bc49c7a9007f,4000000,0.544444596501588,0.6184888786966645,0.8858625,"[[1240821,10353,0,215971],[8282,1944077,60,182627],[0,0,0,0],[21995,17262,0,358552]]"
198,62b3e5c673851305d3e16fe3cacff0f58cc4f09623c13243d5e55d5cd1c094f1,2509ab48c2b7cf7d322278625704909d1884dd07c200d7f0656be19b85419096,ae141cfdd06e307d0468ef2ea4edb9cd5fb0fec0e1246bf8987488085d03b267,4000000,0.4771461260072731,0.5660615619097727,0.93685425,"[[50795,24688,0,42393],[3175,3403272,0,127322],[0,2,0,0],[6296,48707,0,293350]]"
199,3c4dec641512cb911aa24de81aba5400e506b115054f055bfd008434d2f18467,e49a7bb3537839228278ba80bd04b2998223f08b3e3f6ad17d094b6899a74c34,fba627beb05dc44c6a42974e9d0608940669eb77a48c5102c49a8eda0d0c540a,4000000,0.5838162331526523,0.652974846654046,0.93827625,"[[236519,15906,265,52968],[16003,3081314,496,134667],[1720,2458,0,698],[6375,14977,362,435272]]"
200,bf3d2ec9dc7c4032eb10717da44f0b76e2cc26e31c8851807abcb18c48eaa0aa,a8904e0cbdf6261084f4689d8b3ee8269e8b33eb5123627ffd52ef5cf17fcc54,8370585ac80d2d20d4d67de171ff856aa5dd66bbf6019b92e48207da2bd5ea5f,4000000,0.2756146382633896,0.3414780346555524,0.78995125,"[[3071831,45909,250266,147089],[38255,73267,108585,21204],[22,24,24,19],[192872,9665,26285,14683]]"
201,bd04c70b5bda67135a216e1b7f45e3ca09c53ebe5d51393f1d9978bd0a7903fd,8dbe5f139fd946d4cd84e8cc612cd9f68cbc87e394457884acc0c5dad56dd8dd,dc0100c14fd5964cba497dfe41a2ca1b030262bb0d32997635d3c88952170d4d,4000000,1.0,1.0,1.0,"[[4000000,0,0,0],[0,0,0,0],[0,0,0,0],[0,0,0,0]]"
202,75be901256426d2bb96cf64691a69d57efe392a3c3e1aa600581a36b8e931e9f,a6d2edbeeb0bdb67388e5270dbef658f335e1d2ba7ed90c553817a014bae817a,98a0a3cc3168122e251067eb8b7453578659733d17372035b8e657883ad507b1,4000000,0.6599189817222464,0.7801483775573377,0.82949425,"[[1961070,3496,39675,24452],[0,532000,51639,284],[54596,37568,488671,12459],[276365,17132,164357,336236]]"
203,7ffb2448afd3a299539f42833b145540436770f2d5fbe3bc10fcda83c8f7dbda,0af5563a10ca78f60970eade8746063f52db5b89b4556e3b1d64801613fad84f,2bce7e0aef0a2fe9c38a0058989bbd70968bdfb45dfc4a8691aacf4ecce79b7b,4000000,0.0978078694239403,0.14073195823601864,0.34497175,"[[833,54,510,9],[1127683,1379054,969953,52864],[0,0,0,0],[469040,0,0,0]]"
204,763bb51cd2ce62523d9edeb6f985c8246d23c4c6543a5bad9e5a1f42d3ca2b50,0231a74098e7e06a0cad34ddad5dfea96318b5cb55a9a1dd44b5f26ec07beae9,f4c265b78d9bd669c30f90b00d9ce6c4f2e85add1b83d5e20899e84456200617,4000000,0.3989302166120659,0.5249450243384426,0.7650395,"[[129885,0,725689,0],[0,85311,100960,0],[10394,102799,2844962,0],[0,0,0,0]]"
205,0cf8556fba552b095e2ace60f5b571649e1889890d90960978360830e616275a,6dade9b74704f072e0a5dc5890a3026ead39f505b393b077ecdef7f6bbeb3c0e,01bf076f8443dc32540e069020ed1633351bf373e97aac7f955e59afc3351257,4000000,0.45176425432282397,0.538369363070569,0.80941025,"[[1815259,385,0,0],[761971,1422382,0,0],[3,0,0,0],[0,0,0,0]]"
206,807c9239ed92001d9a50b5989985a6a5a73c95284cd10a8b0a3a810bbc9ae16c,c748e1b1ed6bebc6c8bb82f52bc9af194a9d40b06db5932486a410889b96d994,7799c555850d03a04fd638ebac2a4c3179310e5f3dd00329f2e8e1784a69d91d,4000000,0.5689293620383085,0.6355516490234406,0.92627,"[[2532216,58579,33,132813],[21009,971018,0,39252],[0,0,0,0],[27748,15486,0,201846]]"
207,8ae4f98338af0c4e3b4f5eca6c0ec736d7f9808b6f105974642b87fb91503489,d56583966e699bf54995269506691caa1c12ff5896ce73dae957c607b03126d7,b10c22369dc9f90f09337157cdf3d82f8158509ad879df91b4c7dc51619b6e25,4000000,0.5725082960991125,0.6218628926539709,0.980824,"[[2058782,2650,0,9474],[38017,1845212,0,18221],[0,25,0,19],[0,8298,0,19302]]"
208,81afd2e64c3f506747fa15fc961aeb03622a18f3662323f775e5dec7b0003103,786a905b8d4b7c3ce0b014f2ccfd236131a60b93cce25cfecbe53d70aa64fbf8,2ac8fb7293f2a2b0e094396f2767ba9e35c3efc3e51b8d3de67f52cc27e1e24a,4000000,0.6280802436364842,0.6798041484662039,0.9443505,"[[2161759,24972,0,101235],[25982,1277292,0,63411],[158,326,0,58],[2846,3610,0,338351]]"
209,d53898a6e1ae379949bd9d56e41cf0176c3f78a8dde12455ee7b6754fa933883,8dbe5f139fd946d4cd84e8cc612cd9f68cbc87e394457884acc0c5dad56dd8dd,dc0100c14fd5964cba497dfe41a2ca1b030262bb0d32997635d3c88952170d4d,4000000,1.0,1.0,1.0,"[[4000000,0,0,0],[0,0,0,0],[0,0,0,0],[0,0,0,0]]"
210,14bde43a085f9faf27c9b5f6cd6dc6ff0641836dc5a3c63c7a7fdc453990705c,70404a062c4c72cc9cb250cf4520904a0eab60172b9309feff668d24e62e04b3,b638c9abd9bbe4ed74f9a6084a482643bd9c514560687474f83c27d6987d6d5e,4000000,0.7503604199028026,0.8414237185017509,0.9839295,"[[3755950,5402,18166,14973],[0,38044,3441,0],[6693,2221,25405,2133],[11253,0,0,116319]]"
211,00b088463c1d56db3a87a58a2f6ab8c18820e7f9bd9ea650d61ef3ba70a89b6d,59e9afdcd49886ea834450856e3d2fbdfe2f2bf4dc3ab71e5d0473c5eeee1d1a,5c099833384707f13b852e6bc1aa73f767f177b4aa3b43219d0a5f9cba7a121a,4000000,0.7551091927145697,0.8317353446279434,0.9339815,"[[2058437,5661,75562,26527],[4132,771002,37620,24495],[14933,15341,73797,9229],[41948,4512,4114,832690]]"
212,ea9700c8e46068ac3849fad043c33715ab8f3408993dc7f1e7c84ea61385c2eb,8e5f5b34677225131a50294ad37e46b27e2ae5234ac7f395afb5ef4bfd05b5e5,4976de6e102232f8580d244ddb55f17213f620bfc651cf244c62f04d48306875,4000000,0.6890573373186605,0.79394921514306,0.88375675,"[[1275993,16711,35031,36246],[13089,1485642,24032,40249],[66342,48462,92563,6529],[145217,28641,4424,680829]]"
213,c30b890d37bfb0d5673f025c26b7bb9f7b0cb7a10e42c1ac101a3a9b0e3405b5,f368875406db00ec95008440e5cc1da9d741d107d079c91c97b6c27ca220dd59,183c915f66c69032c252a03645056bc7e983c667941327fc84771c9029ad215b,4000000,0.678650791555441,0.7114120175964074,0.99493825,"[[3836418,1652,280,9653],[3530,77174,0,3246],[125,17,0,0],[1633,111,0,66161]]"
214,c6856f65a9350d3bd373549a8e4ea09dbd4d6bb22e3ef3f496af12192d2dbf93,6d8011a5c153dd9371931c2acbaa3d9ff34f1def5d1399cb0d29ffdb0937c6c9,1f371cdeb68ce30bbcc02aa5bee962681b5b32ebc3b2472da9963ba4c0868ac8,4000000,0.6273604104728083,0.6768779763529583,0.96486875,"[[2740444,27465,190,33681],[13819,960711,7,23298],[256,49,0,0],[37570,4190,0,158320]]"
215,3f19158ec5d5bca5e488cf9bfd9231ec7f2a2ac9f58db3af55bf3d209fbb7da5,28b8310515ead04aca3767da4edcf25849f86f3ee25eca77cc58283d4c181687,0ba49bcb05212f3d56c3858de2e6697cd4fe1f4b6a8d0853d5e5423938fda093,4000000,0.2497156875,0.2498577628704122,0.99886275,"[[3995451,3,1420,3126],[0,0,0,0],[0,0,0,0],[0,0,0,0]]"
216,6489e6554b0ee5fff21d2efff4e083a6d2078ac4bc8b3babe05607a0a7e10d7b,c695171edd5653fcff9840e1d0314eff96eaa6d2be3432e4353d805e36c8ac26,f0c7832a1729edd29830bc3ae5ef6dc59441d9a2a95bf06920a52bd3c0a6aaf8,4000000,0.249419625,0.24970947527342363,0.9976785,"[[3990714,12,9257,17],[0,0,0,0],[0,0,0,0],[0,0,0,0]]"
217,beab6ae8843d17df634b96c51735495e70d670051e1bc2e53762d79d63cd627a,489f200e3e6879134de56c86c38a12b7903fc04a5536cb3caf08e75f97a18753,f3caf02e3a79ceeed0506f8aac71f5b3b4f9f7db37bf8bdca833563ed29d089a,4000000,0.6341946969799788,0.750070499516377,0.91147475,"[[204444,575,39346,19408],[373,2746330,34199,133735],[2032,10171,49049,3037],[76418,7063,27744,646076]]"
218,e670d238fd83dc632b6669acc8b5f49e945b8d95a28d345afb6a873ec709cc01,d0c073e73a830e34d5a502d6333c73c1d5749b5850297f0bbdfeb0fc7d8b0360,38667dd5e31771fe79953f762c5336cb6f4517f7e972db3d00d66103fb01a6d3,4000000,0.2478744375,0.24893268144540961,0.99149775,"[[3965991,524,28049,5436],[0,0,0,0],[0,0,0,0],[0,0,0,0]]"
219,90721f9a7a55cde0a6d66548039aa0c90758177e228b46eb058170da0d4f9bef,eb0a0dcb725edc5ed1460cf04660c3a4a5ea943cf24c0cd3823ae9c490036164,9fd98660f992fa51633c5b1a0b2d8841f70ec6f1c3c2db9a41fc3032460f9672,4000000,0.37846591508009364,0.4253842547016337,0.931402,"[[3495364,951,66817,110729],[0,0,0,0],[93053,0,230244,2823],[19,0,0,0]]"
220,690dbe429978c66e7babaf9b34d4f34540a48882a45fe5f5554a9fae855a08ac,7c0e44af7cfc75924e8aba4d67711063034b0bea1a980ee239e8a83daac5d174,98e6920cf44c08fd6c1b6e2e462072de936356b8be550c662ed9fb21d4a70b1f,4000000,0.23952416564421372,0.3213890890004895,0.66176,"[[1784915,38,921372,310],[0,0,0,0],[431240,0,862125,0],[0,0,0,0]]"
221,c4c1aef64a426f27117e710179bffe9b4a16e987f24624cd5b34a07ed0a6999d,4d92666d65d1427f0e7ab6f30fe5c8b6e40810412053ecd5f863eabef4e99323,19794c36f7d42ff30b49f08ec0bf4a1773e9295ecc3a95508723ffe3cf89321a,4000000,0.494751375,0.49736184079162493,0.98950275,"[[3958011,0,0,41937],[0,0,0,0],[0,0,0,0],[52,0,0,0]]"
222,b78ebdbdd983de8db5b740cda7e46a4a2cb9fc5f88ccaa921ecfa26b10c41512,e882bd821bb339b6cc164749a932ba4193ed2a4364dc50fd529c3e3714306e6e,fa0f5feee6678c8c876738479cc62018e717ecd10d755f3d4d0c6a160677ef67,4000000,0.6438175243144947,0.7698184356824834,0.8294485,"[[1109295,14377,104043,238060],[10782,1473352,58483,65235],[69658,21342,241153,41648],[8716,19471,30391,493994]]"
223,e4bfcaf2cd8a46a91823cad553b117cf8bb844711354d9d7bab40893b9500b35,b70bb0b32f0ebd22a6366c5079aca4c7504d31e3bf8dc12374b2e880dafea58d,260f6919a563a1b5067a8917db306819f0403c20899955f808214a4d8654a6d0,4000000,0.48521677155976795,0.5505476683351697,0.93808725,"[[0,154,0,0],[0,3482015,0,28021],[0,0,0,0],[0,219476,0,270334]]"
224,a96dc85013cd857e685222b021f5a7cfd0414be9960e40af21d127cae2169c9a,c6c46f02d2615f3843315348b664e3d79abe338d7ba3a23463d370e503f435c1,a3b5f5d4795d1442951e2d874455bc2c264946f8b6d16bb2ac4038e2238663f9,4000000,0.1747133064204832,0.250282807988511,0.55246975,"[[1750052,76,8225,29],[0,0,0,0],[1780856,816,459827,119],[0,0,0,0]]"
225,67321602a41d99489cfdc04eb9f2534062d3d9be7a494a76ee70759a62153d51,3c7281f11fcabe3d768583e5dc36e8a48560fdde18c66c54f09c7baae4256d18,4b330ac79d406b2bc3a4533d7c1efb54b15a2f566ab578b39a379dcac3592ea0,4000000,0.499781,0.49989047601424713,0.999562,"[[3998248,0,0,1752],[0,0,0,0],[0,0,0,0],[0,0,0,0]]"
226,781c2222cc46b5c056850b79aeaacf3f81e46dc08068ee596a460f23e7288154,cf7a4f746bcf3f966a1422f2fa738cd431f1ad83777a9e94e9470fb6c70199eb,c82d602a37f3f64e994d4f63ab771885d5ec5137ff727152c0a366174f8c6815,4000000,0.24942225,0.2497107908187911,0.997689,"[[3990756,0,9219,0],[23,0,0,0],[0,0,0,0],[2,0,0,0]]"
227,e2b52bedb987499fa93492408cd23368c9e44b67d7be64192e422b177aff0d91,31bba7093784f1de9d1d2f9d6a3e51393c6c9fea4e8c187a52b0b7f5941ea1c1,56dcdd2bf9c083ecb03c40ef91d950506f5da0c2babd8c7de435d037b2c88ff0,4000000,0.499941875,0.499970935810644,0.99988375,"[[3999535,0,0,403],[0,0,0,0],[0,0,0,0],[62,0,0,0]]"
228,32db837d93c8035f006db439cd90a995bda8827c10c83851f5b80cde3c4d4687,0d34286114d9ad2f7718979d75eeaab1a1aaf9f46cd07db2003d5f4323671de1,ca6c75f05b7cf68a560460fef1e6381d7d802e87af5722f3bf6ebc386b3b809e,4000000,0.2495426875,0.2497711344238224,0.99817075,"[[3992683,1379,1983,3955],[0,0,0,0],[0,0,0,0],[0,0,0,0]]"
229,fa5eddf4152e343c649fac47ab90f49a4391c0be916ef71501df3e7c9f7c66ae,bb8f4663ff6bbe97570a6f28e4bea1d299497bdedf63e0f1c32654d6c13e4cf0,f53bb0cc4f9fe1cd366e3d90e285f6ee30359fec70853bff2dad6fd5edf08548,4000000,0.499848875,0.49992442607889115,0.99969775,"[[3998791,0,0,1209],[0,0,0,0],[0,0,0,0],[0,0,0,0]]"
230,0d2789d2151220ac4fef256a7c0f9d2ca62603faa9949b4211d519bc73ceee7a,05d42ad66496ecee12beb8a883fde33206c41ece9bce2c4e97f2cf3641b39c03,4556eeb0bb413038852d6b0d399bbefc4a2209b3fc7f61a884d55b9bf953b82f,4000000,0.07683950633699593,0.13263475846409373,0.200709,"[[610924,784,891,0],[3,14,19,0],[1146296,418200,168348,1259],[1232564,238066,159082,23550]]"
231,20207ba5450e3abbf5f95e43406bcad1d763fea72067b2c5c08e0ef43b694317,2cfee25a5d7df5a4ea4fcc893215a5cb1ec5c28d9738d5f0460540f19fc60cbc,955550f048640ba3d5bf9f3ff00c4fbb1df786323cb74b436e26cf98693e4cc3,4000000,0.5244295278041992,0.6477944058233506,0.66749975,"[[1055990,1,245041,12547],[0,864815,65131,27738],[19062,2625,356353,19756],[192278,31068,714754,392841]]"
232,0b27d09a280eaf54519f3ac6a2dc6a0eb88f6631d4dfcd404d41ca034ee1bc58,cd7c238c003aee1345bdca01b66a88156b8d352ad307c3c9e206a222b77d3e6a,22101debf8201423cfd5a47d6699cecec86c086db44da7cb185533aeb15bb278,4000000,0.249983,0.24999149971099016,0.999932,"[[3999728,133,20,8],[111,0,0,0],[0,0,0,0],[0,0,0,0]]"
233,31a8ed1c63c7b368bad339c390dfbcd8e023484b82b52cda3c57361428d40b68,8b19df18e11162eb598a376a77c6dfb6f748e9853ebb658344614ce9ebfc056e,387bc7316882702ea72dde00961746aeccd909b93da8c396c74dd3950a83fc25,4000000,0.4007389910083784,0.5056497264176092,0.44891475,"[[1464154,8107,2039450,15359],[5183,245043,7744,4759],[4001,17313,24667,293],[45377,1002,55753,61795]]"
234,27274bb6bdf0d11bf7c8991bf545a660b514d2ec6d0e674d4c863775c22ee9df,2511d07d720fd9b69d60d71306c9d1778c15d11e8a591d75f868bd4c7ed6dde7,349bdf347d31e7f099ea5b21f0f42505038c1c56622976a01d5af5e40c93fef9,4000000,0.24812425,0.24905859331281302,0.992497,"[[3969988,9,25529,4474],[0,0,0,0],[0,0,0,0],[0,0,0,0]]"
235,7002a165ade3101bc535a3b9ffaad94ab28c9797f8b28069f0034e026a661cbc,8dbe5f139fd946d4cd84e8cc612cd9f68cbc87e394457884acc0c5dad56dd8dd,dc0100c14fd5964cba497dfe41a2ca1b030262bb0d32997635d3c88952170d4d,4000000,1.0,1.0,1.0,"[[4000000,0,0,0],[0,0,0,0],[0,0,0,0],[0,0,0,0]]"
236,b97a73fc96a778b14691e28ecef9ba78fc2d3fda1e9e6795c4b0b68880c192a2,e18844bb893a1d9d67512cc32a900d691ca10e6b632082d78e385869cb346748,750418541ee2a002b2eb1a536ed415bae7f43a69334860df25f28c10e5a409d8,4000000,0.6928117373543103,0.7447187735863274,0.97084625,"[[3326588,18570,3737,44189],[9361,280349,244,4272],[30464,460,2959,758],[3102,1458,0,273489]]"
237,674f82fc61660146f171ca8175cd01d302aed8406686353df0fcc4e17e241666,90b96b86e242bf956372850c9809f78639d1d370f7458566f2a7f38293124c4e,76740b37479caaa87732511223fa0d1317fe811ca98d43ed451efefa83ca230a,4000000,0.5873050707387835,0.7265095069718126,0.7447145,"[[1261766,0,411632,42771],[0,566143,126101,3329],[11060,12819,891501,8302],[177256,1343,226529,259448]]"
238,0cefb1d63f49904dd74ad4efc5d4f06d07df3435b16c9e698bab7973df23d9c1,ed190527129a611d5783e7abaeb71fdaf2d040dd30b3fbc94098dcd6304eec36,5dddd7d6b72c097888156feda1f611087638291f040a9014c5d2ce0260d378b6,4000000,0.38903850757187053,0.4473440084823108,0.89832425,"[[2869749,146,55482,2398],[0,23,15,0],[345710,504,723504,1956],[492,0,0,21]]"
239,d495a8a3166e846c180b475cafd468200ca5428d00350d3537763df98e6721db,d9013c5794b413a6d28c566978fce441a76bf4e72566e2464d866d76aa93da62,6ba2f56291ecc8b45b1da2a2840db5318d492e036ec8ab866e78643c298a36b9,4000000,0.2711751484838314,0.3536513090280165,0.66522925,"[[2239729,0,404210,6106],[48953,4918,160197,3091],[104749,384,380213,5757],[183007,1009,421620,36057]]"
240,dad0dddbef122334ea75edd44f4567354a1c91c9888a57f11471883975824407,6eb39cbeca4f3fb82e042d1b247fb365557460225a22da3b49e95b2c64bd6e3b,018c2b3903d81eef560e8417a1b372128c977e491f6a85211e44e21d2a1e5fb9,4000000,0.4685979871195022,0.5829659488742873,0.92265175,"[[9148,3539,38863,15986],[34,3423310,67378,37273],[0,13018,96767,13613],[5927,54487,59275,161382]]"
241,666f9199ea585887c0caec37c458fa5e6e09ea11ae9285e13b8944f77f8cf551,26aa13623cd7d961987b64776932b07bc3a96f1285380b7b90040a54287137b2,4fda41719d934157d5e6f73862605d96bdda0feb84769557d75fa3c883a987c4,4000000,0.3811655511280283,0.42620569474178366,0.972126,"[[0,0,0,0],[29,3865425,0,3099],[0,0,0,0],[0,108368,0,23079]]"
242,f3de0976252a1b2ddfc5d7d78dfce052051dd1b749e5ebd2424f5216b23dcd4b,71969100199bebc79208619dc1142687c01ae3524db0c0bf3dbb077efac79925,16104af5c35ab28858ff8467512405fe6f9bb4d55dd3cb47434b2122db40f463,4000000,0.33550099707514053,0.43985423139280655,0.76161125,"[[386696,4502,476862,5634],[0,12311,36626,0],[83088,6711,2646948,1013],[26623,15,312481,490]]"
243,1f662d8a00887e51cd1a9ee2965b7084e1fa4f9c02f4a0a7d39435ae1eb06aef,42836a403ca1409abe1de91b5d01207bb5d8a1d0937487e97e0a2e342ba13777,2cf6e808cf8a6e5026c7523f58a4cb9ea8069ae4ba789b7616c0991b6aad964b,4000000,0.48114140420193563,0.6281564834855691,0.78586175,"[[2599203,6520,274066,63138],[295,128973,48495,303],[68027,75491,216269,31877],[273780,573,13988,199002]]"
244,c91a5ad678e10f33072d4dfd2dbc48cf1777ef2212dd0ac203f8fe9e811d2d47,5a659e782ea4785f30daacda5205bbcc34c536c541c216c625e42df6e3cf77d9,c2dda00164c4d84e00ed18b427bec3b9b3ae13963ae34b02dabfcd16653a40d8,4000000,0.5913694673756311,0.72578340525002,0.83552425,"[[2333856,23902,34777,99988],[35,225918,2564,1925],[108098,233079,302765,19087],[59834,62268,12346,479558]]"
245,00e1b53388beca95ca4c67d5d66ef16b5d344bba75fee1d02f0b96b142e804d5,52b73bb974c6102b9e9b911190904b5961c92dc8315131326b3836ca1d1c3fdd,d368627276bea998a852cd8e4574c7caf9ed0bb150f49710f27c1cd71c845523,4000000,0.249961625,0.24998081102724634,0.9998465,"[[3999386,360,238,16],[0,0,0,0],[0,0,0,0],[0,0,0,0]]"
246,d19d97a3c995468715ebbfa44e59f08be9ec961c8562a5f4fdc6fe1451a5d1b6,c765c325793f79a23c1d76a2305ceb51068a3141051963f4d7f7f81d3015ccb3,dc694b21af2b5cf8f0def1aef8f1bd1210939e2808539ffea3f242f775914e21,4000000,0.5332874349887682,0.6908239899085844,0.652274,"[[1423879,15358,439585,49872],[7565,205574,7782,17762],[771188,54173,864498,21674],[699,3244,2002,115145]]"
247,00bc30bd0790af491f985248142394151836a79c7c1f6f7d01369f774898da7e,c06c522f9c26a64ac49f0a8ef69ddd866752007ee337b939b37f949d76e77601,42c74a06233dc35d4db11d07cc5ee340414834c6f1a384cd50ea3d5537f1205b,4000000,0.6497131546995262,0.6947381149431127,0.94349375,"[[1657316,13398,33102,23453],[34303,1880121,62259,26433],[56,129,96,141],[15242,17127,382,236442]]"
248,9e675031de71982b92acd721910ca8488be2b8a83b5fa0c82e46f9b8d6323ff2,dc80d528d89b77e7491a8c181708e1c43e7ee5370b87fbbb1809a21aa584d703,6e3c92dace4b24814d6015d379d98e89abd0afdbc10ac6ade803d314f97edc2e,4000000,0.8206046354854873,0.8823778186280208,0.98238375,"[[876025,0,0,1975],[11445,2994645,0,39337],[0,0,0,0],[103,17605,0,58865]]"
249,975c300ce8ee9a2c0cddfb1696660a2f2bf8cc8b7cdcb109abb8006b07125eab,c53b5d8c5bbb65c5674602112cb21f93dfe344722e2414a828483ce9e1c5b2dc,beb5c15373f285b763cee810ce4cbbd8b9ee24659d39ac13be322d3ec6a69275,4000000,0.7896075056812423,0.8606204701455649,0.97798625,"[[2965512,32609,5170,27181],[3258,666029,5,13169],[0,269,3598,0],[4815,1579,0,276806]]"
250,a94bfa69cd12ab25462581c7c34923e39858898659ca735d9c00477d1f24f039,804f63153f282db75aab9d84ce732697dc190f266fa269f380ee3a23d24744c6,4f8c57656efb05dd3a885ffe733050a2e222e9122d2eabb1426a9771f294543c,4000000,0.34186161948880783,0.40220026409736986,0.963946,"[[3815152,1435,0,49685],[288,1411,0,183],[45945,17396,0,1196],[28030,58,0,39221]]"
251,a81e6bc9e8f76713e7af8c73d0fc8a0442f0923e5c1c2b383bbdc0ae27ad7406,ab707e7759c29a526e4807d1c8f56d03b86de0bb7c2f58efd090f819da36e095,bf2d9a688cedf672a44c2d9c6615612b0b710b0290a6ad5d46a5bf51eb263b60,4000000,0.49999625,0.49999812499296875,0.9999925,"[[3999970,0,0,30],[0,0,0,0],[0,0,0,0],[0,0,0,0]]"
252,0d1ae5eaa7cc23fcf6ec7c79d73b17c44f397381dfbc665c0c86bf1093f0eae8,32ee23e3b49d1e5c6d9872a18db189c6dc4fec6adf6ce3f430566c8e118f4c34,f0eec99cc1940928f976dde11e3584727779e16c3ebf619d3d599514b1c62068,4000000,0.6005288733518108,0.6559503907181972,0.9378195,"[[1157533,5030,3438,5159],[9919,2379305,19799,172035],[0,134,179,738],[3456,10843,18171,214261]]"
253,0b14bfb9a280438b8fc1c22e037324d4360d9aa89e3c65f8434f669d7cb7e015,445fd8629feba579384b6918b7033e550bf5d72b31906ba3a11f01d6f7b67710,9e7f1950250dfd7dc25837624c3388ab428f94161f1fbf6b13563cb433f5f78b,4000000,0.3332665833333333,0.33329995499132686,0.99979975,"[[3999199,193,608,0],[0,0,0,0],[0,0,0,0],[0,0,0,0]]"
254,5d33f39ffe94c1a1ea07112b06c3e560140367b7510a9fcffab23a790f7b5dc4,21663df69e394880a0bb2c01019ec8336f5ca9e62512fe2a3b36fb5298294115,45497a556ff902bf5cd967a8664ef3369f2ec8e9da194350deca7c957a805fb9,4000000,0.3327366666666667,0.33303473275248013,0.99821,"[[3992840,0,2739,4421],[0,0,0,0],[0,0,0,0],[0,0,0,0]]"
255,c15fc4087a7290745d4a169c6e04fd101ce8cb761995d0cd0aa50a8f6b8032f2,f028c6d218f97fcb6e597b4712add29870df30c591cf913f76382c41af583412,328202f044443e9f1f79e52d6a5f4919affc42b2887df00be57228cad9d899f6,4000000,0.4705216985049355,0.5927723183666174,0.7264545,"[[1236105,8,89286,2854],[0,212801,214786,7],[229678,3981,1418730,795],[141531,1744,409512,38182]]"
256,b2c078889010f0c325b02241d4cd2f3a6dbab8378df7ca6527e29dc1dc1d92de,ad8e7deb6c4f8cb685223d2eb9320edfbf2db16c7e978bb1017ec37b2ae6a5d5,5ef0c0b6723764ea7fe6e9164e2c6ac70194a0c267189d1ffb34de94f6375caf,4000000,0.12484713110864602,0.186634264430944,0.303804,"[[713,17,15,145],[1197544,1119051,93026,235384],[35787,77,11960,603],[899191,40426,282569,83492]]"
257,775e88535be3da2ad5162110db134ccdefa988cacca9938ba0e96fed5e72a62e,469838673c758d77af76a521ffb905fbb52e87d3749363d4ddcbead34578bacd,792339d6645e543879dbd54b0d10e465d37fac18e059f79999b6357f7fc89b60,4000000,0.6735645396096698,0.7092758565735238,0.96411025,"[[2974737,18278,27305,59636],[4262,334855,453,19643],[1,4,0,0],[10194,3619,164,546849]]"
258,a597df5de4520b737b2194959bf985399318ff8d9b876c697b40e356e69fdef8,2391b795ca75b5b5788c9c7a5b319687777037d9da1565d94dad34cac6e43571,fe4b9434258c499b5619e61b28f73fb626926e429739c5fcfcdf39f91552d32f,4000000,0.5818808457462764,0.6453455394863534,0.90986375,"[[2399947,26629,69,287796],[4663,888905,0,27755],[0,0,0,0],[7331,6302,0,350603]]"
259,9ba6575118dfb4a035101230f04b831deb5eb8667cdac6a6ec2b38c64b713e33,0df5a5f2336e49d9985d75fb34ffefd9885295e356c31c0204601bd32c750b51,feb469851293e8ef2cb658d7b32ee3a7ec20da10af3df425479cf069fa69faaf,4000000,0.5828419012725583,0.7126147284579681,0.81766875,"[[620865,15016,296407,79926],[361,2056548,61270,28484],[5575,33159,208708,12076],[122437,22322,52292,384554]]"
260,8be277293474e672c15aeb932106996d0f43b00a7817c9392e92777aae656490,e2221b4db8bbc19003d61d6a32499c353433659e80084490a97972181a1cb6f3,b76234354aa67544e5aeb6217b42562cad37fc4e433cda88284385241473f70e,4000000,0.5417973823926029,0.6001742013040272,0.96813025,"[[3803345,2076,55028,65913],[1967,37957,85,773],[75,0,0,10],[1547,5,0,31219]]"
261,69657e2b57ffec600f2fec3ec9b9399858b81c42af40ed74c8a272d1d0a6da06,a1b95841791495fca176248bcc5d39cabf1716aeabc976d21c8278fc87160c14,e612c41bd6bd33065fc6203473ea6f4fff720349ea531e411359d25c90eaddce,4000000,0.080980125,0.12233381838259925,0.3239205,"[[1295682,2456172,244913,3233],[0,0,0,0],[0,0,0,0],[0,0,0,0]]"
262,75e3b64c76562658a7a6b27ea9cac7a47975056bc1ae5c08fcedd945bc594004,f28fc4ba6ce0da412388a38dd83128b63555d74119de9bdcaa0041166dea785d,b965d2bfebcc379ca5e9ef83dce536253ea9961a1d18ac58079042a4cbd22334,4000000,0.6540401672626126,0.6978699899106009,0.9477125,"[[2398805,61577,3,92909],[4136,858696,0,30112],[0,0,0,0],[16844,3569,0,533349]]"
263,dc0d61143bb6eeafb1f8d819d29c99adc96734923862142355a2772c8134df71,78bed586dac08f5b8c60cd707602ed9e9e33c7a2080e224aad5b55d8c7b8938e,0132bb3c99b446855ba1c62ddf89bdfcc5bb45cdf38a5dfd15b0bb7d5fc415ae,4000000,0.6329459389439693,0.6935267454782819,0.9382225,"[[3473203,4830,171388,30322],[3033,81145,7184,2945],[4754,5119,4713,496],[15957,122,960,193829]]"
264,6f79070c9a65bd9578cc80eeab68f8cace797a3a18877688d1c619bf5d82656e,e72e9870168cf57e533fce0291a1e151b147b65cd0ae79adeb2235a7297239fa,7c39ea3262547e2fea2140beeea7958f5455f604c75db3e7aebbd5476c9a2806,4000000,0.3775489368565643,0.4455337343208518,0.82824475,"[[2184891,60,101498,88817],[0,1593,41800,1159],[334767,3133,1122779,114916],[8,0,863,3716]]"
265,9caa3bfee27c66e8b53504962a1ec0aee0a625a3093251c9e21a71339128a1e4,cb50f50c1639dbb30038ee36c9fa83b1e16b2621de93a5f085a9e6aa10c7df85,526bdf8bb1111c7e6fdcf1be8710372a8e2652c72439321a9a4170aff2151eed,4000000,0.245551125,0.24775559232157934,0.9822045,"[[3928818,455,157,70570],[0,0,0,0],[0,0,0,0],[0,0,0,0]]"
266,067e6ccbec5db0bebc97557aa6abcc861d567171065b26445e716bb551d91b49,f4cb0cb37af676515ca89833ecc1d5f4bb622c265c8822d99a2ecd7bdd09703a,5bf5bffcd2648cd91dc2cb17e7d8dc8325214054a326f7827a35828634d4087c,4000000,0.247554,0.2487709876716899,0.990216,"[[3960864,536,23792,14808],[0,0,0,0],[0,0,0,0],[0,0,0,0]]"
267,e6058e5c8ce31e46b1b899d2e64f9899c775bfb47f14016f95647f3336062b1e,00ee4e7cc7845baf196b86dc4fa580049dc4b3dab9ebf4a1186f20f38a022bf7,af76f5be3844c94b83c3e7dac9e889fed4e4958134f7ce00fc98ecd8798da49c,4000000,0.5471706092161025,0.6795606968656153,0.92079525,"[[3389641,155,21157,39807],[25,1285,829,1877],[193928,239,167424,6858],[51522,33,389,124831]]"
268,22d4de92a0cfd657c7a0438862e014faf5eedbc3843556236ad38a756dc3cd57,a6c0df86bcde1a68b2a347ac72d32aea5c51432fea0a3040303d709d9a0e121f,bc6a27a93e5abb4dacdc4cab6a9d0bae27bb189e11062a5c19d19c0902295f3c,4000000,0.2891092407798732,0.43019160822037583,0.52832725,"[[1559850,40163,1496258,3149],[318,39546,1623,0],[284594,11968,508102,362],[37020,10722,514,5811]]"
269,f4d457efe86a8f2c61eeefaacf774ce696cb7667d572cd7b0a2e953949fa7539,2ae39bdbf26f5c9d4a6f778a08f6ac60381c0379a878615c735647a67789bf06,95da5835cd9b03c09c47839d2209fd25037a46fe5d4a88e891a57a1ebab8c5d8,4000000,0.637277464166613,0.7065613843639668,0.9462345,"[[950975,18102,91087,23832],[3048,2699370,31848,26880],[357,851,9490,596],[5127,11441,1893,125103]]"
270,5b7433b2f7e1128f380047bbaac7e6a254f4f6e534bcb99e4d01f511a8aa4ec9,f6680305c689540748486ca66789c32de7284670a633f5b62c5d94b12f7370d8,70d112bcf0efe463f4f62a2a343f962fb89cf77863eebd96946c7b612fd9b580,4000000,0.5974106369956554,0.6620057233347784,0.94714775,"[[3257145,73711,18005,101672],[4566,291181,0,6495],[0,0,0,2],[5982,976,0,240265]]"
271,e7bd2fd34e3630c0e578b35fecb634ab5996661d804e203318b5105e6fb47f53,3fff800222bc9cd0abe345439498d58aad7979348f4cb3d6898e7feacc2d40de,d24249b928a3db3993579ae3da45e87952d86695b63f0d9086675e7bfc26190b,4000000,0.499923625,0.4999618095832069,0.99984725,"[[3999389,0,0,611],[0,0,0,0],[0,0,0,0],[0,0,0,0]]"
272,b40b0ca8ad520dea340b22e4a2a957e6c00a72f568cbf948500e5dce444a2f5e,a671096928e01c136d2fc32b5c6ff0ae8759c5654f6bbe4452f82c631b02b012,1dd6b8604fd17d6afd727d11b4ceafdc17ad7c5d13409da75c8b4775f4e9bb95,4000000,0.4098033061457793,0.5167595067976692,0.9500405,"[[3720589,792,11038,3283],[820,1237,1605,0],[10962,2112,23048,0],[142379,3837,23010,55288]]"
273,e194b55efd4cb93aa992647d02b516bc305b065c964ad36326d13dd1fa9ffe58,efbe7312666378a2653dc5fa26a8a91cdb349f6fe77bb3d3eeed07d3a8901d3b,486cd040116ccab4115ab3ad786de3a5917fd2e71b40a6e156645e8cac7b0a5a,4000000,0.248423,0.2492090052024084,0.993692,"[[3974768,187,0,172],[8,0,0,0],[24796,0,0,0],[69,0,0,0]]"
274,0107451045b76fe377d63ba7db8bf7a49e7382f5a7d25f5ec8c81434e821bd40,2c6bfe9e0f5de899dfcda90d90ffa642fbbe9d77e1e51e1f21cf45cfa3604ed3,43e673479fa9b5cc0ff9434ef8a80626698da46b2f148f116563d845f0f12868,4000000,0.4397039597386281,0.5199199567068665,0.886646,"[[3204476,0,195692,2245],[0,0,0,0],[255023,0,342076,409],[47,0,0,32]]"
275,c8351829d8a9c239a452c7012c70d9acdaf91d2873c5335d9ff7229453030825,e87b00d9d6abe5ac60fb79c059b8825174234c01980702de40490d328b93f41c,00b4122d83f5a74cf040714fd6adfe1dd497b885aba2d0da0233aa301cdccf20,4000000,0.5096236008679288,0.6036878336532876,0.83225625,"[[2071157,1178,2487,16678],[5950,321452,18801,159105],[0,39,7,0],[416493,10740,39504,936409]]"
276,f6fda85b5671c91886e98a639f8429802022534afc6f3c05cfd7506e93c3bd9a,22652d48b8b24de22af627b9ea88fb032c96fe8bc86dc3008ef2fee64015108a,645b1a0b366a5c16bf18e60e1b9a52fc33f40e405a575b6ce9e0acf68b6be353,4000000,0.5813562354262817,0.7192138827664266,0.826722,"[[1503318,6452,91248,159896],[8934,152005,39174,134676],[23440,209,126487,3955],[167114,1236,56778,1525078]]"
277,b0909e2c3a26ceaf2c43a029c95650d4471ee5bf0454adb62ec0b415b1d74cb9,24c29c6ea32c45a219c56858c13890da1d48a4a95aa8b6798e50db0d966ecf0a,f849caef3f923a48a8974f16f9637a344958a072dbb61214da7a628087f82cc3,4000000,0.4137453223668959,0.4597293595557735,0.72147525,"[[929248,3354,0,15703],[984,1950060,931061,157263],[0,0,0,0],[0,1814,3920,6593]]"
278,c5c8569f09fc76d566ed8920d47b058d53483a34c47ee9ccfcf16f5a2c57add3,795aaf379bd1302e4128a5ed4030e8f09da875cdd44875f7906f7ad810395101,e217efce2716592950f0386da0b0bbcda45bb8ba1be9315729e6ef0c45fad99a,4000000,0.243509625,0.2467121335272843,0.9740385,"[[3896154,9096,14150,80600],[0,0,0,0],[0,0,0,0],[0,0,0,0]]"
279,2cdbce7e9778c336e969cb8206c4ce7ffc1f4d4bfc628e146ea6264b970468e4,1605e36ed9051f57db398ba6a57a1b6de7055ff8717b54ec021e251b5d066f04,b7df40da0305f0406e139d648adb106ae4a97fd6bde3a79a81c84527c17ae22d,4000000,0.6623061758058464,0.7066267013275098,0.94015775,"[[1157594,23487,3206,47833],[24394,1755367,1467,108198],[65,64,50,1],[19313,11299,42,847620]]"
280,b0e2e73a658cfce17e15233ca75bc4c4cebabeb58148e691aaf13bd24506cdd5,88e34959c23b8e0ebcc7a6c6c52a9fc996046e724ac7ba69b00ae5aaf339d7d4,f27ac23c1cfaa2a2c0619468cb2645c7f62c32e132c58d97508ccd6bfd4f2a92,4000000,0.6241803470635605,0.687074102803858,0.95280025,"[[342348,11082,4699,49461],[8314,3067166,1692,83641],[1958,1226,260,481],[13230,12768,247,401427]]"
281,dcd6c07790509294efe8de5a4eabca2d1fdf00326668d5cea656c8d75903c2b9,cfef1c44d217920e6c5337b44cc7303f1477f655a2cebe0a15548bf5a4156903,9130e809d5263f1f065c745af2c66712cbc2dd377ecaaa18c486ef10c9f9d9fc,4000000,0.48679720789609404,0.5922387994092204,0.89646725,"[[3178264,2098,4610,1271],[26,11130,169215,0],[19038,326,222447,162],[194987,1159,21239,174028]]"
282,8a653f0a8caa1f56e9a0ab7dc2a7775499ee2670d523c135bc68f713ee8b2602,7662256a57cf8680f532378033e829ed1ca58fa016e03ac6fe45ee05cf6b3b94,5998c420ea667aa4890255d4ee91368611e30fb5a94a90263f2bd7cdd6186537,4000000,0.653411929539024,0.6977691639388363,0.93712725,"[[1627992,28834,23510,62382],[9307,1451602,3553,61903],[2,258,26,2],[56008,5611,121,668889]]"
283,f56a558b389cdb8f59bf14e084bffd5cfcecca48c07221142b0a873745be4885,9ccd9c2eb6dbb208761962ba8c0d211ee39eb6b8b9afcfb187a657e72d4217aa,e21e914bad37193b3b18165ab981b2590900c9206a95cda4070f51c80512daa6,4000000,0.6458983312636255,0.6924492801898663,0.980638,"[[3897247,2552,71171,1404],[954,13550,0,12],[0,0,0,0],[1354,1,0,11755]]"
284,c8018898525af15da4bb134a7cc6624e8564a4132253c45b8e0552ab6559a892,566e7b793f27c7d8639995c7b0f6c91f40aa1cb20e0f50e123beb1f5dacfa553,df0a6b5bf6cd20e00ae86be62d287a38ea529f017dd511e8903dc587e68fc7d8,4000000,0.4365040123467007,0.4646465402375395,0.996471,"[[3982043,2627,10149,1077],[41,7,0,0],[0,0,0,0],[222,0,0,3834]]"
285,d88d31d732bff31673b1cb54d4ed25906c92627e6435ea4a5236b6afa37b6631,05ac5de8d0e9c8487c062c45483834e65a551e6eee02f65ee4c4550a1693ad00,8959d10fb9fcb3460acab8288e1a6c28c72d9be5eb8aa8e0942ba1d5877e7203,4000000,0.33325425000000003,0.33329378697547996,0.99976275,"[[3999051,878,71,0],[0,0,0,0],[0,0,0,0],[0,0,0,0]]"
286,dbd6bcc79726f79c252648941f2ffb2c7dae921d1a6af569b101385f8f97494d,153a894fcfb60eb8d73ea925e4a8ebabff94d558113439b2e55e3b078b94e5cc,3528d69de9756098bf4bb3b672bae3bba26ea378e3894203bce8ad682865617b,4000000,0.24661525,0.2482960903838535,0.986461,"[[3945844,38356,11780,4020],[0,0,0,0],[0,0,0,0],[0,0,0,0]]"
287,a14bfe87ee34451d6face0765e7cc414f1f96ab8c8c6ca819c9838d0c48d28a9,b1b6ffa026b22677d5575d9869a938758efbdf3a78acf7cdef667238488fe0fe,c7ca4cfc5c0767cd4d59dcf1bec38a4a3eef44709b76e68366bc1956963057b3,4000000,0.11465350503093029,0.17365399494493727,0.394677,"[[0,133,0,0],[6089,1480208,699607,19658],[24752,743281,76970,36016],[8297,862777,20682,21530]]"
288,393d7b49a67ad52b276144deaf4925676527f0c9c2859eee33522074f28aee9b,369f875236cc6ff98b94cf568270e54bfc0e0d39c167dd62cd5c866b3e395a4c,3ea7ab6e35ff487639d8bc009b5e7212ab2bb010adeeee6c4cef8d87c0f604ec,4000000,0.498722378742159,0.5401337119729752,0.93821,"[[3737210,0,486,0],[0,0,0,0],[246674,0,15630,0],[0,0,0,0]]"
289,c42cd72e08a4972d9fc461531f6b4156307e0347ddc946d1b51cc9b7a466384c,81713ca9732d5c6a92fde735f32dee777b1497080d9e0c1bc35b716a2297e17b,e6a60ce901c3948edbb2dfb984d891c6f4e6dd254a2da373e2914faa8fde9dde,4000000,0.42856391008654515,0.4623720421494662,0.85597,"[[3423198,0,0,0],[0,0,0,0],[576120,0,682,0],[0,0,0,0]]"
290,885274295623a725e2d705dac6ba03ce2ba3e4f5b7287c3f1f757e9ef208dff4,67420b6df4d1790f3b900efa915432eff2e67c51dbfcf98e99deca4241319b14,2882cd9de7b0787c05b39ddf048d11c3c89c4befabaf44eb522f9d3318369cff,4000000,0.31277709174035384,0.36188707631555217,0.9407945,"[[3711936,0,0,12291],[0,0,0,0],[120663,1093,633,362],[101887,96,430,50609]]"
291,9985891e21872175de4e4c30a873fbe98265ea2e1fd9e9fc620d70e6b9a77d59,8dbe5f139fd946d4cd84e8cc612cd9f68cbc87e394457884acc0c5dad56dd8dd,dc0100c14fd5964cba497dfe41a2ca1b030262bb0d32997635d3c88952170d4d,4000000,0.499995375,0.4999976874893046,0.99999075,"[[3999963,0,0,0],[0,0,0,0],[0,0,0,0],[37,0,0,0]]"
292,3121156d4cc745ceaefb8f068eb112a650281fc36ede95a038f8412caf16730e,8dbe5f139fd946d4cd84e8cc612cd9f68cbc87e394457884acc0c5dad56dd8dd,dc0100c14fd5964cba497dfe41a2ca1b030262bb0d32997635d3c88952170d4d,4000000,1.0,1.0,1.0,"[[4000000,0,0,0],[0,0,0,0],[0,0,0,0],[0,0,0,0]]"
293,a379578bb8b31371b72a6c2355be0bd155e7e9f0a68a42e62313d83c20338dd1,39812a6a510c94d06152fb455f6a9c4de44136390362f8c79aefbcffb335bd1c,309e4ff54894c28a107eee4d7914f1e3f6ad0d06de49ce1731bd6cfb9702cdb2,4000000,0.4654139766880218,0.572456993332293,0.7900665,"[[508984,5575,9012,3100],[11990,2438029,114208,25031],[37460,13942,64432,1208],[181343,213993,222872,148821]]"
294,ea8cef30ed0eb79982d73bfa7abdf6e0d73dd0bb175a4aaa4a7f07105b67a494,31ee0e2cd87fa3611d69c1610d75745f0cf337d5ccb2fe2d081a454ecea0d0d4,70e25157493eddadc401177e51d3e32f0d3bd7675d07d3b3290e41601b64ca9e,4000000,0.2474709375,0.24872904007583357,0.98988375,"[[3959535,2826,38,37601],[0,0,0,0],[0,0,0,0],[0,0,0,0]]"
295,f79453ec58d85e734321e9ed468beb122555241153fc106cf55633736b72af1a,b24a913e1e4dabb5303ccfa7842839ed6f41eb1a2ab40c67fc61ff54f8e55a3c,cf7346eadfb03b8d8097ebacec54b18da12d181502a7b4a84208e419ee4fb3bd,4000000,0.42465807729369837,0.4920531646692055,0.931584,"[[143997,724,0,0],[272728,3582339,0,0],[0,212,0,0],[0,0,0,0]]"
296,75133b8c58aec580da7a08b58f46ca75bb3b20197ac32557430a082f09a82f6e,bbfc180f923df591bd0d574bcd46f40f6185eee7405b55d05e2c239be4550447,3ef39b91f6291447fb04826fbe4ab5f1daa9169a585b4ef8e0fd8995bd6c769d,4000000,0.2783953903184641,0.3059142411861714,0.82987575,"[[2059,303,0,21],[637130,3317350,0,85],[0,0,0,0],[0,42958,0,94]]"
297,5914a98f17f8ee0fcd7975eb38e404310103ac1a66d1f00dc49bbb8cefec5bd7,e088fb58f81e0e96a0ad73bc4b8865e8ca7ada87f1a35ce83ca182efbad82436,2615e1916724810dda9331cd62ffa881441ea29b1fc71e06eaad1b04c8b5a7fd,4000000,0.4365762762822494,0.46657157154452394,0.990355,"[[3951941,588,10324,23077],[1537,9284,753,244],[0,0,0,0],[1596,6,455,195]]"
298,1fb39149d452d06a54ad6ca0c89c351100df2196598ea3ae355f3614d948a91c,f87e122bbed082e148e1a68ad6a51d7c4225efa4c64527bb2209022990fcd9c1,98721d79ca8b13e4c5d6d5a4549f5584c75ed3ea09df801b16a5884fa892b8b0,4000000,0.7606300076863471,0.8534671428379527,0.994215,"[[3901165,554,3344,7139],[262,12461,2243,306],[637,801,8785,472],[6721,94,567,54449]]"
299,75dc779d1992e8304e7e90ad6ff3c89554638da289d19aa974b116728f19d3a8,c510d1dda660315478c28cae7e01fceb5a419e6915b1d1fb1bad06ec746bb214,07d8c5689942d75d35914d9c4c1190d9edba8c1916dd08a2a5a72a486ed7d4e0,4000000,0.3545506138146325,0.4180893249413155,0.9966495,"[[3983049,32,5777,5004],[0,0,0,0],[1815,0,954,0],[774,0,0,2595]]"
