scene_index,payload_sha256,prediction_sha256,prediction_file_sha256,valid_pixels,mIoU,MacroF1,PixelAccuracy,confusion_matrix_json
0,d12f4ea423cc9475324b7f1d27c71af006f76cc8815478a91e9a0ae2d711aec5,7cd73881ef340c8a172f10b21e3aa7aca9c0a568b984f8c42df804b0e8d55631,9295341dffc3884d313ab63c7864c5a8c1863340231ab4fd14f07efe777225ad,4000000,0.5387274121176986,0.6657556196020624,0.8819085,"[[171908,31106,70275,66585],[2507,2952346,58184,44924],[6419,55085,65338,5231],[57174,54176,20700,338042]]"
1,79444f1d3232f0f39ee4d2b9b2b8e059ef4a72cc59ddfb55c59c2c0967d4444d,c3650353024cce7e7dc943e1bcd59789b2f1eeaea2bcc46a9d19145c71af1285,a0a8b6936773c79323132ed55f7adf40994ecafd11e925ac60fda2daad53feb3,4000000,0.46326959747710605,0.5983040641192399,0.73450525,"[[383355,2835,30640,31009],[5056,2022144,24868,95677],[251835,61444,184839,125131],[327681,58689,47114,347683]]"
2,0738296f445b460034c122e934243b171d665645b569eece57f7536ef08e94ee,20b14e8abea415719d4be3ef652cd13c3f9f5d09ccbe147b06a31858073877b6,c838f048305df043e6c3718d2c2b071e9ae9a18e26c1f3a74a858be9c6a21489,4000000,0.34613648958630083,0.43390575570447687,0.7132355,"[[2028302,3911,4110,288375],[218107,780227,219789,177640],[203933,1558,28394,28350],[583,662,40,16019]]"
3,0dcfdc016095be6ba17c1789bb9c68a0457af59d66bea823c7f7e22ea17cd765,e9b186966366ec02c74eefa2a9175a4e322e0c3fbe0a3bcb964828592bbb4de8,8e3af94eb885989e8ec16eadf0ee4708f2554a4a8c81b4cffc51e63f76d78677,4000000,0.653728147381192,0.6967874392701886,0.97058525,"[[3189602,33276,594,57451],[7935,456914,218,13087],[0,0,0,0],[2348,2750,0,235825]]"
4,27470064fa7f1ff09167aaacf1b40bec2cb62e9bcd74e0f5c69fadba378eb881,4ab818295a29cc4888b4ee7e3e487086732902a9629020204b7219c621640b26,f94e9f9d132e2373c94d90e20674d6efad5bdcd26f8f5f9bd3d31408c34dc778,4000000,0.604431733601043,0.6684929484007152,0.901452,"[[753423,42094,169,99283],[8872,1909491,413,173264],[0,0,0,0],[31809,38151,137,942894]]"
5,9e5fbf96d9602d9f211f7e9d9c23aaa31fc7ded32301e05ba8928fec2df621f8,c733fa5a13639a225293374bd3c231a8da66a3b2518eaebe8d9678d048c47f76,145c9a0625a4566c52292c84bbe58c31ead20d36693b65a8929a2b5982af41eb,4000000,0.3143122387376921,0.35625651371815703,0.978784,"[[3882630,698,39143,12],[0,0,0,0],[45011,0,32506,0],[0,0,0,0]]"
6,97acaf5f0428c189aa7d014e80f69db8eeead8bf08cec8f2606bbefb5954e619,e0e156b8d8d87ed597a3b7fa69307b33727cc038043a51374f215e2a047d1253,7aa7b6bc9546552409082d226b904d5823a302e26b2440238caa2cf0915aec9e,4000000,0.3330903333333333,0.3332117890304349,0.999271,"[[3997084,78,0,2836],[2,0,0,0],[0,0,0,0],[0,0,0,0]]"
7,2c14df27dc839cefc5bd81ec327c83b69ec4d6d69ae78ba842ac1fd56fe935dc,2fcc73722a55fe2f5260e7add0f54caa77196d2699e223124c586950e46c1270,bcf5ae098c539b6a5291830d926edac23b53a7834312145fc874e15f82d85410,4000000,0.5407862164036753,0.6396215358167896,0.77878125,"[[1473382,30154,609694,96982],[4068,1397186,55277,30209],[261,10585,45794,1116],[20283,7800,18446,198763]]"
8,54f770e668ddcd6832eff468bdcc237a5077bd5d0b28c3408e57026d78e1216c,ebdee62887d11f1e4fd1a2f43c5fdff3f4c63e7a69a98a19b86a87895f187e64,85dfb9c4917acc306fd073e01de6694c69b3e495ab97c05ad58578abd0cfd7e6,4000000,0.5011836627896779,0.6206839750438656,0.80684775,"[[2515713,3268,10153,99947],[3007,12166,0,286],[639529,148,688717,9371],[6814,86,0,10795]]"
9,d64f9cc75e13d17d18b2088b3def5d05e13a8cdad2d2200f5335c8ff131009b7,ad8a34fcd01432cd437ffbd2e84efb336728c3d4c5985214bfd4cee629f05f17,771f02c6e81f1f2e1f6a60d58c96aa84946a82ac4dc7be958408323d00c2548d,4000000,0.6032872169373028,0.7215156650586223,0.88722325,"[[257290,23812,89616,113527],[3582,2575775,6407,79619],[2319,58872,65667,22200],[2640,38481,10032,650161]]"
10,e7af65c3213056e712f815bcd803cfa06361fa3f3abe9c54e9ddc5fcd1eb2091,022544823067f4fc9c46d3463dbbaaabfaf3de70fdda1b8625ccf402f6e9e7e4,ad15c012e0ff4280b10c85f676213533ad595adfa30425173cd745010aa9cf46,4000000,0.46888130920699955,0.554907236418196,0.98890375,"[[3923047,6212,59,31679],[5211,11536,408,0],[0,0,0,0],[816,0,0,21032]]"
11,23bd490487998c34914bd13e52110907288080351f98152430a088ba5dff2255,0aecbf07e18b599803a8185b688292ee82f49c883e398daa0a3a0765535255bd,b0ca5d20dad4ad14ad71ca5578798db4f0de7e15b28bc5070dd53ddac1423d52,4000000,0.47648766228635375,0.5539221957597114,0.9940255,"[[3958860,10,5591,970],[10175,4297,84,0],[0,0,0,0],[7068,0,0,12945]]"
12,750e0b8b7e82948359a0c7c6d20f906cba4639302d14693363942aefbe74448c,8dbe5f139fd946d4cd84e8cc612cd9f68cbc87e394457884acc0c5dad56dd8dd,dc0100c14fd5964cba497dfe41a2ca1b030262bb0d32997635d3c88952170d4d,4000000,1.0,1.0,1.0,"[[4000000,0,0,0],[0,0,0,0],[0,0,0,0],[0,0,0,0]]"
13,1ac42d659d5eb46de89d7ccf589972e34b42e8a1aa03bea81cc990d5124eb010,61b9db4b331dca69d6d9b74a2a9f1ca5d55a788ac1a1b25e4ca9b0e5a164c7fe,76bd7e9d206ea623936d79c19fcd2e76fee4d2f52e499af95d690224efe2fb69,4000000,0.2492795625,0.24963926147087184,0.99711825,"[[3988473,1202,7887,2438],[0,0,0,0],[0,0,0,0],[0,0,0,0]]"
14,61bcec3e104214f19f361450b4d1841c4905acb8e55525e482f8a3fc9bd6a72e,9ebbec48316243d402bd2e5f4ef75e4b4a16f835e5a7f8680bb96c3129158950,66a5bf05e1ba6fa2d29fdc67b26f105cfefce84070b05dddf46e79403c73aafe,4000000,0.6976488593056767,0.8057337087011323,0.884031,"[[1844755,876,15839,92155],[417,969924,39197,63923],[13170,7935,96275,13294],[162604,10189,44277,625170]]"
15,bc46ca4ea8c0236ae778834d458b20073cb5c0ea645db5d49b9c34ad093fe3bd,5dad6ea9c46d5d52834d08b1ef5c616af9bfa13099ac7b35c57948c840c20a1d,fbf524c82a819012ae296be758f253e755eaa3b4f565eaca3f711f07944cb89c,4000000,0.657484645084168,0.7348308613118419,0.92421675,"[[1751032,39075,5626,32790],[38686,1408057,11920,60534],[7589,889,3580,9],[73919,31330,766,534198]]"
16,c4a869dcf6d8ea07da5a9503beac4b5fe8a9493ebe2583ba9e1d13ecbd103970,42299b1aa95ba7e9a49d959138fb740977c73a87440e14a5b2ae6f36b505a7fd,936935f57922515f888eff92b67b7a91376a1dd05dde61b8e50f943a64086d00,4000000,0.2481,0.24904637622967277,0.9924,"[[3969600,1628,2544,26122],[0,0,0,0],[0,0,0,0],[106,0,0,0]]"
17,4978921d89c6e9a505e5b4cdad45433a18d0d184b4d0aaba67ea07d49434764d,b6ae184bb437bd3b50d158f5d22555ad026ca710cce562ffda194879263f096f,4e85274b17baba338310d167870c6c6e31532d71aa7d7c98f5672d15ca8f53f5,4000000,0.4642581951339449,0.5502092866403233,0.990951,"[[3955063,4793,24737,2564],[392,5051,8,31],[139,7,31,0],[3513,12,0,3659]]"
18,d961b69dde3b7288fbec8b2ab137f77f7e2b45472af07d21a8f60b8a4c8ac241,f2d49c893f5c9808549826a8888eab852c967d6ebe5efc3a6c94ca4cb75a664e,4e4cd9b3a4f74f5fce3f6e70f8c80757eea6de89b0389ec455c7d3de126a0195,4000000,0.2465133125,0.24824441388970814,0.98605325,"[[3944213,207,52964,2616],[0,0,0,0],[0,0,0,0],[0,0,0,0]]"
19,010ca91d7304efb8821603bbc6b2106200f690e445ef2c7f93dc9923bad34203,e3df4f00eddc5f7ce0f3e4049eb792111139270aa0f22c0f66efbf50ca1b6974,227ce8659f2a4af213953fbc4da13f385268e836b0ba0f8ff854c8bb86215805,4000000,0.4360400194979529,0.5160094243270352,0.947304,"[[3727401,1048,187959,620],[120,3710,398,0],[19516,1123,58105,0],[0,0,0,0]]"
20,e5ce2a3626c4e9361efd5b8d5e5bdf2b1fb23fc6cea21f446137c41c3ffeee2e,72880ebc6bca3cb3a80613d0998c2f81366ef014003a1ed4bb0fc1f54da1510c,dac1311fa188ce1f7434af8c6b5725741e0da04ff57d78b37d163bf751238095,4000000,0.2861902833864556,0.4233587755628968,0.532253,"[[41767,12678,27665,38222],[2686,1688680,395507,68278],[1276,192004,211715,76164],[17834,780186,258488,186850]]"
21,67fcfb59239a99f91b622344492754fed47a94e3bf0e542fd1431a191fb5d20a,c29d03b229f40ceabf6f3891d9227952addd8ad22fc7f7b53096f922dd2da59d,4241c511d1c4a849ca83c45e8c415ecb5084cf541156be2a0359963b7cbcce71,4000000,0.2552180601932845,0.3364498746365375,0.72297475,"[[2664697,0,63757,0],[0,0,0,0],[500836,0,188385,0],[505316,8511,29681,38817]]"
22,7c2a8314ca64a92de6975cd6196fc2a3dd3c18a192ebfe86df61f1ea00d78e59,48c29f6e54aed13f34bf455aa7cbb418966ea09bb0d96c63913994bc06b5c8d3,d2194e4957a60655c048036b5dd69d333e9989f19dd5ef2b6a1a960cc97fa3dc,4000000,0.22854847954796373,0.23885162521276612,0.914035,"[[3656086,3882,337256,2696],[2,0,0,0],[24,0,54,0],[0,0,0,0]]"
23,9c55e5c0f86b320d10ce985a88916f36af7a4c527a44a2cb52b53eacd1f445dc,b81325cd30589867e6ef933e19dc8f3b785c9699ed32d6b388da99027dc888df,b230681bf150e55768ebdccee82c329d0bd797e987f774957f24d0254ba4cb3f,4000000,0.5076234903209523,0.5942577513533652,0.73220675,"[[573042,559,14906,5013],[22755,1926627,115005,1072],[22780,133708,424579,1211],[13566,419342,321256,4579]]"
24,fd043b17828a8e7a6bf39c95a4322edc8b077cc63df58744c56a287902c155e4,0fd62ec02aa1c44bddef29a5b2a673c1b04ff4f6041e940b35921d1b1baa9166,7d39ccc499bb9237e7117e1a3812e2c7f56d363747e0fab26786abc30c79eb69,4000000,0.6844582981227698,0.789125111071504,0.86661175,"[[1811586,22,3221,8641],[0,809633,8641,19614],[3780,3433,141185,17292],[204222,49981,214706,704043]]"
25,b37932b54df922d9f6cfc55025fd3dfbf4d00a9020509cb9c9e989c3e28bfddc,d3d4c6b16d4d8ec09a9f593aa5bd912f8ad2bedc5716b66841baf2d6aa2af6b6,53dc46a9911188bb12457bf92cccc652227b86c69a49501db0cac6b27a4f46f4,4000000,0.382653157628159,0.4255077484262656,0.974114,"[[3800727,227,8280,27104],[0,0,0,0],[66403,1443,95729,87],[0,0,0,0]]"
26,8d6428e724eb74b2d9bd5907914ed237f15d6f551334329ec9dbf9177b9b1cc2,a809c2025e4852728bb6c95d5190f5a68b22b9def12b248b7d20651d41b205ce,b86141bf5f34daffe3e81a1e227981e8f9486ca03b583827d5e1ee8441689cfd,4000000,0.23879475,0.24426893905877672,0.955179,"[[3820716,3444,174973,867],[0,0,0,0],[0,0,0,0],[0,0,0,0]]"
27,171ad88df4ab8d838e7dc7b1b77598201cd2447056e0dbb1624134e927a88d65,54ff96a13afd5a8e79049e503f9a2828807dd234aed15258d97b3e75666a32bd,bb08915111dc663eebfdfb58222b44059017e03771a03c541758a76351143306,4000000,0.3324335,0.33288280857086855,0.9973005,"[[3989202,0,2516,8272],[0,0,0,0],[0,0,0,0],[10,0,0,0]]"
28,8a65b733ec629467fb48bd88a08acde50db7f69d613586a384a2ce64b60f6e20,aefcae4004c9a27ee57081b414f272364fe6b757664e78f7d6092c5a044aa095,dd5fd41c82609ef5c7bd9e4134d16cc329448ec83f46b25f01c34b2f5737d5ce,4000000,0.499799875,0.4998999174709839,0.99959975,"[[3998399,0,0,1601],[0,0,0,0],[0,0,0,0],[0,0,0,0]]"
29,7cb3ef186408cf9f0b7ef623afdd556466debd2341f592e6fb1fa2dcbb74caf2,d8100f64d9bbf40b4900942bdeff0a8329402c2c70722880199f7fdd1752f552,81e3e923821a8553bde9a54e1802d3eb9785558d0b823c06c1de088e6a2d62b8,4000000,0.3332879166666667,0.33331062345288937,0.99986375,"[[3999455,0,455,90],[0,0,0,0],[0,0,0,0],[0,0,0,0]]"
30,71cc544401d39a3343b3385190c9f41235e037d55c9e54935669774fe29357e1,fecbccf22a9859948f391e4c4ab3a6c25d36a6ca070fa33b66ae8ad11471ba42,37c8538e88c9d0824b6124060611e870df7b67f1f1dc8690b0fcd39b6a3febcb,4000000,0.13136441157465517,0.20835671297311814,0.26237075,"[[2323,0,496,0],[0,0,0,0],[2950021,0,1047160,0],[0,0,0,0]]"
31,d3eeb27063246496ada2d449c1da4421e741b68714d9b28e76c31a6eed006264,3f35cf4677ef82502630d8520559ecc6bdd3689001168323b0117b6d557f1d53,efc2b8f42d9f64969a6e55b31f0c06057c83c4ae1669152fdb52d3427f47b194,4000000,0.6491570797734052,0.7685431180819084,0.835925,"[[295579,10710,437895,14280],[2631,1906256,23665,26698],[2619,6261,758719,2643],[4146,29003,95749,383146]]"
32,d173ade01eee750adafdccfeb0685e68613bbfc1e5824dcd058443b54dd9041c,31b26d6871c4c089b85648ec5d6992fed744d20e4f3c9ab7d36fd982e351f25c,b597890554d442ff453eb8f6f9833fb5ef1aa2250db9eb45c5703eb37ee0d19f,4000000,0.5874948823702006,0.689715843922376,0.770646,"[[633862,16259,688863,37252],[2292,1661741,43933,26938],[0,1456,156053,747],[5994,20355,73327,630928]]"
33,1fb76940b83ae2b31b60662b13c9964c78684196f47749db6e076be0d2c79854,23ee3c82da4a46baf5f7f14a858481b4ede8cea5593e74f96c4f4a37fb10a888,d93a43a51d21426ff118be67d45bd68cfdb21921eb430f249dcd6c5ccba27983,4000000,0.2583350366336096,0.2670392702782293,0.99814175,"[[3992408,368,319,6706],[1,5,16,0],[0,0,0,0],[23,0,0,154]]"
34,0febcc030c59db27e948dfbf4b3edb8909d3a454b06e9cb4e3ba9ba3936c61a8,8f2bf21c3600851359bcb4959445ab54584e5e722a2612e017aaba1bf1f0524a,e45310469a8d46feed9a7736c6100c8add98f5890a56beb1dd999fbd3b31c0ad,4000000,0.37083684614083423,0.42453842868380715,0.9941355,"[[3972084,214,11610,135],[4066,4265,0,0],[2404,1060,0,0],[3969,0,0,193]]"
35,59c59f1c3e46e22475571b03cd1b92b9d7fa64f9de936cf0e761b9502a57c79e,3285f65040733eb75d2101186271e8a44d9cee771ba6bdb22d6ba71b854d1b90,5716f571babe96ee124e7f71b100939afd86714bec78f84f8f7bda859dfc5890,4000000,0.20456800420689686,0.28496426262450203,0.5481725,"[[1883569,0,28929,0],[284,0,99407,0],[593232,0,309121,0],[1038671,0,46787,0]]"
36,6d0821ad0c425c3a8ad33c6b7ad9c4e2e91faacac5194c55614662d6819e19f8,cf30f2715083253e75f06c67cce7f35c2d950371a14d21bd8fc56687f9a9367d,c2d6b63fd2ecc71a7c6b26923f83fd281cf6d3c8e8f936cd104cdd856582f9bb,4000000,0.48785771371786546,0.5611714191533366,0.87586175,"[[3174671,25573,165326,271827],[3267,224213,3682,10592],[0,0,0,0],[9980,5265,1041,104563]]"
37,1b2c2b55a6856f1ae4379ab19bf2409ff457db83dd258091a9ea25007d6d1fe1,703471dcc74c4c5b0a63fd78eceb3a6b058c123484e52e8bda61463a92989d1b,732713a5ab5acfc01198ccaff1c2b2240de662790af45f7a1e3d2f0577c228ae,4000000,0.3251006488188994,0.4327551525540415,0.5031075,"[[316720,3054,324101,43773],[39291,1344271,151148,124023],[39,7,82399,2937],[235731,100943,962523,269040]]"
38,d2bcee3008951c612629285dbead47d81aa35b08c136376edb15ea6cf422f6ed,3461a37c75d581d350bb8772f36da167a5cfe1aed146753b075d1cebbf13d055,f5f01d402e23a34508fb2fdc662ed032baf2b2a29b86f9a6affc9480e6eb13d0,4000000,0.3333,0.33331666583329167,0.9999,"[[3999600,2,0,398],[0,0,0,0],[0,0,0,0],[0,0,0,0]]"
39,552210dd59d9839b33ba5dae7724c7becda486d08d9d474d5bb124a047dfd734,defebb9fb524de1f24e212ee7d14fc7f53b76b9867bbaa21dd78f4c288be11d9,1fe7dbff2f2b61dfa30feb430510066fe6b594dcd9de9b23e51eaf1642868c2a,4000000,0.5223414525664543,0.5730296219837324,0.951369,"[[0,0,0,0],[0,3785398,0,3563],[0,0,0,0],[0,190961,0,20078]]"
40,251f8c941707e8081de3baaf0ad6d4f8d3f050310d423b4fb175b0d5d5cbc851,45aa5affc6491a9ed0e1e1fb2da247cc777ae604af34fdc836d1329f788100e9,45e00a91f7627d63963f71060c3f2fdb86482af6c6cc6078197fb3e515b7b8f6,4000000,0.4214836091970943,0.5316562310654296,0.9537265,"[[3725829,387,3016,19541],[200,7175,14963,78],[130537,3006,77009,13355],[11,0,0,4893]]"
41,42485855b6f1851925aea2352ec79b4bf93ba09e82d99d1cd5e8d388a7e4cbf9,04b522d3f5f55858f376a7adcd5379da5f8b6717e1b701307039e2c0631c9187,7859f97d7b075903ff5d2f8128011f5370c0d944430113997034ed0d4d2bc333,4000000,0.2471367383123484,0.28413969513130155,0.87745175,"[[3447492,47,2252,325],[0,0,0,0],[486790,0,62315,759],[20,0,0,0]]"
42,ac0fde8d922fe7782895e26d7f307d59545f78707fcbc7edb79ebe7029352817,0f8d0599c6436b02bc1f3a174ec1b197c82be641a56bdf733832715036c030e9,56a85234369565a2eb708df9b38a846444ea00526f78cf668ca91fa35369d67d,4000000,0.33253075,0.3329315579793624,0.99759225,"[[3990369,0,8358,1273],[0,0,0,0],[0,0,0,0],[0,0,0,0]]"
43,f2ae2fa8e4ba0d504b3b4d9dd0197b8b130af84499c0fa3c4db2aaa0334f5e35,169be37038c6113b7c81f976ae376b506f12f0f02cff7d15a36e69aceaa66514,32b34ca3c8287165d77a8d43741fb2b31ce212265de111972f23cc587f310732,4000000,0.6674575565264418,0.7904474978850837,0.827267,"[[1061082,19000,262023,76040],[3957,1422173,86415,15559],[24206,67701,389713,8663],[29190,51055,47123,436100]]"
44,18b22f7f373bad26857ad2e3798d23f2e6d49ad36831424056aa575e0e71fc1b,7093b6ec1f4bfe9adced2316f2391ce74c6b48b938c44637d5287ea45546f7e8,345d63fa4f9ce0c05cb68968b615f2ab5ef1b2e9176738b84f9226a0a2a3429c,4000000,0.4100868013829196,0.4895036424677224,0.78387175,"[[1444083,13320,47174,151644],[132482,1606795,305191,37321],[160911,13753,84609,2717],[0,0,0,0]]"
45,b45f6a48775cc1ef6f7e0e63447e934728df720900852e5ad3c38a164ee52e07,7c5a63990f3f3892ab1ca04a9f2068af0f4d09c3230ca0a1bf89bcdc3abb5023,daf51c6e711a8cbf0c44c3b2db230ff3ad8b641476d61eb06908e8aa5c2d4169,4000000,0.6956485941842111,0.8060853386700237,0.8736645,"[[621889,17706,235952,59676],[3638,2064815,83729,43215],[7537,4794,262895,5024],[9785,18498,15788,545059]]"
46,898bde1c294259889b867d702dbf9a515b09b8d887b3fa3cf7f8c5e589ff95ed,23f1bee664e5268988a279762a2a6451d5696e9613ea3807f9c22ecea4ea529a,565a3c9fcadfbe853c7992cc4a9cee26aa9f50dd70f4d34490b808e16050e3cd,4000000,0.6002453878309865,0.6611074836994643,0.9975245,"[[3978463,263,6110,2293],[676,2174,0,293],[23,0,0,0],[219,25,0,9461]]"
47,a4bb7847888f708cf66422735fba984831c66552e9267296a85d0cab175f90ce,8b12569743cb8c8c450942d1314673210b5f809263b53a527d144f8ac5b6c8fc,707ca5d2be05659b200e7441b331b627314c2a43d70e762fd972ae8c457e89e3,4000000,0.603742100698566,0.7094557659897017,0.9821465,"[[3857685,1466,17843,33091],[509,17195,2216,1651],[870,0,5414,360],[12821,482,105,48292]]"
48,f7736ea49dd8ce06a98dcf5283fd4bf51c251519f06e0a32f82b0eb1871cc235,642b532f06060be8449ed87d76e4901b920fe10bed66191085e0cc3047d22b71,43aa670ea606640bb9ca30920881c82f80ed086b7e66f687c8320ac7fddfce59,4000000,0.2489894375,0.2494936954452067,0.99595775,"[[3983831,3217,167,12785],[0,0,0,0],[0,0,0,0],[0,0,0,0]]"
49,7eac8a2cb045935743ee1f6a793f4b31f8fba7e2f59e64080789ff00a313bfae,ff294597320cc4428c03c5a9b237f53f0ced714edad0fa92112dbe5ecfcc1d72,4c647830089372ab21517220bd4da9aec228b164c05319fd9c9666e9ffd3212a,4000000,0.38734083280448456,0.4787849369181334,0.7917485,"[[2667916,0,558388,84269],[0,0,0,0],[190349,0,499078,0],[0,0,0,0]]"
50,fe94dac6fc6f898b521211936af1d1588f62e32c9d12742a0520e6ac959702b0,31392d70295770d7458c2f85bf3d98bbb52b8293c03d1bb57b934b0a07928203,45151f29da07e8478ded0bcefc0ef5087b6a55ca830df1813e7acb6d1cba6982,4000000,0.2499140625,0.24995702386347654,0.99965625,"[[3998625,594,684,97],[0,0,0,0],[0,0,0,0],[0,0,0,0]]"
51,3f4bc81c098533d6f6a0c47663b162d247138dd069d7f464155d02f3917964b8,be276b43e68af45d7fb92c37d72cbfd8115b1ab80677dca60ddb6e649f0dd0a7,234627cacfd4a340e460d20e6535ab117da820be8391935faecf2ab63e092970,4000000,0.33332233333333333,0.3333278332425818,0.999967,"[[3999868,0,122,0],[0,0,0,0],[0,0,0,0],[10,0,0,0]]"
52,c8df70028481d2e9b39db629856faac9903322327333c9fddb3e73cd3c2fdc4f,9e8a3bfcba7dfb72a5f0b580f09c581c6b67218acf3b54d2511e84d395dc7377,3e52ee65318a2bdc492a9628c49563da3a32117fd63780460dffc34cd426d69f,4000000,0.5491625970740448,0.6825520789310268,0.722673,"[[1556739,830,21657,48657],[7834,482873,148373,18531],[60319,26903,457274,108415],[172332,8354,487103,393806]]"
53,4c84215b9221d7bfb11b2325e5cc241095c7244da41d229b815068720857a09e,181e3f7b2c502fcc19af11238fffd899ae6eb47a8852f2e30d5422c1ba54d51d,679025c708838b95631c8b36cfdbcdf433f9546fb60a2f439ce2089fdec34a36,4000000,0.5633229250168633,0.6429706426393911,0.93831175,"[[0,0,0,0],[0,3695654,0,97772],[0,0,0,0],[0,148981,0,57593]]"
54,b40dee6cfe7bae31606de85b766a8ad8485d3f8dbaf038e3182132a86eb534c1,72305c0830ff5eb27c5610157ff1c8e98e7b28853234be613a25e24cc22a553c,fda038237daad6b1c05a0fff9107ebc96e15ba946710fafd4110300446f5cf52,4000000,0.3246223046318002,0.40641153019546644,0.79014775,"[[2915019,0,15734,51316],[92,0,0,0],[205073,0,199271,87],[541560,0,25547,46301]]"
55,0f964f4c6f082b718fe7e495b4605c4f55c9577d301e2c4bd67d92e906853e57,027ca287bbf63cc73cdfa44ff8c0b571fd6bc69ef040f3bf11ee7560e987d90b,b9963e3eac79cb85db8980c3ea99d852fcb8085cb3a875b2d263cd828ec31195,4000000,0.4477664744077424,0.5172851594137091,0.99201275,"[[3963890,384,13405,16210],[356,1546,124,0],[93,0,1374,0],[1377,0,0,1241]]"
56,36a9550095976b3fb23d10aebca36dbfeff33e80ecc1f6126d257d7170dafedd,bd22623c7a5bff077ffdac13115c7bd93a3fc69d4a0a92947128e08847434172,6f1607b8a62cdc75660202560f3ceb73433ecbc882bf54066aa94d24e46c1289,4000000,0.6795319380717657,0.7836485692829702,0.96240475,"[[181791,5184,18926,11294],[4211,3490657,16359,43671],[4281,7751,34487,2631],[294,17711,18068,142684]]"
57,183d1d9a9ac30ed8e4cc3203184c9f6376c97df3f72354188aa2b11cdf95410e,f25a6adef25483c0e2f9fa0d2f090e3f4cb842e6c230541daab39f356ecd9daa,6a4c8817680dbd1625e06e5d6127aeb5a70648de87e5b744e00f7de6a323063d,4000000,0.33330258333333335,0.33331795762412875,0.99990775,"[[3999631,0,365,0],[0,0,0,0],[0,0,0,0],[4,0,0,0]]"
58,9699aebe74850bad32d5f2e70cd2cd7a3fc5750a693cafaa3ba26b13dddeda1f,6de814934070d58b9b943f117164990bff7d95bfd664b2ef54eaffa6c49abaaf,cc57a51c6a23ef4a585e042458d1082a0e2e7b817698dcba509674653113680b,4000000,0.31514465168589717,0.3796408500283207,0.8191955,"[[2666954,0,0,0],[653833,609828,52604,16781],[0,0,0,0],[0,0,0,0]]"
59,caa5b77723baa0ae0d1f3e19777a0195b731677c01254208cd7157bde8a34174,7785fa470217b16dc905e246d4632a5a63428eef542084b4d3339fe5154399f2,2f0eab1ec4ffd4b85bf93f9417b7ed2758a555c18571017e6452f8bcfea51dfe,4000000,0.2704308002146095,0.3563847005613154,0.5088245,"[[1266298,968,50,8],[247073,700337,734325,124050],[189019,245274,53547,20446],[67123,299465,36901,15116]]"
60,26e7194e5766c36648630cbda245a69b46bc080abcda13a9e4af0384b7613b7e,6cf49c2f79c7ad1cb3299f287e843143bf10ae5974424f4c81760ea695cda612,658d02e326ecda7027959468910a5f4249dcc8c431cc33dab1002eaa62412feb,4000000,0.6138967765994258,0.7053143251408727,0.86625175,"[[1829594,1485,306075,11372],[4666,1474438,1009,35791],[139061,14452,68742,8371],[748,11874,89,92233]]"
61,e1cd1fa8d0157e0949cbdd9c0307b2a638d2a55b60ba63618e016d0c55a0a493,bd259fd13c8b788989edb24ccc164f75f8d28345cbe1be9acbd245d285110388,e1dbcc12f81695d883dab6e6680e181b1753eb3058a5a63b3fce25f9ccc8306d,4000000,0.31853365359885427,0.3258496768094756,0.95543025,"[[3821692,0,8751,169328],[0,0,0,0],[0,0,0,0],[200,0,0,29]]"
62,3d5a88a74537ef0dba5bb5c81973dfd717127883e7f0d31b7a0b6668336c5709,40161d7b4c18ea5de76d185d5cc50b3a332553e9d098ba71bdc5fca20a8ebcc3,714ccd3e216aec874a80b63ec4e1e41aaa5909589072f1aca86736aed3b35919,4000000,0.6755522486139505,0.7493013822094212,0.98596,"[[3794654,4684,0,15105],[6586,83578,344,3585],[23094,225,3803,313],[1023,1201,0,61805]]"
63,e9c9a4e350d277636e46e71bb567b4c5833d9b6ad87697b2cb0c34b9e0b11135,3c3556177d1426c94a2f1ab832e73a92d20ab405300116cd1f63427bb4ca1eba,313965a45a36e968de62a37e81cc5f917d9a0afa937055cb1eb495a532f42ca1,4000000,0.5705270724167997,0.6391299132688546,0.927726,"[[2870978,14273,5482,80071],[25911,574980,4,69058],[0,2,0,0],[85071,9066,158,264946]]"
64,f9a287ee9453711477f2c157a1ab8be88f01028875d528caf52c1aa15e765504,3c7f5bcf04a04bfccb6dc3d7a0a2235b6c8942634ccb199b06d56c38b68acb71,88f8fe7b96309ceefe404542316fed1607b532895587938f0a8ced15653e0547,4000000,0.48795184969742394,0.6213592349940742,0.7610595,"[[1893730,6749,24408,29671],[57104,729073,93267,27287],[60237,114574,91309,9881],[214847,243056,74681,330126]]"
65,e043f8280a95db339d25351533d23f756592590da9bb124e24acaf6b21688fab,d02b3ccfdd549405b0952208008b33d92ff69de39dd616b21fcad0cea07b0e7b,019b94c19b9f7b24dd400d9b7554c1a445743362182ba436d68a6b745d3784be,4000000,0.40641922639863376,0.47019641612910684,0.93452725,"[[0,0,0,0],[0,3633650,1719,76480],[0,0,0,0],[0,183661,31,104459]]"
66,e60382f94f8a923c01eeb0f54103299d460d228bc39d0dba95c814ba64676446,856f7e3a8f90f97d7909c15ed01dd03bcb3ef7f49a7ce7cf2fe867001f84f769,0412fe59ab3649c419aaf14c6045fc964505f10cfd3cb3dcf032f6e74c372210,4000000,0.715509818289981,0.8271019330127101,0.8528185,"[[1004805,17030,325922,46104],[7057,1504516,26386,31528],[46702,12307,540489,14186],[4016,31718,25770,361464]]"
67,5212926d68f7f3d52d475da2e422b937921d98f7b2d9f7cd4867388188a04107,f0f18c2f3535b75eb8418daccde45f1a899387357ea44b1b30d7dacc59e52ea2,577a1d9e65cf46350bd607412545292c711d1f926a661f6e0ad05536334e2f41,4000000,0.624650951643584,0.7610009683232748,0.75261275,"[[1235893,2475,220805,10444],[1002,362660,48449,6725],[505017,7103,1225845,23846],[32661,3787,127235,186053]]"
68,32751d1919f9994e37d9900f5bfbd774d1e09f2752d194d0f2fdfa74cc824e71,85ef8c110fe579abe7fc8ca93ef55f1dc448109eb6d412119a7f20ec2315edf4,36877dd81bde6a0366af470087d9ef6a303bb79f9f75d9c99cd0e6fff01ff191,4000000,0.2429565625,0.24642796240287398,0.97182625,"[[3887305,31822,44982,35891],[0,0,0,0],[0,0,0,0],[0,0,0,0]]"
69,91d519e74b671f5cb852125343a44d629d0aa498f66451614298654ee13bca0d,71a3027f97a394234eba723e13b39f2973b2dea6f59d6b89aa4834140d9438aa,8bde46bc6c1ea6e65249393751b08f8642bbce2e29f547e5d002e5861ffcc445,4000000,0.3005199158549754,0.374575821583026,0.75486875,"[[1872152,12099,393126,1688],[0,0,0,0],[560243,12384,1147323,981],[4,0,0,0]]"
70,b3cea93ab2e9ca22918ad362e3af208c17e5406667707e145c6f85a1c7431b51,510fa77cb7b5a5d39269c420451dd46268c7803d85453786dcdabe366556d579,3a86573bbfba26944825da07754c1f68276fde622023670166df67417b30d5f2,4000000,0.2427834375,0.24633887730855403,0.97113375,"[[3884535,4948,109760,732],[0,0,0,0],[25,0,0,0],[0,0,0,0]]"
71,8ba06c443f7a8b89f3d714a200dd60c11f3abbc46bdcfa6258eeecc408257bdf,f5d1ecb1027b7fa5b91dc460d790a58aa11de10fe393acc7970fda96828b7ddd,76131465b0bed4a3707f65967da67b036dba53e4e4c4e66e54a87309abf34119,4000000,0.5424841964708603,0.6996853139421002,0.70327325,"[[1152748,11926,138280,85240],[71335,623837,92579,68078],[136570,159,441117,4950],[409417,74788,93585,595391]]"
72,5e2284a27f575cbf809d292cec9ef40fa582739cf2c3cd330ff3c8a2f490753b,2b98cf6c569a2527819c25efcc7978eb0ba375b40c603f97925faa865c4f57cc,25c581600c2cfc07672c3e09dc541a006e94dcbbd1c4bc4a1cc56ca38ea68a32,4000000,0.5340509940731917,0.6434803031367613,0.9709,"[[3770004,3405,25565,7314],[428,5538,22223,1339],[28322,0,41032,788],[25605,0,1411,67026]]"
73,40c313ddba49c66059e5fea18f6489cac47752d4cd9bbabcbd04db399a9a5136,48510845cfbe1f05dad5d1b164924f8d00328c179014aedb04322da925db4522,c3167f33a702d8418f3d64ae5e99b24580082b6f27dab8c986f81b5fc4092c88,4000000,0.16216251464113984,0.24942290355090463,0.40695725,"[[1217526,0,21219,468],[81,28,78,111],[179360,22016,53786,2175],[1460806,320173,365684,356489]]"
74,119c6663e0351523f928b6fe4d3557dde1f376adcdc852af273954f0aa582ba4,14c4cd43d4737afaa689951344b4b881b1a8a517d7fe1a0bdc5fb9eaef72be06,168362bb1126aee5d9c9c26550f05113f60dfb15e0dd7352250cb8285a51bd6f,4000000,0.09701343402843697,0.16906110013158895,0.23135,"[[564062,58,644,350],[0,76,56,0],[819154,66996,116732,5347],[1400476,413952,367567,244530]]"
75,e60d5c69de4084c88cad897df3a3dd43bb0ff5052b5070571c7402c9ed7c2f4b,e77f53bd32595318c5a8f98141ac458cc941e1fb1351af91ee16d38a46ce1f08,f2351086f5ecabd629a926eaaeb28c2b95c9cde6ad2224527c5fb8aee194238d,4000000,0.580971342886938,0.6177328683419718,0.99550975,"[[3931113,0,11715,752],[0,0,0,0],[5358,0,50926,136],[0,0,0,0]]"
76,66a1971a8098d4c70673757db0b39695de0576970d2f5b58fd5eec9a3c07494f,f0bfc37ca221be4100f642ab53eed6c35d3bfdaab7b0642b1b7a6020730c5668,a0d50818f9112f0f1488574031e0d24bfe8abcb68dd8deb0aa38ae25b92f2b2f,4000000,0.2385575625,0.24414478539568202,0.95423025,"[[3816921,1345,181340,394],[0,0,0,0],[0,0,0,0],[0,0,0,0]]"
77,53adb0549217695c6cf862af6f40e6211da3f60226f1ebd847c4de412670ad2b,606421b4b6fa98932e0d412da7fa9c79b43d0098fc3d440916c73bfebfc5ba09,a2f8c9d24b917dd79e86ac425a1672bcb563f416d1ab8ef5084f7e8a5c85007b,4000000,0.5845907769299681,0.6497950532046315,0.99116575,"[[3937108,2889,23254,975],[2236,18741,776,43],[0,2,0,0],[4865,0,297,8814]]"
78,f3dbf3447a16417bfa42e65abedb285598f4773250f0d44464d48327630986d7,15b9a5121f5ad5c4fc1a8a1babb8b914c6d145304373bc3eeb6934234820d3d7,ae7026abfa40b2c94e8729e4bbda30b62e98aca0f355f1c0d059658fd49fd645,4000000,0.009796625,0.01885441159984276,0.0391865,"[[0,0,0,0],[2924111,156746,917631,1512],[0,0,0,0],[0,0,0,0]]"
79,233f74cf13823de22eba9182ee763e5cd79b1572abb629d6c64e31ecbc267dad,08d531d8517c6d108f47a25a6de2ff9b9d1f2a5dceb197a50b6ff36d0d535f75,1d221c4e0bb668878c4a55c75526265ec25a74700d1bbba52e41e2c10f37b2a2,4000000,0.6202613702996969,0.7441043435623529,0.9069085,"[[3114267,5395,117290,34136],[444,75037,3575,4327],[8886,30731,83805,12387],[147135,1106,6954,354525]]"
80,3c427141283ace21f1053c288e46a1843f923c628187959992070943e1c9bc04,6c62a0fd453c45b0c3eb2200ca261b540c4a34ff434714f9e3d1d28ef717ab02,3c206f45e4ba2b069c6b0fa5017f53e4f18ffae8f53a98699de3b57aa816fe26,4000000,0.499876375,0.4999381798574849,0.99975275,"[[3999011,0,0,989],[0,0,0,0],[0,0,0,0],[0,0,0,0]]"
81,8834d9025dc97e80161cf58ccaca1194ec1ba4ce54a0e0b2d252005f41151507,8dbe5f139fd946d4cd84e8cc612cd9f68cbc87e394457884acc0c5dad56dd8dd,dc0100c14fd5964cba497dfe41a2ca1b030262bb0d32997635d3c88952170d4d,4000000,1.0,1.0,1.0,"[[4000000,0,0,0],[0,0,0,0],[0,0,0,0],[0,0,0,0]]"
82,99722af336daf4296e226992ad4d8e008a4d5a4e2a94c1639fa91ac83f63a927,2e13a558a605bb55ed4ef719156dfec3d26f3bb206453a3c498bb958d9d1303c,a55c162cf025b1fc92f8571f931c2ed07f881c39c56ff66dc3490fd1e23749ba,4000000,0.2486190625,0.24930761898017087,0.99447625,"[[3977905,623,2171,19301],[0,0,0,0],[0,0,0,0],[0,0,0,0]]"
83,8a82e9fc9ee37c607f02fa11f60ce22ec191df7b35d884090a5d606da4a1b0a0,bf7f62f6010584c6121922056f7cfd49be92bccfaf2f5079d12c0012884220fe,64169db74a086148ef7da1cb3f8556f83b355b2bb142938423ef0eb799a91a49,4000000,0.42947318973965265,0.544328724536428,0.7004045,"[[2222242,5033,1040612,36952],[3214,229381,58767,217],[18185,12570,344553,5901],[1252,2370,13309,5442]]"
84,ad5002967de08dac4df6617b4b4cbf865d5e4dec5bdd2a1aff8e8e7fb1791085,8dbe5f139fd946d4cd84e8cc612cd9f68cbc87e394457884acc0c5dad56dd8dd,dc0100c14fd5964cba497dfe41a2ca1b030262bb0d32997635d3c88952170d4d,4000000,1.0,1.0,1.0,"[[4000000,0,0,0],[0,0,0,0],[0,0,0,0],[0,0,0,0]]"
85,8ca4b2c344aef2335a1007b975c4715f28c27ecb35a1882f1a7b6c467ab0c9a4,b36b650016429191bd2587b85bac50a0808391942624320cce84526f7940e265,98a1447dc469c06a031b6f9bfa40f654ee1cb9f1c0c9a50814805ca431fd5729,4000000,0.2130465853060366,0.287006244679211,0.59065825,"[[2145733,0,111338,4214],[79416,494,118396,6],[291663,0,200744,6950],[779891,0,245493,15662]]"
86,f14dd5a927425cd0ade1849b5f35bf4864046a749642f6a8c132be6dadaaf71c,b97bc8fb98be95e0de552878933cba3cc905a2d9f247c0618e517dc710c248ee,6f537fd6657f4507e9452e40172b54e409019fa01379d065f1c536f80f4ba913,4000000,0.3027767548875943,0.436169438263145,0.579999,"[[1381360,29614,70838,5757],[181427,203350,187545,35874],[835006,69884,721674,61015],[194510,0,8534,13612]]"
87,5b6a3dfbdca2957803b4051c38ebff559a073dd17cfc93acaf4aeff27bde22c8,5e7c9a3962c9a1b67abb565bbf611de4f71f448b899daca3ea4ec076ceb98688,83dcb0429b4566db6f4b34fd07b06a19f1065735424596c05b50fff35e1598a5,4000000,0.33327625,0.33330478922257717,0.99982875,"[[3999315,209,473,0],[3,0,0,0],[0,0,0,0],[0,0,0,0]]"
88,f2c8ec75e47c15e090587c2154cb4bbd6b7e93e8cfd82ffdedaf7829d676f55e,6459629f29e0e22c9d765b4bda7eca97dc8b23cfd430dffa829f8211082f65b9,fe29f10d8637e181f6a69d4e3218132dd08286f27db23107ec71e3aa96643229,4000000,0.247449125,0.2487180221696038,0.9897965,"[[3959186,3054,37112,648],[0,0,0,0],[0,0,0,0],[0,0,0,0]]"
89,0e8eff1416e3d9be32482761c808a57d2efde2d1c594025b7b466a752d7339c5,b39313b14f952e006e997de7d320f38625dc6b6400d5cc6d193b4ae1e2e32d35,8d8523e9d1be397d293d1fa08ae7a4691d8735040d9454ae89a55a46d72f350e,4000000,0.2620945716144074,0.3355469335313617,0.7177315,"[[2630371,230,16311,197414],[0,0,0,0],[432237,0,238970,682],[479091,0,3109,1585]]"
90,2f46348116ee51d4d68085319f9d372445aa8b4c5b9b775825f17c25f3ebecfa,888705c3c90765e59f58ca772596cfc16685a23fbf61140739e423502625ad87,51c1c13b90c68c4f4dfdffe287268f1292f9d4fbc03671edd3d277336e769191,4000000,0.7098617764742245,0.8179550992113787,0.98321425,"[[3814189,3606,11577,3228],[2152,16769,8334,295],[33489,1151,82281,17],[2800,494,0,19618]]"
91,d4b21296d298778a49b24b2c8b3750131528022d2760c9cb9fc4f21cb406c39b,949c946840d708f3dbc99fa81ba12f699dddfc154d643481a9a31b48eb942ee5,c3327bd9bedd44a88d52edfa830f93ad747f45caff7371262a2d5418edc16098,4000000,0.2739549474513901,0.29706555840975746,0.99507675,"[[3979006,16278,0,3022],[71,1198,0,0],[232,71,0,0],[10,9,0,103]]"
92,00df3c7c98d89cd0a3e2c2b40eb118bf0196d37462418c925d2941b5bd4c3489,6576c459d5e84f3d8f5c5f1322fd565f72485a7379aaf73cdc23a0ed7392c3e8,07b81abd89de9948d500392607450c361f7926a7b8478698a23c162285fbef88,4000000,0.6081189979927444,0.7262098143532458,0.84636175,"[[2022077,8068,52,250540],[2923,1049697,1541,80339],[6511,33,5526,0],[252474,11441,631,308147]]"
93,0bd214053f15c880bd3d18430f7a71d31ba0ffa1b697f0e5616c6f85a0773544,6673f5907d88dec9b6c77763e8c8d6a2216455173d4c3c403dbd16541c4af9c4,e5b2987342f2b2622f0090d3d88b42488b9ac9de91b90ce57b6b0babf12711e0,4000000,0.4496157073336764,0.5363172836761677,0.98409575,"[[3922120,0,91,31],[0,0,0,0],[36030,0,8341,0],[27465,0,0,5922]]"
94,cf556bcbfe5a24c39527464ded801e9ef82dd18ca758fc1a4beb6504e0ee9acb,f06ff37cbf6bbb7ebdd56ce3b1ad8208536ff747fc02105bf9f2bd98acff596a,024359902bf80ae0012d999a5db100a650badca81b07751148dbd221308b9015,4000000,0.31253283984563596,0.4136576321979269,0.68523375,"[[543948,0,192625,1182],[0,0,0,0],[1065258,0,2196987,0],[0,0,0,0]]"
95,7d0ec20b69bcf8df6e246fcba0152d0e86b5035c453a3059f2e96eb3622fdce3,8e603c80c90d089898d41e039e4a250eb1534c46c3a8bde1fbea8cef0c2eb8ea,f0a6c9a7832ba616e3f82211c9b4210327f572bfa5f17a9072e2c017b39da1c9,4000000,0.4626334279527671,0.6087080264187558,0.50902475,"[[1016870,7437,1723639,4073],[12,267460,11568,442],[6562,22516,565060,1399],[3189,42053,141011,186709]]"
96,a613d986df104824dd8c35e5f1b26837e5b1c56d86362412ebe54a171a5263c5,f4ac16b281a5128f283772298f14dd64d3353254e451d6e8ebe03715c8c2d7ed,af356663ef8547af1f7b8a8bdce5aeab214cb57d151f297ae3acd7749a33d09d,4000000,0.249958125,0.2499790607463375,0.9998325,"[[3999330,10,623,37],[0,0,0,0],[0,0,0,0],[0,0,0,0]]"
97,7487c63691c306f1f1e55f407fd2737813bea6aa2cbc17a058b88e7e7e6bebae,5c06ac2fd7cdaf81e19226d371464897cfb861df7144d939b8b4412538208528,6fdbf4ed52ac9c169e5e24e0288b766c6f07fe27b2a1470f818cec1d48107182,4000000,0.3332884166666667,0.33331087348676786,0.99986525,"[[3999461,90,449,0],[0,0,0,0],[0,0,0,0],[0,0,0,0]]"
98,74eb13c6fab6eae0092826121d425628c6acaee56b97f7d2a1f9b7f0dad468fd,fb5804f1119bc5429dca434df1f0a4a2bb9ad87845a91662e3295e79d1f8f67b,678b525aeb851e7b58b06ceda2f66dcababfbeb261be5bbb76f26e63625accaa,4000000,0.760824495067545,0.8512221860813248,0.99992825,"[[3998965,59,0,26],[183,695,0,0],[0,0,0,0],[19,0,0,53]]"
99,6ec8abfdfa12bafec939d525675a80c78af02e1344e56e68f2489e750421a76f,c6b3a71fd22de775d60beb7e4d34109b0e7f280ba948bb3be6301b023ae33cf1,1c7a3b7912bec06a2063d3e844af68d6027037b7c15e83a67882c89e2c0ad34e,4000000,0.498295625,0.4991463575731888,0.99659125,"[[3986365,0,13635,0],[0,0,0,0],[0,0,0,0],[0,0,0,0]]"
100,d19d990dc3c6e8b31278eea8f7a696fd52d3a3012ac23617c8012ed2512c1adc,8dbe5f139fd946d4cd84e8cc612cd9f68cbc87e394457884acc0c5dad56dd8dd,dc0100c14fd5964cba497dfe41a2ca1b030262bb0d32997635d3c88952170d4d,4000000,1.0,1.0,1.0,"[[4000000,0,0,0],[0,0,0,0],[0,0,0,0],[0,0,0,0]]"
101,68d253390f0a4572c368846864fdbb886f0f18aee0fea8b5037eff52c04401ee,6907de16f5fcdf2d902e075bdb2ceeaa24c919338f906f26dea56b31269be288,2e6f442d25fb302826ff29657f51c0c6ec80d013d8f4b415c62e367c253fffdc,4000000,0.6842585800059552,0.7832557196274996,0.95092575,"[[442583,14871,11917,45830],[10202,3057220,2813,41054],[4550,8229,13395,631],[17147,35099,3954,290505]]"
102,59a2a1bf4cae4054476acb2ebb9bbce2708539004d4ee78e5647ff1229094cc2,5f06577e958e5c536ca518afdb612ed740312d5d053b8bced3ffdf093cbfdda6,1b965823bc26d7e82e1eb6efd4410149fa96cb5e1c13165ee46705ce94bc6769,4000000,0.5718805357441515,0.7006879061141319,0.79718175,"[[1270384,20685,391567,95347],[14861,1333691,64855,23849],[75745,36666,501929,26662],[5518,17666,37852,82723]]"
103,83545727c0108279f99cc5ff76adf20ef0379746c253fa67eb36728b300b0667,05e17e822b080c44fc3afe1a47904985493f5fbae4a7fdaf4a9407cd6f749dc1,a48c5f412009dc12b0ccde8cf85f12a4bce62b978ae0b2ddf27481516b7a3f50,4000000,0.5221521082080631,0.6357214346365267,0.8024865,"[[1940974,34454,29300,50274],[8315,719830,68153,96782],[10963,15515,20340,22950],[388621,26095,38632,528802]]"
104,4bc55496945ba7f18be56092c012d33db0d188393a11d70ef57cf53fa4b6bfc1,84f4155b6cbda503613773282e13cb8f871ca364dc37af620af8dae8a22e03b7,49a9bc00b24b594ed408a7a433912f00b5cf3f2d8cf4f22fc03a4f678dabcf04,4000000,0.4109246916077216,0.5360647990983024,0.61684825,"[[1256059,93,741050,48226],[0,148448,8201,3154],[147292,68872,1046447,7816],[156199,3605,348099,16439]]"
105,47bc007e1188dae63225c213fccf488a53d31fee5799bdd310add73b842af59d,24982f5caee7f7e95defbe67f590bb9407929043b601e6612a76f9ec039df06d,467dc307ea3b6644e0886b031d05d0a9bba55472219587a91e33cf7e8aa1c40a,4000000,0.2872158346682554,0.3902522391493396,0.64169175,"[[815,314,1837,631],[405,103950,2947,797],[602558,722797,2395013,74416],[4696,12400,9435,66989]]"
106,dddd8f26b9253a0bcae931e24e9d0eee0120adfbef070f336a0b3904cd401ef2,2a8d050db990cc068c7643a1de7433afc30b9034a4b3f215bc927427f93937c8,f48aaf30502919dd94d7aee80f6fcd15026b6559ba5df7f414a1e47927e8d6e5,4000000,0.4914240127977181,0.6009155937801474,0.8480815,"[[2788508,51,180352,11068],[4,125176,62771,32],[297142,16579,475754,353],[32546,0,6776,2888]]"
107,dd35f190c16b63d0256734feaeff940ec081a5d966f939fda7b3bf9807994395,3bdbba11601b7b4c9343388e8884291b6b509cf4b07ef336ea42ab03481fee12,252408294a364d801371080bec82075d43e1d1d4f9339197cc3c837e81cac023,4000000,0.42344114837934976,0.48327192957312703,0.8865345,"[[584780,7492,3194,17079],[163155,2939378,33609,184217],[36,0,0,26],[19601,25315,138,21980]]"
108,a65cc87d75bcd42cb89d2f8109b3e9448a9d6b3f62f3f21e3c482c74d90748ae,75f87af22ef97f5d9e24cf52b6c9cadf3b82df3f295759a0b695eb2db004a047,6712035a61da225bdb61456387f62e246d1db44a8ce3ff6937cd786ca0f22335,4000000,0.499750125,0.49987503127343946,0.99950025,"[[3998001,0,0,1989],[0,0,0,0],[0,0,0,0],[10,0,0,0]]"
109,da4d4506fa7f8cf5abfb080a45f0e97c20c54bcb72bf8813c8b98ecd5a7cff44,8dbe5f139fd946d4cd84e8cc612cd9f68cbc87e394457884acc0c5dad56dd8dd,dc0100c14fd5964cba497dfe41a2ca1b030262bb0d32997635d3c88952170d4d,4000000,1.0,1.0,1.0,"[[4000000,0,0,0],[0,0,0,0],[0,0,0,0],[0,0,0,0]]"
110,00f5a61559d98b131f93c6606da86d654ae97a36ab864f3cd82caf9933390941,490c63c533649f576dc8ed49158bb1b3070a363eb9f6fbdd11ff483fe1e14f40,5d04fba36b0f11b728a4cc272a14f74513d1f9ab71dc063582de1d2455a00f38,4000000,0.3981196095428702,0.5403070669040932,0.58202,"[[1337513,0,11023,31],[0,83404,78404,0],[417412,9644,801926,8831],[972394,0,174181,105237]]"
111,a0e3cefa43b54c48a0db61ea95f154674012dba0f09d4189d84e16d6f24739c3,3277881f729b40d53f83da57cb154c283d1f560b9114b871de04fb903be733af,cb7a1057eadfd1cd1b952d824c98ed426d24d7ea149322633245157416b37fe1,4000000,0.3612670269803987,0.4963858414070858,0.503136,"[[666364,176,53736,336],[0,266652,239718,2004],[59514,4574,1018046,8],[595981,22901,1008508,61482]]"
112,5bb6a3fdac809a185f7641ef1972d5eea1cd186142c4bb70fd0b134daa6af5a9,e09f9d6faecdb1f36bf4d1e7802f318db85116034b66586929bb973581142583,ca8b6ed40243763088e71528408933b2437fc65b41350cd28ac378d2e88bca72,4000000,0.6536147942930408,0.7817130690790756,0.82554525,"[[807376,73410,68998,146222],[9034,1453031,9789,61251],[78904,56242,248355,84007],[8037,87469,14456,793419]]"
113,157fa62cc0615d290482e54a0335a12590ffdc101390c9c46842473e247f56bd,85c86961cb4651eba4722f2e822f4ab9accc97e075a8fd177f68b7e781661a07,2d7fb1305d11ba9ffac20d7ca0c4ce7e3fd9012aa5c8ec3c0d370050e6848378,4000000,0.232606125,0.24098961135232172,0.9304245,"[[3721698,1883,85808,190603],[0,0,0,0],[0,0,0,0],[8,0,0,0]]"
114,e8eafb0981e8c4e766b5bc7818ecdf75a6a53828264986ba5fe03ada596f080c,8cd1db7e2e06620f2ac59e3fdeef9cdb38ac41f171eabb21cc9fc92b1d88635e,70d1381176b74e8ee53649c5bfe3b4afad2202070f2f7d5af8b249c1cc8b1250,4000000,0.6574929118768252,0.6978008187060949,0.98422525,"[[3434317,21327,0,22870],[3107,404463,0,7625],[1043,197,0,8],[4610,2312,0,98121]]"
115,eb0fb0a8db455d54f296689ade8c7783233346437a1d8cec81a61dbfc288f535,118ec4457239cd6edcdc336c7c7d81083f9ac5a6e9527d311c5d657949701fb6,861cce4546395fa0441b1ebbde35490e6320bb215824b1cf83e191cb7e2a855c,4000000,0.30594918996236636,0.3400251753333579,0.8698485,"[[3454074,0,231,1003],[0,0,0,0],[508594,0,25320,10778],[0,0,0,0]]"
116,ee7f4215f2bf6fb1055d58edee779137051ec57c3985cb8137ee3a1d6cae9830,8dbe5f139fd946d4cd84e8cc612cd9f68cbc87e394457884acc0c5dad56dd8dd,dc0100c14fd5964cba497dfe41a2ca1b030262bb0d32997635d3c88952170d4d,4000000,1.0,1.0,1.0,"[[4000000,0,0,0],[0,0,0,0],[0,0,0,0],[0,0,0,0]]"
117,da12e87fe46b65fb3354f0874d6da6b6dd707391027326754cd88cf64601660b,da61d5f12df03c6865ced26cc966ae2f80dfbc7748da6c7532604b96ff1ec369,daad2eb49c56a38170170c52f76e1d50cd7169a0a1b46bfeeb740f40347ea0e5,4000000,0.330608,0.3319650732193206,0.991824,"[[3967296,5059,0,27622],[0,0,0,0],[0,0,0,0],[23,0,0,0]]"
118,e5ee72f2faa4f5cb06e8793def8a3c338bda1ce1d92d95ddb4b05c21a7dac6cf,085636534f482d3feb7d06a7a4d0aa3329eb79991275485a0ef5d87e08677eb6,a1f3dc7d43a6a02e0573d38b7599367645cc7bcfbd6a0b7bd45a008c22d7e783,4000000,0.10006884045776049,0.14316695844442784,0.399648,"[[2352,0,0,0],[2396237,1596240,5139,0],[0,25,0,0],[0,7,0,0]]"
119,2f881c69f429bee8dbb2d1465de300f9a418b397c75b3bcb0ccea3934d74725a,ceafe5bce3dbfdb4c5f70194e6291e85fb3dfe2094550219ba07a8344fe4d3e7,832cf96c8334c3d08c1b89c0eb333dde515b96aaeb2220648d0ad7c2dcca58ee,4000000,0.3693900301516536,0.4342594616746027,0.93113225,"[[3628097,4080,11046,164912],[96,714,1788,1018],[65636,3756,94835,22995],[144,0,0,883]]"
120,cd560825b96fe4b1e489ef2ef70c3d2bbc611393d3cde30f5d40624e10442e26,6947a269a30a92f16b8e03130b1dc6c782c638505e527cfb2839295fc0a36093,be290b62b9b1a991e21e8cce89e542135dcdba973aecb12b4f3c522023eba651,4000000,0.47881203868947975,0.5711058045065046,0.90214175,"[[3321998,2215,2993,2854],[14,4,0,0],[1312,9208,23103,0],[369595,1680,1562,263462]]"
121,5cdba4fbcb1ee34481141b058ad14c192bae0bb20035ac70431bd65e73acdc2f,4de7bede4c153dde2d029343c6dcfab89d34cc12416ef5ba526e2818b9cb7c9c,d7522ea62675f6877c7c71e95c8fdd149b2f415e8563f5e61da3f27ac4976d32,4000000,0.2498988125,0.24994939600901733,0.99959525,"[[3998381,925,560,102],[32,0,0,0],[0,0,0,0],[0,0,0,0]]"
122,833ebb9736ae6c5e630194975201b78af34b4e019548f49aabf59a08633b6125,de36c6e8b36f588b01b2a97608495640179ddc80d01147e7452d0f75802a6000,64ecd8a879bc4fc66b11a60a24020dc85ea8a5664bcbee01ce8408eb4fdab701,4000000,0.246772875,0.24837595551085595,0.9870915,"[[3948366,2388,19994,29252],[0,0,0,0],[0,0,0,0],[0,0,0,0]]"
123,c5a3efca8b228d7088078f31c8dd2c16b54aa2cc694141b5b001fa50ee7714fc,7ee40d28af35e26455abeafe001fb9cc010820c4b1a773324354fa5259fddbb8,cee68fd526cc62500d208d1651d88174dfbfa009d2296db5b0229ac44f4c5fae,4000000,0.24985925,0.24992960518385926,0.999437,"[[3997748,56,1584,174],[384,0,0,0],[54,0,0,0],[0,0,0,0]]"
124,59fce58663b9cf0a99bd1e004e26d794bb6818a086339ac9543546d535b2cea9,482553b4a39b5678b26d82942343dd19a2c3559f51c36cf5733f16311773d6b3,f3dfbbc1c1e33dba429fd9f9193f187542b4ac80f7b0ff62a456f293641e2f56,4000000,0.32642025,0.3298405730523379,0.97926075,"[[3917043,0,82946,11],[0,0,0,0],[0,0,0,0],[0,0,0,0]]"
125,0b65793fc9a2fa9687225beb48ad5242dde01260747e19b2c707774a86f279c0,5ee2a2d8d092e84541da60cddffadf90f038588421e03ce539819d1bd02c1d0b,1d040879afb0f5713a78103bea849589d9936f0991b021bb1fc669f5980da7e1,4000000,0.499951,0.4999754987994412,0.999902,"[[3999608,0,0,392],[0,0,0,0],[0,0,0,0],[0,0,0,0]]"
126,ff2479093335196700ebaa840058a13cfa2536e5d0592d00ccc155d40565bd28,e0de900de83066a6c82830835dafad0fe9abe66d62a83cd6e416c3dc2e6bd3ed,2437290917f502e5ba5f5dbe7da47cc0d178da44c10ef07c22f429dd82bf2b60,4000000,0.499984625,0.49999231238180286,0.99996925,"[[3999877,0,123,0],[0,0,0,0],[0,0,0,0],[0,0,0,0]]"
127,387e020881a82f9e26ae179a77298648ee9a93b2db22916af09140a2fa5439ed,9d72fc73ea96daf102730deda5d65079fda3d1bd4b2d0bfeb018044e50e4e2dd,22551abd27d44d6aa328090c9b7ea96e58618e47d0b057ec34816be01adb7abe,4000000,0.38853122422621894,0.5309105159520064,0.5695005,"[[735912,1817,131883,10914],[75857,1020288,235568,26185],[76503,24508,261473,2267],[836000,42915,257581,260329]]"
128,c2d880c581496e98d9e3b9a6f6fd6096593f0244f5f0fd590761fb403355427e,0323914fa43a4659b66d3e1930e195cc815e03e236bab039b78381d885fbc4c8,7930cd190011d09627e57faef3cd676c14f0497b800f5eb043f336ca91e8d6ec,4000000,0.33332375,0.33332854159778547,0.99997125,"[[3999885,11,0,75],[0,0,0,0],[0,0,0,0],[29,0,0,0]]"
129,2bd5aed8ff47b0cdbb345b84d34aee300b1d66661c36fda6144ea7828f5d5e5f,53ccdd2f0f8125e9ff512c61b34b80a7472494938d34ac8881be1e4099b68d27,cabb38f992ab98e66bc311b5c9293ce3eb7da52476ae32bc6e63e23b0d110bf2,4000000,0.4999585,0.4999792491388393,0.999917,"[[3999668,0,0,221],[0,0,0,0],[0,0,0,0],[111,0,0,0]]"
130,630261d742229b252b239d77064c5c74a61d86455c68e3981f7b5d93b6ac2dd4,bc4cff2c2f7e7649305a87d89c684bd934196ee3f32231060a6e30f582ce5259,293b1f2b44dd25ea03f91677f22611b59cb4d0013a17d34b0be0430e4963419d,4000000,0.33332775,0.3333305416432863,0.99998325,"[[3999933,18,0,0],[0,0,0,0],[49,0,0,0],[0,0,0,0]]"
131,82c50a310d75b9988958d968addd44a13def191a32985124fd13bd95eb887ded,2a0a19e1ca48e1585a7b481d9b3901b93693e33804cfc657b20ac23a3847994d,30c95a0ee91256642884c86681ddf9536475698d1fd7e8ed93edbc3571308f9b,4000000,0.5362068697660354,0.6095280253742668,0.993199,"[[3934523,1558,1210,6392],[88,11097,0,11],[1804,12390,84,265],[1916,1570,0,27092]]"
132,7d36e744a3912f18139abc0f9a407a1b7dbe1cec930e91a5fe5284a62b402574,5d40079faa779d2d89fc349da24fc30519e0e7489a5b6277bccaf776a2763472,1f8977b7512c1b069f6b5c03e5a72bf3be7f6142ae2290f85871e442b546df7c,4000000,0.4893004455745315,0.5845814897681685,0.85135225,"[[167865,17357,1842,152539],[32735,2095308,675,362114],[11984,2251,121,5177],[1309,6483,125,1142115]]"
133,d341b74a10ef627d77df2b3095f1243323eb02d36b494ca7cab699939e5d8d94,cf76ad404358743e784437b36962e5fa3d5e5cf7191824755bbb718ab1a0a128,14abb07932f2522d04eb390ff02aaa6598126cc85f1666e775471dd92dc7682c,4000000,0.24971425,0.24985704330024608,0.998857,"[[3995428,86,4478,0],[0,0,0,0],[0,0,0,0],[8,0,0,0]]"
134,9f74083fb9eaa5b57b8af7be97ca697d9343f0eb135bd6a1be38e2531d719097,d5e1b785f57d9555b3705d1d06ae1171463a2f5d42a96170a6915cafacfbd9ae,571c8af607d001546ea0a652f74e4d3d33d1112dc015e8577e49923f32c2b646,4000000,0.499278,0.4996387391696805,0.998556,"[[3994224,0,0,5776],[0,0,0,0],[0,0,0,0],[0,0,0,0]]"
135,38dd2a54fa6c5bb117f952545c9cf1c113d611deaaea75c74967eb18d2cc963b,fa74eab009d2a3ea80e6eaf96f60682a1cad7c4507aef3a49cce9c650b3cc3c2,4e14723736dcbb934106cc6dff669a76057e8e573025c416fda93aa6102ae3e3,4000000,0.2868797616788956,0.37408466008072644,0.5610075,"[[1356022,9952,6531,41851],[7550,843928,2148,5648],[305491,862944,40429,61990],[449299,2566,0,3651]]"
136,43fd107da1ee71e255826fddf1000e444b495a1380cd3fbe0f4fc4f231653955,a8182fb001857f13ffa27410a2bf715fa5c29fe9a938ad94c21023294de4b6c9,7fdbd8e9c5ec361f0b847d88e746cae35796220a3a69d4b411d18c9b4fcabfc8,4000000,0.3082687302050443,0.3566146938427839,0.9355665,"[[3634430,2793,85048,2472],[3,0,0,0],[167417,1,107836,0],[0,0,0,0]]"
137,70114208cca4af9cd1083f2be88602e60e70aa741842d982b3e3c97c11196882,3a3895f9b736cd7627d4c4a78474e585395a67c5ca0ea89307d6678044d2e778,74f2006514a2a783345cd26028c74ae73ef7bf3e2e01aaca78fca52ee2616cda,4000000,0.6594822295689284,0.750997691160745,0.930533,"[[314062,2712,10158,22060],[857,2646651,15077,51252],[3403,3537,17749,2048],[69876,54082,42806,743670]]"
138,f34a44b942b9cee2ef5f88ae3459b8b9fc9a2e84bfc049647af3fba33db27a85,d58447427e7d37774c8c19b7ba1dcf79c2ccbd9491fb3123744153366b371c1d,cd161fc8e69fedd145601f03a1cde13728540efd80387bce8e1293364ae42d96,4000000,0.263035589151962,0.33554633651202675,0.802007,"[[3168555,140,0,13089],[3681,1320,15823,1],[758401,20,35858,540],[277,0,0,2295]]"
139,3bcfe4e66ae4765ee6b714960c23b7fec28511adb3936a2e74e4922d8650f062,01cad44a73ae7f91f5f717d054bcfea783581fae22b3cf574b4de4e65179f83f,f01ac8be9d6c2d582070b06798cfebe5a32e3b72c2b63e881bb5e2476edd4a62,4000000,0.6093427899376251,0.7277589224074216,0.82987425,"[[1047989,13257,14867,94513],[16175,1739925,64322,188034],[16006,201198,119956,44221],[9159,13487,5264,411627]]"
140,5bd343c0cf39d4f2fbbc619e2136dc1e433d16ba07291d0b3cb8ad2ab958389d,ecd986dac4dfe17b318dd5db1cb2527a3a983fc28720b98297656750d87a3b7d,85a8cfd135ca59a1153da169f95ce675a97d402b20c71ba5f7ee3ccb64a782fb,4000000,0.42236209606812575,0.45690749137949516,0.93763825,"[[712932,31,2764,0],[0,0,0,0],[215812,29960,3037621,880],[0,0,0,0]]"
141,59b9a67d124698379972a0e61dfaa300555af6f30c5d0f261616b46a56a2a0da,e97f31c1db07e570c6141388a56a1308e3a0bb70ed0dc27bf39f8b0cad590531,0cf84a5e83c1acbffcd468697f5a09ff88ae57b650245ab16ba95e277ff5cda8,4000000,0.24780825,0.24889930008190905,0.991233,"[[3964932,91,24120,10724],[0,0,0,0],[128,0,0,0],[5,0,0,0]]"
142,54decaafef79677c456b7f25b1c5cc793441c51b6ec4358eaa65e71231e761c7,099cd927d123b7a6ff44ca2c651a652281462da38d782ce6c75f00711c83db77,4f360670488222a7ad5b271789f0071d1f0ae8b22b55aebbd61f683ab1e834ac,4000000,0.499981625,0.4999908123311766,0.99996325,"[[3999853,0,0,147],[0,0,0,0],[0,0,0,0],[0,0,0,0]]"
143,77c419de851697d33042dcb6a0ad9c643613623d9c2c117d9c73412aaa51ebe5,40fb103692393b40ddb068923d1e051754233a46e04d893fcbbe89d7e83b6b62,09bf0e2ae4c4b2dae479615ace6d2db5ae8541c404e7fafbc94eb110789ae17d,4000000,0.5809119276135887,0.6700007590715189,0.86652775,"[[1117851,11691,12117,317976],[5181,1586495,1797,135550],[8109,2920,2347,9964],[16209,12117,258,759418]]"
144,cf16ab1b19edf1065ed9222e90efe1c4f224fda1ec17b170be321e1dc242c48f,2348cb8773a23bcb178d6fa50cdd4b3ebf05275a52f952d035355e5d6dc6cf65,63dedda2f7073e93557730be8329cfc176eadd79c717f0560fc319b998d55690,4000000,0.21132280749755755,0.25403271576085495,0.76919075,"[[2995640,994,133796,334],[0,0,0,0],[788110,3,81123,0],[0,0,0,0]]"
145,756381e46b846924619ad99b949bd6b3880b39bb971ec4feef85d351880a45d5,1768d5cb138dd229df92573c7b6a1872884b3d6027a874eb314176f0574ae4ab,809a7e6499fffb51992285f8503139589ffd52719bbfdb4025f75b2a091441b4,4000000,0.6250625888944619,0.6787243720813123,0.99689625,"[[3950058,5732,184,4068],[630,19299,11,157],[0,0,0,0],[1611,22,0,18228]]"
146,b5598d130f1aced4d5967ee2f82a5b75d8b37147df4203ef556f4c4af1d559bb,f264e29ed8583c4fc7df07bcb115d8e138b861de1d35175c47201e98f7502e68,a69913ffe387b237e97890c0ed48802eb2b40680cc2389ad549d20596e9316e1,4000000,0.39102509635545435,0.4898836461894804,0.91118675,"[[56393,2694,65470,12966],[2311,3534650,119734,108261],[520,2036,24790,2233],[10743,1004,27281,28914]]"
147,9fe6ce9a9d6539c00245aa436bac95adedceb0fb82d4680fd9322c6fe86c7db6,57062b05fe159488d3576908afbccc230935abe9806ff36afc47c348fe8588c5,fed54db0244448cdf2469dc51aac6b1f89ab47b4764450e2071a171a9b27343f,4000000,0.39430154766919684,0.5393263455448559,0.61743875,"[[1279630,782,6228,462955],[264056,926328,67089,478747],[138087,327,125486,11538],[100349,86,1,138311]]"
148,b0d4da137f1a1022f9131a0f13549df9524dab72dff3819940b61fb2fd141ff0,82086187d2b928e34fb9aac5acfc13b165bd06f53f47e5df00ccc0fa0831dd99,fd73f233320c6f3302c49cf8205d553296ad0f0470fcff49099334b653bd4f53,4000000,0.6839027400385405,0.7146745933639531,0.9759465,"[[2882084,30024,0,37403],[4353,713549,0,19064],[49,68,0,1],[3305,1947,0,308153]]"
149,a16e6b20d64d0bca33c5394791222ca3bfd232edd3384202398685dd1de677cd,323e1fd6f6bc7f41b54c0b0ff70eb9148de939b5c4072bd3440638e07c007c19,1b6f6a988be03edcb96d9620e40d5bcd3c751a4f1095bf9da6f0d46fba173b9a,4000000,0.6817754978956945,0.7145827535910019,0.96228275,"[[1189433,31615,2744,26744],[18479,2145396,1165,40807],[676,2398,15,3],[13976,12248,14,514287]]"
150,b36678552ca282bcfb87e5b1aad2b6e8e8a4db1805ab17466ae94ff07670f52c,5d0cd77667fd1bde7a54d58c2394d33c19ca71d2fa6498d28e8b89d573d8e23b,15d197e6e2fb9a932005ee04e03c9a114503ae765cb56c2aac852ddaaadab2da,4000000,0.5057406983701127,0.6000227063483949,0.8624605,"[[888041,1418,92,23196],[459312,2455046,23,18231],[0,4176,0,0],[21624,21663,423,106755]]"
151,3c50d21bbc8680cf26cb59323c0e80d989343fff3ece914f139f8afd5475de3a,b3974bef4db94a0b79c6378f6c421aa2f53b6464f1dde434547413c25be5eb43,e24838ba8fc485a10c7dc2f5a226ce1876f9ba22040e7ac137e0387a1727d55a,4000000,0.38475173933511614,0.4557510474019784,0.8388235,"[[2074054,0,90028,0],[9,1977,29039,0],[424360,58,1278741,0],[72127,0,29085,522]]"
152,c39375a3538248cff67267c48850bba8fa9748a4609ba69600dfdd15ee64ec3b,63a0a53cabb693327d22bc36fb31948bca991b2acfbd889be291a9070cbd7f86,b30739a31de39f5890a438bc078ab0b3c5797166331f2a64c414c645076907ab,4000000,0.4587247554989832,0.5377626085598384,0.8852895,"[[2392653,12300,147220,75940],[1452,18356,30964,71],[172386,17667,1130149,820],[22,0,0,0]]"
153,67c406b5275091e18e7e21b71bfbdc60782d5336b490a3427dcb0500a72e4edc,98312bb3446033d9cac477b983eae37835cb42e22d2e196145807780cd514ca0,7528e1517da0c823426a82179c80478faffa3ea86fcd21225f002e6b22797335,4000000,0.2464348125,0.24820460440614245,0.98573925,"[[3942957,68,8930,48045],[0,0,0,0],[0,0,0,0],[0,0,0,0]]"
154,c67e745282f16bd253d5ffd696ae189c8b426011858d306f11766c27a2838e68,bca7b2ac22052929337e4a6536b7cb626f5eb7253279f2a9b6c8497c47e79bf4,79e622305c8e53d89a29d3398dbd68df6cf4351e396772919596b5746d72c7ac,4000000,0.5511655139958561,0.6416590716038463,0.84683725,"[[1222860,126,193047,3332],[9,94782,24571,0],[130137,29017,2063970,4566],[105912,0,121934,5737]]"
155,30be5096e3f7b2c15d8d0b90ce760f369afbdf20b935223271477f72a3b59af2,c3c4d7c7dce526994400d225a5c8253a4c7929664dfbb23a7722d96b7cf7a50f,50922c3bd5f013e14c37ae932b296a3a8121166db986a51076a147fa621d67db,4000000,0.520557650333731,0.6563141809838298,0.764657,"[[2045728,1349,144742,8169],[0,37660,2574,0],[219174,23500,852158,3757],[288434,546,249127,123082]]"
156,156e8057f0a644700aa48026e5ba9d384d5804c0b5db28f32af7b9bee898b8cc,c6e44e8806b206d339bb59cc6c69a3de83f7a842c4540bdf571e02c2eef20f26,8a97e4925e7e08a20eb6429ce47e8e5a7df600592b81dc4b7fd3182684423953,4000000,0.2489555,0.24947665673592134,0.995822,"[[3983288,158,16489,44],[0,0,0,0],[0,0,0,0],[21,0,0,0]]"
157,e6b7fa31cc6e933e954e8e3d0301e425767bdc0511b29a6c21c1da7eb9a8381a,0ca35fc8b0b3ee052cb873601b84a4586da2b48aed48097deca65e9e2e31431f,d404c82f52b8f707ab318762c9f199b61e28b9edc6e52ce8fc1ba6d0e59bcada,4000000,0.5316752798552327,0.6453402119608935,0.84579075,"[[422817,8448,14853,25662],[49915,2199972,24742,167847],[3122,6433,8667,8969],[260111,33896,12839,751707]]"
158,cbf1433d9773e7c0c34e4862ce6be337c6e97178a609c6b9099048d224f76dea,52c2bfb09b90e0f3a81ccd5aca4910e951910d760fd677ed2f1fe66403ad2de1,10d02ece8f07d69436677c7023235eecf697959d0847be7e54bb07727103401d,4000000,0.37030558680690934,0.41041741881377186,0.97067125,"[[0,0,0,0],[0,3863699,1059,19950],[0,0,0,0],[0,96306,0,18986]]"
159,743d45781dace42f65a8fe556af56c26f10189a6c50e2fe389af8503f32f7a63,74f5490b735e40aa75fa94dc235060259f9ad66074c69db4d80dbb1c9f0c9b5d,ccb2154724297774b826581f10fde008f612fc92d36846b04547f78b9c57187a,4000000,0.2640447218151385,0.29467954405771435,0.79211575,"[[3168447,0,831283,0],[0,0,0,0],[0,0,16,0],[254,0,0,0]]"
160,752fccd2c3caa676645be9302ed6c9c8de133b24f6bac4e244b808459a5dbca8,007665b250243ad9204639edeb62ab011498abb6f19fe91ce05fd2b7b17ebdb3,852792646c3e11af2534b5400dba4c28155e8eda7a5f335ce7f84913cb0b6b08,4000000,0.25148555675323997,0.2538282796835448,0.99762175,"[[3990460,4802,1438,3218],[55,0,0,0],[0,0,0,0],[0,0,0,27]]"
161,9117e49e16e23c243ca67498e5c93080bc727382207e795d5463d3f0ef68f8b0,84ec6fc332b1935b58a31afa06a184ebfa612c531c4d46306a9bc17d2d0445cb,5a014f1396be907a9b30e13a3462aaf786999d569b49650fd6bfe863b21ec9c8,4000000,0.2962762767323072,0.39157952056485196,0.75084325,"[[2779291,18,8677,7959],[89046,57885,30347,32481],[121,0,49,0],[826660,1107,211,166148]]"
162,0e158accc468febd7982da6be3b35e8bc89415d38e7474bb451b6c2193807a25,a986e19a465269854d946896c54dff2f82ec078be76a42cccfd4c6972d054475,827497c68a84b5590781188766bffa7054a33160f2ec048399c5f293580f0005,4000000,0.7724298190356578,0.8554521510606017,0.93121875,"[[1541403,11884,63384,54533],[17127,1347661,21106,51339],[1463,15128,87474,649],[17172,9182,12158,748337]]"
163,7ba8bbd29c0d0c9a8ba3738a5cad9f068d2781ff5a68577774be3d17e02b0533,ab9706578b342db3e763ea3bc59d7a30587d8cd5e33d8df7f6ab1e25437e0695,09c22b8a46dbf4f4f86fe94489fdfde64310362d13f856b63380b475739e5a54,4000000,0.297483744506555,0.3592316707357709,0.83019925,"[[345118,0,350127,226],[0,0,0,0],[195525,8558,2975679,50],[65191,0,59526,0]]"
164,2dc4e877f4dda75701f432a1690b97c5603b17b071f39ae0153b457ee24acc1a,c122cffe44a401a313cf09cae21cea727614885b108722a5578b0cf2a48a0de4,9567b8d21f61cb8fb2669a89179e5924b03a0d7e668c480dfb06b1554c2a2f15,4000000,0.2723580445115447,0.2998465063835027,0.816928,"[[100,1200,0,0],[662224,3267612,0,0],[0,0,0,0],[0,68864,0,0]]"
165,f45ece67e6e98c5b2789c8e9efafbbd8258167ec616c2062a02dae296b2c8b2b,1391d18e818d0010e2f8b3fb5efdcf7e225180babdabdbf0942d681b6c74dc92,df20949b56ac8fe14979d63281fd45733f489868358dac52f09c5b1a6138a342,4000000,0.20688119853266504,0.23092850417351907,0.8144495,"[[0,0,0,0],[1320,3255169,544304,24587],[0,0,0,0],[0,171991,0,2629]]"
166,8c2fdb27fed5fc8bc55b34016e09e85051b92706b75ae86f95edbfa0f31989cf,72111f0380bdcf3276f21021e44a7d5d1e12039085e4f2b16a9ddff00bb6e147,beb803fa6ee648503d79cc9dd6d3a706fbda413362a52deb892ce0d2c3b7b5cb,4000000,0.32385425,0.3285254298905779,0.97156275,"[[3886251,1625,112124,0],[0,0,0,0],[0,0,0,0],[0,0,0,0]]"
167,3c5537ef2e6d401fca9ce3f0b45f2b063840f0fb363dc1c28557e11e7f1d4c12,2ae5711697a046694b1f471bda8aca2137101be38c92037dae21796e9197ef39,07493e2a6338360d19838b4bc43e13c12132ebb3d7189b2359e206d8e3765cb3,4000000,0.35059637721287645,0.5122496544483376,0.5333665,"[[650587,0,61474,0],[0,0,0,0],[1805060,0,1482879,0],[0,0,0,0]]"
168,ff65438ce3dbdafeecddff57a8779f92de580145fa9cae14456ad7bbfa569085,1dd772156cac8b506820948bced4c15d1d51b67a09c8c048cee80816278e4989,ac4c32ed3b2dcca3b10f4d3108e744bc9d23b6ab586dd771147c75f0227dd691,4000000,0.2223414375,0.23536092733765285,0.88936575,"[[3557463,242,13205,429084],[6,0,0,0],[0,0,0,0],[0,0,0,0]]"
169,362d6edfc888a6618e3b0d3866d0b99c60a5dcec99b8939255d981b4a6d9c31e,6c5c15c676d48ac4fc93a599e53a27fc50ce9707fd3d8954cccf040ff6cdf671,8a5a4cfa7c288d7f585a18ee9bcde4e887f7b155ddd92272338659a366b7c29c,4000000,0.4123039961224915,0.5351710468910559,0.65300375,"[[504267,419,64227,23531],[14150,1634162,37792,90556],[0,3809,37501,2545],[1065621,36318,49017,436085]]"
170,4a597ade5af5a420f589acdb926b4b7e6d565ddbbabb02bf7d788090ca06d185,569adec2792413a0f586d750da59a4025fa8f0603f4b9cab211aadf21c502fb2,c4807c75f3846d970a951db9ba1b2b991ceba53064266615d87ca4831460328e,4000000,0.36786783907042986,0.4830635260996414,0.56678325,"[[486396,1858,66652,25805],[11548,1406344,153500,36184],[74166,19881,172507,7138],[774442,52220,509473,201886]]"
171,f23d7215c7a309f52eebaa5b212ba0829f197853cea2f4880b984d67e110dbb0,43e2f15857b8b29fecc1a7cfa0edc595aaded12000b99a2266b69c2c888151c7,4ce88fe7e99ee36eec056fd8cad0cb608f4c107d7df7c8028bf3d3d5f930fda1,4000000,0.22315770752075376,0.2359644352796058,0.89218625,"[[3568570,2216,0,244],[10,0,0,0],[428530,150,175,35],[70,0,0,0]]"
172,458b60a562f83253df246dd890d2a195826895a6d658b018ac74d1953f2e33b3,87b489835fa3b65fc8a0d37bdba8b87510dfca42a85a212eda7191e5026b0411,65cb610b7fee316ccad3b19af85f37de714c7d53a26222d44a9faff56c8115fe,4000000,0.22192791666666667,0.2664546543531436,0.66578375,"[[0,0,0,0],[1276469,2663135,0,0],[0,0,0,0],[0,60396,0,0]]"
173,6bcef0d74de1d4121c98fe61626ff7e38c2070d05e81ef472fa92ab6897b92d9,191b5568c5559cd17fce1b7cc3d15278eb822cb9c9ee5d54ca0a35e349ec3c7f,b91da37ca75ed6383067a0923c3e8c667f1d496b08cc5b8bd8755f3f9bb055d5,4000000,0.3528716957088589,0.4987613450954255,0.56735375,"[[394854,84,0,0],[1730501,1874561,0,0],[0,0,0,0],[0,0,0,0]]"
174,f63448e59183bb6af3f946c524ee8e0bc5c6e0668919223820931da1186274f9,b6bf97df11f23e4c4f7e1e4bd624ecfc9f00c884cc4af7318e79efa4ea6ce5c0,db65a48f2bda4d5c0d6a1b64202500b1bd4e3efccd7d6b95017b8c3f141d5059,4000000,0.5933615305050295,0.7261750435094287,0.7585625,"[[1394178,3819,642911,36294],[993,974914,46043,29141],[88336,27243,529810,406],[1133,11692,77739,135348]]"
175,2e6e02285f98b4138a268dcf811cd1930fbfd80d3119ea479df538ba364a991b,8dbe5f139fd946d4cd84e8cc612cd9f68cbc87e394457884acc0c5dad56dd8dd,dc0100c14fd5964cba497dfe41a2ca1b030262bb0d32997635d3c88952170d4d,4000000,1.0,1.0,1.0,"[[4000000,0,0,0],[0,0,0,0],[0,0,0,0],[0,0,0,0]]"
176,9fb9b8615f1aefb5d97310fe466340f9cedad075e2a4d24e70845733e22498ce,4ea17569e1b2da7080ae45debff299ce3b4c93dd0ffd2385a3c6c8ff794fc442,a98869aaa7bc0cfdfb4a6b2c440cac790efd54838a30b651865ba988319053a6,4000000,0.2420780625,0.2459752638332663,0.96831225,"[[3873249,2113,122590,2048],[0,0,0,0],[0,0,0,0],[0,0,0,0]]"
177,1c87d601aacf84e0d9d936a8ba7571b74c311de42597b91ee8861d4f0c1c5759,ccf4a992286ec03d6d58988def549a66899e874bcf1b954354b9545b4486d085,146fcba7c0e9f5a52f8fd11e1e01541877eee401eb6289ead87c9a4b0c81c6b5,4000000,0.2919648834486667,0.35752954530416337,0.81238975,"[[447751,1071,473879,15327],[0,0,0,0],[254513,2226,2801808,3425],[0,0,0,0]]"
178,3b1270aa726e583b4f523df8f81457a9401186f6a0c23298ed1a1ad140a85d92,0e548eb8dd3b15fa4bfdae289b566e73b2149b1f140209c1ac2097280ee1ddc1,51704e5988d6e040ae7655a5b281d8a96b2567c0dcdfbebb3ee86b00300e47cd,4000000,0.4824261490568817,0.5803765801005397,0.86318875,"[[377962,3077,205673,197],[0,290180,262413,0],[42654,33202,2784613,29],[0,0,0,0]]"
179,de1e52ca938bea19fac4f7f98f16e303efddcdca29072048d367e6927371fd51,62d5b44c9cf66759c35a144109fa41e32f365f6d994a037c7c6ea74d65c439d1,452fe536a6469a07d690323d72a9ec6f38f264e7c79ae848913b13954bf10d1d,4000000,0.3588574757695411,0.48084274686610956,0.623598,"[[37866,254,13682,7196],[147,1518952,433203,15393],[15670,5208,803283,1431],[136108,10154,867162,134291]]"
180,172dae41b24ee406bb81085cd3ea2cf2fc6f80d8833231a163b79ba68fac4853,beaad94c08e85b7617c9dc01dead1430a2fc476f8c7594e15e9ab002d4f3cdfa,58f912be5a71c40c42d292b842288da2935754ea3ab191488d2dd43703016e51,4000000,0.574188847042056,0.7035848167113592,0.900067,"[[123872,7705,36814,60748],[3260,3009733,6425,80568],[53155,17588,113480,10475],[79313,23034,20647,353183]]"
181,39dab516ae5cbe774b934f9d14f5d2c1143616c0b2f56c624b6bdcf69be444d6,d260837e3df9fe1e6ae0f7c2137d8c0cb9ce3030ee7677e13df39222fed99f5b,c7a7e7e11be2a3b3acbfff4fa7b01f42cdce4dda5c75e332c852030f979cd0d2,4000000,0.461483634976352,0.6013109056132679,0.61494825,"[[1407327,25064,6810,45048],[258,401211,58061,9438],[24177,23653,354596,4312],[737411,57964,548011,296659]]"
182,06910a9fceb54a10f51e60076da8763667f84275002938ec5c50104f95ce90fd,277b0c712227fd522d9dc150819c603322f9f07dad9c610efbd1cdc048a7ab46,ee9794df0b58712fb6cccf1e6bdaf79f0716216eeff8e8594413fa5ed240429b,4000000,0.5057056387897192,0.6324945022900516,0.89526225,"[[48499,1399,135364,5170],[4,3111355,13090,6350],[43,51375,312882,3068],[119,64495,138474,108313]]"
183,752455a85add03dc8525425b50cfc28ffe75fd2afaab203f14c99f668ac146d3,fc8c3b9143d8636875b032fb799ee53c532bbc048e232e83d7fcd88b7f419248,388efb6e38309d5eab05152a324ec323572cc91d3046e9a2d96da336e24f935a,4000000,0.5651593300935375,0.7041850913652777,0.74734725,"[[613303,1186,180472,18699],[792,1190644,226278,7432],[72897,17018,965801,8591],[91788,41212,344246,219641]]"
184,5ba06ade17f7204096e59e1048445cf210e2bc2f444edae0b1949304be2d1c21,b551dcba731c0f484814c87292ac72fe500c55ce65b653fde815eee300a45ae0,841b099aaf9c70ed0c16591f7891f69b183e7c637ef9ec24cbeebf4dbc716afa,4000000,0.5826528028867011,0.7053727011061237,0.8484865,"[[2737028,1046,7768,35191],[320,206342,40375,5648],[54724,4514,112075,5390],[271638,14096,165344,338501]]"
185,a20d3613e839ca455339c2d7f439bea0d21b1ca64d9a060534b039e51c34ed05,4456c602d7150adfae10c874a4f290e36bb9bb10b9bd9751377367ccce3e688c,28f1e46204f9e3c2d78b04231ca917e139e6c203c0fd8025b12317dee61a0643,4000000,0.6321822851668566,0.6769923054668088,0.98524775,"[[281954,3401,0,2758],[1437,3587110,96,42281],[1004,255,1,515],[1236,6026,0,71926]]"
186,3cedc1e5ce0f157d9619cd3113fa837ea8372081e510e19a480c1ab6a684a92a,8d4d48f0501784384eea3d05804eabffc6546fea0495c70a38946dbf69b041d9,862d80db021dff8d4875145d3d268e705426d733146ff22ee9b6156e293508a3,4000000,0.5970750864969617,0.7313598799645767,0.812611,"[[2438674,22506,83607,96204],[7537,294265,11011,12859],[392167,40759,351837,42592],[26042,1638,12634,165668]]"
187,29418fa6f51b0dfaa5e66cc541e8ec5d8594e1817eb9f2ed2c9306554de6c7ad,cb0d6a95c564381c6bd9fa931b934d91b29eff7a250af34eaff7d582da5812e1,9cad9aebf3962c33b74a83de0c380911cd9110f4abb1120284a62c0d5a546723,4000000,0.6057005625616549,0.7298773431022281,0.82365375,"[[1053459,13326,87870,92262],[72536,1340105,59901,208964],[2555,8056,72360,3343],[93419,14080,49073,828691]]"
188,7e7726b3a6bfc2a4c821b3c0b58419ed3560c09d8d7c2eeab2762c88e471d014,7c192237bc50f7a09e12c34f06dd6d7af092f62643e9f1e3efdbf3ed737a902f,b7f4572952f47408e35044207b462655573b5fed1c5535c3a56515b957521682,4000000,0.49714610774192985,0.4986015056374064,0.99424875,"[[3976994,0,0,22997],[0,0,0,0],[0,0,0,0],[8,0,0,1]]"
189,c991ae788081a62c601a9c0c82ee32c231ef28ee7182e6fbf5cf448d2ebd5273,e4ad4169f61b8b99d8bfb5b1c7f3411ec78f9c2105b15ce32758b077bdddbbd2,5f9afad17a3ead9ab80217f7dfc3c4105f6dce5b701cb10b9f46ff9fea712e7e,4000000,0.7612534206776783,0.8594880823331363,0.87363925,"[[1855542,19421,312772,91411],[7234,723865,8050,18299],[8434,3277,511060,4411],[3930,15462,12742,404090]]"
190,ebefc2848793e7a1cbeb6a07389339623dc23d04ed542b0eafc286911b2b46a7,86b5489475faf48e62573818520acf9bc3ab938453ebd5a9fdc61da2ee00530c,cad241e9f09dff202f280368fa3ac60a949e88d275afee4bd11f28bfc8873875,4000000,0.4461621108018406,0.46984859896895376,0.9995045,"[[3995460,623,772,510],[77,2558,0,0],[0,0,0,0],[0,0,0,0]]"
191,378c446605ee09d5eac46ce1f20c862bb1144de9d07b378e656021c83d306325,9f33f8de77800408b9f8d6edcb285ab34996b3cddc5ec9f03f5a72ebca29a0d1,b17324f26fc832380fe789c1c8b426d181f877b46d54ae97e6aa77eac881f54e,4000000,0.499999,0.4999994999995,0.999998,"[[3999992,0,0,8],[0,0,0,0],[0,0,0,0],[0,0,0,0]]"
192,3ffc271b08b6a89e9049e52dcd62650caf4a65945e681a5de71a16f6538af9be,fcc271a6feb60c9e359a494ca76e451e3ff73f496d4bb340bee2a85068c8fde8,0e70c165f037fc8cd746ef931b384292c8b292be294b13ef587dd0d74e5b1f8e,4000000,0.3320584132249211,0.3330515626984836,0.99545975,"[[3981826,5,0,18152],[0,0,0,0],[0,0,0,0],[4,0,0,13]]"
193,b4595a93cab9fe06069ab78f2a7819dd2cd2dd269d2c1fa807dbe85813860b0c,cf17f268dc552d2c80a69e47545c3814f7a010b02296184ac32609840382449c,b5175b7307514d9fc686d9eee19808f0f750d34fa45bb0ce041e65d53f4b298d,4000000,0.3286905871113233,0.344847096779128,0.95699275,"[[3827777,0,165552,5300],[0,0,0,0],[0,0,0,0],[1177,0,0,194]]"
194,803e136c3445e47675d4c11b0c183626ccdc0174ee0d43febe15686dbdc33386,8dbe5f139fd946d4cd84e8cc612cd9f68cbc87e394457884acc0c5dad56dd8dd,dc0100c14fd5964cba497dfe41a2ca1b030262bb0d32997635d3c88952170d4d,4000000,1.0,1.0,1.0,"[[4000000,0,0,0],[0,0,0,0],[0,0,0,0],[0,0,0,0]]"
195,7c098d237afed941273b48606ddb6b43e2137c2c286f69e417c30b031f7746cf,59ecd648c465b20ef7591e713e74fc7394c75678cd49ee1266a4cff90e377b74,d2d24648f6598eb90d238da204aedd5e9636ba33e44ad61a73caafce39b36dc7,4000000,0.08251755337913533,0.14728313019730613,0.19185625,"[[247894,0,0,0],[0,0,0,0],[1707440,49942,391696,291],[808535,377288,289079,127835]]"
196,3ba0ef811dfbcfc87434fa8c1bbbc084289b5e22da2f6ee99011afcf2bc7bcb5,617f608b84cd3872a6b0a0b7e22f8af975b0a0570c512adbdfa4b635429fb9ab,79d91fe641ca12b507efa129d34ae71e915fd7b87c235ff9392a3c2dd8b5ad57,4000000,0.682254757675647,0.7899398416930763,0.95485425,"[[191500,10329,15394,16672],[7681,3366742,33314,40459],[5423,7884,38639,2978],[20324,15516,4609,222536]]"
197,ca58f46e914f22dbb705ebde94af8a11b64a5e45d5c0ab174749df5a5f8d0618,a2041f55ee603d503d7c6e156c0b027a38b8fdd69f8bbd9e07eed3e54194c548,f4ed4edd31b1cd172a4bcc5f9bdf3c141e9822ef2d053b4c2f02ab81d6976b44,4000000,0.5391703070659103,0.6146146619137786,0.88109225,"[[1215414,11196,0,240535],[6958,1945994,4,182090],[0,0,0,0],[17397,17449,2,362961]]"
198,62b3e5c673851305d3e16fe3cacff0f58cc4f09623c13243d5e55d5cd1c094f1,e14dffb9dba6ba96a2ba19918620ebb727149d9db064c72a20527de4c0f83fb7,07539d842a4b3446ede734bc2c9a7aa8bdf04edbcb2be2cb14927b875febb0d9,4000000,0.4775503486919094,0.566641346257118,0.936328,"[[51613,23813,0,42450],[3542,3399445,0,130782],[0,2,0,0],[6628,47471,0,294254]]"
199,3c4dec641512cb911aa24de81aba5400e506b115054f055bfd008434d2f18467,98bc99ddb708d97927e1a7c1efeaf000bacdfac95a044c9e961b027e1d2e4b7c,71c8cb7e0bc834588cf130f2329fdf934c9518b7e87f1d62f923b17082b834a7,4000000,0.5829210258281989,0.6524253074302471,0.93759775,"[[236631,15381,266,53380],[16348,3077806,546,137780],[1763,2413,1,699],[6331,14326,376,435953]]"
200,bf3d2ec9dc7c4032eb10717da44f0b76e2cc26e31c8851807abcb18c48eaa0aa,9bdc8e34ecae77806e254061d74d8cb640d25ccfe2c7c6cad497194a78f69eb6,88578014cb2a19d8550517ed72c73861647fbe59380d69bfe5f6b15613132ae9,4000000,0.27945889280137864,0.3466705440112024,0.79525275,"[[3085251,55370,209153,165321],[37530,77164,103454,23163],[22,22,24,21],[188941,11717,24275,18572]]"
201,bd04c70b5bda67135a216e1b7f45e3ca09c53ebe5d51393f1d9978bd0a7903fd,8dbe5f139fd946d4cd84e8cc612cd9f68cbc87e394457884acc0c5dad56dd8dd,dc0100c14fd5964cba497dfe41a2ca1b030262bb0d32997635d3c88952170d4d,4000000,1.0,1.0,1.0,"[[4000000,0,0,0],[0,0,0,0],[0,0,0,0],[0,0,0,0]]"
202,75be901256426d2bb96cf64691a69d57efe392a3c3e1aa600581a36b8e931e9f,c8e37b98f790e0038742dc561b1b5a1047cbef352c440720d1bc853f72d09400,12179d9f4df0da35d080aed31cbded8eb8e9c4f31ffdf02d683ba638c7c5b2c3,4000000,0.6669815850350764,0.7864677158558088,0.83387175,"[[1961594,3597,38168,25334],[0,536236,47354,333],[56690,40911,483711,11982],[261564,16707,161873,353946]]"
203,7ffb2448afd3a299539f42833b145540436770f2d5fbe3bc10fcda83c8f7dbda,471a7a7dcdbb144f68c0618ba53eae5849fb9134523eadc99977be34a25e6648,dc9395d23ac2aac1addb45a575d01d59f04ff9005464a8494050071c31789960,4000000,0.09929689554278924,0.14226512480955503,0.35023325,"[[854,58,488,6],[1168595,1400079,912121,48759],[0,0,0,0],[469040,0,0,0]]"
204,763bb51cd2ce62523d9edeb6f985c8246d23c4c6543a5bad9e5a1f42d3ca2b50,c1dfc4a4e1f9019254a531dab0e7e9bd313a547ea4cbf55dd3165a74119a53b2,cf5cfb1f291854e6897f2de77b8d5c01e914feab7251eced5f2a3c0999936c1b,4000000,0.40462526087283185,0.5322170981704921,0.76549825,"[[133981,0,721593,0],[0,91551,94720,0],[10406,111288,2836461,0],[0,0,0,0]]"
205,0cf8556fba552b095e2ace60f5b571649e1889890d90960978360830e616275a,f88b727f4bb140d11c1a29ee73ddfdadc9c57f35c6630092e2d0dfd2e70c9e50,3b3eb969c0680a65977f5d39bad6249d6bd8f286c02ff00ee658b4b3b6a2d18e,4000000,0.45301044676342217,0.5392615743841863,0.810688,"[[1815259,385,0,0],[756860,1427493,0,0],[3,0,0,0],[0,0,0,0]]"
206,807c9239ed92001d9a50b5989985a6a5a73c95284cd10a8b0a3a810bbc9ae16c,a3eca4f0fa9b93c200cb9e653b1256eee91e9f556729b89732e3e8dbba7b6507,4adeec6c2bd4fda08b3e4c137798e1b7953d03e5b287fd4eecbcc0521e6bac2f,4000000,0.5689287739976904,0.6355100102579746,0.92641425,"[[2533632,58008,3,131998],[21172,970686,0,39421],[0,0,0,0],[28300,15441,0,201339]]"
207,8ae4f98338af0c4e3b4f5eca6c0ec736d7f9808b6f105974642b87fb91503489,b7c5a0b168f352562fabb987f24e10e846813d2c10073949d125fb28e325f9ad,04d0a1b81997f049052c6141a3932a0506d927fbc7c797493421de4274757412,4000000,0.5691010006212756,0.6182756359291959,0.9802155,"[[2056277,2788,0,11841],[38163,1845221,0,18066],[0,25,0,19],[0,8236,0,19364]]"
208,81afd2e64c3f506747fa15fc961aeb03622a18f3662323f775e5dec7b0003103,c7d0f7688b70a04d23aee8afb9ca3cbee1bdb2303d6982abdf71ebf55281d63e,95b129571fdf1d8abd76ad76c461fac894d41850ff3d040cb9fd7f57ca1035d7,4000000,0.6232284294887468,0.6764872208983737,0.94156575,"[[2150560,24838,0,112568],[25533,1277234,0,63918],[159,324,0,59],[2759,3579,0,338469]]"
209,d53898a6e1ae379949bd9d56e41cf0176c3f78a8dde12455ee7b6754fa933883,8dbe5f139fd946d4cd84e8cc612cd9f68cbc87e394457884acc0c5dad56dd8dd,dc0100c14fd5964cba497dfe41a2ca1b030262bb0d32997635d3c88952170d4d,4000000,1.0,1.0,1.0,"[[4000000,0,0,0],[0,0,0,0],[0,0,0,0],[0,0,0,0]]"
210,14bde43a085f9faf27c9b5f6cd6dc6ff0641836dc5a3c63c7a7fdc453990705c,837f2f93f1b9f5ea096150e4395498b16ee82e7af7195b2bf51d5cdd985144e9,762a3e43f7bbe7f9e1bf7387578240d681fc51ca278fa444a8afae2a2e8a8c24,4000000,0.751573968375022,0.8429541629904693,0.984086,"[[3756992,5084,15804,16611],[0,38176,3309,0],[6855,2317,24808,2472],[11204,0,0,116368]]"
211,00b088463c1d56db3a87a58a2f6ab8c18820e7f9bd9ea650d61ef3ba70a89b6d,a62e15323697d641f2c82cc96ae464a84b4af73bf2a7c5810081a0e25dde7860,41d40acd5fac7a4ec3b251f6f065eb40ab18b1e1a64012cc33604f625e2f0934,4000000,0.7597353472091626,0.8362531364961029,0.9367485,"[[2070404,5432,64233,26118],[4260,770337,37270,25382],[15648,15277,72975,9400],[41831,4204,3951,833278]]"
212,ea9700c8e46068ac3849fad043c33715ab8f3408993dc7f1e7c84ea61385c2eb,3050460514a0903605e99b9b2a11f2c8b40d73c1655f49e46dccc9fff13fb1d3,9c1912c1c32f8d07d79658e52eb83f004dde18bff1efab9a4ba060b60a4051e9,4000000,0.6910653069983009,0.7952773360068295,0.8852505,"[[1280470,16290,31757,35464],[13341,1484496,24534,40641],[68472,47810,91671,5943],[142581,27862,4303,684365]]"
213,c30b890d37bfb0d5673f025c26b7bb9f7b0cb7a10e42c1ac101a3a9b0e3405b5,b247b361fabd4809e793b91773c34914dc6a3060162f386b412f4dcd528c981c,cf4e52fac56b498ee75486ad7cfbeab7973cd26244e2ac9a6c2676e259583f2b,4000000,0.6787541757004497,0.7114863054873038,0.99496025,"[[3836597,1646,247,9513],[3616,77076,0,3258],[125,17,0,0],[1634,103,0,66168]]"
214,c6856f65a9350d3bd373549a8e4ea09dbd4d6bb22e3ef3f496af12192d2dbf93,52f9f2003fb7fbe8c10c6ddf7a6cca44769552ed10ceb3df05be1d5f943b4701,d0ec807b5de9b67917531707dcea44f6bec3075abba1809b2c5602a1120da777,4000000,0.6270499559134909,0.6766579484295081,0.9648005,"[[2740991,27362,212,33215],[13958,960171,8,23698],[254,51,0,0],[37975,4065,0,158040]]"
215,3f19158ec5d5bca5e488cf9bfd9231ec7f2a2ac9f58db3af55bf3d209fbb7da5,8c56d50499485e788e11db28d3ee21074d34fc2129ae1d71bcdf858902f27f07,bb0d64cec2dbb26825858538f3a2cff0ab1f68541f037beaf2240fdc713826f0,4000000,0.3329604166666667,0.3331467706414943,0.99888125,"[[3995525,0,1237,3238],[0,0,0,0],[0,0,0,0],[0,0,0,0]]"
216,6489e6554b0ee5fff21d2efff4e083a6d2078ac4bc8b3babe05607a0a7e10d7b,b7614cea2cfbf75559894d9ae678675ea9cbd44ba336b73daa4be276e1540fe0,cfdbe992ea14716f99d6fae43c97ffd3c2681f5fa744bbd2e349a336ac11dee0,4000000,0.2496014375,0.24980055977120763,0.99840575,"[[3993623,9,6341,27],[0,0,0,0],[0,0,0,0],[0,0,0,0]]"
217,beab6ae8843d17df634b96c51735495e70d670051e1bc2e53762d79d63cd627a,1c17acd09c61d379f361ad2f1b2b21fcf5f0fe897c93b317caac1784e92bffae,536898c14c0eedbf45b1e1b90be6a53aec7fe19fda8f6fcddc702882ccd63d01,4000000,0.6399786065349896,0.755514272423093,0.9127765,"[[205975,500,36486,20812],[368,2743502,35440,135327],[1975,10029,49195,3090],[73680,6707,24480,652434]]"
218,e670d238fd83dc632b6669acc8b5f49e945b8d95a28d345afb6a873ec709cc01,05ba391fd16558a34662fbf0a09be917253d3251bb421b0d79240e31deac1f51,9040b22289c66ea1fa5cf09197c0eafba17931b18a3d7bc8875db2124af7ec92,4000000,0.24806225,0.24902735551630342,0.992249,"[[3968996,589,25405,5010],[0,0,0,0],[0,0,0,0],[0,0,0,0]]"
219,90721f9a7a55cde0a6d66548039aa0c90758177e228b46eb058170da0d4f9bef,55921e44b050d2a547ad64c9af38b1063e1f7ee6079b8944a96e2f6fe035f175,cdb4d1a0ca2218c5caf54fc4feb44fc3adff626faba456793bc23a7ea8d0efac,4000000,0.37750700891510164,0.42470186575739366,0.930008,"[[3492061,902,64655,116243],[0,0,0,0],[94614,0,227971,3535],[19,0,0,0]]"
220,690dbe429978c66e7babaf9b34d4f34540a48882a45fe5f5554a9fae855a08ac,dc374cdcb1ef259fec2a71ca8a0a6cacdf2e8caa16efbcab352cc5bf384cf713,96bcd2e77de2a2ed4f3aecb45cbaa6eea81f319001dc7974938f80d3f74200b3,4000000,0.24103348792609663,0.3225989391972759,0.66555275,"[[1810497,40,895793,305],[0,0,0,0],[441651,0,851714,0],[0,0,0,0]]"
221,c4c1aef64a426f27117e710179bffe9b4a16e987f24624cd5b34a07ed0a6999d,09823c57799ebcb0e7e9d3a43e57179326a21ce6cb62e98e6ad1fe3b8ec15bfd,7b5caa0b8d4c3d5c5fb7d251dff5dc0205d0e576e3aceaac0de5b97ef4ac3fef,4000000,0.49502425,0.4974996840529263,0.9900485,"[[3960194,0,0,39754],[0,0,0,0],[0,0,0,0],[52,0,0,0]]"
222,b78ebdbdd983de8db5b740cda7e46a4a2cb9fc5f88ccaa921ecfa26b10c41512,c03cdf4416d5a67b848f998d5f7a473ec8b938fbc202de12de9d25c5806793f8,6ae74a76a555db4bb623cc3a430fe73d004b2c89ee6ce70c842ba0c63905d442,4000000,0.6428383172263845,0.7688839242228196,0.829221,"[[1110709,14558,100579,239929],[11031,1474361,57239,65221],[73062,21324,237450,41965],[8839,19267,30102,494364]]"
223,e4bfcaf2cd8a46a91823cad553b117cf8bb844711354d9d7bab40893b9500b35,b8e839f6a3f3eabb662f019769b66f9364b0820eefa8b68b1ab38c893c1324ab,696cd80eec6a360efd1fa27525b6669ed768a432a26d10c4d76ca5c84f11e477,4000000,0.4880023702587504,0.5528429097602588,0.9389985,"[[0,154,0,0],[0,3481561,0,28475],[0,0,0,0],[0,215377,0,274433]]"
224,a96dc85013cd857e685222b021f5a7cfd0414be9960e40af21d127cae2169c9a,c40bd4b2eba36bcc70d0916f1cfab526d7ad65514433049e203cb2fbb55e4e0b,c59f08baa5f5c6b627d37c62e7f276e45be240c6cefa5196870e8dc9a6f7b464,4000000,0.1715620692850813,0.246229226830613,0.5472195,"[[1751768,77,6506,31],[0,0,0,0],[1803461,872,437110,175],[0,0,0,0]]"
225,67321602a41d99489cfdc04eb9f2534062d3d9be7a494a76ee70759a62153d51,0fb0048e4e6613e0699de6f9becc25dbad5a1bd0720d8922dd8496da5a4c1b25,7243ec24f23875aaf70e0ba9ccb7d808e33e858fb0363669872ee1bb99ca02f2,4000000,0.499759375,0.4998796585428369,0.99951875,"[[3998075,0,0,1925],[0,0,0,0],[0,0,0,0],[0,0,0,0]]"
226,781c2222cc46b5c056850b79aeaacf3f81e46dc08068ee596a460f23e7288154,1808c7bbdd6da2fac126fc22dd8306923108d3ae38e2bb8acc20481a01bb0df9,33b0d305a8149038623ef95b39671bf2a91180464527182ccabae83d873f5ca3,4000000,0.249466875,0.2497331529743589,0.9978675,"[[3991470,0,8505,0],[23,0,0,0],[0,0,0,0],[2,0,0,0]]"
227,e2b52bedb987499fa93492408cd23368c9e44b67d7be64192e422b177aff0d91,566ac54d0a260a687c1bd6d1103720310e04460bd6c11e987592f6a2f55441ee,188a5ddefe148ade3cbfd2776f583920c0714a1a16206554f43379f5d1d8511c,4000000,0.499943375,0.4999716858967139,0.99988675,"[[3999547,0,0,391],[0,0,0,0],[0,0,0,0],[62,0,0,0]]"
228,32db837d93c8035f006db439cd90a995bda8827c10c83851f5b80cde3c4d4687,6a0d5669c2fe944a660986a2ca3fe9e632c2b35262f67cf0d6e041b4feac79ce,843153441e45e52e1d7512e12b6cde3a30ecba5f69bd3ede481b49040d18055b,4000000,0.249508625,0.24975407081309156,0.9980345,"[[3992138,1440,1903,4519],[0,0,0,0],[0,0,0,0],[0,0,0,0]]"
229,fa5eddf4152e343c649fac47ab90f49a4391c0be916ef71501df3e7c9f7c66ae,061cb6c9b1d45e8da8829577443da77c5837030de5d882d5c79c9cc3c9d4e05e,f3f223d2742d16a5a35f47574e0b3e7bdd34092cee9dbbeea23f39c1a54eba12,4000000,0.499848125,0.49992405096524034,0.99969625,"[[3998785,0,0,1215],[0,0,0,0],[0,0,0,0],[0,0,0,0]]"
230,0d2789d2151220ac4fef256a7c0f9d2ca62603faa9949b4211d519bc73ceee7a,8aa3ae1965115af772100a24768e80d0ecef0cd75bc1eff890248354d5a6eb79,06c5d6f2b3f6a808670a893d9192a4208e048c20ce1c0e0e8342cb56ea966714,4000000,0.0717968610922311,0.12457533188233633,0.19305025,"[[611066,821,712,0],[7,15,14,0],[1172306,423792,136619,1386],[1305905,227640,95216,24501]]"
231,20207ba5450e3abbf5f95e43406bcad1d763fea72067b2c5c08e0ef43b694317,de6d014ad8207a63642675f0285b2e81838bfb289b520a41bdc22f550663133a,8b26699635098124d6d8e5e2b43835630bef146f75f29960fc01f1bf42fe08ed,4000000,0.5309230970983243,0.654695455125041,0.674672,"[[1064466,2,234586,14525],[0,866019,63833,27832],[20105,2683,355152,19856],[190020,30851,697019,413051]]"
232,0b27d09a280eaf54519f3ac6a2dc6a0eb88f6631d4dfcd404d41ca034ee1bc58,e2de56d86c786965199add269420c2d0b916ac226ed261b8477fdc270f824892,e11a519282f625262869d534767a83a8190246c44744c0454877a73eb2b4fa94,4000000,0.3333074166666667,0.3333203744962252,0.99992225,"[[3999689,133,0,67],[111,0,0,0],[0,0,0,0],[0,0,0,0]]"
233,31a8ed1c63c7b368bad339c390dfbcd8e023484b82b52cda3c57361428d40b68,f21b13416de35befc9af88789b989be55fe9d9977ebd07c9674bebb27b58b9fb,37c7a7b9eaa788e9b3ac52c03afef0fde78ec3f5dde303ad0e64690276659dc9,4000000,0.4061248383448292,0.5110314264984128,0.4688655,"[[1544107,8316,1959699,14948],[5052,245502,7505,4670],[3889,17693,24427,265],[46812,929,54760,61426]]"
234,27274bb6bdf0d11bf7c8991bf545a660b514d2ec6d0e674d4c863775c22ee9df,fbb8564d5baebfe72346046f985ee74bf6cbef278435d4879ede9ed1ad644dc5,58a0e834dbb86014106c4d24b307e11b04c8c9bb2a23d430dcf2f68088d47fbb,4000000,0.2481710625,0.2490821739570632,0.99268425,"[[3970737,9,25031,4223],[0,0,0,0],[0,0,0,0],[0,0,0,0]]"
235,7002a165ade3101bc535a3b9ffaad94ab28c9797f8b28069f0034e026a661cbc,8dbe5f139fd946d4cd84e8cc612cd9f68cbc87e394457884acc0c5dad56dd8dd,dc0100c14fd5964cba497dfe41a2ca1b030262bb0d32997635d3c88952170d4d,4000000,1.0,1.0,1.0,"[[4000000,0,0,0],[0,0,0,0],[0,0,0,0],[0,0,0,0]]"
236,b97a73fc96a778b14691e28ecef9ba78fc2d3fda1e9e6795c4b0b68880c192a2,9bb0328420dcfd07d58936161142fb1916ca8fcd08fba6f42d87dbaaca0b2b8a,92c9d11de22e2fe1217ef428e2b1ca0dffda503aefd508a56799d9c645b8263a,4000000,0.6892776452667346,0.7382106411266108,0.971018,"[[3328181,17920,2731,44252],[9716,279999,201,4310],[31090,482,2307,762],[3073,1391,0,273585]]"
237,674f82fc61660146f171ca8175cd01d302aed8406686353df0fcc4e17e241666,8ced149db19ffac3d08a230d69fdaf226ca3b9f8592c3ca9174fbb94d4ba57be,3b8a394decc9e8bd7840df60139cefff33a05b886936248f2b247404a2bae824,4000000,0.5940041560687073,0.7319895870393248,0.7507815,"[[1280185,0,393310,42674],[0,570068,122051,3454],[12499,13690,888994,8499],[177926,1286,221485,263879]]"
238,0cefb1d63f49904dd74ad4efc5d4f06d07df3435b16c9e698bab7973df23d9c1,cc565d77d0821a9526687056bcd0a24461b942984039e66c9e55600eb5f8003a,3b0322d0fae9615df4856d4108ec6b78e9816e2332f1be3e60f2fa12d32bfc03,4000000,0.3854982425311731,0.4437244065961834,0.8962745,"[[2874094,156,50788,2737],[0,23,15,0],[357926,573,710959,2216],[491,0,0,22]]"
239,d495a8a3166e846c180b475cafd468200ca5428d00350d3537763df98e6721db,b83f275fb0a261c6e493f161fa9fe4d85215d02ff756531255b7b40fe6709d45,c7f3b553962c9b3b256440a2b8197df1162618bc4062f2e537bdf1141766fb39,4000000,0.2677351599702559,0.34840680192439094,0.66546825,"[[2259319,0,384870,5856],[52628,4411,157292,2828],[118466,319,365927,6391],[199125,882,409470,32216]]"
240,dad0dddbef122334ea75edd44f4567354a1c91c9888a57f11471883975824407,7c6630b6adc64ed054ebb31411cbdc0100bb817207746629230aa95cebdc8d25,c8c408b4412df42f8e23b88a6a434a0e8f478915d9602013b69143c7197ec064,4000000,0.4689468517067892,0.5833807826509845,0.92281625,"[[9218,3481,38769,16068],[37,3423822,67456,36680],[0,12938,96592,13868],[5844,53878,59716,161633]]"
241,666f9199ea585887c0caec37c458fa5e6e09ea11ae9285e13b8944f77f8cf551,f9b3301bbd9b6e9201ad0c7d1b38cd5835a4520bccdb78e28dd1452446c8315f,e21b90fd0806c4447a26ad3d077a492748ae6556f07be298d69749b048d2fd40,4000000,0.3803246894438364,0.42500478011397796,0.97203875,"[[0,0,0,0],[26,3865399,0,3128],[0,0,0,0],[0,108691,0,22756]]"
242,f3de0976252a1b2ddfc5d7d78dfce052051dd1b749e5ebd2424f5216b23dcd4b,f50a96c38c9490dc115ef8eaa96b4166042322cfb9b2df16c3d1e176279afc2a,541b783cd67ebcf844a4ae346b95d7b33f2041c13e47bd44e443356cae371589,4000000,0.338984056488097,0.44385737790152174,0.76245075,"[[398410,5040,463730,6514],[0,12894,36043,0],[91551,7441,2637955,813],[28010,21,311034,544]]"
243,1f662d8a00887e51cd1a9ee2965b7084e1fa4f9c02f4a0a7d39435ae1eb06aef,b43f81ace5adf906b9faa5606861ea079337b046b35cb5cb8da1d28eb4ccb4cd,6aaacd89288b3737e13ea1fd446357ea6d79c39ae92492705b6abdbcd10547df,4000000,0.48495659843502303,0.6318178300640807,0.789944,"[[2617051,6504,261412,57960],[332,128531,48947,256],[70853,72256,218651,29904],[277521,491,13788,195543]]"
244,c91a5ad678e10f33072d4dfd2dbc48cf1777ef2212dd0ac203f8fe9e811d2d47,adaa3b0d98ce6b2ccf79431f9747cd45276e17d143f75c1d6c795b53b1cc3386,2fef88e3de8579523ccaf0894171bda8f3e2a2928455de4c04cbd5d93e68cf5e,4000000,0.5919358498795293,0.7264627249031752,0.83572725,"[[2333531,22089,35948,100955],[35,225685,2784,1938],[108352,230941,304224,19512],[59847,61516,13174,479469]]"
245,00e1b53388beca95ca4c67d5d66ef16b5d344bba75fee1d02f0b96b142e804d5,44c6f7ac7fe5e76b0ed5472a829d50e680510bfe7b3aa80bb111cd5f242fde4a,9896ba1447a344464a7c46cdbdf4bc1482b0338794746fad5b9a9c46864791de,4000000,0.2499665625,0.24998328013185883,0.99986625,"[[3999465,397,114,24],[0,0,0,0],[0,0,0,0],[0,0,0,0]]"
246,d19d97a3c995468715ebbfa44e59f08be9ec961c8562a5f4fdc6fe1451a5d1b6,236c513df331b12e561e5ab261c44805db42e1e87e868ef087d356cff6dc86b7,7792afd8c1f6f27fc6635529852f587e0f52db0294a07979e967019ce5409933,4000000,0.5286170008855489,0.6863823153084605,0.64946675,"[[1455318,15745,406892,50739],[7762,205366,7451,18104],[811850,55464,821996,22223],[731,3248,1924,115187]]"
247,00bc30bd0790af491f985248142394151836a79c7c1f6f7d01369f774898da7e,3fcd6930d7d02e4a21c436306197a886ea3904ed0f78e7118f2733adebae0cff,28fbdb1741d718895b600f892e9846455c87c0e0341a77ca5309fdbe63462e23,4000000,0.6493811898110473,0.6945016365442463,0.943914,"[[1659063,13180,31553,23473],[36484,1880338,59762,26532],[66,127,86,143],[15767,16891,366,236169]]"
248,9e675031de71982b92acd721910ca8488be2b8a83b5fa0c82e46f9b8d6323ff2,5abcc3c72236bf8cdc0b1728a1f29ff8cf6206f85b24f79c2af8660fb9dacf56,2f04b38b3de3bc929bca6bbd042a8f9a2b6a81107e0c564578931276f62f9be2,4000000,0.7089615937829276,0.7837843694476309,0.9580635,"[[777834,0,0,100166],[9524,2995127,0,40776],[0,0,0,0],[77,17203,0,59293]]"
249,975c300ce8ee9a2c0cddfb1696660a2f2bf8cc8b7cdcb109abb8006b07125eab,c4f3a96687291f96b511a0be788a4cfc29be02b030de8cc7079cd49f955df9ca,bce8d82c9b0e570a2295932e87b999a1b5ed2777ce2266baa6ef155fbc6ff8c7,4000000,0.7917896892014133,0.8629489363249421,0.9779315,"[[2965176,32518,5089,27689],[3311,665871,5,13274],[0,214,3653,0],[4617,1557,0,277026]]"
250,a94bfa69cd12ab25462581c7c34923e39858898659ca735d9c00477d1f24f039,16c4048c81bb27e66ff32f95a6e9483a124bd0360225f5964b79b3e8eca11ee3,88245a36057a5a94649e9fb091cdae36b71d1ed94c84960660aabf1651d27e63,4000000,0.34257600589252507,0.4033654971750829,0.9642355,"[[3816805,1307,0,48160],[293,1405,0,184],[46666,16737,0,1134],[28534,43,0,38732]]"
251,a81e6bc9e8f76713e7af8c73d0fc8a0442f0923e5c1c2b383bbdc0ae27ad7406,57e4e98c030e34ef8f6541f3d3fb9deaa1c44c12a8af40b36f51ea91367b9ce4,71ee64067e1228c99d138b955169a8adfd0138d3d8ca360e79d25afe3ad9dd93,4000000,0.49999825,0.49999912499846877,0.9999965,"[[3999986,0,0,14],[0,0,0,0],[0,0,0,0],[0,0,0,0]]"
252,0d1ae5eaa7cc23fcf6ec7c79d73b17c44f397381dfbc665c0c86bf1093f0eae8,e3de973d5b4b18936f5fbdef4abed78a2932fa647267067a7db44f090c207ca2,cefb6283fa4b0a2dffed5b4eef54300242440c94e84d1fabde3a7bee24a40fcc,4000000,0.6003959694037558,0.6560840899954161,0.9375115,"[[1157659,4911,3520,5070],[10252,2375940,19105,175761],[0,116,188,747],[3516,10610,16346,216259]]"
253,0b14bfb9a280438b8fc1c22e037324d4360d9aa89e3c65f8434f669d7cb7e015,93221c89619ecee962d71cac7e64650bea7c663c852570c7f56e842d652d7fb9,b7a14d8bd3b2c74b5fbed588432fc0ae1d224ff2d9a9d37f9f0f2789698c5e97,4000000,0.33328508333333334,0.33330920658716007,0.99985525,"[[3999421,194,385,0],[0,0,0,0],[0,0,0,0],[0,0,0,0]]"
254,5d33f39ffe94c1a1ea07112b06c3e560140367b7510a9fcffab23a790f7b5dc4,5ee101aad193979e8c051655a200f93552f68114d4e2ad184b6e81fa2dfb5669,48d13ca4cbab05bb9d3ba4c4a7759487dffd870b6556767acfc4030937a1c5e2,4000000,0.3326308333333333,0.33298171281321026,0.9978925,"[[3991570,0,4095,4335],[0,0,0,0],[0,0,0,0],[0,0,0,0]]"
255,c15fc4087a7290745d4a169c6e04fd101ce8cb761995d0cd0aa50a8f6b8032f2,487629d97df311dba6ad63bcfde7dcb248e58f0807d947910e0ae3054919aba6,6b062a4ec121895d73fb98a0a928ef89e248f2ca62ec8347afef51e2d2f0b4e0,4000000,0.4720476342751577,0.5952349613352748,0.72556175,"[[1241186,12,83581,3474],[0,216621,210966,7],[244378,3858,1403937,1011],[141669,1848,406949,40503]]"
256,b2c078889010f0c325b02241d4cd2f3a6dbab8378df7ca6527e29dc1dc1d92de,f5d80bf3de08e69ed455a85154f05dc31a0e75305dd8c18a3c6177a8da0b4d5b,73f03fb58c199d880e201393946931192d3c22bc11a5cdb07ccd978e6750b4bd,4000000,0.12437604473346506,0.18538597834406295,0.30279325,"[[726,16,13,135],[1216841,1123046,76271,228847],[36284,60,11513,570],[920677,36945,272168,75888]]"
257,775e88535be3da2ad5162110db134ccdefa988cacca9938ba0e96fed5e72a62e,12cce647bdd26b841cddd9037b505eab2e9d446cadad82c82326f89405957473,ae6f77593787d63bbf8481531c9a51f579898262e4ad0661a3d24ac0478b44bf,4000000,0.6715780685340534,0.7081494419498491,0.962376,"[[2967117,17878,29718,65243],[4281,334623,513,19796],[1,4,0,0],[9367,3552,143,547764]]"
258,a597df5de4520b737b2194959bf985399318ff8d9b876c697b40e356e69fdef8,fad07f0ef0fb57dacd042af9d5aee5d99ffd05638c33d33f4321e4b2b13f5b21,906f47b480f6fa3443c9e0405c44226ef74df5e9b05c9814cfaf346910afeee2,4000000,0.5788079910005803,0.6429732532944072,0.9070505,"[[2388908,26235,170,299128],[4837,888266,0,28220],[0,0,0,0],[7126,6081,1,351028]]"
259,9ba6575118dfb4a035101230f04b831deb5eb8667cdac6a6ec2b38c64b713e33,81118e20cf99ba3cf0dce2a45f9bd180095689c17c88226d61cd1ded4cedcff9,fe30a991b62d1d8b97ce4b3d1e95c96fa44dd95e7750be0204bdf79de56c3824,4000000,0.584409513132059,0.7140525740767485,0.81848475,"[[621613,14519,294269,81813],[366,2055116,62081,29100],[5576,32269,209393,12280],[120295,21558,51935,387817]]"
260,8be277293474e672c15aeb932106996d0f43b00a7817c9392e92777aae656490,018b13e13539da16dfa2ac58f80de143e8d29432efc296db158139449a503dce,56a03c00ee9c1dc5a9056af6f1be49606aec3741fa9fa1554a695d7a4f7520f1,4000000,0.5474634154093116,0.6060977623035796,0.97137925,"[[3816367,2028,47758,60209],[1998,37923,82,779],[75,0,0,10],[1539,5,0,31227]]"
261,69657e2b57ffec600f2fec3ec9b9399858b81c42af40ed74c8a272d1d0a6da06,82692c535a5759e4be6467a635d2c5d8ba96c4485a69e60b68d2489f4f4d2d53,df80798a7ef5317afffe4046acad67af3038a72891dec07d938028d9ff407671,4000000,0.0779220625,0.11881186326095397,0.31168825,"[[1246753,2573839,177020,2388],[0,0,0,0],[0,0,0,0],[0,0,0,0]]"
262,75e3b64c76562658a7a6b27ea9cac7a47975056bc1ae5c08fcedd945bc594004,f41a5dc6f67d3dfdfeb3b53077e555914223a6dfb09be54661b9761c869f03c2,6ac16797ab33412f376689e672eed6b551b7905f29dbb28cd4f1270eaf2be7e3,4000000,0.6530493399683206,0.697276942686736,0.94699325,"[[2393928,61618,19,97729],[4037,858518,0,30389],[0,0,0,0],[14716,3519,0,535527]]"
263,dc0d61143bb6eeafb1f8d819d29c99adc96734923862142355a2772c8134df71,193aa611a7eea44922615f081d718da91d039a32ae02beedd4cbd337cfa686ee,5c666384f241d16815801943ceacf0a343458924491c515d540b32ffe80c7b3c,4000000,0.632703394844192,0.6936233928017624,0.9387735,"[[3474468,4685,168421,32169],[3004,80943,7314,3046],[4710,5063,4799,510],[15005,112,867,194884]]"
264,6f79070c9a65bd9578cc80eeab68f8cace797a3a18877688d1c619bf5d82656e,4975f97466511600057fac83e8b88af56eb9ccafe90d6af5fac1ef39d8fb30cb,29e054f0bd1a9511804b1d1b98c269ebfaf18e89c1d7d3bdb7e8001543ce0570,4000000,0.37662100241447527,0.4449235794089673,0.8240335,"[[2165289,45,102018,107914],[0,1654,41556,1342],[327110,3149,1125386,119950],[8,0,774,3805]]"
265,9caa3bfee27c66e8b53504962a1ec0aee0a625a3093251c9e21a71339128a1e4,5e0f1c0ef772ff98b7923c62a8d5e1f2ac996e74213434830be5f0fb8fbb5bc4,ff6afc686918b8e05d7c422904f66f75beadced4280fb2de169b4f22820513c9,4000000,0.2415848125,0.24572037861727064,0.96633925,"[[3865357,512,194,133937],[0,0,0,0],[0,0,0,0],[0,0,0,0]]"
266,067e6ccbec5db0bebc97557aa6abcc861d567171065b26445e716bb551d91b49,24d5546dd1d1a658624ca23eb4054d634cf047a5f5870c06592effc531313ef0,9e5ff30a1d3336bf3fe6f5a06abda2ef8c47a0db2b1ed38cc31e0fea101692de,4000000,0.2481934375,0.24909344324713228,0.99277375,"[[3971095,553,15569,12783],[0,0,0,0],[0,0,0,0],[0,0,0,0]]"
267,e6058e5c8ce31e46b1b899d2e64f9899c775bfb47f14016f95647f3336062b1e,7313f2e0dd0da7c56c16d5967ceef9c8e1a7811a7007c71ce297b0ce8361a31a,982c843cd7e0f337bc01bc4c5069884e8cd65af7abb3f779b7616334973b83ff,4000000,0.5418996621169239,0.6740960886963139,0.9199775,"[[3390487,242,18283,41748],[25,1328,739,1924],[197786,418,161990,8255],[50340,36,294,126105]]"
268,22d4de92a0cfd657c7a0438862e014faf5eedbc3843556236ad38a756dc3cd57,2478099bff3f1c50de122c5961e2c02456d0505049e7f30f872161b62a890df3,adb1a206c077afad8fb68722de04ce7beca603a75c9b8e0a1af37cbc470f5c98,4000000,0.288765582180443,0.4289835692015851,0.538974,"[[1618780,44961,1433384,2295],[419,39424,1644,0],[301381,11239,492088,318],[37896,10068,499,5604]]"
269,f4d457efe86a8f2c61eeefaacf774ce696cb7667d572cd7b0a2e953949fa7539,b237a5b6d495a4b9d08de79dea3e383560e5ae265ba3d3a4c60e96cc807ec798,0209ad06ed96bd85e3feaf310dfc15437f75fe3d4dcbc38ba37305bd5a15bb31,4000000,0.6390585888480929,0.7085734952232636,0.94779825,"[[956378,18678,85070,23870],[3372,2699775,29987,28012],[397,901,9385,611],[5319,10871,1719,125655]]"
270,5b7433b2f7e1128f380047bbaac7e6a254f4f6e534bcb99e4d01f511a8aa4ec9,dc1e2b97cd41c7b7b858dd182b38cb1cd46b0d0431fed6b30cbd33651a996057,66c12b9c430fe3b8daeba8e81d0ea883c83610f64904df0bb634cd656c6102a2,4000000,0.5944920847636141,0.6599886639076377,0.94708,"[[3256879,75363,12263,106028],[4578,291114,0,6550],[0,0,0,2],[5950,946,0,240327]]"
271,e7bd2fd34e3630c0e578b35fecb634ab5996661d804e203318b5105e6fb47f53,6d7240f857e6ed96ca8f2f614731c08d469f980ebd7ad27a0de5c3f7ec282515,06bd210617c89212a7222c38bbc065449b2b929ba11c942a7b2ab517755828f6,4000000,0.4999205,0.49996024683962376,0.999841,"[[3999364,0,0,636],[0,0,0,0],[0,0,0,0],[0,0,0,0]]"
272,b40b0ca8ad520dea340b22e4a2a957e6c00a72f568cbf948500e5dce444a2f5e,9a65ad4732af6f7c1694945e30af27ea1809f4f2377cd65ff04032121cf7b6f9,9d160d9e0f4b649598be4da9608b0eb6d8082e470abd50d92ffe72552785bf0e,4000000,0.41009316192554696,0.5168192590983018,0.950307,"[[3722542,734,8909,3517],[847,1213,1602,0],[11510,2086,22526,0],[143117,3853,22597,54947]]"
273,e194b55efd4cb93aa992647d02b516bc305b065c964ad36326d13dd1fa9ffe58,5a455d74f36627d92227115fab06e68b2ad46bc9668617804263e6e2ccd98977,e76cd004abce4092411f1434f31cc55adca0d148ddeabefef5f8acd54370aedc,4000000,0.248418375,0.24920667802426025,0.9936735,"[[3974694,189,0,244],[8,0,0,0],[24796,0,0,0],[69,0,0,0]]"
274,0107451045b76fe377d63ba7db8bf7a49e7382f5a7d25f5ec8c81434e821bd40,34f4af26e28b25e0940022810b82789f73586dfa29d558c648c25b373ffacfde,29cab409404c2d2eb765513e5f75bc9eb997b4aef59b4463d1ae8600aa1101bf,4000000,0.4363948182602541,0.5160219417390415,0.886075,"[[3211216,0,188472,2725],[0,0,0,0],[263923,0,333052,533],[47,0,0,32]]"
275,c8351829d8a9c239a452c7012c70d9acdaf91d2873c5335d9ff7229453030825,e84225a546cd3b8ffdc8864a07c81ae8fe8019d5cfc45910b0efc0a1eabf7960,92eeace6872133856e743e1a0149aa3056e6029c94854b680d75ca4919d1bb94,4000000,0.5088416998724606,0.6030678641775733,0.83220325,"[[2071156,1107,2369,16868],[5897,318538,18918,161955],[0,38,8,0],[414150,9859,40026,939111]]"
276,f6fda85b5671c91886e98a639f8429802022534afc6f3c05cfd7506e93c3bd9a,333344e07aeaef4570ce3c5c24637dede78bc0da9eee8668cd6fe007cb1473e5,4fe131f4ff921fd231a81918d449ec3a961079523b626db4670b1cf619ccbfc8,4000000,0.5792939623734153,0.7173104933047137,0.826255,"[[1508047,5891,88001,158975],[9291,149735,39387,136376],[25515,227,124484,3865],[170989,1112,55351,1522754]]"
277,b0909e2c3a26ceaf2c43a029c95650d4471ee5bf0454adb62ec0b415b1d74cb9,01b14b35a919d5fb2f3bb1dc769015f9f0366895b55bdc826a5db220b9b0d8a1,e768aeb5aeb4f51202c54efff88f5f24c285ce6c563b1fe954e6431d6d226d57,4000000,0.4150716624704358,0.4607567002077931,0.7258995,"[[928616,3236,0,16453],[1049,1968377,913152,156790],[0,0,0,0],[0,1884,3838,6605]]"
278,c5c8569f09fc76d566ed8920d47b058d53483a34c47ee9ccfcf16f5a2c57add3,7f4833f729524b3fdbf8ae347c52fc39279bf5369a858048c896f04860511cc9,9702550fd46a0a1a3cbb97d46b3b351ca32330528b5076e9a23972761a51408f,4000000,0.2438010625,0.24686162203225312,0.97520425,"[[3900817,8853,13819,76511],[0,0,0,0],[0,0,0,0],[0,0,0,0]]"
279,2cdbce7e9778c336e969cb8206c4ce7ffc1f4d4bfc628e146ea6264b970468e4,fbb9ddfd9b4eca390ab5fc324106aa250c66791d3a6deba29980de10c626b042,999cd58ab92041c3687424eece85fe776963622a7163540afcff50a98b82b622,4000000,0.6629473576703171,0.7073494457660949,0.940542,"[[1159530,23368,2560,46662],[24932,1755743,1139,107612],[65,71,44,0],[19852,11536,35,846851]]"
280,b0e2e73a658cfce17e15233ca75bc4c4cebabeb58148e691aaf13bd24506cdd5,8d95ef69dbdd42f1c85501c2d981a7859515c22ffe0a0fe9b426f04e9716751b,d3359e83205ea69f26a2e17e1c4917ee2dede7ccfe937dbe0aab42c9395af3e3,4000000,0.6236243096513198,0.6864916682973066,0.9524355,"[[343333,10672,4540,49045],[8665,3064597,1718,85833],[1980,1212,249,484],[13535,12350,224,401563]]"
281,dcd6c07790509294efe8de5a4eabca2d1fdf00326668d5cea656c8d75903c2b9,c8c4ebcb820904aadfff3ef5e2d5c514c0498c50929fe791a92d8e3807614122,bbfc7d75d59fe4708dba6903aa9f9385f49e9fb182004bc5b62fc4889ec44140,4000000,0.5015419416557361,0.6086541357624782,0.90080925,"[[3178582,2159,3908,1594],[26,13892,166453,0],[19555,351,221861,206],[179918,1146,21447,188902]]"
282,8a653f0a8caa1f56e9a0ab7dc2a7775499ee2670d523c135bc68f713ee8b2602,44bf942945f1b068f77c2561fa79c7ea405ce0a8716c90abf39445c511328bba,05e13ded3409737c954fdc8116f35b6abec366b203d5d5ccc3519b481ea52405,4000000,0.6566705697754016,0.6997766491641617,0.9394975,"[[1629528,28629,20876,63685],[9528,1451178,3256,62403],[2,257,27,2],[47582,5696,94,677257]]"
283,f56a558b389cdb8f59bf14e084bffd5cfcecca48c07221142b0a873745be4885,ff832bfe90cc64e5fd85e4bf98cd29c325f0057ac201bfaa8fb1adc450c0f3e3,14fed430b3a6c5cc21f5a54aad394c824a8f18b5b88f284e36b0e492af146157,4000000,0.6466353992167928,0.6928909778572772,0.9808975,"[[3898141,2568,70150,1515],[945,13555,0,16],[0,0,0,0],[1215,1,0,11894]]"
284,c8018898525af15da4bb134a7cc6624e8564a4132253c45b8e0552ab6559a892,ae5ca25bbe7b24085119aa1d709d65af2cdfa56ddf848a2b4e1a269cc522e4a9,b60d4ba3f26d9ce5c756faeb52a8a0c7c027d6d9d2198ed58bcb1b44bb868c45,4000000,0.4351473085929052,0.46353112529456364,0.996446,"[[3981947,2526,10316,1107],[43,5,0,0],[0,0,0,0],[224,0,0,3832]]"
285,d88d31d732bff31673b1cb54d4ed25906c92627e6435ea4a5236b6afa37b6631,c897e92d5cafe449628f615d2bf2c6ae379801461f315178b22155f2f5f4a70f,e736731aa273815106cc0f381dd54323eecf6cd8d3aa1cd9d8cdb615b5ffadbd,4000000,0.33325583333333336,0.33329457882812213,0.9997675,"[[3999070,882,48,0],[0,0,0,0],[0,0,0,0],[0,0,0,0]]"
286,dbd6bcc79726f79c252648941f2ffb2c7dae921d1a6af569b101385f8f97494d,c8b27bfb51f98e99f5b06c48bbbada0e84b0aff056eb3c3f7eb98e5b72ae6cf2,c3e974bb7f529ebf51c5ee7466695334d43db21ee99e549ada4022b36ae240fe,4000000,0.2466415,0.24830939420084708,0.986566,"[[3946264,40975,8812,3949],[0,0,0,0],[0,0,0,0],[0,0,0,0]]"
287,a14bfe87ee34451d6face0765e7cc414f1f96ab8c8c6ca819c9838d0c48d28a9,2202d5bdae97d22e1cb65c3e4f2c8d07509b7bb02d2c948192bca604d8385e6b,cbcfbc5eb2a39ef4c88e3b6522564b508266d8fd0ad100e36f7d701a97a0a95e,4000000,0.11443772362657004,0.17305177569873806,0.39422075,"[[0,133,0,0],[8262,1481425,697923,17952],[31640,743097,73994,32288],[9372,855650,26800,21464]]"
288,393d7b49a67ad52b276144deaf4925676527f0c9c2859eee33522074f28aee9b,370b92c6fdbed33467a8eb360127c68201ca002092fc3920f7d01c4862ff9438,cd45b1ad2551ffa8ce20c3b92f7c7e0cde0d825523668528543231226fcddbda,4000000,0.49712341242884783,0.5373817540731138,0.9380305,"[[3737293,0,403,0],[0,0,0,0],[247475,0,14829,0],[0,0,0,0]]"
289,c42cd72e08a4972d9fc461531f6b4156307e0347ddc946d1b51cc9b7a466384c,3c8ac69c0f651dd0e2fdacf7d12c96c8d21f3d22d303a7da414f6b7ae0d3a9cf,b48f84c2e781b4bfb2092d6937c18ff5fadbdf50a9caf993733239fef0ee04b7,4000000,0.2854840605839511,0.3078333407340497,0.85588325,"[[3423198,0,0,0],[0,0,0,0],[576466,1,335,0],[0,0,0,0]]"
290,885274295623a725e2d705dac6ba03ce2ba3e4f5b7287c3f1f757e9ef208dff4,b3f2dd9e3e4cacc0e4e4ef1e84b41f17744e57911b2ecd987e0bde8cb50113e9,e5d24ab9948cd5a012fffcf01032645087ed1f09911c44ba3bba4eb3893d3147,4000000,0.3124554058205863,0.36134685340515227,0.9407845,"[[3712138,0,0,12089],[0,0,0,0],[120721,1137,534,359],[102033,97,426,50466]]"
291,9985891e21872175de4e4c30a873fbe98265ea2e1fd9e9fc620d70e6b9a77d59,8dbe5f139fd946d4cd84e8cc612cd9f68cbc87e394457884acc0c5dad56dd8dd,dc0100c14fd5964cba497dfe41a2ca1b030262bb0d32997635d3c88952170d4d,4000000,0.499995375,0.4999976874893046,0.99999075,"[[3999963,0,0,0],[0,0,0,0],[0,0,0,0],[37,0,0,0]]"
292,3121156d4cc745ceaefb8f068eb112a650281fc36ede95a038f8412caf16730e,8dbe5f139fd946d4cd84e8cc612cd9f68cbc87e394457884acc0c5dad56dd8dd,dc0100c14fd5964cba497dfe41a2ca1b030262bb0d32997635d3c88952170d4d,4000000,1.0,1.0,1.0,"[[4000000,0,0,0],[0,0,0,0],[0,0,0,0],[0,0,0,0]]"
293,a379578bb8b31371b72a6c2355be0bd155e7e9f0a68a42e62313d83c20338dd1,85cd6721ae7ba9391de198040d3f28fb1c140f9b1834a382fff76d34b9d2ce4c,771113b4747baa279788650a893fbb14ef242297e725a39579200c705a670340,4000000,0.4626313354906412,0.5698479199166165,0.78820875,"[[509175,5317,9081,3098],[12734,2431930,118815,25779],[38443,13393,64022,1184],[187913,210276,221132,147708]]"
294,ea8cef30ed0eb79982d73bfa7abdf6e0d73dd0bb175a4aaa4a7f07105b67a494,a9434fd810f061839bc524d8dc4328cf0f5299b2508ac5928bf8cf8787c8a2a9,1c2e72172d5548eb1617d773998a2c63a55ef0b0e6864d434642304339a174dd,4000000,0.246915125,0.24844798696759332,0.9876605,"[[3950642,2939,33,46386],[0,0,0,0],[0,0,0,0],[0,0,0,0]]"
295,f79453ec58d85e734321e9ed468beb122555241153fc106cf55633736b72af1a,9fc943cf9ff77efe57a6e597cc30185a67473a3babbd8fdbae61087a64bc2cb6,3f8d31f1ccca994cd87d3161dacd45382a2c1353f8d801870653df5e6903d88e,4000000,0.42466288509071476,0.49205804880906207,0.93158625,"[[144000,721,0,0],[272722,3582345,0,0],[0,212,0,0],[0,0,0,0]]"
296,75133b8c58aec580da7a08b58f46ca75bb3b20197ac32557430a082f09a82f6e,475d340f55b1cb49ebb68002340283d60d990d08c733e29f19f55b6bf4471486,254412a1979b0f5d76d9b0ebfc89dde9abc1597a72d2280e8937422d666bf21f,4000000,0.2800789741288386,0.30716979430489366,0.834382,"[[2065,297,0,21],[619129,3335350,0,86],[0,0,0,0],[0,42939,0,113]]"
297,5914a98f17f8ee0fcd7975eb38e404310103ac1a66d1f00dc49bbb8cefec5bd7,f39d1bcaa494b655dca7eb02fdbf8b4717165bfa30beebef995dde2e2f38e940,5fae104f1840bb02883dd88a55c1ff311df2f43d71560a621956fc93c91dc976,4000000,0.43196750636861636,0.462382346481909,0.97682825,"[[3897790,620,8360,79160],[1638,9312,612,256],[0,0,0,0],[1597,8,436,211]]"
298,1fb39149d452d06a54ad6ca0c89c351100df2196598ea3ae355f3614d948a91c,f8cc83d7b40d8cb2b4b1dabbe602d7efe294170b078b859f46397d9f862f35ac,96519a4369aa9ebd3b3765c955aee3c29a6f8f6b06313ff019440baa7436dcb8,4000000,0.7618819292382097,0.8540220271806933,0.99434325,"[[3901308,560,3114,7220],[260,12584,2122,306],[770,878,8565,482],[6186,99,630,54916]]"
299,75dc779d1992e8304e7e90ad6ff3c89554638da289d19aa974b116728f19d3a8,4069c1fc88344dbd763b1954a3999c6eab0b40616cfa937d55cf6723ee2bdcb9,2522dcb90b15c222f473cb537ac5d76c81152f0043f46a729c904a37601f962a,4000000,0.347542264305156,0.4127834592647932,0.99664675,"[[3983049,40,3372,7401],[0,0,0,0],[1840,0,929,0],[760,0,0,2609]]"
