scene_index,datapoint_id,roi_id,region,coverage_bin,thin_percentage,cloud_shadow_percentage,role,mIoU,MacroF1,PixelAccuracy,clear_IoU,thick_cloud_IoU,thin_cloud_IoU,cloud_shadow_IoU,agreement_vs_fp32
0,ROI_12109__20191113T175559_20191113T175721_T13SBD,ROI_12109,NA,"(50,100%]",3,12,Cloud-RCS-FP32-Compat,0.5383451864638333,0.6653523870014516,0.88201975,0.4204654798390189,0.9229578482968558,0.2325862616332369,0.5773711560862217,1.0
0,ROI_12109__20191113T175559_20191113T175721_T13SBD,ROI_12109,NA,"(50,100%]",3,12,Cloud-RCS-FP16-Opt-v2,0.5385347443347266,0.6655740343215207,0.8820965,0.42149225993950296,0.9229682623430556,0.23275852822241846,0.5769199268339295,0.99940875
0,ROI_12109__20191113T175559_20191113T175721_T13SBD,ROI_12109,NA,"(50,100%]",3,12,Cloud-RCS-MP-Task-v2,0.5387274121176986,0.6657556196020624,0.8819085,0.42344583643287503,0.9230904397547719,0.23232775786539228,0.576045614417755,0.996529
1,ROI_12129__20181015T095029_20181015T095902_T33TVE,ROI_12129,EU,"(50,100%]",16,20,Cloud-RCS-FP32-Compat,0.46152261357532387,0.5963499088690423,0.73273875,0.3661487872883981,0.8925706522723248,0.26141014962463266,0.3259608651159401,1.0
1,ROI_12129__20181015T095029_20181015T095902_T33TVE,ROI_12129,EU,"(50,100%]",16,20,Cloud-RCS-FP16-Opt-v2,0.46260493640639216,0.5976214005373431,0.7333725,0.3666850814145543,0.892904162992364,0.26477031583718486,0.3260601853814656,0.99863475
1,ROI_12129__20181015T095029_20181015T095902_T33TVE,ROI_12129,EU,"(50,100%]",16,20,Cloud-RCS-MP-Task-v2,0.46326959747710605,0.5983040641192399,0.73450525,0.37132014285008585,0.8905326212515629,0.2546444202895556,0.33658120551722004,0.9865585
2,ROI_12130__20180724T112109_20180724T112335_T30UUC,ROI_12130,EU,"(10,50%]",7,0,Cloud-RCS-FP32-Compat,0.3449074193448694,0.43299508345629,0.71422975,0.7426680001974167,0.5461733066791091,0.05769917756094037,0.03308919294201136,1.0
2,ROI_12130__20180724T112109_20180724T112335_T30UUC,ROI_12130,EU,"(10,50%]",7,0,Cloud-RCS-FP16-Opt-v2,0.34506530155148374,0.4331498185675171,0.71497425,0.7438499108356779,0.5453398760610648,0.05759958134090755,0.03347183796828459,0.997671
2,ROI_12130__20180724T112109_20180724T112335_T30UUC,ROI_12130,EU,"(10,50%]",7,0,Cloud-RCS-MP-Task-v2,0.34613648958630083,0.43390575570447687,0.7132355,0.7382835860825874,0.5565520645640826,0.05840295861152592,0.03130734908700742,0.987482
3,ROI_12169__20190716T051701_20190716T052227_T44QKK,ROI_12169,AS,"(10,50%]",0,6,Cloud-RCS-FP32-Compat,0.6538896960059649,0.6968960768083972,0.97059,0.9691223338718484,0.8884495454934254,0.0,0.7579869046585858,1.0
3,ROI_12169__20190716T051701_20190716T052227_T44QKK,ROI_12169,AS,"(10,50%]",0,6,Cloud-RCS-FP16-Opt-v2,0.6539359572338604,0.696920762242494,0.97062525,0.9691715339700454,0.8886179430936046,0.0,0.7579543518717918,0.9998525
3,ROI_12169__20190716T051701_20190716T052227_T44QKK,ROI_12169,AS,"(10,50%]",0,6,Cloud-RCS-MP-Task-v2,0.653728147381192,0.6967874392701886,0.97058525,0.969128641598247,0.8886265510132638,0.0,0.7571573969132572,0.999468
4,ROI_12221__20180131T082149_20180131T082656_T37TBE,ROI_12221,EU,"(50,100%]",0,25,Cloud-RCS-FP32-Compat,0.6049709550609823,0.668831726518486,0.9021285,0.8042632443685678,0.8803258151122402,0.0,0.7352947607631215,1.0
4,ROI_12221__20180131T082149_20180131T082656_T37TBE,ROI_12221,EU,"(50,100%]",0,25,Cloud-RCS-FP16-Opt-v2,0.6048231457103768,0.6687368435480981,0.902074,0.8036869575642359,0.8804823221160342,0.0,0.7351233031612371,0.99949975
4,ROI_12221__20180131T082149_20180131T082656_T37TBE,ROI_12221,EU,"(50,100%]",0,25,Cloud-RCS-MP-Task-v2,0.604431733601043,0.6684929484007152,0.901452,0.8052402073424891,0.8790241611943185,0.0,0.7334625658673645,0.996847
5,ROI_12223__20220620T102041_20220620T102035_T32TLQ,ROI_12223,EU,"(0,10%]",2,0,Cloud-RCS-FP32-Compat,0.3126143712946152,0.3543627892744038,0.977723,0.9775366043588184,0.0,0.2729208808196425,0.0,1.0
5,ROI_12223__20220620T102041_20220620T102035_T32TLQ,ROI_12223,EU,"(0,10%]",2,0,Cloud-RCS-FP16-Opt-v2,0.3127304986053525,0.35449715383340946,0.977772,0.9775860256513356,0.0,0.2733359687700746,0.0,0.9999245
5,ROI_12223__20220620T102041_20220620T102035_T32TLQ,ROI_12223,EU,"(0,10%]",2,0,Cloud-RCS-MP-Task-v2,0.3143122387376921,0.35625651371815703,0.978784,0.978610175591948,0.0,0.2786387793588205,0.0,0.99858225
6,ROI_12226__20190304T085841_20190304T091637_T32KRE,ROI_12226,AF,0%,0,0,Cloud-RCS-FP32-Compat,0.33307475000000003,0.3332039914982024,0.99922425,0.99922425,0.0,nan,0.0,1.0
6,ROI_12226__20190304T085841_20190304T091637_T32KRE,ROI_12226,AF,0%,0,0,Cloud-RCS-FP16-Opt-v2,0.3330734166666667,0.3332033243127331,0.99922025,0.99922025,0.0,nan,0.0,0.9999935
6,ROI_12226__20190304T085841_20190304T091637_T32KRE,ROI_12226,AF,0%,0,0,Cloud-RCS-MP-Task-v2,0.3330903333333333,0.3332117890304349,0.999271,0.999271,0.0,nan,0.0,0.99992425
7,ROI_12243__20200109T143719_20200109T144550_T20LKM,ROI_12243,SA,"(10,50%]",1,6,Cloud-RCS-FP32-Compat,0.5394949403797396,0.6383408585889658,0.77533525,0.6531454157160492,0.9099251008233118,0.06015141869170235,0.5347578262878949,1.0
7,ROI_12243__20200109T143719_20200109T144550_T20LKM,ROI_12243,SA,"(10,50%]",1,6,Cloud-RCS-FP16-Opt-v2,0.5395484076902083,0.6384079680254573,0.7753675,0.6532316557243769,0.9098576607418303,0.06023384937310349,0.5348704649215226,0.99911625
7,ROI_12243__20200109T143719_20200109T144550_T20LKM,ROI_12243,SA,"(10,50%]",1,6,Cloud-RCS-MP-Task-v2,0.5407862164036753,0.6396215358167896,0.77878125,0.6592832366217652,0.9100534821358203,0.06178584487022598,0.5320223019868897,0.9935825
8,ROI_12262__20190305T135111_20190305T135559_T21HUA,ROI_12262,SA,"(10,50%]",33,0,Cloud-RCS-FP32-Compat,0.5124263996773053,0.6299849661400502,0.81745475,0.7773635002596141,0.6454246633442902,0.5406331336592473,0.08628430144606926,1.0
8,ROI_12262__20190305T135111_20190305T135559_T21HUA,ROI_12262,SA,"(10,50%]",33,0,Cloud-RCS-FP16-Opt-v2,0.5128233537868853,0.6303256511151766,0.81755325,0.7774634198483564,0.6464340714778822,0.5409342202753645,0.08646170354593787,0.9991325
8,ROI_12262__20190305T135111_20190305T135559_T21HUA,ROI_12262,SA,"(10,50%]",33,0,Cloud-RCS-MP-Task-v2,0.5011836627896779,0.6206839750438656,0.80684775,0.7673527367207057,0.6416328252729286,0.5109487372377252,0.08480035192735214,0.987585
9,ROI_12282__20200726T095029_20200726T095032_T35WPR,ROI_12282,EU,"(50,100%]",4,18,Cloud-RCS-FP32-Compat,0.6040303422867047,0.7216920827663015,0.887765,0.5259268127867595,0.924229375002241,0.2539469040429787,0.7120182773148397,1.0
9,ROI_12282__20200726T095029_20200726T095032_T35WPR,ROI_12282,EU,"(50,100%]",4,18,Cloud-RCS-FP16-Opt-v2,0.6043809780936765,0.7220311997766599,0.8878915,0.5266975615496678,0.9242852040757783,0.25440794175626535,0.7121332049929946,0.9994595
9,ROI_12282__20200726T095029_20200726T095032_T35WPR,ROI_12282,EU,"(50,100%]",4,18,Cloud-RCS-MP-Task-v2,0.6032872169373028,0.7215156650586223,0.88722325,0.5221130470427325,0.9243605349701495,0.25740358194211976,0.7092717037942095,0.99701775
10,ROI_12285__20190327T045659_20190327T045657_T47VPL,ROI_12285,AS,"(0,10%]",0,1,Cloud-RCS-FP32-Compat,0.5650619676298474,0.6328767834963134,0.995484,0.9955646226538757,0.5016770483948251,0.0,0.7630061994706885,1.0
10,ROI_12285__20190327T045659_20190327T045657_T47VPL,ROI_12285,AS,"(0,10%]",0,1,Cloud-RCS-FP16-Opt-v2,0.566141700462067,0.6335738594665751,0.995524,0.9956062150252322,0.5017653981953707,0.0,0.7671951886276653,0.99993925
10,ROI_12285__20190327T045659_20190327T045657_T47VPL,ROI_12285,AS,"(0,10%]",0,1,Cloud-RCS-MP-Task-v2,0.46888130920699955,0.554907236418196,0.98890375,0.9889143599837057,0.4936876792057175,0.0,0.3929231976385749,0.99332575
11,ROI_12286__20190327T045659_20190327T045657_T47VPL,ROI_12286,AS,"(0,10%]",0,1,Cloud-RCS-FP32-Compat,0.47698811850713935,0.554598699379828,0.99399775,0.9939916814077077,0.29774818069476866,0.0,0.6162126119260811,1.0
11,ROI_12286__20190327T045659_20190327T045657_T47VPL,ROI_12286,AS,"(0,10%]",0,1,Cloud-RCS-FP16-Opt-v2,0.4768280393170196,0.5544087497604825,0.9940295,0.994024086947024,0.29713030344638197,0.0,0.6161577668746725,0.99995825
11,ROI_12286__20190327T045659_20190327T045657_T47VPL,ROI_12286,AS,"(0,10%]",0,1,Cloud-RCS-MP-Task-v2,0.47648766228635375,0.5539221957597114,0.9940255,0.9940206002298958,0.295002059590828,0.0,0.6169279893246914,0.999861
12,ROI_12293__20220214T150721_20220214T150717_T21UVV,ROI_12293,NA,0%,0,0,Cloud-RCS-FP32-Compat,1.0,1.0,1.0,1.0,nan,nan,nan,1.0
12,ROI_12293__20220214T150721_20220214T150717_T21UVV,ROI_12293,NA,0%,0,0,Cloud-RCS-FP16-Opt-v2,1.0,1.0,1.0,1.0,nan,nan,nan,1.0
12,ROI_12293__20220214T150721_20220214T150717_T21UVV,ROI_12293,NA,0%,0,0,Cloud-RCS-MP-Task-v2,1.0,1.0,1.0,1.0,nan,nan,nan,1.0
13,ROI_12312__20190505T070629_20190505T071617_T39SWU,ROI_12312,AS,0%,0,0,Cloud-RCS-FP32-Compat,0.249084375,0.24954134759277927,0.9963375,0.9963375,0.0,0.0,0.0,1.0
13,ROI_12312__20190505T070629_20190505T071617_T39SWU,ROI_12312,AS,0%,0,0,Cloud-RCS-FP16-Opt-v2,0.2490694375,0.24953385118879373,0.99627775,0.99627775,0.0,0.0,0.0,0.99991625
13,ROI_12312__20190505T070629_20190505T071617_T39SWU,ROI_12312,AS,0%,0,0,Cloud-RCS-MP-Task-v2,0.2492795625,0.24963926147087184,0.99711825,0.99711825,0.0,0.0,0.0,0.99903
14,ROI_12335__20181213T102419_20181213T102806_T32TNR,ROI_12335,EU,"(50,100%]",3,21,Cloud-RCS-FP32-Compat,0.6957965361379698,0.804527165813796,0.8824725,0.8637349034607424,0.8877722648535362,0.42029385152311605,0.6113851247144843,1.0
14,ROI_12335__20181213T102419_20181213T102806_T32TNR,ROI_12335,EU,"(50,100%]",3,21,Cloud-RCS-FP16-Opt-v2,0.6952728364326941,0.8041023626581801,0.88220025,0.8634567096358107,0.8876708917088393,0.41957000081814383,0.6103937435679826,0.99938625
14,ROI_12335__20181213T102419_20181213T102806_T32TNR,ROI_12335,EU,"(50,100%]",3,21,Cloud-RCS-MP-Task-v2,0.6976488593056767,0.8057337087011323,0.884031,0.8661569825750206,0.8878339821741921,0.41861061712183734,0.6179938553516565,0.99547625
15,ROI_12345__20201111T050041_20201111T051415_T44PMR,ROI_12345,AS,"(50,100%]",0,16,Cloud-RCS-FP32-Compat,0.65651007715798,0.7335677855394892,0.92407525,0.8974788588983351,0.8859725797911476,0.11517793774713576,0.7274109321953015,1.0
15,ROI_12345__20201111T050041_20201111T051415_T44PMR,ROI_12345,AS,"(50,100%]",0,16,Cloud-RCS-FP16-Opt-v2,0.6565644087220645,0.7336899225156187,0.924071,0.8974569933068519,0.8860593024462495,0.11555104800540907,0.7271902911297471,0.99957475
15,ROI_12345__20201111T050041_20201111T051415_T44PMR,ROI_12345,AS,"(50,100%]",0,16,Cloud-RCS-MP-Task-v2,0.657484645084168,0.7348308613118419,0.92421675,0.8985563321918986,0.8852970560663342,0.11784456367885711,0.7282406283995823,0.997567
16,ROI_12350__20190212T081049_20190212T081406_T37TGH,ROI_12350,EU,0%,0,0,Cloud-RCS-FP32-Compat,0.2481646875,0.24907896296844606,0.99265875,0.99265875,0.0,0.0,0.0,1.0
16,ROI_12350__20190212T081049_20190212T081406_T37TGH,ROI_12350,EU,0%,0,0,Cloud-RCS-FP16-Opt-v2,0.2481693125,0.24908129251739086,0.99267725,0.99267725,0.0,0.0,0.0,0.999949
16,ROI_12350__20190212T081049_20190212T081406_T37TGH,ROI_12350,EU,0%,0,0,Cloud-RCS-MP-Task-v2,0.2481,0.24904637622967277,0.9924,0.9924,0.0,0.0,0.0,0.9996165
17,ROI_12351__20200627T064631_20200627T064629_T46XDH,ROI_12351,AS,0%,0,0,Cloud-RCS-FP32-Compat,0.4634656495893693,0.5496432757424203,0.9903535,0.9903464542781376,0.4860270815326995,0.0012849223539777525,0.3762041401926624,1.0
17,ROI_12351__20200627T064631_20200627T064629_T46XDH,ROI_12351,AS,0%,0,0,Cloud-RCS-FP16-Opt-v2,0.4637471857649471,0.5499181411442172,0.99038325,0.9903762628179735,0.48654104979811574,0.001289561917394348,0.376781868526305,0.99992375
17,ROI_12351__20200627T064631_20200627T064629_T46XDH,ROI_12351,AS,0%,0,0,Cloud-RCS-MP-Task-v2,0.4642581951339449,0.5502092866403233,0.990951,0.9909455825452038,0.49067417913347583,0.0012438809084343151,0.3741691379486655,0.99929625
18,ROI_12358__20210626T005709_20210626T010258_T53JQH,ROI_12358,OC,0%,0,0,Cloud-RCS-FP32-Compat,0.245772,0.24786797156757542,0.983088,0.983088,0.0,0.0,0.0,1.0
18,ROI_12358__20210626T005709_20210626T010258_T53JQH,ROI_12358,OC,0%,0,0,Cloud-RCS-FP16-Opt-v2,0.2457570625,0.2478603746567907,0.98302825,0.98302825,0.0,0.0,0.0,0.99987725
18,ROI_12358__20210626T005709_20210626T010258_T53JQH,ROI_12358,OC,0%,0,0,Cloud-RCS-MP-Task-v2,0.2465133125,0.24824441388970814,0.98605325,0.98605325,0.0,0.0,0.0,0.997029
19,ROI_12368__20200324T032539_20200324T032534_T50UMC,ROI_12368,AS,"(0,10%]",2,0,Cloud-RCS-FP32-Compat,0.43357338140296775,0.5136622654077561,0.9448795,0.9443649928468151,0.5762869067862112,0.21364162597884473,0.0,1.0
19,ROI_12368__20200324T032539_20200324T032534_T50UMC,ROI_12368,AS,"(0,10%]",2,0,Cloud-RCS-FP16-Opt-v2,0.43381321927970995,0.5138653596057001,0.944891,0.9443767805190915,0.5771552391270701,0.21372085747267805,0.0,0.99959275
19,ROI_12368__20200324T032539_20200324T032534_T50UMC,ROI_12368,AS,"(0,10%]",2,0,Cloud-RCS-MP-Task-v2,0.4360400194979529,0.5160094243270352,0.947304,0.9468425550161254,0.5797780903266135,0.21753943264907283,0.0,0.99634725
20,ROI_12371__20191028T022809_20191028T022808_T53VPJ,ROI_12371,AS,"(50,100%]",12,31,Cloud-RCS-FP32-Compat,0.28344509458743333,0.41937792869446794,0.5332445,0.2884031266644594,0.5395676999296221,0.17777955177674282,0.1280299999789089,1.0
20,ROI_12371__20191028T022809_20191028T022808_T53VPJ,ROI_12371,AS,"(50,100%]",12,31,Cloud-RCS-FP16-Opt-v2,0.28315777024356614,0.41900111285808456,0.53324625,0.2875265488318514,0.5395868604132027,0.17783832256965212,0.12767934915955842,0.99859875
20,ROI_12371__20191028T022809_20191028T022808_T53VPJ,ROI_12371,AS,"(50,100%]",12,31,Cloud-RCS-MP-Task-v2,0.2861902833864556,0.4233587755628968,0.532253,0.2938689069008218,0.5377929241829429,0.18207046840479904,0.1310288340572586,0.98628175
21,ROI_12378__20190215T155331_20190215T155437_T19VEC,ROI_12378,NA,"(10,50%]",17,15,Cloud-RCS-FP32-Compat,0.25701529846066795,0.3392303869823698,0.723142,0.7138623591357371,0.0,0.24310279727079515,0.07109603743613961,1.0
21,ROI_12378__20190215T155331_20190215T155437_T19VEC,ROI_12378,NA,"(10,50%]",17,15,Cloud-RCS-FP16-Opt-v2,0.25668382393967404,0.3387771072894357,0.72292275,0.713771286036489,0.0,0.24220627134587097,0.07075773837633624,0.9993935
21,ROI_12378__20190215T155331_20190215T155437_T19VEC,ROI_12378,NA,"(10,50%]",17,15,Cloud-RCS-MP-Task-v2,0.2552180601932845,0.3364498746365375,0.72297475,0.7135148928695557,0.0,0.2406986950894323,0.06665865281415018,0.9957345
22,ROI_12434__20191012T043721_20191012T044322_T47UNT,ROI_12434,AS,0%,0,0,Cloud-RCS-FP32-Compat,0.2280686509549649,0.23858913488062372,0.9121165,0.9121152915852593,0.0,0.0001593122346003001,0.0,1.0
22,ROI_12434__20191012T043721_20191012T044322_T47UNT,ROI_12434,AS,0%,0,0,Cloud-RCS-FP16-Opt-v2,0.22809081679365484,0.23860131830961617,0.912205,0.912203792802151,0.0,0.00015947437246834433,0.0,0.99933525
22,ROI_12434__20191012T043721_20191012T044322_T47UNT,ROI_12434,AS,0%,0,0,Cloud-RCS-MP-Task-v2,0.22854847954796373,0.23885162521276612,0.914035,0.9140338394568327,0.0,0.0001600787350222628,0.0,0.9961565
23,ROI_12451__20190422T102029_20190422T102029_T32TNR,ROI_12451,EU,"(50,100%]",15,19,Cloud-RCS-FP32-Compat,0.5075548281345015,0.5941799504804407,0.7320015,0.8792718099383946,0.7355205746711934,0.408970595219288,0.006456332709129888,1.0
23,ROI_12451__20190422T102029_20190422T102029_T32TNR,ROI_12451,EU,"(50,100%]",15,19,Cloud-RCS-FP16-Opt-v2,0.5075963187963929,0.5941413093321515,0.73209425,0.879641449827277,0.735542434063103,0.40890131784434575,0.00630007345084599,0.99921
23,ROI_12451__20190422T102029_20190422T102029_T32TNR,ROI_12451,EU,"(50,100%]",15,19,Cloud-RCS-MP-Task-v2,0.5076234903209523,0.5942577513533652,0.73220675,0.8780624589156647,0.735615493755794,0.4108385061614309,0.005977502450919601,0.99436175
24,ROI_12480__20200308T062709_20200308T063349_T42TUQ,ROI_12480,AS,"(50,100%]",4,28,Cloud-RCS-FP32-Compat,0.6709201757273671,0.7780736498287206,0.856629,0.8781664381427084,0.9106818942981796,0.35011573499170484,0.5447166354768753,1.0
24,ROI_12480__20200308T062709_20200308T063349_T42TUQ,ROI_12480,AS,"(50,100%]",4,28,Cloud-RCS-FP16-Opt-v2,0.6701723509496984,0.7773714451724976,0.85610275,0.8776163111731963,0.911150266548076,0.3489116628246998,0.5430111632528216,0.99895175
24,ROI_12480__20200308T062709_20200308T063349_T42TUQ,ROI_12480,AS,"(50,100%]",4,28,Cloud-RCS-MP-Task-v2,0.6844582981227698,0.789125111071504,0.86661175,0.8917602605401403,0.9083487037261422,0.3599289243304152,0.5777953038943815,0.98650475
25,ROI_12486__20190715T172901_20190715T173906_T14TLT,ROI_12486,NA,"(0,10%]",4,0,Cloud-RCS-FP32-Compat,0.3880701163378733,0.42948239444049807,0.97994425,0.9797714491398194,0.0,0.5725090162116738,0.0,1.0
25,ROI_12486__20190715T172901_20190715T173906_T14TLT,ROI_12486,NA,"(0,10%]",4,0,Cloud-RCS-FP16-Opt-v2,0.38797517679512294,0.4294026710627668,0.9799835,0.9798104819678948,0.0,0.572090225212597,0.0,0.99984875
25,ROI_12486__20190715T172901_20190715T173906_T14TLT,ROI_12486,NA,"(0,10%]",4,0,Cloud-RCS-MP-Task-v2,0.382653157628159,0.4255077484262656,0.974114,0.9738609351735101,0.0,0.5567516953391259,0.0,0.993823
26,ROI_12492__20220605T074621_20220605T075220_T38TQS,ROI_12492,EU,0%,0,0,Cloud-RCS-FP32-Compat,0.23743725,0.24355673473867662,0.949749,0.949749,0.0,0.0,0.0,1.0
26,ROI_12492__20220605T074621_20220605T075220_T38TQS,ROI_12492,EU,0%,0,0,Cloud-RCS-FP16-Opt-v2,0.237527125,0.2436040097256127,0.9501085,0.9501085,0.0,0.0,0.0,0.99941125
26,ROI_12492__20220605T074621_20220605T075220_T38TQS,ROI_12492,EU,0%,0,0,Cloud-RCS-MP-Task-v2,0.23879475,0.24426893905877672,0.955179,0.955179,0.0,0.0,0.0,0.994277
27,ROI_12498__20200625T211041_20200625T211036_T17XNK,ROI_12498,NA,0%,0,0,Cloud-RCS-FP32-Compat,0.33229333333333333,0.33281252086588414,0.99688,0.99688,nan,0.0,0.0,1.0
27,ROI_12498__20200625T211041_20200625T211036_T17XNK,ROI_12498,NA,0%,0,0,Cloud-RCS-FP16-Opt-v2,0.33230108333333336,0.3328164079389759,0.99690325,0.99690325,nan,0.0,0.0,0.99996425
27,ROI_12498__20200625T211041_20200625T211036_T17XNK,ROI_12498,NA,0%,0,0,Cloud-RCS-MP-Task-v2,0.3324335,0.33288280857086855,0.9973005,0.9973005,nan,0.0,0.0,0.9995795
28,ROI_12501__20210221T080939_20210221T082326_T36PWA,ROI_12501,AF,0%,0,0,Cloud-RCS-FP32-Compat,0.499833625,0.49991679865737665,0.99966725,0.99966725,nan,nan,0.0,1.0
28,ROI_12501__20210221T080939_20210221T082326_T36PWA,ROI_12501,AF,0%,0,0,Cloud-RCS-FP16-Opt-v2,0.4998315,0.4999157358014826,0.999663,0.999663,nan,nan,0.0,0.99999525
28,ROI_12501__20210221T080939_20210221T082326_T36PWA,ROI_12501,AF,0%,0,0,Cloud-RCS-MP-Task-v2,0.499799875,0.4998999174709839,0.99959975,0.99959975,nan,nan,0.0,0.9999295
29,ROI_12502__20210221T080939_20210221T082326_T36PWA,ROI_12502,AF,0%,0,0,Cloud-RCS-FP32-Compat,0.33328475,0.3333090398962824,0.99985425,0.99985425,nan,0.0,0.0,1.0
29,ROI_12502__20210221T080939_20210221T082326_T36PWA,ROI_12502,AF,0%,0,0,Cloud-RCS-FP16-Opt-v2,0.3332835,0.3333084148040066,0.9998505,0.9998505,nan,0.0,0.0,0.99999625
29,ROI_12502__20210221T080939_20210221T082326_T36PWA,ROI_12502,AF,0%,0,0,Cloud-RCS-MP-Task-v2,0.3332879166666667,0.33331062345288937,0.99986375,0.99986375,nan,0.0,0.0,0.99999
30,ROI_12506__20190312T045651_20190312T045652_T48WWV,ROI_12506,AS,"(50,100%]",100,0,Cloud-RCS-FP32-Compat,0.14216462010082184,0.22169952928129694,0.2839375,0.0008051467997507813,nan,0.2835240934018929,nan,1.0
30,ROI_12506__20190312T045651_20190312T045652_T48WWV,ROI_12506,AS,"(50,100%]",100,0,Cloud-RCS-FP16-Opt-v2,0.14159056229719447,0.22100135637645424,0.2827915,0.0008035133070789627,nan,0.28237761128731,nan,0.9982745
30,ROI_12506__20190312T045651_20190312T045652_T48WWV,ROI_12506,AS,"(50,100%]",100,0,Cloud-RCS-MP-Task-v2,0.13136441157465517,0.20835671297311814,0.26237075,0.0007867002614432208,nan,0.2619421228878671,nan,0.97539425
31,ROI_12535__20200226T074901_20200226T080448_T36NYF,ROI_12535,AF,"(50,100%]",19,13,Cloud-RCS-FP32-Compat,0.6489024349625301,0.7682950932255862,0.83573025,0.3842990318504164,0.9506610934746379,0.5710016500457676,0.6896479644792988,1.0
31,ROI_12535__20200226T074901_20200226T080448_T36NYF,ROI_12535,AF,"(50,100%]",19,13,Cloud-RCS-FP16-Opt-v2,0.6493373103982744,0.7687086317110537,0.83597075,0.385433774860293,0.9506557260960934,0.5714234056962745,0.6898363349404363,0.9993755
31,ROI_12535__20200226T074901_20200226T080448_T36NYF,ROI_12535,AF,"(50,100%]",19,13,Cloud-RCS-MP-Task-v2,0.6491570797734052,0.7685431180819084,0.835925,0.3849386606933556,0.9506449154807642,0.5715177797312495,0.6895269631882519,0.99666025
32,ROI_12536__20200226T074901_20200226T080448_T36NYF,ROI_12536,AF,"(50,100%]",4,18,Cloud-RCS-FP32-Compat,0.584890913495435,0.6870628830603853,0.76779125,0.4504816059262128,0.9372311087219065,0.15977708333973487,0.7920738559938856,1.0
32,ROI_12536__20200226T074901_20200226T080448_T36NYF,ROI_12536,AF,"(50,100%]",4,18,Cloud-RCS-FP16-Opt-v2,0.5851409747798494,0.687311191020899,0.76805625,0.4511089117494076,0.9372451022975343,0.15996944310572891,0.7922404419667268,0.99932275
32,ROI_12536__20200226T074901_20200226T080448_T36NYF,ROI_12536,AF,"(50,100%]",4,18,Cloud-RCS-MP-Task-v2,0.5874948823702006,0.689715843922376,0.770646,0.45782009964449827,0.9372619113421855,0.16181708643593443,0.7930804320581843,0.99554225
33,ROI_12543__20190614T043701_20190614T044330_T46SBC,ROI_12543,AS,0%,0,0,Cloud-RCS-FP32-Compat,0.25754934070906227,0.26552658035214033,0.99809025,0.9980944166307276,0.010178117048346057,0.0,0.021924829157175398,1.0
33,ROI_12543__20190614T043701_20190614T044330_T46SBC,ROI_12543,AS,0%,0,0,Cloud-RCS-FP16-Opt-v2,0.2575345842389642,0.26549818366588424,0.998089,0.9980931665760377,0.010126582278481013,0.0,0.02191858810133789,0.99999475
33,ROI_12543__20190614T043701_20190614T044330_T46SBC,ROI_12543,AS,0%,0,0,Cloud-RCS-MP-Task-v2,0.2583350366336096,0.2670392702782293,0.99814175,0.9981456688730131,0.01282051282051282,0.0,0.02237396484091239,0.99994175
34,ROI_12562__20220831T032519_20220831T034157_T47NPC,ROI_12562,OC,0%,0,0,Cloud-RCS-FP32-Compat,0.36617026322654866,0.42053190556610404,0.9923715,0.9926137797341301,0.4256657580205494,0.0,0.04640151515151515,1.0
34,ROI_12562__20220831T032519_20220831T034157_T47NPC,ROI_12562,OC,0%,0,0,Cloud-RCS-FP16-Opt-v2,0.36606387815004304,0.42026107153656095,0.99248875,0.9927306926781987,0.42584434654919234,0.0,0.04568047337278106,0.99969825
34,ROI_12562__20220831T032519_20220831T034157_T47NPC,ROI_12562,OC,0%,0,0,Cloud-RCS-MP-Task-v2,0.37083684614083423,0.42453842868380715,0.9941355,0.9943927648190679,0.444039562727746,0.0,0.04491505701652316,0.99808225
35,ROI_12613__20190115T044131_20190115T044130_T46TFR,ROI_12613,AS,"(50,100%]",23,27,Cloud-RCS-FP32-Compat,0.20486097605076098,0.2853429540424045,0.548342,0.5310921544922139,0.0,0.28835174971083,0.0,1.0
35,ROI_12613__20190115T044131_20190115T044130_T46TFR,ROI_12613,AS,"(50,100%]",23,27,Cloud-RCS-FP16-Opt-v2,0.20483574021000447,0.2853123805002629,0.548305,0.5310940159080153,0.0,0.2882489449320026,0.0,0.999732
35,ROI_12613__20190115T044131_20190115T044130_T46TFR,ROI_12613,AS,"(50,100%]",23,27,Cloud-RCS-MP-Task-v2,0.20456800420689686,0.28496426262450203,0.5481725,0.5313783876423434,0.0,0.286893629185244,0.0,0.99771225
36,ROI_12614__20190409T092031_20190409T092037_T34SFG,ROI_12614,EU,"(0,10%]",0,3,Cloud-RCS-FP32-Compat,0.48724116925249084,0.5608588417522367,0.87322675,0.8668311662985556,0.8226114205617079,0.0,0.2595220901496998,1.0
36,ROI_12614__20190409T092031_20190409T092037_T34SFG,ROI_12614,EU,"(0,10%]",0,3,Cloud-RCS-FP16-Opt-v2,0.4873614641525113,0.5609761842311867,0.87340775,0.8670347948814091,0.8226073364131054,0.0,0.2598037253155308,0.99931375
36,ROI_12614__20190409T092031_20190409T092037_T34SFG,ROI_12614,EU,"(0,10%]",0,3,Cloud-RCS-MP-Task-v2,0.48785771371786546,0.5611714191533366,0.87586175,0.8696194424874077,0.8225223043963139,0.0,0.2592891079877402,0.99445925
37,ROI_12625__20190802T082611_20190802T082606_T47XMK,ROI_12625,AS,"(50,100%]",2,39,Cloud-RCS-FP32-Compat,0.32244202044422166,0.4296652273888215,0.4996535,0.32247785878757346,0.7611542658502165,0.05410866753246416,0.15202728960663242,1.0
37,ROI_12625__20190802T082611_20190802T082606_T47XMK,ROI_12625,AS,"(50,100%]",2,39,Cloud-RCS-FP16-Opt-v2,0.3220834201462803,0.42917621825934255,0.49917575,0.3218178087941088,0.7611903290727555,0.05410183646534496,0.15122370625291176,0.998148
37,ROI_12625__20190802T082611_20190802T082606_T47XMK,ROI_12625,AS,"(50,100%]",2,39,Cloud-RCS-MP-Task-v2,0.3251006488188994,0.4327551525540415,0.5031075,0.32898830279970376,0.7626044044006565,0.05409761586812627,0.15471227220711112,0.99065575
38,ROI_12630__20190508T150721_20190508T150955_T18LWJ,ROI_12630,SA,0%,0,0,Cloud-RCS-FP32-Compat,0.3332839166666667,0.333308623168359,0.99985175,0.99985175,0.0,nan,0.0,1.0
38,ROI_12630__20190508T150721_20190508T150955_T18LWJ,ROI_12630,SA,0%,0,0,Cloud-RCS-FP16-Opt-v2,0.333286,0.333309664986214,0.999858,0.999858,0.0,nan,0.0,0.99999225
38,ROI_12630__20190508T150721_20190508T150955_T18LWJ,ROI_12630,SA,0%,0,0,Cloud-RCS-MP-Task-v2,0.3333,0.33331666583329167,0.9999,0.9999,0.0,nan,0.0,0.99993975
39,ROI_12643__20190828T170851_20190828T171232_T15UXB,ROI_12643,NA,"(50,100%]",0,5,Cloud-RCS-FP32-Compat,0.5225965835772537,0.5734514493328512,0.9513785,nan,0.9511318011149786,nan,0.09406136603952879,1.0
39,ROI_12643__20190828T170851_20190828T171232_T15UXB,ROI_12643,NA,"(50,100%]",0,5,Cloud-RCS-FP16-Opt-v2,0.5223344572569167,0.5730253074622872,0.95135625,nan,0.9511107894963639,nan,0.09355812501746964,0.99995025
39,ROI_12643__20190828T170851_20190828T171232_T15UXB,ROI_12643,NA,"(50,100%]",0,5,Cloud-RCS-MP-Task-v2,0.5223414525664543,0.5730296219837324,0.951369,nan,0.9511236652376605,nan,0.09355923989524795,0.999806
40,ROI_12693__20181228T075329_20181228T081206_T35KQT,ROI_12693,AF,"(0,10%]",6,0,Cloud-RCS-FP32-Compat,0.41952058266953035,0.528964201591916,0.9540875,0.960724915788442,0.25864922373709515,0.32864892834995874,0.13005926280262564,1.0
40,ROI_12693__20181228T075329_20181228T081206_T35KQT,ROI_12693,AF,"(0,10%]",6,0,Cloud-RCS-FP16-Opt-v2,0.4193253117618409,0.5287191543879883,0.954082,0.9607241178846461,0.25817780057609596,0.3284195134373601,0.12997981514926166,0.99987475
40,ROI_12693__20181228T075329_20181228T081206_T35KQT,ROI_12693,AF,"(0,10%]",6,0,Cloud-RCS-MP-Task-v2,0.4214836091970943,0.5316562310654296,0.9537265,0.9603837690271557,0.2780037971250339,0.31836898373614014,0.12917788690004753,0.9985235
41,ROI_12695__20181228T075329_20181228T081206_T35KQT,ROI_12695,AF,"(10,50%]",14,0,Cloud-RCS-FP32-Compat,0.25121621443591713,0.29025300655079617,0.87920475,0.8771948267747421,0.0,0.1276700309689263,0.0,1.0
41,ROI_12695__20181228T075329_20181228T081206_T35KQT,ROI_12695,AF,"(10,50%]",14,0,Cloud-RCS-FP16-Opt-v2,0.25116764608338227,0.2901806607912254,0.8791865,0.8771787016419614,0.0,0.12749188269156758,0.0,0.9999015
41,ROI_12695__20181228T075329_20181228T081206_T35KQT,ROI_12695,AF,"(10,50%]",14,0,Cloud-RCS-MP-Task-v2,0.2471367383123484,0.28413969513130155,0.87745175,0.8756811786657915,0.0,0.112865774583602,0.0,0.99755575
42,ROI_12701__20210104T044201_20210104T044202_T46UFU,ROI_12701,AS,0%,0,0,Cloud-RCS-FP32-Compat,0.33230025,0.3328159899784704,0.99690075,0.99690075,nan,0.0,0.0,1.0
42,ROI_12701__20210104T044201_20210104T044202_T46UFU,ROI_12701,AS,0%,0,0,Cloud-RCS-FP16-Opt-v2,0.33229258333333334,0.33281214469271675,0.99687775,0.99687775,nan,0.0,0.0,0.999962
42,ROI_12701__20210104T044201_20210104T044202_T46UFU,ROI_12701,AS,0%,0,0,Cloud-RCS-MP-Task-v2,0.33253075,0.3329315579793624,0.99759225,0.99759225,nan,0.0,0.0,0.9993085
43,ROI_12707__20190730T181931_20190730T183134_T12SUJ,ROI_12707,NA,"(50,100%]",12,14,Cloud-RCS-FP32-Compat,0.6653761345125426,0.7888557274388993,0.82518875,0.7138116738660101,0.8536832271456078,0.437531482504901,0.6564781545336513,1.0
43,ROI_12707__20190730T181931_20190730T183134_T12SUJ,ROI_12707,NA,"(50,100%]",12,14,Cloud-RCS-FP16-Opt-v2,0.6655966782700653,0.789036400726924,0.82535725,0.7140631279940038,0.8537329914398458,0.4379466904419237,0.656643903204488,0.9992715
43,ROI_12707__20190730T181931_20190730T183134_T12SUJ,ROI_12707,NA,"(50,100%]",12,14,Cloud-RCS-MP-Task-v2,0.6674575565264418,0.7904474978850837,0.827267,0.7191348276988515,0.8537169990275293,0.4399341193257504,0.6570442800536362,0.9940485
44,ROI_12710__20191121T035039_20191121T040112_T46NHL,ROI_12710,OC,"(50,100%]",7,0,Cloud-RCS-FP32-Compat,0.40808839644786066,0.48757383971241597,0.78236225,0.7377091588540896,0.7597064687023748,0.13493795823497845,0.0,1.0
44,ROI_12710__20191121T035039_20191121T040112_T46NHL,ROI_12710,OC,"(50,100%]",7,0,Cloud-RCS-FP16-Opt-v2,0.4080163123843816,0.48729856155106277,0.7827265,0.7380225368143115,0.7601176770824736,0.13392503564074132,0.0,0.99827475
44,ROI_12710__20191121T035039_20191121T040112_T46NHL,ROI_12710,OC,"(50,100%]",7,0,Cloud-RCS-MP-Task-v2,0.4100868013829196,0.4895036424677224,0.78387175,0.7407020056277807,0.7619251520488302,0.1377200478550675,0.0,0.99244125
45,ROI_12738__20181231T085351_20181231T090408_T33MZS,ROI_12738,AF,"(50,100%]",7,15,Cloud-RCS-FP32-Compat,0.6921338029320221,0.8031125471194203,0.871676,0.6407880181389853,0.9237552817672545,0.42149768117704667,0.7824942306448018,1.0
45,ROI_12738__20181231T085351_20181231T090408_T33MZS,ROI_12738,AF,"(50,100%]",7,15,Cloud-RCS-FP16-Opt-v2,0.6922463901988136,0.8032171734484121,0.87173175,0.6411842270501067,0.9236957664484153,0.4217333173211641,0.7823722499755681,0.99940775
45,ROI_12738__20181231T085351_20181231T090408_T33MZS,ROI_12738,AF,"(50,100%]",7,15,Cloud-RCS-MP-Task-v2,0.6956485941842111,0.8060853386700237,0.8736645,0.6503870075079771,0.9232783117472539,0.42697236888905493,0.7819566885925586,0.99563725
46,ROI_12756__20201011T075849_20201011T082149_T35JLJ,ROI_12756,AF,0%,0,0,Cloud-RCS-FP32-Compat,0.5991743594632126,0.6603496561310962,0.996838,0.9969077557357721,0.6301646922854667,0.0,0.7696249898316115,1.0
46,ROI_12756__20201011T075849_20201011T082149_T35JLJ,ROI_12756,AF,0%,0,0,Cloud-RCS-FP16-Opt-v2,0.5994803038699041,0.6605720526342906,0.9968675,0.9969373441904573,0.6311522872032426,0.0,0.7698315840859166,0.999956
46,ROI_12756__20201011T075849_20201011T082149_T35JLJ,ROI_12756,AF,0%,0,0,Cloud-RCS-MP-Task-v2,0.6002453878309865,0.6611074836994643,0.9975245,0.9975968186934607,0.6336345088895365,0.0,0.7697502237409487,0.99930275
47,ROI_12757__20180506T100031_20180506T100822_T32SNC,ROI_12757,AF,"(0,10%]",0,2,Cloud-RCS-FP32-Compat,0.5972184318434269,0.7021377391615623,0.981254,0.9822019680844422,0.7251773812083423,0.18699269138796268,0.49450168669296074,1.0
47,ROI_12757__20180506T100031_20180506T100822_T32SNC,ROI_12757,AF,"(0,10%]",0,2,Cloud-RCS-FP16-Opt-v2,0.5972172751267091,0.7021348792652471,0.981276,0.9822286772415038,0.7247536680865712,0.18681836542345495,0.4950683897553064,0.9999275
47,ROI_12757__20180506T100031_20180506T100822_T32SNC,ROI_12757,AF,"(0,10%]",0,2,Cloud-RCS-MP-Task-v2,0.603742100698566,0.7094557659897017,0.9821465,0.9830287555567447,0.7311110166248564,0.201954640405849,0.4988739902068139,0.9984275
48,ROI_12759__20180506T100031_20180506T100822_T32SNC,ROI_12759,AF,0%,0,0,Cloud-RCS-FP32-Compat,0.2490429375,0.24952055102473022,0.99617175,0.99617175,0.0,0.0,0.0,1.0
48,ROI_12759__20180506T100031_20180506T100822_T32SNC,ROI_12759,AF,0%,0,0,Cloud-RCS-FP16-Opt-v2,0.249052375,0.24952528780170619,0.9962095,0.9962095,0.0,0.0,0.0,0.999877
48,ROI_12759__20180506T100031_20180506T100822_T32SNC,ROI_12759,AF,0%,0,0,Cloud-RCS-MP-Task-v2,0.2489894375,0.2494936954452067,0.99595775,0.99595775,0.0,0.0,0.0,0.99795225
49,ROI_12765__20170530T103021_20170530T103024_T34WDS,ROI_12765,EU,"(10,50%]",17,0,Cloud-RCS-FP32-Compat,0.3919483989032771,0.48195019109831644,0.80389225,0.7741638577415205,nan,0.4016813389683109,0.0,1.0
49,ROI_12765__20170530T103021_20170530T103024_T34WDS,ROI_12765,EU,"(10,50%]",17,0,Cloud-RCS-FP16-Opt-v2,0.39187491250799306,0.4818700411476516,0.8038955,0.7742056287828829,nan,0.4014191087410962,0.0,0.99895775
49,ROI_12765__20170530T103021_20170530T103024_T34WDS,ROI_12765,EU,"(10,50%]",17,0,Cloud-RCS-MP-Task-v2,0.38734083280448456,0.4787849369181334,0.7917485,0.7620609656541906,nan,0.3999615327592632,0.0,0.95594425
50,ROI_12767__20170530T103021_20170530T103024_T34WDS,ROI_12767,EU,0%,0,0,Cloud-RCS-FP32-Compat,0.249915625,0.2499578053796578,0.9996625,0.9996625,0.0,0.0,0.0,1.0
50,ROI_12767__20170530T103021_20170530T103024_T34WDS,ROI_12767,EU,0%,0,0,Cloud-RCS-FP16-Opt-v2,0.2499153125,0.2499576490768124,0.99966125,0.99966125,0.0,0.0,0.0,0.99999725
50,ROI_12767__20170530T103021_20170530T103024_T34WDS,ROI_12767,EU,0%,0,0,Cloud-RCS-MP-Task-v2,0.2499140625,0.24995702386347654,0.99965625,0.99965625,0.0,0.0,0.0,0.99995675
51,ROI_12788__20190723T073619_20190723T075433_T36LXL,ROI_12788,AF,0%,0,0,Cloud-RCS-FP32-Compat,0.3333155,0.3333244164281394,0.9999465,0.9999465,nan,0.0,0.0,1.0
51,ROI_12788__20190723T073619_20190723T075433_T36LXL,ROI_12788,AF,0%,0,0,Cloud-RCS-FP16-Opt-v2,0.33331533333333335,0.3333243330903268,0.999946,0.999946,nan,0.0,0.0,0.999998
51,ROI_12788__20190723T073619_20190723T075433_T36LXL,ROI_12788,AF,0%,0,0,Cloud-RCS-MP-Task-v2,0.33332233333333333,0.3333278332425818,0.999967,0.999967,nan,0.0,0.0,0.9999795
52,ROI_12802__20200310T084709_20200310T085602_T36TVT,ROI_12802,EU,"(50,100%]",16,27,Cloud-RCS-FP32-Compat,0.5437116302497333,0.6773180353796554,0.718802,0.8302988702105362,0.690370099233055,0.34761053998084107,0.30656701157450117,1.0
52,ROI_12802__20200310T084709_20200310T085602_T36TVT,ROI_12802,EU,"(50,100%]",16,27,Cloud-RCS-FP16-Opt-v2,0.5439765018647713,0.6775903478993959,0.718996,0.8301963448777491,0.6907835562730628,0.3478319095281582,0.3070941967801154,0.99889875
52,ROI_12802__20200310T084709_20200310T085602_T36TVT,ROI_12802,EU,"(50,100%]",16,27,Cloud-RCS-MP-Task-v2,0.5491625970740448,0.6825520789310268,0.722673,0.8332079119316965,0.696085328197573,0.3490523982400591,0.3183047499268508,0.9903165
53,ROI_12808__20181006T101021_20181006T101021_T34WFB,ROI_12808,EU,"(50,100%]",0,5,Cloud-RCS-FP32-Compat,0.5639847916964247,0.6436741064192539,0.938828,nan,0.9379372757820236,nan,0.1900323076108257,1.0
53,ROI_12808__20181006T101021_20181006T101021_T34WFB,ROI_12808,EU,"(50,100%]",0,5,Cloud-RCS-FP16-Opt-v2,0.564082424089048,0.6438089446262327,0.93883575,nan,0.9379441470183225,nan,0.19022070115977335,0.99977625
53,ROI_12808__20181006T101021_20181006T101021_T34WFB,ROI_12808,EU,"(50,100%]",0,5,Cloud-RCS-MP-Task-v2,0.5633229250168633,0.6429706426393911,0.93831175,nan,0.9374105717649142,nan,0.18923527826881248,0.99873525
54,ROI_12821__20190105T085349_20190105T091250_T33KWS,ROI_12821,AF,"(10,50%]",10,15,Cloud-RCS-FP32-Compat,0.3260010788136662,0.4081414543311682,0.78993925,0.7814173077795826,0.0,0.4509775030306278,0.07160950444445442,1.0
54,ROI_12821__20190105T085349_20190105T091250_T33KWS,ROI_12821,AF,"(10,50%]",10,15,Cloud-RCS-FP16-Opt-v2,0.32624000304747713,0.4083834292155908,0.79004025,0.781512020495527,0.0,0.4517239301187232,0.0717240615756582,0.99972625
54,ROI_12821__20190105T085349_20190105T091250_T33KWS,ROI_12821,AF,"(10,50%]",10,15,Cloud-RCS-MP-Task-v2,0.3246223046318002,0.40641153019546644,0.79014775,0.7817591961368743,0.0,0.4470846645367412,0.06964535785358546,0.99712475
55,ROI_12822__20190105T085349_20190105T091250_T33KWS,ROI_12822,AF,0%,0,0,Cloud-RCS-FP32-Compat,0.44319790226988726,0.5099743911392146,0.9910575,0.9910788428473823,0.6407606448945845,0.07293868921775898,0.06801343211982304,1.0
55,ROI_12822__20190105T085349_20190105T091250_T33KWS,ROI_12822,AF,0%,0,0,Cloud-RCS-FP16-Opt-v2,0.4437851677488348,0.5106812538582949,0.991119,0.9911404050586785,0.6419394944053046,0.07418939231264762,0.06787137921870848,0.999863
55,ROI_12822__20190105T085349_20190105T091250_T33KWS,ROI_12822,AF,0%,0,0,Cloud-RCS-MP-Task-v2,0.4477664744077424,0.5172851594137091,0.99201275,0.99203521772699,0.64149377593361,0.09162443318218191,0.06591247078818781,0.99872325
56,ROI_12850__20180517T074611_20180517T074613_T38TML,ROI_12850,EU,"(50,100%]",1,4,Cloud-RCS-FP32-Compat,0.6789197120451037,0.782956478016356,0.962846,0.8026099260580092,0.9742841020985993,0.3336465797407886,0.6051382402830177,1.0
56,ROI_12850__20180517T074611_20180517T074613_T38TML,ROI_12850,EU,"(50,100%]",1,4,Cloud-RCS-FP16-Opt-v2,0.6789467540964749,0.7829648206005109,0.96286475,0.802617394583324,0.9743076205095208,0.3335225937818153,0.6053394075112395,0.99981775
56,ROI_12850__20180517T074611_20180517T074613_T38TML,ROI_12850,EU,"(50,100%]",1,4,Cloud-RCS-MP-Task-v2,0.6795319380717657,0.7836485692829702,0.96240475,0.8044525867218926,0.9735362332745046,0.33644868930665445,0.6036902429840112,0.998087
57,ROI_12853__20191029T184509_20191029T184505_T13VEL,ROI_12853,NA,0%,0,0,Cloud-RCS-FP32-Compat,0.33329525,0.3333142905788493,0.99988575,0.99988575,nan,0.0,0.0,1.0
57,ROI_12853__20191029T184509_20191029T184505_T13VEL,ROI_12853,NA,0%,0,0,Cloud-RCS-FP16-Opt-v2,0.3332946666666667,0.33331399887860164,0.999884,0.999884,nan,0.0,0.0,0.99999625
57,ROI_12853__20191029T184509_20191029T184505_T13VEL,ROI_12853,NA,0%,0,0,Cloud-RCS-MP-Task-v2,0.33330258333333335,0.33331795762412875,0.99990775,0.99990775,nan,0.0,0.0,0.9999655
58,ROI_12861__20190516T022551_20190516T022553_T56WMD,ROI_12861,AS,"(50,100%]",100,0,Cloud-RCS-FP32-Compat,0.31409212687260335,0.37867188881151626,0.8178925,0.8028087653659857,0.4535597421244278,0.0,0.0,1.0
58,ROI_12861__20190516T022551_20190516T022553_T56WMD,ROI_12861,AS,"(50,100%]",100,0,Cloud-RCS-FP16-Opt-v2,0.31448397608279666,0.3790082029152898,0.8182765,0.8032239138972482,0.4547119904339385,0.0,0.0,0.999205
58,ROI_12861__20190516T022551_20190516T022553_T56WMD,ROI_12861,AS,"(50,100%]",100,0,Cloud-RCS-MP-Task-v2,0.31514465168589717,0.3796408500283207,0.8191955,0.8031090220480868,0.45746958469550186,0.0,0.0,0.998183
59,ROI_12862__20190516T022551_20190516T022553_T56WMD,ROI_12862,AS,"(50,100%]",13,10,Cloud-RCS-FP32-Compat,0.2685929755212019,0.35341990689387226,0.50133975,0.721646699727708,0.2832851136188105,0.04472941409878347,0.024710674639505607,1.0
59,ROI_12862__20190516T022551_20190516T022553_T56WMD,ROI_12862,AS,"(50,100%]",13,10,Cloud-RCS-FP16-Opt-v2,0.268674253147269,0.35342367941880987,0.50197175,0.7213601673890914,0.2847013050339821,0.04440455575098001,0.02423098441502264,0.99674525
59,ROI_12862__20190516T022551_20190516T022553_T56WMD,ROI_12862,AS,"(50,100%]",13,10,Cloud-RCS-MP-Task-v2,0.2704308002146095,0.3563847005613154,0.5088245,0.7152048048645073,0.29782665643769995,0.04184791358292916,0.026843825973301795,0.98145875
60,ROI_12868__20171223T111449_20171223T111445_T30UXE,ROI_12868,EU,"(10,50%]",6,3,Cloud-RCS-FP32-Compat,0.6128071318280975,0.7044102395407228,0.863991,0.793695139867295,0.9553718077285872,0.12675932987640445,0.5754022498401034,1.0
60,ROI_12868__20171223T111449_20171223T111445_T30UXE,ROI_12868,EU,"(10,50%]",6,3,Cloud-RCS-FP16-Opt-v2,0.6123862680033247,0.7040501031650517,0.863386,0.7926617266022555,0.9553396046847383,0.12639176980445294,0.5751519709218524,0.999111
60,ROI_12868__20171223T111449_20171223T111445_T30UXE,ROI_12868,EU,"(10,50%]",6,3,Cloud-RCS-MP-Task-v2,0.6138967765994258,0.7053143251408727,0.86625175,0.7979037078483612,0.9551231930764422,0.12782098888246352,0.574739216590436,0.9951425
61,ROI_12871__20190919T193101_20190919T193059_T16XDP,ROI_12871,NA,0%,0,0,Cloud-RCS-FP32-Compat,0.31770902526051364,0.32541455300782435,0.952963,0.9529626589792776,nan,0.0,0.00016441680226328233,1.0
61,ROI_12871__20190919T193101_20190919T193059_T16XDP,ROI_12871,NA,0%,0,0,Cloud-RCS-FP16-Opt-v2,0.31799949577942516,0.32556564173251923,0.95383675,0.953836426854988,nan,0.0,0.00016206048328751266,0.99897625
61,ROI_12871__20190919T193101_20190919T193059_T16XDP,ROI_12871,NA,0%,0,0,Cloud-RCS-MP-Task-v2,0.31853365359885427,0.3258496768094756,0.95543025,0.9554299268669698,nan,0.0,0.00017103392959299821,0.9971845
62,ROI_12876__20211202T075209_20211202T081622_T35KPP,ROI_12876,AF,"(0,10%]",1,2,Cloud-RCS-FP32-Compat,0.6810296115225768,0.7572410506954363,0.98613575,0.9870488544718022,0.8342386420369445,0.15705658206916384,0.7457743675123963,1.0
62,ROI_12876__20211202T075209_20211202T081622_T35KPP,ROI_12876,AF,"(0,10%]",1,2,Cloud-RCS-FP16-Opt-v2,0.6808174639806418,0.756965462705819,0.98612825,0.9870424361062855,0.8343770287141073,0.15641514181975052,0.7454352492824236,0.999964
62,ROI_12876__20211202T075209_20211202T081622_T35KPP,ROI_12876,AF,"(0,10%]",1,2,Cloud-RCS-MP-Task-v2,0.6755522486139505,0.7493013822094212,0.98596,0.9868686390581788,0.8340868037883097,0.13690197631304224,0.7443515752962713,0.99973625
63,ROI_12888__20201014T104031_20201014T104437_T32VPK,ROI_12888,EU,"(10,50%]",0,9,Cloud-RCS-FP32-Compat,0.5687020954780708,0.6375313841345267,0.9271695,0.9308318217154703,0.8304745931996432,0.0,0.5135019669971697,1.0
63,ROI_12888__20201014T104031_20201014T104437_T32VPK,ROI_12888,EU,"(10,50%]",0,9,Cloud-RCS-FP16-Opt-v2,0.5687725910874453,0.6375926771940648,0.9272195,0.9309218868984246,0.8303683301864458,0.0,0.5138001472649105,0.9994905
63,ROI_12888__20201014T104031_20201014T104437_T32VPK,ROI_12888,EU,"(10,50%]",0,9,Cloud-RCS-MP-Task-v2,0.5705270724167997,0.6391299132688546,0.927726,0.9315955098764158,0.8293451263100503,0.0,0.5211676534807326,0.99580775
64,ROI_12892__20190406T072621_20190406T072616_T48XVN,ROI_12892,AS,"(50,100%]",7,22,Cloud-RCS-FP32-Compat,0.49122029168663106,0.6242267212566909,0.76363025,0.8324756238041056,0.5746295497331385,0.19407630239206244,0.36369969081721776,1.0
64,ROI_12892__20190406T072621_20190406T072616_T48XVN,ROI_12892,AS,"(50,100%]",7,22,Cloud-RCS-FP16-Opt-v2,0.4909648395169214,0.6239505511107684,0.76344725,0.8324743426671991,0.5745229535937366,0.1939708570487997,0.36289120475795,0.99899
64,ROI_12892__20190406T072621_20190406T072616_T48XVN,ROI_12892,AS,"(50,100%]",7,22,Cloud-RCS-MP-Task-v2,0.48795184969742394,0.6213592349940742,0.7610595,0.8281330764326252,0.5735719174579698,0.19495598443068002,0.3551464204684207,0.98959425
65,ROI_12912__20190928T105029_20190928T105027_T32VPN,ROI_12912,EU,"(50,100%]",0,7,Cloud-RCS-FP32-Compat,0.40514909551436773,0.46867292915332665,0.934435,nan,0.9327086746949619,0.0,0.2827386118481414,1.0
65,ROI_12912__20190928T105029_20190928T105027_T32VPN,ROI_12912,EU,"(50,100%]",0,7,Cloud-RCS-FP16-Opt-v2,0.40501640256443433,0.46850473790330865,0.93446,nan,0.9327388718059239,0.0,0.28231033588737925,0.999698
65,ROI_12912__20190928T105029_20190928T105027_T32VPN,ROI_12912,EU,"(50,100%]",0,7,Cloud-RCS-MP-Task-v2,0.40641922639863376,0.47019641612910684,0.93452725,nan,0.9327790199486075,0.0,0.2864786592472938,0.998263
66,ROI_12937__20190223T152641_20190223T152820_T18NWL,ROI_12937,SA,"(50,100%]",15,11,Cloud-RCS-FP32-Compat,0.7116799297618308,0.8241631896949972,0.84946975,0.6830075683789101,0.9225576362823594,0.5377705169598805,0.7033839974261731,1.0
66,ROI_12937__20190223T152641_20190223T152820_T18NWL,ROI_12937,SA,"(50,100%]",15,11,Cloud-RCS-FP16-Opt-v2,0.7117454746640896,0.8242180174240628,0.84959075,0.6834661678819027,0.9225704064274878,0.5379812209833632,0.7029641033636045,0.99920975
66,ROI_12937__20190223T152641_20190223T152820_T18NWL,ROI_12937,SA,"(50,100%]",15,11,Cloud-RCS-MP-Task-v2,0.715509818289981,0.8271019330127101,0.8528185,0.6921879865200367,0.9227091359805513,0.5449785331561403,0.7021636175031954,0.993818
67,ROI_12938__20190223T152641_20190223T152820_T18NWL,ROI_12938,SA,"(50,100%]",44,9,Cloud-RCS-FP32-Compat,0.6248795159189496,0.7612316885154662,0.75416775,0.6151675222103091,0.836924095250659,0.5740585062498132,0.4733679399650172,1.0
67,ROI_12938__20190223T152641_20190223T152820_T18NWL,ROI_12938,SA,"(50,100%]",44,9,Cloud-RCS-FP16-Opt-v2,0.624868805830712,0.7612311876098581,0.75401775,0.6151614429212714,0.8370012243018123,0.573513899758413,0.4737986563413508,0.99848275
67,ROI_12938__20190223T152641_20190223T152820_T18NWL,ROI_12938,SA,"(50,100%]",44,9,Cloud-RCS-MP-Task-v2,0.624650951643584,0.7610009683232748,0.75261275,0.615393539899726,0.8391003260057242,0.5679678450632443,0.47614209560564147,0.98773325
68,ROI_12945__20191003T141021_20191003T141021_T26XNG,ROI_12945,NA,0%,0,0,Cloud-RCS-FP32-Compat,0.2429288125,0.2464136872705123,0.97171525,0.97171525,0.0,0.0,0.0,1.0
68,ROI_12945__20191003T141021_20191003T141021_T26XNG,ROI_12945,NA,0%,0,0,Cloud-RCS-FP16-Opt-v2,0.2429936875,0.2464470577019305,0.97197475,0.97197475,0.0,0.0,0.0,0.999585
68,ROI_12945__20191003T141021_20191003T141021_T26XNG,ROI_12945,NA,0%,0,0,Cloud-RCS-MP-Task-v2,0.2429565625,0.24642796240287398,0.97182625,0.97182625,0.0,0.0,0.0,0.9981155
69,ROI_12966__20200204T043959_20200204T044017_T47UNT,ROI_12966,AS,"(10,50%]",43,0,Cloud-RCS-FP32-Compat,0.2998999885194886,0.3741280742637356,0.753098,0.6567735653884417,0.0,0.5428263886895127,0.0,1.0
69,ROI_12966__20200204T043959_20200204T044017_T47UNT,ROI_12966,AS,"(10,50%]",43,0,Cloud-RCS-FP16-Opt-v2,0.3000233652384968,0.37422343474688835,0.75332825,0.6570706530128798,0.0,0.5430228079411075,0.0,0.99925025
69,ROI_12966__20200204T043959_20200204T044017_T47UNT,ROI_12966,AS,"(10,50%]",43,0,Cloud-RCS-MP-Task-v2,0.3005199158549754,0.374575821583026,0.75486875,0.659368184968753,0.0,0.5427114784511486,0.0,0.991976
70,ROI_12976__20210507T180921_20210507T180915_T23XML,ROI_12976,NA,0%,0,0,Cloud-RCS-FP32-Compat,0.2418861875,0.24587617384560123,0.96754475,0.96754475,0.0,0.0,0.0,1.0
70,ROI_12976__20210507T180921_20210507T180915_T23XML,ROI_12976,NA,0%,0,0,Cloud-RCS-FP16-Opt-v2,0.2418853125,0.24587572179236394,0.96754125,0.96754125,0.0,0.0,0.0,0.999554
70,ROI_12976__20210507T180921_20210507T180915_T23XML,ROI_12976,NA,0%,0,0,Cloud-RCS-MP-Task-v2,0.2427834375,0.24633887730855403,0.97113375,0.97113375,0.0,0.0,0.0,0.996259
71,ROI_13028__20171202T105421_20171202T105415_T31TDK,ROI_13028,EU,"(50,100%]",15,28,Cloud-RCS-FP32-Compat,0.54428684435246,0.7011989393117496,0.704298,0.5750704853545839,0.6642438831944781,0.49030211223182385,0.44753089662895373,1.0
71,ROI_13028__20171202T105421_20171202T105415_T31TDK,ROI_13028,EU,"(50,100%]",15,28,Cloud-RCS-FP16-Opt-v2,0.5443704587431852,0.701263736854352,0.70435875,0.575160151653811,0.6643854739740979,0.49055722112195366,0.44737898822287886,0.99911125
71,ROI_13028__20171202T105421_20171202T105415_T31TDK,ROI_13028,EU,"(50,100%]",15,28,Cloud-RCS-MP-Task-v2,0.5424841964708603,0.6996853139421002,0.70327325,0.5747887326752815,0.6617541916745695,0.4862186411533883,0.4471752203802023,0.989706
72,ROI_13095__20191121T013711_20191121T013714_T52KDG,ROI_13095,OC,"(0,10%]",2,2,Cloud-RCS-FP32-Compat,0.5331712878450139,0.6424507751693638,0.9698675,0.9755243251087782,0.16771634469811664,0.34001064768095096,0.6494338338922098,1.0
72,ROI_13095__20191121T013711_20191121T013714_T52KDG,ROI_13095,OC,"(0,10%]",2,2,Cloud-RCS-FP16-Opt-v2,0.5333012329861011,0.6425969325330552,0.96989975,0.9755570471190078,0.16778726755103276,0.3404280703428858,0.6494325469314781,0.999864
72,ROI_13095__20191121T013711_20191121T013714_T52KDG,ROI_13095,OC,"(0,10%]",2,2,Cloud-RCS-MP-Task-v2,0.5340509940731917,0.6434803031367613,0.9709,0.9765223047041646,0.1681595967570522,0.3438214863290906,0.6477005885024594,0.99763475
73,ROI_13134__20190524T191919_20190524T191919_T16XEM,ROI_13134,NA,"(50,100%]",6,63,Cloud-RCS-FP32-Compat,0.1666285729047213,0.2558818993226696,0.41143175,0.42781400697589966,7.850252080316801e-05,0.09117539971385881,0.1474463824083235,1.0
73,ROI_13134__20190524T191919_20190524T191919_T16XEM,ROI_13134,NA,"(50,100%]",6,63,Cloud-RCS-FP16-Opt-v2,0.1660876736981233,0.25506857053974874,0.41058425,0.427530330203608,7.80895253024523e-05,0.09045024072800381,0.14629203433557894,0.99797675
73,ROI_13134__20190524T191919_20190524T191919_T16XEM,ROI_13134,NA,"(50,100%]",6,63,Cloud-RCS-MP-Task-v2,0.16216251464113984,0.24942290355090463,0.40695725,0.4228313642141235,8.175492792427158e-05,0.08347741332695967,0.14225952609555187,0.986942
74,ROI_13137__20190524T191919_20190524T191919_T16XEM,ROI_13137,NA,"(50,100%]",25,61,Cloud-RCS-FP32-Compat,0.0986954619333205,0.17165086850626754,0.2333005,0.20559964449944618,0.00015131936549400796,0.08665803789130765,0.10237284597703417,1.0
74,ROI_13137__20190524T191919_20190524T191919_T16XEM,ROI_13137,NA,"(50,100%]",25,61,Cloud-RCS-FP16-Opt-v2,0.09852510278155358,0.17137701648219672,0.232972,0.20547445707939013,0.00015105680133248,0.08650596267585249,0.10196893456963918,0.997885
74,ROI_13137__20190524T191919_20190524T191919_T16XEM,ROI_13137,NA,"(50,100%]",25,61,Cloud-RCS-MP-Task-v2,0.09701343402843697,0.16906110013158895,0.23135,0.20255434610865486,0.0001579588392519402,0.08480373353791075,0.10053769762793034,0.98439025
75,ROI_13150__20190603T182921_20190603T183929_T11UQT,ROI_13150,NA,"(0,10%]",1,0,Cloud-RCS-FP32-Compat,0.5725746858107651,0.6121891342405145,0.9948875,0.9948499508421667,nan,0.7228741065901289,0.0,1.0
75,ROI_13150__20190603T182921_20190603T183929_T11UQT,ROI_13150,NA,"(0,10%]",1,0,Cloud-RCS-FP16-Opt-v2,0.5725706441150761,0.6121862220352905,0.99489,0.9948532614751856,nan,0.7228586708700425,0.0,0.99996925
75,ROI_13150__20190603T182921_20190603T183929_T11UQT,ROI_13150,NA,"(0,10%]",1,0,Cloud-RCS-MP-Task-v2,0.580971342886938,0.6177328683419718,0.99550975,0.9954861281691432,nan,0.747427900491671,0.0,0.99913725
76,ROI_13155__20200702T143731_20200702T144503_T19HCC,ROI_13155,SA,0%,0,0,Cloud-RCS-FP32-Compat,0.23865675,0.24419671886247352,0.954627,0.954627,0.0,0.0,0.0,1.0
76,ROI_13155__20200702T143731_20200702T144503_T19HCC,ROI_13155,SA,0%,0,0,Cloud-RCS-FP16-Opt-v2,0.2386469375,0.24419158208681088,0.95458775,0.95458775,0.0,0.0,0.0,0.99987225
76,ROI_13155__20200702T143731_20200702T144503_T19HCC,ROI_13155,SA,0%,0,0,Cloud-RCS-MP-Task-v2,0.2385575625,0.24414478539568202,0.95423025,0.95423025,0.0,0.0,0.0,0.9993505
77,ROI_13175__20210702T050701_20210702T050655_T46VCJ,ROI_13175,AS,"(0,10%]",0,0,Cloud-RCS-FP32-Compat,0.5838980030414023,0.6492553609154919,0.9911205,0.9913464911187341,0.7589271287768622,0.0,0.5853183922700127,1.0
77,ROI_13175__20210702T050701_20210702T050655_T46VCJ,ROI_13175,AS,"(0,10%]",0,0,Cloud-RCS-FP16-Opt-v2,0.5838728776626957,0.649238228113333,0.991158,0.9913835345663313,0.758778132449796,0.0,0.5853298436346553,0.9999395
77,ROI_13175__20210702T050701_20210702T050655_T46VCJ,ROI_13175,AS,"(0,10%]",0,0,Cloud-RCS-MP-Task-v2,0.5845907769299681,0.6497950532046315,0.99116575,0.9913834846639423,0.7591444890023089,0.0,0.5878351340536214,0.9997235
78,ROI_13199__20200515T190909_20200515T191310_T11WPN,ROI_13199,NA,"(50,100%]",30,68,Cloud-RCS-FP32-Compat,0.010289125,0.01976480000845214,0.0411565,0.0,0.0411565,0.0,0.0,1.0
78,ROI_13199__20200515T190909_20200515T191310_T11WPN,ROI_13199,NA,"(50,100%]",30,68,Cloud-RCS-FP16-Opt-v2,0.0102144375,0.019626961513232715,0.04085775,0.0,0.04085775,0.0,0.0,0.9935225
78,ROI_13199__20200515T190909_20200515T191310_T11WPN,ROI_13199,NA,"(50,100%]",30,68,Cloud-RCS-MP-Task-v2,0.009796625,0.01885441159984276,0.0391865,0.0,0.0391865,0.0,0.0,0.9627575
79,ROI_13210__20190920T162949_20190920T163359_T17TLM,ROI_13210,NA,"(10,50%]",3,13,Cloud-RCS-FP32-Compat,0.602914463559077,0.7309891460173028,0.89950675,0.9011993874362021,0.6183864174782837,0.3173145308688238,0.5747575184529983,1.0
79,ROI_13210__20190920T162949_20190920T163359_T17TLM,ROI_13210,NA,"(10,50%]",3,13,Cloud-RCS-FP16-Opt-v2,0.6019931591611738,0.7303010887730291,0.89892875,0.9005721973301307,0.619167291513888,0.3176147104313456,0.5706184373693306,0.99907975
79,ROI_13210__20190920T162949_20190920T163359_T17TLM,ROI_13210,NA,"(10,50%]",3,13,Cloud-RCS-MP-Task-v2,0.6202613702996969,0.7441043435623529,0.9069085,0.9085977663948596,0.6221199684947974,0.3178911193044745,0.632436627004656,0.989066
80,ROI_13211__20210409T011649_20210409T011649_T57VUK,ROI_13211,AS,0%,0,0,Cloud-RCS-FP32-Compat,0.499876875,0.4999384299191838,0.99975375,0.99975375,nan,nan,0.0,1.0
80,ROI_13211__20210409T011649_20210409T011649_T57VUK,ROI_13211,AS,0%,0,0,Cloud-RCS-FP16-Opt-v2,0.499877125,0.4999385549499395,0.99975425,0.99975425,nan,nan,0.0,0.9999995
80,ROI_13211__20210409T011649_20210409T011649_T57VUK,ROI_13211,AS,0%,0,0,Cloud-RCS-MP-Task-v2,0.499876375,0.4999381798574849,0.99975275,0.99975275,nan,nan,0.0,0.999997
81,ROI_13212__20210409T011649_20210409T011649_T57VUK,ROI_13212,AS,0%,0,0,Cloud-RCS-FP32-Compat,1.0,1.0,1.0,1.0,nan,nan,nan,1.0
81,ROI_13212__20210409T011649_20210409T011649_T57VUK,ROI_13212,AS,0%,0,0,Cloud-RCS-FP16-Opt-v2,1.0,1.0,1.0,1.0,nan,nan,nan,1.0
81,ROI_13212__20210409T011649_20210409T011649_T57VUK,ROI_13212,AS,0%,0,0,Cloud-RCS-MP-Task-v2,1.0,1.0,1.0,1.0,nan,nan,nan,1.0
82,ROI_13215__20200409T043701_20200409T044548_T46SEG,ROI_13215,AS,0%,0,0,Cloud-RCS-FP32-Compat,0.2488736875,0.24943557230606594,0.99549475,0.99549475,0.0,0.0,0.0,1.0
82,ROI_13215__20200409T043701_20200409T044548_T46SEG,ROI_13215,AS,0%,0,0,Cloud-RCS-FP16-Opt-v2,0.248866625,0.24943202504276568,0.9954665,0.9954665,0.0,0.0,0.0,0.99993875
82,ROI_13215__20200409T043701_20200409T044548_T46SEG,ROI_13215,AS,0%,0,0,Cloud-RCS-MP-Task-v2,0.2486190625,0.24930761898017087,0.99447625,0.99447625,0.0,0.0,0.0,0.998875
83,ROI_13218__20180428T095029_20180428T095759_T33TUF,ROI_13218,EU,"(10,50%]",10,1,Cloud-RCS-FP32-Compat,0.4253352851239571,0.5398399735118344,0.69692425,0.664188836449681,0.7303466416580218,0.22913633554206989,0.07766932684605572,1.0
83,ROI_13218__20180428T095029_20180428T095759_T33TUF,ROI_13218,EU,"(10,50%]",10,1,Cloud-RCS-FP16-Opt-v2,0.4254423828695196,0.5398742387385935,0.69750075,0.6648664373280073,0.7301475687755259,0.22946871630883503,0.07728680906571009,0.99876625
83,ROI_13218__20180428T095029_20180428T095759_T33TUF,ROI_13218,EU,"(10,50%]",10,1,Cloud-RCS-MP-Task-v2,0.42947318973965265,0.544328724536428,0.7004045,0.6678433293563617,0.736252696179129,0.23064039890300336,0.08315633452011674,0.994129
84,ROI_13225__20190305T055729_20190305T060617_T42SYG,ROI_13225,AS,0%,0,0,Cloud-RCS-FP32-Compat,1.0,1.0,1.0,1.0,nan,nan,nan,1.0
84,ROI_13225__20190305T055729_20190305T060617_T42SYG,ROI_13225,AS,0%,0,0,Cloud-RCS-FP16-Opt-v2,1.0,1.0,1.0,1.0,nan,nan,nan,1.0
84,ROI_13225__20190305T055729_20190305T060617_T42SYG,ROI_13225,AS,0%,0,0,Cloud-RCS-MP-Task-v2,1.0,1.0,1.0,1.0,nan,nan,nan,1.0
85,ROI_13238__20190426T090601_20190426T090557_T47XMK,ROI_13238,AS,"(10,50%]",12,26,Cloud-RCS-FP32-Compat,0.21456592155272539,0.28942574174196556,0.59218775,0.6301132026317133,0.002516237040622857,0.20698939417210324,0.01864485236646203,1.0
85,ROI_13238__20190426T090601_20190426T090557_T47XMK,ROI_13238,AS,"(10,50%]",12,26,Cloud-RCS-FP16-Opt-v2,0.21437575057921918,0.2892662647948774,0.59171175,0.6296108818337184,0.002521279599822502,0.20655987811259574,0.018810962770740146,0.998764
85,ROI_13238__20190426T090601_20190426T090557_T47XMK,ROI_13238,AS,"(10,50%]",12,26,Cloud-RCS-MP-Task-v2,0.2130465853060366,0.287006244679211,0.59065825,0.6288313739741022,0.002491024244624632,0.20597916649565354,0.014884776509766056,0.99425125
86,ROI_13260__20190204T112251_20190204T112808_T29SNB,ROI_13260,EU,"(50,100%]",42,5,Cloud-RCS-FP32-Compat,0.30048614878562335,0.43149854837905616,0.580431,0.511299665346087,0.28734352482409786,0.3720384226697835,0.0312629823025252,1.0
86,ROI_13260__20190204T112251_20190204T112808_T29SNB,ROI_13260,EU,"(50,100%]",42,5,Cloud-RCS-FP16-Opt-v2,0.3004475834368698,0.4314590954247699,0.58046425,0.5112725817537762,0.2870525713235762,0.37214948634611617,0.03131569432401041,0.9987035
86,ROI_13260__20190204T112251_20190204T112808_T29SNB,ROI_13260,EU,"(50,100%]",42,5,Cloud-RCS-MP-Task-v2,0.3027767548875943,0.436169438263145,0.579999,0.5118969268989725,0.2873417041828813,0.3692379007171158,0.04263048775140776,0.9882085
87,ROI_13267__20190917T103021_20190917T103549_T32TLP,ROI_13267,EU,0%,0,0,Cloud-RCS-FP32-Compat,0.249952875,0.24997643527902505,0.9998115,0.9998115,0.0,0.0,0.0,1.0
87,ROI_13267__20190917T103021_20190917T103549_T32TLP,ROI_13267,EU,0%,0,0,Cloud-RCS-FP16-Opt-v2,0.249952375,0.2499761852316433,0.9998095,0.9998095,0.0,0.0,0.0,0.99999275
87,ROI_13267__20190917T103021_20190917T103549_T32TLP,ROI_13267,EU,0%,0,0,Cloud-RCS-MP-Task-v2,0.33327625,0.33330478922257717,0.99982875,0.99982875,0.0,0.0,nan,0.99997725
88,ROI_13284__20190202T163509_20190202T163908_T16SEG,ROI_13284,NA,0%,0,0,Cloud-RCS-FP32-Compat,0.2472881875,0.24863669972052171,0.98915275,0.98915275,0.0,0.0,0.0,1.0
88,ROI_13284__20190202T163509_20190202T163908_T16SEG,ROI_13284,NA,0%,0,0,Cloud-RCS-FP16-Opt-v2,0.2473166875,0.2486511047349482,0.98926675,0.98926675,0.0,0.0,0.0,0.9998355
88,ROI_13284__20190202T163509_20190202T163908_T16SEG,ROI_13284,NA,0%,0,0,Cloud-RCS-MP-Task-v2,0.247449125,0.2487180221696038,0.9897965,0.9897965,0.0,0.0,0.0,0.99893775
89,ROI_13305__20220805T080609_20220805T083108_T34HEK,ROI_13305,AF,"(10,50%]",17,12,Cloud-RCS-FP32-Compat,0.26881922873610076,0.3419430044203483,0.727166,0.7094703028314395,0.0,0.3635701343366263,0.0022364777763369667,1.0
89,ROI_13305__20220805T080609_20220805T083108_T34HEK,ROI_13305,AF,"(10,50%]",17,12,Cloud-RCS-FP16-Opt-v2,0.2692088564869403,0.34225006118761137,0.72832125,0.7106857131099419,0.0,0.3638826302321489,0.0022670826056704714,0.998535
89,ROI_13305__20220805T080609_20220805T083108_T34HEK,ROI_13305,AF,"(10,50%]",17,12,Cloud-RCS-MP-Task-v2,0.2620945716144074,0.3355469335313617,0.7177315,0.7003762859943967,0.0,0.3456775479561238,0.0023244525071090118,0.98946025
90,ROI_13362__20210525T154911_20210525T155853_T18TWM,ROI_13362,NA,"(0,10%]",3,1,Cloud-RCS-FP32-Compat,0.7128399165686968,0.8202789561364201,0.98344625,0.9855351403705123,0.5140890120937034,0.6086186798776045,0.7431168339329672,1.0
90,ROI_13362__20210525T154911_20210525T155853_T18TWM,ROI_13362,NA,"(0,10%]",3,1,Cloud-RCS-FP16-Opt-v2,0.7130022149482158,0.8203956163037847,0.9834495,0.9855365413652746,0.5142195263206023,0.6087203501540299,0.7435324419529563,0.99994075
90,ROI_13362__20210525T154911_20210525T155853_T18TWM,ROI_13362,NA,"(0,10%]",3,1,Cloud-RCS-MP-Task-v2,0.7098617764742245,0.8179550992113787,0.98321425,0.9853135112751324,0.5112344135849517,0.6012539368208756,0.7416452442159382,0.99945725
91,ROI_13416__20190712T162839_20190712T162842_T17VPJ,ROI_13416,NA,0%,0,0,Cloud-RCS-FP32-Compat,0.2748436521333756,0.29857859480919247,0.99527,0.9952883744891988,0.07072018890200708,0.0,0.033366045142296366,1.0
91,ROI_13416__20190712T162839_20190712T162842_T17VPJ,ROI_13416,NA,0%,0,0,Cloud-RCS-FP16-Opt-v2,0.2753657257279557,0.29945668483937393,0.9953785,0.9953966629995691,0.0726246814706953,0.0,0.03344155844155844,0.99986575
91,ROI_13416__20190712T162839_20190712T162842_T17VPJ,ROI_13416,NA,0%,0,0,Cloud-RCS-MP-Task-v2,0.2739549474513901,0.29706555840975746,0.99507675,0.9950950565682802,0.06796391898791626,0.0,0.03276081424936387,0.99971375
92,ROI_13423__20200614T081611_20200614T081609_T42XVL,ROI_13423,AS,"(10,50%]",0,14,Cloud-RCS-FP32-Compat,0.6069157301184114,0.7244112749268232,0.84889575,0.8000081510483307,0.9095072082879709,0.37968783106151566,0.33845973007582786,1.0
92,ROI_13423__20200614T081611_20200614T081609_T42XVL,ROI_13423,AS,"(10,50%]",0,14,Cloud-RCS-FP16-Opt-v2,0.6070004532784812,0.724489496761377,0.84901625,0.8002662275779482,0.9093823164584722,0.37980225988700567,0.3385510091904987,0.9996295
92,ROI_13423__20200614T081611_20200614T081609_T42XVL,ROI_13423,AS,"(10,50%]",0,14,Cloud-RCS-MP-Task-v2,0.6081189979927444,0.7262098143532458,0.84636175,0.7952651667849818,0.9095830134431849,0.38659577445081855,0.3410320372919922,0.9920395
93,ROI_13434__20190810T065629_20190810T070932_T39PUN,ROI_13434,AF,"(0,10%]",1,1,Cloud-RCS-FP32-Compat,0.46436642292880137,0.5563615089167075,0.98457075,0.9845079218771728,nan,0.23125645748169443,0.1773348894275369,1.0
93,ROI_13434__20190810T065629_20190810T070932_T39PUN,ROI_13434,AF,"(0,10%]",1,1,Cloud-RCS-FP16-Opt-v2,0.4636994158127829,0.5555038632799307,0.98454825,0.9844856963275929,nan,0.228828788355272,0.17778376275548374,0.9999645
93,ROI_13434__20190810T065629_20190810T070932_T39PUN,ROI_13434,AF,"(0,10%]",1,1,Cloud-RCS-MP-Task-v2,0.4496157073336764,0.5363172836761677,0.98409575,0.9840388364811827,nan,0.18759839863254016,0.17720988688730624,0.9994245
94,ROI_13438__20190317T040541_20190317T040540_T50WMB,ROI_13438,AS,"(50,100%]",82,0,Cloud-RCS-FP32-Compat,0.3163136254183196,0.41633307584511364,0.69420775,0.3008069619258249,nan,0.6481339143291339,0.0,1.0
94,ROI_13438__20190317T040541_20190317T040540_T50WMB,ROI_13438,AS,"(50,100%]",82,0,Cloud-RCS-FP16-Opt-v2,0.31623507288408925,0.41623010940511945,0.69421575,0.300503375279367,nan,0.6482018433729008,0.0,0.998449
94,ROI_13438__20190317T040541_20190317T040540_T50WMB,ROI_13438,AS,"(50,100%]",82,0,Cloud-RCS-MP-Task-v2,0.31253283984563596,0.4136576321979269,0.68523375,0.3016883405721423,nan,0.6359101789647656,0.0,0.980784
95,ROI_13447__20200626T044659_20200626T044742_T49WDV,ROI_13447,AS,"(10,50%]",15,9,Cloud-RCS-FP32-Compat,0.46019056593345065,0.6054101945818315,0.5003635,0.3548127984777071,0.7644660516626296,0.22606519105904302,0.49541822253442275,1.0
95,ROI_13447__20200626T044659_20200626T044742_T49WDV,ROI_13447,AS,"(10,50%]",15,9,Cloud-RCS-FP16-Opt-v2,0.46016975798855675,0.6054288206774419,0.50057375,0.3551880990465977,0.7642722804446213,0.226127177211639,0.49509147525136876,0.99913325
95,ROI_13447__20200626T044659_20200626T044742_T49WDV,ROI_13447,AS,"(10,50%]",15,9,Cloud-RCS-MP-Task-v2,0.4626334279527671,0.6087080264187558,0.50902475,0.36819343452886577,0.7609363619810634,0.22860679962213085,0.4927971156790084,0.98716575
96,ROI_13458__20220715T083609_20220715T090315_T33JXK,ROI_13458,AF,0%,0,0,Cloud-RCS-FP32-Compat,0.2499476875,0.249973841013116,0.99979075,0.99979075,0.0,0.0,0.0,1.0
96,ROI_13458__20220715T083609_20220715T090315_T33JXK,ROI_13458,AF,0%,0,0,Cloud-RCS-FP16-Opt-v2,0.249948,0.24997399729571876,0.999792,0.999792,0.0,0.0,0.0,0.99999825
96,ROI_13458__20220715T083609_20220715T090315_T33JXK,ROI_13458,AF,0%,0,0,Cloud-RCS-MP-Task-v2,0.249958125,0.2499790607463375,0.9998325,0.9998325,0.0,0.0,0.0,0.99995825
97,ROI_13467__20190314T104021_20190314T104619_T31TCH,ROI_13467,EU,0%,0,0,Cloud-RCS-FP32-Compat,0.3332836666666667,0.3333084981497788,0.999851,0.999851,0.0,0.0,nan,1.0
97,ROI_13467__20190314T104021_20190314T104619_T31TCH,ROI_13467,EU,0%,0,0,Cloud-RCS-FP16-Opt-v2,0.333285,0.3333091649144563,0.999855,0.999855,0.0,0.0,nan,0.9999955
97,ROI_13467__20190314T104021_20190314T104619_T31TCH,ROI_13467,EU,0%,0,0,Cloud-RCS-MP-Task-v2,0.3332884166666667,0.33331087348676786,0.99986525,0.99986525,0.0,0.0,nan,0.99998175
98,ROI_13472__20190429T082609_20190429T083847_T36SWH,ROI_13472,EU,0%,0,0,Cloud-RCS-FP32-Compat,0.7478873274423674,0.839521873474976,0.99992725,0.999927236211262,0.7484076433121019,nan,0.4953271028037383,1.0
98,ROI_13472__20190429T082609_20190429T083847_T36SWH,ROI_13472,EU,0%,0,0,Cloud-RCS-FP16-Opt-v2,0.7462693344082275,0.8380918788658996,0.999927,0.9999269861821349,0.7481402763018066,nan,0.49074074074074076,0.99999925
98,ROI_13472__20190429T082609_20190429T083847_T36SWH,ROI_13472,EU,0%,0,0,Cloud-RCS-MP-Task-v2,0.760824495067545,0.8512221860813248,0.99992825,0.9999282365802405,0.7417289220917823,nan,0.5408163265306123,0.9999935
99,ROI_13500__20200424T043659_20200424T043655_T49WDQ,ROI_13500,AS,0%,0,0,Cloud-RCS-FP32-Compat,0.498273,0.4991350061556308,0.996546,0.996546,nan,0.0,nan,1.0
99,ROI_13500__20200424T043659_20200424T043655_T49WDQ,ROI_13500,AS,0%,0,0,Cloud-RCS-FP16-Opt-v2,0.4982515,0.4991242186963906,0.996503,0.996503,nan,0.0,nan,0.9999175
99,ROI_13500__20200424T043659_20200424T043655_T49WDQ,ROI_13500,AS,0%,0,0,Cloud-RCS-MP-Task-v2,0.498295625,0.4991463575731888,0.99659125,0.99659125,nan,0.0,nan,0.99948375
100,ROI_13529__20190826T095031_20190826T100037_T32SQB,ROI_13529,AF,0%,0,0,Cloud-RCS-FP32-Compat,1.0,1.0,1.0,1.0,nan,nan,nan,1.0
100,ROI_13529__20190826T095031_20190826T100037_T32SQB,ROI_13529,AF,0%,0,0,Cloud-RCS-FP16-Opt-v2,1.0,1.0,1.0,1.0,nan,nan,nan,1.0
100,ROI_13529__20190826T095031_20190826T100037_T32SQB,ROI_13529,AF,0%,0,0,Cloud-RCS-MP-Task-v2,1.0,1.0,1.0,1.0,nan,nan,nan,1.0
101,ROI_13555__20200422T085549_20200422T090559_T35SMD,ROI_13555,EU,"(50,100%]",1,9,Cloud-RCS-FP32-Compat,0.6829687719856481,0.781459872677825,0.95095825,0.8098051348897156,0.9645182079111507,0.2874140094319214,0.6701377357098048,1.0
101,ROI_13555__20200422T085549_20200422T090559_T35SMD,ROI_13555,EU,"(50,100%]",1,9,Cloud-RCS-FP16-Opt-v2,0.6832519937618339,0.7816609004300932,0.9510295,0.8104399980227276,0.9645022677389296,0.2875292182495022,0.6705364910361761,0.9997415
101,ROI_13555__20200422T085549_20200422T090559_T35SMD,ROI_13555,EU,"(50,100%]",1,9,Cloud-RCS-MP-Task-v2,0.6842585800059552,0.7832557196274996,0.95092575,0.8089617985743008,0.9645785060552367,0.29446679417001914,0.6690272212242642,0.99838575
102,ROI_13605__20191226T103431_20191226T103434_T32UNV,ROI_13605,EU,"(50,100%]",16,4,Cloud-RCS-FP32-Compat,0.5727724338167269,0.7013511839397941,0.79823725,0.6793180291511617,0.8830671112291677,0.44287928539551935,0.28582530949105917,1.0
102,ROI_13605__20191226T103431_20191226T103434_T32UNV,ROI_13605,EU,"(50,100%]",16,4,Cloud-RCS-FP16-Opt-v2,0.5733266478388553,0.701859720022162,0.7987325,0.6803258938947135,0.8830978060478067,0.443370243032025,0.28651264838087614,0.998947
102,ROI_13605__20191226T103431_20191226T103434_T32UNV,ROI_13605,EU,"(50,100%]",16,4,Cloud-RCS-MP-Task-v2,0.5718805357441515,0.7006879061141319,0.79718175,0.6778609759207985,0.881911533168945,0.44212068254768006,0.2856289513391824,0.994822
103,ROI_13630__20190626T010659_20190626T010656_T57WXT,ROI_13630,AS,"(10,50%]",2,25,Cloud-RCS-FP32-Compat,0.5026307596782545,0.6190647742720693,0.7842685,0.7632164796336537,0.7519208020856063,0.10592852395713571,0.3894572330366225,1.0
103,ROI_13630__20190626T010659_20190626T010656_T57WXT,ROI_13630,AS,"(10,50%]",2,25,Cloud-RCS-FP16-Opt-v2,0.502439948763365,0.6190440206322095,0.78391675,0.7628401205348715,0.7512042876604587,0.10640429682795828,0.3893110900301714,0.9984525
103,ROI_13630__20190626T010659_20190626T010656_T57WXT,ROI_13630,AS,"(10,50%]",2,25,Cloud-RCS-MP-Task-v2,0.5221521082080631,0.6357214346365267,0.8024865,0.7880844581247887,0.7427482396836796,0.09880837296517418,0.4589673620586101,0.970752
104,ROI_13651__20190527T165901_20190527T165855_T16UCG,ROI_13651,NA,"(10,50%]",32,13,Cloud-RCS-FP32-Compat,0.4083370950898321,0.5339243229317842,0.612092,0.5246923397781186,0.642750282682439,0.4364464084794935,0.029459349419277418,1.0
104,ROI_13651__20190527T165901_20190527T165855_T16UCG,ROI_13651,NA,"(10,50%]",32,13,Cloud-RCS-FP16-Opt-v2,0.4086529885015504,0.5341238685301642,0.612774,0.5261366699276708,0.642711767110539,0.4366055580608701,0.0291579589071218,0.99755875
104,ROI_13651__20190527T165901_20190527T165855_T16UCG,ROI_13651,NA,"(10,50%]",32,13,Cloud-RCS-MP-Task-v2,0.4109246916077216,0.5360647990983024,0.61684825,0.5347391715082555,0.6388349765248114,0.4419533596280393,0.028171258769780202,0.97401525
105,ROI_13690__20190719T052651_20190719T052651_T45VXG,ROI_13690,AS,"(50,100%]",95,2,Cloud-RCS-FP32-Compat,0.29271267957100067,0.3940987540672293,0.6630595,0.0013032381498278487,0.1217430052299538,0.6511434662036145,0.39666100870060655,1.0
105,ROI_13690__20190719T052651_20190719T052651_T45VXG,ROI_13690,AS,"(50,100%]",95,2,Cloud-RCS-FP16-Opt-v2,0.2930548147969296,0.3944378782936231,0.663717,0.001293072576601968,0.12205088285372943,0.6518635260153534,0.3970117777420335,0.9975475
105,ROI_13690__20190719T052651_20190719T052651_T45VXG,ROI_13690,AS,"(50,100%]",95,2,Cloud-RCS-MP-Task-v2,0.2872158346682554,0.3902522391493396,0.64169175,0.0013333202455272422,0.12322044546650704,0.6287768741584083,0.3955326988025791,0.968853
106,ROI_13702__20190320T155941_20190320T160212_T18TVT,ROI_13702,NA,"(10,50%]",20,1,Cloud-RCS-FP32-Compat,0.49046872246071127,0.5998635035695319,0.84702075,0.8410179430159496,0.6080512933460588,0.46103638359891363,0.051769269881923125,1.0
106,ROI_13702__20190320T155941_20190320T160212_T18TVT,ROI_13702,NA,"(10,50%]",20,1,Cloud-RCS-FP16-Opt-v2,0.4903570121081783,0.5997867601948343,0.846777,0.8407343021874378,0.6086044020018884,0.4602002418966058,0.05188910234678118,0.999422
106,ROI_13702__20190320T155941_20190320T160212_T18TVT,ROI_13702,NA,"(10,50%]",20,1,Cloud-RCS-MP-Task-v2,0.4914240127977181,0.6009155937801474,0.8480815,0.8425332910733423,0.611769535660002,0.4575758829000305,0.05381734155749772,0.99276425
107,ROI_13718__20200516T160911_20200516T161044_T21XVD,ROI_13718,NA,"(50,100%]",0,2,Cloud-RCS-FP32-Compat,0.4244640203027618,0.4841209683929605,0.88809775,0.7365935013463226,0.8785262103826449,0.0,0.0827363694820798,1.0
107,ROI_13718__20200516T160911_20200516T161044_T21XVD,ROI_13718,NA,"(50,100%]",0,2,Cloud-RCS-FP16-Opt-v2,0.4243977942751549,0.4840816010615556,0.887997,0.736435339579694,0.8784125063330547,0.0,0.08274333118787099,0.9996025
107,ROI_13718__20200516T160911_20200516T161044_T21XVD,ROI_13718,NA,"(50,100%]",0,2,Cloud-RCS-MP-Task-v2,0.42344114837934976,0.48327192957312703,0.8865345,0.7352606505166992,0.8765978183006746,0.0,0.08190612470002534,0.997674
108,ROI_13731__20211011T043721_20211011T044557_T46SBD,ROI_13731,AS,0%,0,0,Cloud-RCS-FP32-Compat,0.499665375,0.4998326314943138,0.99933075,0.99933075,nan,nan,0.0,1.0
108,ROI_13731__20211011T043721_20211011T044557_T46SBD,ROI_13731,AS,0%,0,0,Cloud-RCS-FP16-Opt-v2,0.499714125,0.49985702162605733,0.99942825,0.99942825,nan,nan,0.0,0.999901
108,ROI_13731__20211011T043721_20211011T044557_T46SBD,ROI_13731,AS,0%,0,0,Cloud-RCS-MP-Task-v2,0.499750125,0.49987503127343946,0.99950025,0.99950025,nan,nan,0.0,0.9998245
109,ROI_13740__20191117T050101_20191117T050058_T47VNK,ROI_13740,AS,0%,0,0,Cloud-RCS-FP32-Compat,1.0,1.0,1.0,1.0,nan,nan,nan,1.0
109,ROI_13740__20191117T050101_20191117T050058_T47VNK,ROI_13740,AS,0%,0,0,Cloud-RCS-FP16-Opt-v2,1.0,1.0,1.0,1.0,nan,nan,nan,1.0
109,ROI_13740__20191117T050101_20191117T050058_T47VNK,ROI_13740,AS,0%,0,0,Cloud-RCS-MP-Task-v2,1.0,1.0,1.0,1.0,nan,nan,nan,1.0
110,ROI_13751__20191008T045701_20191008T050028_T45TXF,ROI_13751,AS,"(50,100%]",31,31,Cloud-RCS-FP32-Compat,0.3886263420484886,0.530831590737098,0.58288925,0.49034080416875775,0.44278025362426343,0.5403499699552726,0.0810343404456607,1.0
110,ROI_13751__20191008T045701_20191008T050028_T45TXF,ROI_13751,AS,"(50,100%]",31,31,Cloud-RCS-FP16-Opt-v2,0.3881971428274617,0.5303625066290663,0.5826235,0.4902100517010258,0.4420231337434387,0.5399029912568133,0.0806523946085688,0.99911275
110,ROI_13751__20191008T045701_20191008T050028_T45TXF,ROI_13751,AS,"(50,100%]",31,31,Cloud-RCS-MP-Task-v2,0.3981196095428702,0.5403070669040932,0.58202,0.48843346030653967,0.48645685089704405,0.5341113518460179,0.08347677512187925,0.99049525
111,ROI_13789__20190614T052659_20190614T052653_T47XPA,ROI_13789,AS,"(50,100%]",27,42,Cloud-RCS-FP32-Compat,0.358694253596697,0.4941049716994716,0.50158075,0.4796539175715936,0.49150336803429273,0.4271072065189712,0.036512522261930386,1.0
111,ROI_13789__20190614T052659_20190614T052653_T47XPA,ROI_13789,AS,"(50,100%]",27,42,Cloud-RCS-FP16-Opt-v2,0.3588620784772842,0.49427297601192577,0.50170425,0.47946753353991106,0.49211314078398294,0.4272972577570845,0.03657038182815841,0.99893225
111,ROI_13789__20190614T052659_20190614T052653_T47XPA,ROI_13789,AS,"(50,100%]",27,42,Cloud-RCS-MP-Task-v2,0.3612670269803987,0.4963858414070858,0.503136,0.4842385076160502,0.49746187211417375,0.42701408998936285,0.036353638202008015,0.99106925
112,ROI_13810__20190730T214531_20190730T214534_T07WDS,ROI_13810,NA,"(50,100%]",12,23,Cloud-RCS-FP32-Compat,0.6522602849114842,0.7806279182600682,0.8247155,0.6752381288187501,0.8291096152069818,0.4404593906151539,0.6642340050050511,1.0
112,ROI_13810__20190730T214531_20190730T214534_T07WDS,ROI_13810,NA,"(50,100%]",12,23,Cloud-RCS-FP16-Opt-v2,0.6521529220255373,0.7805184127778731,0.82470425,0.6754261190792085,0.8291913439960307,0.4399805227924202,0.6640137022344899,0.99916375
112,ROI_13810__20190730T214531_20190730T214534_T07WDS,ROI_13810,NA,"(50,100%]",12,23,Cloud-RCS-MP-Task-v2,0.6536147942930408,0.7817130690790756,0.82554525,0.6773396555817585,0.8301962146602782,0.44289711476216714,0.6640261921679593,0.995023
113,ROI_13813__20201028T072211_20201028T072237_T38KMC,ROI_13813,AF,0%,0,0,Cloud-RCS-FP32-Compat,0.2303548125,0.2397756892463735,0.92141925,0.92141925,0.0,0.0,0.0,1.0
113,ROI_13813__20201028T072211_20201028T072237_T38KMC,ROI_13813,AF,0%,0,0,Cloud-RCS-FP16-Opt-v2,0.2302405,0.23971374759105074,0.920962,0.920962,0.0,0.0,0.0,0.99925575
113,ROI_13813__20201028T072211_20201028T072237_T38KMC,ROI_13813,AF,0%,0,0,Cloud-RCS-MP-Task-v2,0.232606125,0.24098961135232172,0.9304245,0.9304245,0.0,0.0,0.0,0.99084825
114,ROI_13841__20210714T154911_20210714T160254_T17SPT,ROI_13841,NA,"(10,50%]",0,3,Cloud-RCS-FP32-Compat,0.6632298142158407,0.7015749166606554,0.98520175,0.9859230817757947,0.9210848667823299,0.0,0.7459113083052382,1.0
114,ROI_13841__20210714T154911_20210714T160254_T17SPT,ROI_13841,NA,"(10,50%]",0,3,Cloud-RCS-FP16-Opt-v2,0.6635070838116408,0.7017487677245496,0.9852605,0.9859893253914659,0.9212786889725944,0.0,0.7467603208825031,0.9999085
114,ROI_13841__20210714T154911_20210714T160254_T17SPT,ROI_13841,NA,"(10,50%]",0,3,Cloud-RCS-MP-Task-v2,0.6574929118768252,0.6978008187060949,0.98422525,0.9848142130500787,0.9212629632076095,0.0,0.7238944712496127,0.99883475
115,ROI_13851__20200817T075621_20200817T080824_T36LTP,ROI_13851,AF,"(10,50%]",14,0,Cloud-RCS-FP32-Compat,0.30956713397391195,0.34618335808290907,0.87134875,0.8723207032965257,nan,0.056380698625210106,0.0,1.0
115,ROI_13851__20200817T075621_20200817T080824_T36LTP,ROI_13851,AF,"(10,50%]",14,0,Cloud-RCS-FP16-Opt-v2,0.3093663854912492,0.3458264305710778,0.8712725,0.8723131983866187,nan,0.055785958087128856,0.0,0.99982075
115,ROI_13851__20200817T075621_20200817T080824_T36LTP,ROI_13851,AF,"(10,50%]",14,0,Cloud-RCS-MP-Task-v2,0.30594918996236636,0.3400251753333579,0.8698485,0.871382289471334,nan,0.04646528041576516,0.0,0.99844025
116,ROI_13863__20190319T145731_20190319T145727_T21UVV,ROI_13863,NA,0%,0,0,Cloud-RCS-FP32-Compat,1.0,1.0,1.0,1.0,nan,nan,nan,1.0
116,ROI_13863__20190319T145731_20190319T145727_T21UVV,ROI_13863,NA,0%,0,0,Cloud-RCS-FP16-Opt-v2,1.0,1.0,1.0,1.0,nan,nan,nan,1.0
116,ROI_13863__20190319T145731_20190319T145727_T21UVV,ROI_13863,NA,0%,0,0,Cloud-RCS-MP-Task-v2,1.0,1.0,1.0,1.0,nan,nan,nan,1.0
117,ROI_13864__20190319T145731_20190319T145727_T21UVV,ROI_13864,NA,0%,0,0,Cloud-RCS-FP32-Compat,0.3308236666666667,0.33207375832989955,0.992471,0.992471,0.0,nan,0.0,1.0
117,ROI_13864__20190319T145731_20190319T145727_T21UVV,ROI_13864,NA,0%,0,0,Cloud-RCS-FP16-Opt-v2,0.33088258333333337,0.3321034370809726,0.99264775,0.99264775,0.0,nan,0.0,0.99980325
117,ROI_13864__20190319T145731_20190319T145727_T21UVV,ROI_13864,NA,0%,0,0,Cloud-RCS-MP-Task-v2,0.330608,0.3319650732193206,0.991824,0.991824,0.0,nan,0.0,0.9992615
118,ROI_13902__20190613T101031_20190613T101027_T33UWU,ROI_13902,EU,"(50,100%]",0,0,Cloud-RCS-FP32-Compat,0.09857531576630617,0.1416326203992071,0.39368675,0.000971235008727488,0.3933300280564972,0.0,0.0,1.0
118,ROI_13902__20190613T101031_20190613T101027_T33UWU,ROI_13902,EU,"(50,100%]",0,0,Cloud-RCS-FP16-Opt-v2,0.09835401333217997,0.14140414217582892,0.3928035,0.0009697949287806849,0.3924462583999392,0.0,0.0,0.99876075
118,ROI_13902__20190613T101031_20190613T101027_T33UWU,ROI_13902,EU,"(50,100%]",0,0,Cloud-RCS-MP-Task-v2,0.10006884045776049,0.14316695844442784,0.399648,0.000980576497265684,0.39929478533377627,0.0,0.0,0.989495
119,ROI_13916__20190718T200859_20190718T200901_T17XMJ,ROI_13916,NA,"(0,10%]",5,0,Cloud-RCS-FP32-Compat,0.37298281116019816,0.43667850191771324,0.93625,0.9416398697633048,0.059994828032066204,0.48515211607258524,0.005144430772836468,1.0
119,ROI_13916__20190718T200859_20190718T200901_T17XMJ,ROI_13916,NA,"(0,10%]",5,0,Cloud-RCS-FP16-Opt-v2,0.37322456309569446,0.4368965590934518,0.93645225,0.9418583839266136,0.06005719733079123,0.48581639824742423,0.005166272877949007,0.999533
119,ROI_13916__20190718T200859_20190718T200901_T17XMJ,ROI_13916,NA,"(0,10%]",5,0,Cloud-RCS-MP-Task-v2,0.3693900301516536,0.4342594616746027,0.93113225,0.9365221213878846,0.06234718826405868,0.47404226816491385,0.0046485427897574125,0.99280875
120,ROI_13917__20190718T200859_20190718T200901_T17XMJ,ROI_13917,NA,"(10,50%]",1,16,Cloud-RCS-FP32-Compat,0.4793414118444979,0.5704175938019848,0.899109,0.8944520834578825,0.0003213883978788366,0.6303350878107249,0.3922570877115052,1.0
120,ROI_13917__20190718T200859_20190718T200901_T17XMJ,ROI_13917,NA,"(10,50%]",1,16,Cloud-RCS-FP16-Opt-v2,0.4784317496529884,0.5695878634713142,0.898752,0.8941149678754513,0.0003222428099573028,0.6293361828559514,0.3899536050705935,0.9995225
120,ROI_13917__20190718T200859_20190718T200901_T17XMJ,ROI_13917,NA,"(10,50%]",1,16,Cloud-RCS-MP-Task-v2,0.47881203868947975,0.5711058045065046,0.90214175,0.8975993121823647,0.0003048548128953586,0.6051390853371051,0.4122049024255538,0.99592
121,ROI_13944__20180323T102021_20180323T102021_T32TMR,ROI_13944,EU,0%,0,0,Cloud-RCS-FP32-Compat,0.249889875,0.2499449253698127,0.9995595,0.9995595,0.0,0.0,0.0,1.0
121,ROI_13944__20180323T102021_20180323T102021_T32TMR,ROI_13944,EU,0%,0,0,Cloud-RCS-FP16-Opt-v2,0.2498903125,0.24994514421601238,0.99956125,0.99956125,0.0,0.0,0.0,0.99999675
121,ROI_13944__20180323T102021_20180323T102021_T32TMR,ROI_13944,EU,0%,0,0,Cloud-RCS-MP-Task-v2,0.2498988125,0.24994939600901733,0.99959525,0.99959525,0.0,0.0,0.0,0.999957
122,ROI_13950__20190916T023551_20190916T023548_T53VLL,ROI_13950,AS,0%,0,0,Cloud-RCS-FP32-Compat,0.2469826875,0.2484821843014401,0.98793075,0.98793075,0.0,0.0,0.0,1.0
122,ROI_13950__20190916T023551_20190916T023548_T53VLL,ROI_13950,AS,0%,0,0,Cloud-RCS-FP16-Opt-v2,0.247010875,0.24849644889561018,0.9880435,0.9880435,0.0,0.0,0.0,0.9998425
122,ROI_13950__20190916T023551_20190916T023548_T53VLL,ROI_13950,AS,0%,0,0,Cloud-RCS-MP-Task-v2,0.246772875,0.24837595551085595,0.9870915,0.9870915,0.0,0.0,0.0,0.99886925
123,ROI_13961__20200519T084559_20200519T084934_T36TVT,ROI_13961,EU,0%,0,0,Cloud-RCS-FP32-Compat,0.2497753125,0.24988760574283067,0.99910125,0.99910125,0.0,0.0,0.0,1.0
123,ROI_13961__20200519T084559_20200519T084934_T36TVT,ROI_13961,EU,0%,0,0,Cloud-RCS-FP16-Opt-v2,0.2497814375,0.2498906709595432,0.99912575,0.99912575,0.0,0.0,0.0,0.999967
123,ROI_13961__20200519T084559_20200519T084934_T36TVT,ROI_13961,EU,0%,0,0,Cloud-RCS-MP-Task-v2,0.24985925,0.24992960518385926,0.999437,0.999437,0.0,0.0,0.0,0.99966425
124,ROI_13987__20190209T085121_20190209T090412_T33KWV,ROI_13987,AF,0%,0,0,Cloud-RCS-FP32-Compat,0.3239085,0.3285533407160378,0.9717255,0.9717255,nan,0.0,0.0,1.0
124,ROI_13987__20190209T085121_20190209T090412_T33KWV,ROI_13987,AF,0%,0,0,Cloud-RCS-FP16-Opt-v2,0.32392308333333336,0.3285608428403408,0.97176925,0.97176925,nan,0.0,0.0,0.99966525
124,ROI_13987__20190209T085121_20190209T090412_T33KWV,ROI_13987,AF,0%,0,0,Cloud-RCS-MP-Task-v2,0.32642025,0.3298405730523379,0.97926075,0.97926075,nan,0.0,0.0,0.99246475
125,ROI_14015__20210429T061629_20210429T062921_T41RNM,ROI_14015,AS,0%,0,0,Cloud-RCS-FP32-Compat,0.499949125,0.49997456120580136,0.99989825,0.99989825,nan,nan,0.0,1.0
125,ROI_14015__20210429T061629_20210429T062921_T41RNM,ROI_14015,AS,0%,0,0,Cloud-RCS-FP16-Opt-v2,0.49994825,0.49997412366089944,0.9998965,0.9998965,nan,nan,0.0,0.99999775
125,ROI_14015__20210429T061629_20210429T062921_T41RNM,ROI_14015,AS,0%,0,0,Cloud-RCS-MP-Task-v2,0.499951,0.4999754987994412,0.999902,0.999902,nan,nan,0.0,0.99999625
126,ROI_14017__20220712T105631_20220712T105925_T30TWK,ROI_14017,EU,0%,0,0,Cloud-RCS-FP32-Compat,0.499977125,0.4999885622383612,0.99995425,0.99995425,nan,0.0,nan,1.0
126,ROI_14017__20220712T105631_20220712T105925_T30TWK,ROI_14017,EU,0%,0,0,Cloud-RCS-FP16-Opt-v2,0.499977,0.4999884997354939,0.999954,0.999954,nan,0.0,nan,0.99999975
126,ROI_14017__20220712T105631_20220712T105925_T30TWK,ROI_14017,EU,0%,0,0,Cloud-RCS-MP-Task-v2,0.499984625,0.49999231238180286,0.99996925,0.99996925,nan,0.0,nan,0.999985
127,ROI_14021__20190615T190921_20190615T190917_T22XER,ROI_14021,NA,"(50,100%]",9,35,Cloud-RCS-FP32-Compat,0.38725627526246864,0.5292874092583804,0.5680865,0.3923364895247555,0.7147373665251016,0.2635491831443476,0.1784020618556701,1.0
127,ROI_14021__20190615T190921_20190615T190917_T22XER,ROI_14021,NA,"(50,100%]",9,35,Cloud-RCS-FP16-Opt-v2,0.38699900630465917,0.5289224914788682,0.56778075,0.3920747562094272,0.7148992105427264,0.2633397644773631,0.17768229398911978,0.9986625
127,ROI_14021__20190615T190921_20190615T190917_T22XER,ROI_14021,NA,"(50,100%]",9,35,Cloud-RCS-MP-Task-v2,0.38853122422621894,0.5309105159520064,0.5695005,0.393770406541651,0.714918949674103,0.2641720457918554,0.18126349489726645,0.9939715
128,ROI_14030__20200314T064639_20200314T065511_T41TMM,ROI_14030,AS,0%,0,0,Cloud-RCS-FP32-Compat,0.2499890625,0.24999453113036849,0.99995625,0.99995625,0.0,0.0,0.0,1.0
128,ROI_14030__20200314T064639_20200314T065511_T41TMM,ROI_14030,AS,0%,0,0,Cloud-RCS-FP16-Opt-v2,0.2499894375,0.24999471863843123,0.99995775,0.99995775,0.0,0.0,0.0,0.9999985
128,ROI_14030__20200314T064639_20200314T065511_T41TMM,ROI_14030,AS,0%,0,0,Cloud-RCS-MP-Task-v2,0.33332375,0.33332854159778547,0.99997125,0.99997125,0.0,nan,0.0,0.999985
129,ROI_14084__20190314T213529_20190314T213638_T06WWT,ROI_14084,NA,0%,0,0,Cloud-RCS-FP32-Compat,0.499956875,0.49997843657007707,0.99991375,0.99991375,nan,nan,0.0,1.0
129,ROI_14084__20190314T213529_20190314T213638_T06WWT,ROI_14084,NA,0%,0,0,Cloud-RCS-FP16-Opt-v2,0.4999565,0.49997824905383387,0.999913,0.999913,nan,nan,0.0,0.99999925
129,ROI_14084__20190314T213529_20190314T213638_T06WWT,ROI_14084,NA,0%,0,0,Cloud-RCS-MP-Task-v2,0.4999585,0.4999792491388393,0.999917,0.999917,nan,nan,0.0,0.99999675
130,ROI_14086__20181221T013709_20181221T013751_T52JCL,ROI_14086,OC,0%,0,0,Cloud-RCS-FP32-Compat,0.3333258333333333,0.33332958329114537,0.9999775,0.9999775,0.0,0.0,nan,1.0
130,ROI_14086__20181221T013709_20181221T013751_T52JCL,ROI_14086,OC,0%,0,0,Cloud-RCS-FP16-Opt-v2,0.333326,0.3333296666263329,0.999978,0.999978,0.0,0.0,nan,0.9999995
130,ROI_14086__20181221T013709_20181221T013751_T52JCL,ROI_14086,OC,0%,0,0,Cloud-RCS-MP-Task-v2,0.33332775,0.3333305416432863,0.99998325,0.99998325,0.0,0.0,nan,0.99999425
131,ROI_14105__20220515T100031_20220515T100031_T33UVP,ROI_14105,EU,"(0,10%]",0,1,Cloud-RCS-FP32-Compat,0.537663959383145,0.6109386951415943,0.99319675,0.996700734253821,0.41655405405405405,0.006374203224596925,0.731026846000108,1.0
131,ROI_14105__20220515T100031_20220515T100031_T33UVP,ROI_14105,EU,"(0,10%]",0,1,Cloud-RCS-FP16-Opt-v2,0.5377610373972023,0.6110171804220333,0.99318675,0.9966888323137135,0.4168043870192308,0.006351578554081823,0.7311993517017829,0.999976
131,ROI_14105__20220515T100031_20220515T100031_T33UVP,ROI_14105,EU,"(0,10%]",0,1,Cloud-RCS-MP-Task-v2,0.5362068697660354,0.6095280253742668,0.993199,0.9967148753474042,0.41540016470764396,0.005332317653780233,0.7273801213553133,0.9998405
132,ROI_14107__20210918T051649_20210918T051646_T48WVE,ROI_14107,AS,"(50,100%]",0,28,Cloud-RCS-FP32-Compat,0.4981972616921472,0.592143117184684,0.85518125,0.46416302976026097,0.8337500521312238,0.004040873200185788,0.6908350916769183,1.0
132,ROI_14107__20210918T051649_20210918T051646_T48WVE,ROI_14107,AS,"(50,100%]",0,28,Cloud-RCS-FP16-Opt-v2,0.4986069794432555,0.5925312699216428,0.85531825,0.4654449464701799,0.8337941644128247,0.0041285893213341375,0.6910602175686833,0.99955575
132,ROI_14107__20210918T051649_20210918T051646_T48WVE,ROI_14107,AS,"(50,100%]",0,28,Cloud-RCS-MP-Task-v2,0.4893004455745315,0.5845814897681685,0.85135225,0.4352995480135155,0.8324879227532984,0.005456595264937993,0.6839577162663741,0.9944885
133,ROI_14109__20211127T034059_20211127T034058_T49UEP,ROI_14109,AS,0%,0,0,Cloud-RCS-FP32-Compat,0.249716125,0.24985798186920624,0.9988645,0.9988645,0.0,0.0,0.0,1.0
133,ROI_14109__20211127T034059_20211127T034058_T49UEP,ROI_14109,AS,0%,0,0,Cloud-RCS-FP16-Opt-v2,0.249719875,0.2498598589859969,0.9988795,0.9988795,0.0,0.0,0.0,0.9999825
133,ROI_14109__20211127T034059_20211127T034058_T49UEP,ROI_14109,AS,0%,0,0,Cloud-RCS-MP-Task-v2,0.24971425,0.24985704330024608,0.998857,0.998857,0.0,0.0,0.0,0.99995075
134,ROI_14111__20210709T142729_20210709T143814_T20KKC,ROI_14111,SA,0%,0,0,Cloud-RCS-FP32-Compat,0.499284375,0.4996419312570558,0.99856875,0.99856875,nan,nan,0.0,1.0
134,ROI_14111__20210709T142729_20210709T143814_T20KKC,ROI_14111,SA,0%,0,0,Cloud-RCS-FP16-Opt-v2,0.499286,0.4996427449198728,0.998572,0.998572,nan,nan,0.0,0.99998925
134,ROI_14111__20210709T142729_20210709T143814_T20KKC,ROI_14111,SA,0%,0,0,Cloud-RCS-MP-Task-v2,0.499278,0.4996387391696805,0.998556,0.998556,nan,nan,0.0,0.99994775
135,ROI_14170__20190302T173229_20190302T173231_T17XNB,ROI_14170,NA,"(50,100%]",32,11,Cloud-RCS-FP32-Compat,0.2879708203976808,0.37583159035691305,0.561119,0.626136928644936,0.4843430805795685,0.03216776877716529,0.009235503589053387,1.0
135,ROI_14170__20190302T173229_20190302T173231_T17XNB,ROI_14170,NA,"(50,100%]",32,11,Cloud-RCS-FP16-Opt-v2,0.28789878358155796,0.3756796052964375,0.5610775,0.6262947941768207,0.48420860051880005,0.032091411995558185,0.009000327635053096,0.99962225
135,ROI_14170__20190302T173229_20190302T173231_T17XNB,ROI_14170,NA,"(50,100%]",32,11,Cloud-RCS-MP-Task-v2,0.2868797616788956,0.37408466008072644,0.5610075,0.6229726153766993,0.4864878575183774,0.0315966841027156,0.006461889717790108,0.9950005
136,ROI_14185__20190724T020659_20190724T020701_T53VPC,ROI_14185,AS,"(0,10%]",7,0,Cloud-RCS-FP32-Compat,0.3079378661632838,0.3563825272446025,0.93463375,0.9327973364135036,0.0,0.2989541282396315,0.0,1.0
136,ROI_14185__20190724T020659_20190724T020701_T53VPC,ROI_14185,AS,"(0,10%]",7,0,Cloud-RCS-FP16-Opt-v2,0.3083437221000215,0.3568112564858339,0.9349475,0.9331170645431508,0.0,0.30025782385693517,0.0,0.99954225
136,ROI_14185__20190724T020659_20190724T020701_T53VPC,ROI_14185,AS,"(0,10%]",7,0,Cloud-RCS-MP-Task-v2,0.3082687302050443,0.3566146938427839,0.9355665,0.9337815502588149,0.0,0.2992933705613624,0.0,0.997633
137,ROI_14208__20190112T043141_20190112T043642_T46SDC,ROI_14208,AS,"(50,100%]",1,23,Cloud-RCS-FP32-Compat,0.6622943368888856,0.7539712041196558,0.93168175,0.7432795029287631,0.9544540835058912,0.19335188553147664,0.7580918755894114,1.0
137,ROI_14208__20190112T043141_20190112T043642_T46SDC,ROI_14208,AS,"(50,100%]",1,23,Cloud-RCS-FP16-Opt-v2,0.6615883676396723,0.7534431147094873,0.93142925,0.7418427489918138,0.9544546564300199,0.19299818503859525,0.7570578800982601,0.99934175
137,ROI_14208__20190112T043141_20190112T043642_T46SDC,ROI_14208,AS,"(50,100%]",1,23,Cloud-RCS-MP-Task-v2,0.6594822295689284,0.750997691160745,0.930533,0.7422387551757388,0.9540341464539999,0.18726919749308912,0.7543868191528859,0.99673125
138,ROI_14215__20180817T105619_20180817T110514_T31UCR,ROI_14215,EU,"(10,50%]",20,0,Cloud-RCS-FP32-Compat,0.2845710444758776,0.3664407001801111,0.804205,0.8053167357668086,0.0628067667381463,0.048529126974043706,0.22163154842451188,1.0
138,ROI_14215__20180817T105619_20180817T110514_T31UCR,ROI_14215,EU,"(10,50%]",20,0,Cloud-RCS-FP16-Opt-v2,0.2867418993770097,0.369288414399963,0.80425475,0.8053766965668039,0.06280975981700343,0.048282548442285564,0.2304985926819461,0.99975825
138,ROI_14215__20180817T105619_20180817T110514_T31UCR,ROI_14215,EU,"(10,50%]",20,0,Cloud-RCS-MP-Task-v2,0.263035589151962,0.33554633651202675,0.802007,0.8033570283836058,0.06290207290922087,0.04423407620133178,0.14164917911368965,0.997592
139,ROI_14218__20190405T170849_20190405T171705_T15UWB,ROI_14218,NA,"(50,100%]",10,11,Cloud-RCS-FP32-Compat,0.6085111197380184,0.7262808093624529,0.830805,0.8641657574378496,0.780263980319619,0.2510223566956734,0.5385923844989317,1.0
139,ROI_14218__20190405T170849_20190405T171705_T15UWB,ROI_14218,NA,"(50,100%]",10,11,Cloud-RCS-FP16-Opt-v2,0.6088439345001618,0.7265953712573561,0.83098425,0.864258558587578,0.7804676117223042,0.2514899104311156,0.5391596572596494,0.99938375
139,ROI_14218__20190405T170849_20190405T171705_T15UWB,ROI_14218,NA,"(50,100%]",10,11,Cloud-RCS-MP-Task-v2,0.6093427899376251,0.7277589224074216,0.82987425,0.8647016500462884,0.7780032892177511,0.2575080393444875,0.5371581811419734,0.994502
140,ROI_14220__20210808T181921_20210808T182708_T11TQF,ROI_14220,NA,"(50,100%]",82,0,Cloud-RCS-FP32-Compat,0.4292427250814571,0.4611011566490314,0.94350275,0.7857119239238974,0.0,0.9312589764019311,0.0,1.0
140,ROI_14220__20210808T181921_20210808T182708_T11TQF,ROI_14220,NA,"(50,100%]",82,0,Cloud-RCS-FP16-Opt-v2,0.42883469137666275,0.46085422709888135,0.943173,0.7844814020461546,0.0,0.9308573634604965,0.0,0.9992125
140,ROI_14220__20210808T181921_20210808T182708_T11TQF,ROI_14220,NA,"(50,100%]",82,0,Cloud-RCS-MP-Task-v2,0.42236209606812575,0.45690749137949516,0.93763825,0.7653270555500091,0.0,0.9241213287224939,0.0,0.99303175
141,ROI_14225__20210216T053909_20210216T053910_T43TGJ,ROI_14225,AS,0%,0,0,Cloud-RCS-FP32-Compat,0.2477949375,0.24889258491103075,0.99117975,0.99117975,0.0,0.0,0.0,1.0
141,ROI_14225__20210216T053909_20210216T053910_T43TGJ,ROI_14225,AS,0%,0,0,Cloud-RCS-FP16-Opt-v2,0.247819125,0.2489047854479275,0.9912765,0.9912765,0.0,0.0,0.0,0.9998485
141,ROI_14225__20210216T053909_20210216T053910_T43TGJ,ROI_14225,AS,0%,0,0,Cloud-RCS-MP-Task-v2,0.24780825,0.24889930008190905,0.991233,0.991233,0.0,0.0,0.0,0.9991785
142,ROI_14246__20210414T202849_20210414T202843_T22XER,ROI_14246,NA,0%,0,0,Cloud-RCS-FP32-Compat,0.49997675,0.49998837472971247,0.9999535,0.9999535,nan,nan,0.0,1.0
142,ROI_14246__20210414T202849_20210414T202843_T22XER,ROI_14246,NA,0%,0,0,Cloud-RCS-FP16-Opt-v2,0.499977125,0.4999885622383612,0.99995425,0.99995425,nan,nan,0.0,0.99999925
142,ROI_14246__20210414T202849_20210414T202843_T22XER,ROI_14246,NA,0%,0,0,Cloud-RCS-MP-Task-v2,0.499981625,0.4999908123311766,0.99996325,0.99996325,nan,nan,0.0,0.99999025
143,ROI_14255__20190927T052651_20190927T052647_T46VEP,ROI_14255,AS,"(50,100%]",1,20,Cloud-RCS-FP32-Compat,0.5820414879073279,0.6696208616492212,0.86850675,0.7548900206920351,0.9043041150420065,0.05825034800299818,0.6107214678922717,1.0
143,ROI_14255__20190927T052651_20190927T052647_T46VEP,ROI_14255,AS,"(50,100%]",1,20,Cloud-RCS-FP16-Opt-v2,0.5828213895510665,0.6704817096549416,0.86892425,0.7558547918956426,0.9043700529487797,0.059406204944732206,0.6116545084151116,0.999295
143,ROI_14255__20190927T052651_20190927T052647_T46VEP,ROI_14255,AS,"(50,100%]",1,20,Cloud-RCS-MP-Task-v2,0.5809119276135887,0.6700007590715189,0.86652775,0.7506718670045812,0.9035990866586435,0.06256664534015782,0.6068101114509721,0.9960435
144,ROI_14275__20180103T095401_20180103T095700_T33TVG,ROI_14275,EU,"(10,50%]",22,0,Cloud-RCS-FP32-Compat,0.21192495531766084,0.2554487538357949,0.76803425,0.7629497726227582,0.0,0.08475004864788513,0.0,1.0
144,ROI_14275__20180103T095401_20180103T095700_T33TVG,ROI_14275,EU,"(10,50%]",22,0,Cloud-RCS-FP16-Opt-v2,0.2116757611902543,0.2549977404107655,0.76806175,0.7630519708721201,0.0,0.08365107388889713,0.0,0.99914825
144,ROI_14275__20180103T095401_20180103T095700_T33TVG,ROI_14275,EU,"(10,50%]",22,0,Cloud-RCS-MP-Task-v2,0.21132280749755755,0.25403271576085495,0.76919075,0.7644134514148707,0.0,0.08087777857535951,0.0,0.995765
145,ROI_14287__20190920T104021_20190920T104149_T31TDJ,ROI_14287,EU,"(0,10%]",0,0,Cloud-RCS-FP32-Compat,0.6250263848325964,0.6787034857652571,0.996863,0.9968866504538283,0.7474512540217855,0.0,0.7557676348547718,1.0
145,ROI_14287__20190920T104021_20190920T104149_T31TDJ,ROI_14287,EU,"(0,10%]",0,0,Cloud-RCS-FP16-Opt-v2,0.6251795231883598,0.6788030886260921,0.99687225,0.9968959877000453,0.7478470013189541,0.0,0.7559751037344399,0.99998275
145,ROI_14287__20190920T104021_20190920T104149_T31TDJ,ROI_14287,EU,"(0,10%]",0,0,Cloud-RCS-MP-Task-v2,0.6250625888944619,0.6787243720813123,0.99689625,0.9969146575345578,0.7465475223395613,0.0,0.7567881757037284,0.9999015
146,ROI_14292__20190405T075611_20190405T082100_T35LRH,ROI_14292,AF,"(50,100%]",1,2,Cloud-RCS-FP32-Compat,0.3923508205963491,0.49074974872656885,0.91071325,0.3844827927802984,0.9366058088513355,0.1013692207081779,0.1469454600455847,1.0
146,ROI_14292__20190405T075611_20190405T082100_T35LRH,ROI_14292,AF,"(50,100%]",1,2,Cloud-RCS-FP16-Opt-v2,0.3921685126055911,0.49055622134470767,0.910696,0.3837029600961602,0.936627349146264,0.1012478904123089,0.1470958507676315,0.99962025
146,ROI_14292__20190405T075611_20190405T082100_T35LRH,ROI_14292,AF,"(50,100%]",1,2,Cloud-RCS-MP-Task-v2,0.39102509635545435,0.4898836461894804,0.91118675,0.37322382310701074,0.9374013774667236,0.10241093264591182,0.15106425220217135,0.99742625
147,ROI_14301__20180105T094359_20180105T094407_T33SWB,ROI_14301,EU,"(50,100%]",7,6,Cloud-RCS-FP32-Compat,0.3930628559666101,0.5381511524555961,0.62125525,0.5742356224511032,0.5285679090800247,0.35089267019360965,0.11855522214170293,1.0
147,ROI_14301__20180105T094359_20180105T094407_T33SWB,ROI_14301,EU,"(50,100%]",7,6,Cloud-RCS-FP16-Opt-v2,0.39260282292028237,0.5376732202554556,0.621255,0.5745924550180667,0.5279822158981674,0.34914156894100923,0.11869505182388618,0.99864125
147,ROI_14301__20180105T094359_20180105T094407_T33SWB,ROI_14301,EU,"(50,100%]",7,6,Cloud-RCS-MP-Task-v2,0.39430154766919684,0.5393263455448559,0.61743875,0.5681974097803504,0.5331645001338194,0.3598102971705146,0.11603398359210293,0.983268
148,ROI_14347__20191116T035021_20191116T035654_T47QNC,ROI_14347,AS,"(10,50%]",0,8,Cloud-RCS-FP32-Compat,0.6844005645347163,0.7149662768417376,0.976122,0.9747858668575557,0.9279131353866434,0.0,0.8349032558946661,1.0
148,ROI_14347__20191116T035021_20191116T035654_T47QNC,ROI_14347,AS,"(10,50%]",0,8,Cloud-RCS-FP16-Opt-v2,0.6845180029034172,0.7150328789025931,0.97617875,0.9748656602967173,0.9280227081821751,0.0,0.8351836431347766,0.99987825
148,ROI_14347__20191116T035021_20191116T035654_T47QNC,ROI_14347,AS,"(10,50%]",0,8,Cloud-RCS-MP-Task-v2,0.6839027400385405,0.7146745933639531,0.9759465,0.9745930127572604,0.9278860345511407,0.0,0.8331319128457606,0.9995205
149,ROI_14351__20180812T082559_20180812T083732_T36SYJ,ROI_14351,EU,"(50,100%]",0,14,Cloud-RCS-FP32-Compat,0.6817703306472116,0.7148645154171651,0.96214425,0.9259543906608186,0.9525963475430528,0.0029276453366792136,0.8456029390482956,1.0
149,ROI_14351__20180812T082559_20180812T083732_T36SYJ,ROI_14351,EU,"(50,100%]",0,14,Cloud-RCS-FP16-Opt-v2,0.6817291167657231,0.7147937684741067,0.9621445,0.9259860857582451,0.9525910737111206,0.0027956388034665923,0.8455436687900603,0.9998225
149,ROI_14351__20180812T082559_20180812T083732_T36SYJ,ROI_14351,EU,"(50,100%]",0,14,Cloud-RCS-MP-Task-v2,0.6817754978956945,0.7145827535910019,0.96228275,0.9265899956920292,0.9526168372031892,0.0021382751247327157,0.8457568835628265,0.9990185
150,ROI_14390__20190810T102029_20190810T102030_T32UPG,ROI_14390,EU,"(50,100%]",0,4,Cloud-RCS-FP32-Compat,0.5018148374925928,0.5973092748990202,0.857665,0.6285964870057154,0.822970244578805,0.0,0.5556926183858509,1.0
150,ROI_14390__20190810T102029_20190810T102030_T32UPG,ROI_14390,EU,"(50,100%]",0,4,Cloud-RCS-FP16-Opt-v2,0.5008928254999824,0.5965958107174208,0.857139,0.6276168487497995,0.8224089915974052,0.0,0.5535454616527246,0.99915875
150,ROI_14390__20190810T102029_20190810T102030_T32UPG,ROI_14390,EU,"(50,100%]",0,4,Cloud-RCS-MP-Task-v2,0.5057406983701127,0.6000227063483949,0.8624605,0.6371900927255337,0.8294441409400213,0.0,0.5563285598148959,0.99346825
151,ROI_14405__20190607T171909_20190607T172634_T15UUR,ROI_14405,NA,"(10,50%]",43,3,Cloud-RCS-FP32-Compat,0.38924425603013485,0.4590701765288027,0.84360425,0.7838394321935909,0.06347675091645764,0.7035861757068559,0.0060746653036349695,1.0
151,ROI_14405__20190607T171909_20190607T172634_T15UUR,ROI_14405,NA,"(10,50%]",43,3,Cloud-RCS-FP16-Opt-v2,0.3893121473579554,0.4593133292429408,0.843445,0.7835985275759614,0.06432109088570143,0.7033624307771063,0.00596654019305247,0.99892275
151,ROI_14405__20190607T171909_20190607T172634_T15UUR,ROI_14405,NA,"(10,50%]",43,3,Cloud-RCS-MP-Task-v2,0.38475173933511614,0.4557510474019784,0.8388235,0.7795501578980206,0.06360389923752534,0.6907218722300035,0.005131027974914974,0.98713075
152,ROI_14411__20220610T065631_20220610T065631_T42VXP,ROI_14411,AS,"(10,50%]",33,0,Cloud-RCS-FP32-Compat,0.46340225662166395,0.5411878605611065,0.895872,0.8687572813595769,0.23103583988218415,0.7538159052448947,0.0,1.0
152,ROI_14411__20220610T065631_20220610T065631_T42VXP,ROI_14411,AS,"(10,50%]",33,0,Cloud-RCS-FP16-Opt-v2,0.4641691280689381,0.5418308172153452,0.8968985,0.8701065813369245,0.23205708097088615,0.7545128499679419,0.0,0.99851225
152,ROI_14411__20220610T065631_20220610T065631_T42VXP,ROI_14411,AS,"(10,50%]",33,0,Cloud-RCS-MP-Task-v2,0.4587247554989832,0.5377626085598384,0.8852895,0.8539172219004252,0.22715010518500187,0.753831694910506,0.0,0.985278
153,ROI_14414__20190919T144731_20190919T145509_T19KDV,ROI_14414,SA,0%,0,0,Cloud-RCS-FP32-Compat,0.2463468125,0.24815996224414155,0.98538725,0.98538725,0.0,0.0,0.0,1.0
153,ROI_14414__20190919T144731_20190919T145509_T19KDV,ROI_14414,SA,0%,0,0,Cloud-RCS-FP16-Opt-v2,0.246350125,0.24816164295314724,0.9854005,0.9854005,0.0,0.0,0.0,0.999882
153,ROI_14414__20190919T144731_20190919T145509_T19KDV,ROI_14414,SA,0%,0,0,Cloud-RCS-MP-Task-v2,0.2464348125,0.24820460440614245,0.98573925,0.98573925,0.0,0.0,0.0,0.9989455
154,ROI_14431__20181009T102021_20181009T102559_T33UUT,ROI_14431,EU,"(50,100%]",56,6,Cloud-RCS-FP32-Compat,0.5503997330454532,0.6413871428005887,0.845852,0.7353048666114033,0.6386827616865575,0.8031562883719594,0.024455015511892452,1.0
154,ROI_14431__20181009T102021_20181009T102559_T33UUT,ROI_14431,EU,"(50,100%]",56,6,Cloud-RCS-FP16-Opt-v2,0.5504381111058321,0.6414280515098583,0.84585625,0.7354047687640868,0.6387838937000608,0.8030690884531709,0.024494693506009888,0.99942125
154,ROI_14431__20181009T102021_20181009T102559_T33UUT,ROI_14431,EU,"(50,100%]",56,6,Cloud-RCS-MP-Task-v2,0.5511655139958561,0.6416590716038463,0.84683725,0.7386994139866366,0.6382411366620653,0.8039639426279253,0.023757562706796808,0.994589
155,ROI_14432__20181009T102021_20181009T102559_T33UUT,ROI_14432,EU,"(10,50%]",27,17,Cloud-RCS-FP32-Compat,0.5209849037110418,0.6550303004195303,0.76282425,0.7527226646687201,0.5869244530931232,0.572269203220961,0.1720232938613632,1.0
155,ROI_14432__20181009T102021_20181009T102559_T33UUT,ROI_14432,EU,"(10,50%]",27,17,Cloud-RCS-FP16-Opt-v2,0.5207842826740249,0.6547478266919898,0.7628255,0.7527527671945987,0.5866146053848929,0.5724880208367852,0.1712817372798231,0.99900225
155,ROI_14432__20181009T102021_20181009T102559_T33UUT,ROI_14432,EU,"(10,50%]",27,17,Cloud-RCS-MP-Task-v2,0.520557650333731,0.6563141809838298,0.764657,0.7555514190447911,0.5738316902588795,0.5699931506482805,0.18285434138297318,0.9908335
156,ROI_14455__20181228T070301_20181228T071152_T39QWU,ROI_14455,AF,0%,0,0,Cloud-RCS-FP32-Compat,0.24841375,0.24920435080292228,0.993655,0.993655,0.0,0.0,0.0,1.0
156,ROI_14455__20181228T070301_20181228T071152_T39QWU,ROI_14455,AF,0%,0,0,Cloud-RCS-FP16-Opt-v2,0.2484135,0.24920422500594386,0.993654,0.993654,0.0,0.0,0.0,0.999892
156,ROI_14455__20181228T070301_20181228T071152_T39QWU,ROI_14455,AF,0%,0,0,Cloud-RCS-MP-Task-v2,0.2489555,0.24947665673592134,0.995822,0.995822,0.0,0.0,0.0,0.99783075
157,ROI_14497__20171022T094041_20171022T094036_T35WPN,ROI_14497,EU,"(50,100%]",1,26,Cloud-RCS-FP32-Compat,0.538497524334125,0.6514600250529098,0.8506305,0.5497015265436318,0.8850720026623844,0.11238835156704191,0.6068282165634422,1.0
157,ROI_14497__20171022T094041_20171022T094036_T35WPN,ROI_14497,EU,"(50,100%]",1,26,Cloud-RCS-FP16-Opt-v2,0.5383652904389202,0.6513794188415427,0.8505315,0.5495326033686876,0.8851004673721623,0.11251110786901336,0.6063169831458176,0.9989935
157,ROI_14497__20171022T094041_20171022T094036_T35WPN,ROI_14497,EU,"(50,100%]",1,26,Cloud-RCS-MP-Task-v2,0.5316752798552327,0.6453402119608935,0.84579075,0.538669788821395,0.8830785151086622,0.10884772370486656,0.5961050917860069,0.9926035
158,ROI_14503__20190415T221539_20190415T221536_T05WPT,ROI_14503,NA,"(50,100%]",0,3,Cloud-RCS-FP32-Compat,0.3702701205397731,0.41041595448381724,0.970517,nan,0.9703756846095085,0.0,0.14043467700981077,1.0
158,ROI_14503__20190415T221539_20190415T221536_T05WPT,ROI_14503,NA,"(50,100%]",0,3,Cloud-RCS-FP16-Opt-v2,0.3701041459530656,0.4101498940954172,0.9705475,nan,0.9704070890357022,0.0,0.13990534882349473,0.99989
158,ROI_14503__20190415T221539_20190415T221536_T05WPT,ROI_14503,NA,"(50,100%]",0,3,Cloud-RCS-MP-Task-v2,0.37030558680690934,0.41041741881377186,0.97067125,nan,0.9705313771817934,0.0,0.14038538323893465,0.99957375
159,ROI_14506__20181214T045209_20181214T045205_T46UFB,ROI_14506,AS,0%,0,0,Cloud-RCS-FP32-Compat,0.2625458299578122,0.29374360774756625,0.7876195,0.7876186504746019,nan,1.8839398834783183e-05,0.0,1.0
159,ROI_14506__20181214T045209_20181214T045205_T46UFB,ROI_14506,AS,0%,0,0,Cloud-RCS-FP16-Opt-v2,0.26289869616650624,0.29396436669427145,0.788678,0.7886771547086189,nan,1.8933790899946747e-05,0.0,0.998791
159,ROI_14506__20181214T045209_20181214T045205_T46UFB,ROI_14506,AS,0%,0,0,Cloud-RCS-MP-Task-v2,0.2640447218151385,0.29467954405771435,0.79211575,0.7921149184596739,nan,1.9246985741592375e-05,0.0,0.99356775
160,ROI_14518__20200110T080311_20200110T082729_T35JLF,ROI_14518,AF,0%,0,0,Cloud-RCS-FP32-Compat,0.25125848621075997,0.2535240249850172,0.99723275,0.9972327313209364,0.0,0.0,0.007801213522103438,1.0
160,ROI_14518__20200110T080311_20200110T082729_T35JLF,ROI_14518,AF,0%,0,0,Cloud-RCS-FP16-Opt-v2,0.2512904920989796,0.2535743856402928,0.99726725,0.997267231553813,0.0,0.0,0.007894736842105263,0.99995575
160,ROI_14518__20200110T080311_20200110T082729_T35JLF,ROI_14518,AF,0%,0,0,Cloud-RCS-MP-Task-v2,0.25148555675323997,0.2538282796835448,0.99762175,0.9976217339467042,0.0,0.0,0.008320493066255779,0.999564
161,ROI_14522__20190409T191911_20190409T191912_T24XWS,ROI_14522,NA,"(10,50%]",0,25,Cloud-RCS-FP32-Compat,0.2989209819475741,0.3949948565859084,0.751284,0.7492376032232322,0.2805470620303871,0.0011069693889077148,0.1647922931477694,1.0
161,ROI_14522__20190409T191911_20190409T191912_T24XWS,ROI_14522,NA,"(10,50%]",0,25,Cloud-RCS-FP16-Opt-v2,0.2989573027061833,0.3949915406778722,0.75115775,0.7490829031778387,0.28194177150387273,0.001114522915955874,0.16369001322706592,0.9993165
161,ROI_14522__20190409T191911_20190409T191912_T24XWS,ROI_14522,NA,"(10,50%]",0,25,Cloud-RCS-MP-Task-v2,0.2962762767323072,0.39157952056485196,0.75084325,0.7487774033534388,0.2744873959143415,0.0012434970181449054,0.16059681064330356,0.995944
162,ROI_14549__20190608T092031_20190608T092031_T36VVR,ROI_14549,EU,"(50,100%]",3,20,Cloud-RCS-FP32-Compat,0.767449671839867,0.8513375089660493,0.9293735,0.8992134680449481,0.914943018368021,0.42207646869921467,0.8335657322472844,1.0
162,ROI_14549__20190608T092031_20190608T092031_T36VVR,ROI_14549,EU,"(50,100%]",3,20,Cloud-RCS-FP16-Opt-v2,0.7673782662920678,0.8512731182932916,0.92935025,0.8991887439760603,0.9149598511402249,0.4218537249562342,0.8335107450957518,0.99960325
162,ROI_14549__20190608T092031_20190608T092031_T36VVR,ROI_14549,EU,"(50,100%]",3,20,Cloud-RCS-MP-Task-v2,0.7724298190356578,0.8554521510606017,0.93121875,0.9030074412729955,0.9146438880243134,0.4344116566184285,0.8376562902268937,0.99592625
163,ROI_14642__20190820T015659_20190820T015658_T56WPD,ROI_14642,AS,"(50,100%]",79,3,Cloud-RCS-FP32-Compat,0.2919305490660856,0.3529781787033778,0.8308835,0.33750635506445104,0.0,0.8302158411998916,0.0,1.0
163,ROI_14642__20190820T015659_20190820T015658_T56WPD,ROI_14642,AS,"(50,100%]",79,3,Cloud-RCS-FP16-Opt-v2,0.29197705900720616,0.35303517420431785,0.83087575,0.3377308533340359,0.0,0.8301773826947888,0.0,0.99930575
163,ROI_14642__20190820T015659_20190820T015658_T56WPD,ROI_14642,AS,"(50,100%]",79,3,Cloud-RCS-MP-Task-v2,0.297483744506555,0.3592316707357709,0.83019925,0.3609314914342069,0.0,0.8290034865920131,0.0,0.978989
164,ROI_14650__20191207T010719_20191207T010721_T54MUC,ROI_14650,OC,"(50,100%]",0,2,Cloud-RCS-FP32-Compat,0.2714049201894762,0.29926697333721203,0.81407125,0.0001481589033870607,0.8140666016650416,nan,0.0,1.0
164,ROI_14650__20191207T010719_20191207T010721_T54MUC,ROI_14650,OC,"(50,100%]",0,2,Cloud-RCS-FP16-Opt-v2,0.27144420565798216,0.2992908954483738,0.814189,0.00014826236508124778,0.8141843546088652,nan,0.0,0.99958975
164,ROI_14650__20191207T010719_20191207T010721_T54MUC,ROI_14650,OC,"(50,100%]",0,2,Cloud-RCS-MP-Task-v2,0.2723580445115447,0.2998465063835027,0.816928,0.000150710449056854,0.8169234230855772,nan,0.0,0.99628975
165,ROI_14654__20190923T164009_20190923T164011_T21XWD,ROI_14654,NA,"(50,100%]",0,4,Cloud-RCS-FP32-Compat,0.20752904674223152,0.23116514522669362,0.81749975,0.0,0.8173845653145722,0.0,0.012731621654353882,1.0
165,ROI_14654__20190923T164009_20190923T164011_T21XWD,ROI_14654,NA,"(50,100%]",0,4,Cloud-RCS-FP16-Opt-v2,0.20754910810920418,0.23110044745429775,0.817806,0.0,0.8176933344807091,0.0,0.012503097956107653,0.99943775
165,ROI_14654__20190923T164009_20190923T164011_T21XWD,ROI_14654,NA,"(50,100%]",0,4,Cloud-RCS-MP-Task-v2,0.20688119853266504,0.23092850417351907,0.8144495,0.0,0.8143274667275067,0.0,0.013197327403153504,0.9959645
166,ROI_14667__20200213T014759_20200213T014757_T54VXN,ROI_14667,AS,0%,0,0,Cloud-RCS-FP32-Compat,0.32326925,0.328224162992556,0.96980775,0.96980775,0.0,0.0,nan,1.0
166,ROI_14667__20200213T014759_20200213T014757_T54VXN,ROI_14667,AS,0%,0,0,Cloud-RCS-FP16-Opt-v2,0.32329658333333333,0.32823825123546463,0.96988975,0.96988975,0.0,0.0,nan,0.9997725
166,ROI_14667__20200213T014759_20200213T014757_T54VXN,ROI_14667,AS,0%,0,0,Cloud-RCS-MP-Task-v2,0.32385425,0.3285254298905779,0.97156275,0.97156275,0.0,0.0,nan,0.99796275
167,ROI_14679__20190119T024021_20190119T024024_T52VEL,ROI_14679,AS,"(50,100%]",82,0,Cloud-RCS-FP32-Compat,0.3694431178994513,0.5311980946626582,0.55737275,0.2661631865722431,nan,0.4727230492266594,nan,1.0
167,ROI_14679__20190119T024021_20190119T024024_T52VEL,ROI_14679,AS,"(50,100%]",82,0,Cloud-RCS-FP16-Opt-v2,0.369376501133702,0.5311221555527257,0.55730925,0.26607403158334947,nan,0.4726789706840546,nan,0.9985065
167,ROI_14679__20190119T024021_20190119T024024_T52VEL,ROI_14679,AS,"(50,100%]",82,0,Cloud-RCS-MP-Task-v2,0.35059637721287645,0.5122496544483376,0.5333665,0.25846473014209487,nan,0.44272802428365804,nan,0.97158025
168,ROI_14695__20190827T143751_20190827T144606_T19KET,ROI_14695,SA,0%,0,0,Cloud-RCS-FP32-Compat,0.226208625,0.23751000414996684,0.9048345,0.9048345,0.0,0.0,0.0,1.0
168,ROI_14695__20190827T143751_20190827T144606_T19KET,ROI_14695,SA,0%,0,0,Cloud-RCS-FP16-Opt-v2,0.2264173125,0.23762498397872558,0.90566925,0.90566925,0.0,0.0,0.0,0.99878675
168,ROI_14695__20190827T143751_20190827T144606_T19KET,ROI_14695,SA,0%,0,0,Cloud-RCS-MP-Task-v2,0.2223414375,0.23536092733765285,0.88936575,0.88936575,0.0,0.0,0.0,0.97922825
169,ROI_14699__20190724T143931_20190724T143928_T27XVG,ROI_14699,NA,"(50,100%]",1,40,Cloud-RCS-FP32-Compat,0.41093698034644865,0.5333709402157027,0.6523435,0.30138268048568917,0.8987586894764104,0.18791798596417514,0.2556885654595201,1.0
169,ROI_14699__20190724T143931_20190724T143928_T27XVG,ROI_14699,NA,"(50,100%]",1,40,Cloud-RCS-FP16-Opt-v2,0.41030737280950735,0.5325148401511282,0.65187225,0.3010696354507749,0.8989138030649022,0.18695420155703735,0.2542918511653149,0.998777
169,ROI_14699__20190724T143931_20190724T143928_T27XVG,ROI_14699,NA,"(50,100%]",1,40,Cloud-RCS-MP-Task-v2,0.4123039961224915,0.5351710468910559,0.65300375,0.30155631901400237,0.8992717391423978,0.1924203785705856,0.25596754776298036,0.99657725
170,ROI_14700__20190724T143931_20190724T143928_T27XVG,ROI_14700,NA,"(50,100%]",7,38,Cloud-RCS-FP32-Compat,0.36710827142957114,0.48191047323545355,0.56582875,0.33588828579314084,0.8368701377738567,0.17245748729129967,0.12321717485998755,1.0
170,ROI_14700__20190724T143931_20190724T143928_T27XVG,ROI_14700,NA,"(50,100%]",7,38,Cloud-RCS-FP16-Opt-v2,0.36677008609555606,0.48139741277940656,0.56542625,0.3356912916443353,0.8368983209648875,0.1722269462306064,0.1222637855423951,0.9989125
170,ROI_14700__20190724T143931_20190724T143928_T27XVG,ROI_14700,NA,"(50,100%]",7,38,Cloud-RCS-MP-Task-v2,0.36786783907042986,0.4830635260996414,0.56678325,0.3375717536733092,0.8363453630165295,0.17193668601249654,0.1256175535793841,0.994169
171,ROI_14708__20200620T234631_20200620T234628_T60VVR,ROI_14708,AS,"(10,50%]",11,0,Cloud-RCS-FP32-Compat,0.2232359741621472,0.236116370138974,0.89220425,0.8922350951526445,0.0,0.0007088014959442099,0.0,1.0
171,ROI_14708__20200620T234631_20200620T234628_T60VVR,ROI_14708,AS,"(10,50%]",11,0,Cloud-RCS-FP16-Opt-v2,0.22323355745224535,0.2361108268217278,0.892207,0.8922370878578233,0.0,0.000697141951158095,0.0,0.99998825
171,ROI_14708__20200620T234631_20200620T234628_T60VVR,ROI_14708,AS,"(10,50%]",11,0,Cloud-RCS-MP-Task-v2,0.22315770752075376,0.2359644352796058,0.89218625,0.8922228000520047,0.0,0.0004080300310102824,0.0,0.99991175
172,ROI_14731__20190803T170859_20190803T172433_T14RNV,ROI_14731,NA,"(50,100%]",0,2,Cloud-RCS-FP32-Compat,0.22063708333333332,0.2655221009344913,0.66191125,0.0,0.66191125,nan,0.0,1.0
172,ROI_14731__20190803T170859_20190803T172433_T14RNV,ROI_14731,NA,"(50,100%]",0,2,Cloud-RCS-FP16-Opt-v2,0.22066791666666666,0.26554442692041663,0.66200375,0.0,0.66200375,nan,0.0,0.997701
172,ROI_14731__20190803T170859_20190803T172433_T14RNV,ROI_14731,NA,"(50,100%]",0,2,Cloud-RCS-MP-Task-v2,0.22192791666666667,0.2664546543531436,0.66578375,0.0,0.66578375,nan,0.0,0.9895645
173,ROI_14732__20190803T170859_20190803T172433_T14RNV,ROI_14732,NA,"(50,100%]",0,0,Cloud-RCS-FP32-Compat,0.34966716140026144,0.4955542159543061,0.56295275,0.18424921945103295,0.5150851033494899,nan,nan,1.0
173,ROI_14732__20190803T170859_20190803T172433_T14RNV,ROI_14732,NA,"(50,100%]",0,0,Cloud-RCS-FP16-Opt-v2,0.34982450993941494,0.4957119523216045,0.56316925,0.18432370434375872,0.5153253155350712,nan,nan,0.9990445
173,ROI_14732__20190803T170859_20190803T172433_T14RNV,ROI_14732,NA,"(50,100%]",0,0,Cloud-RCS-MP-Task-v2,0.3528716957088589,0.4987613450954255,0.56735375,0.18577526807403083,0.519968123343687,nan,nan,0.9917175
174,ROI_14751__20180628T092029_20180628T092027_T36VVR,ROI_14751,EU,"(10,50%]",16,6,Cloud-RCS-FP32-Compat,0.5908458956441858,0.7240594254788376,0.756419,0.6393261765116927,0.8909020563394194,0.3757648876671836,0.4573904620584477,1.0
174,ROI_14751__20180628T092029_20180628T092027_T36VVR,ROI_14751,EU,"(10,50%]",16,6,Cloud-RCS-FP16-Opt-v2,0.590853550328603,0.7240669455693558,0.75635525,0.639166287536754,0.8909892257111963,0.3757911846123073,0.45746750345415427,0.99920675
174,ROI_14751__20180628T092029_20180628T092027_T36VVR,ROI_14751,EU,"(10,50%]",16,6,Cloud-RCS-MP-Task-v2,0.5933615305050295,0.7261750435094287,0.7585625,0.6431707128041985,0.8912725294717259,0.3750899122682812,0.4639129674759128,0.99299425
175,ROI_14753__20210325T034539_20210325T034533_T52WDC,ROI_14753,AS,0%,0,0,Cloud-RCS-FP32-Compat,1.0,1.0,1.0,1.0,nan,nan,nan,1.0
175,ROI_14753__20210325T034539_20210325T034533_T52WDC,ROI_14753,AS,0%,0,0,Cloud-RCS-FP16-Opt-v2,1.0,1.0,1.0,1.0,nan,nan,nan,1.0
175,ROI_14753__20210325T034539_20210325T034533_T52WDC,ROI_14753,AS,0%,0,0,Cloud-RCS-MP-Task-v2,1.0,1.0,1.0,1.0,nan,nan,nan,1.0
176,ROI_14756__20210218T043829_20210218T044429_T46UFU,ROI_14756,AS,0%,0,0,Cloud-RCS-FP32-Compat,0.240177375,0.24499027010375582,0.9607095,0.9607095,0.0,0.0,0.0,1.0
176,ROI_14756__20210218T043829_20210218T044429_T46UFU,ROI_14756,AS,0%,0,0,Cloud-RCS-FP16-Opt-v2,0.240151875,0.2449770033012727,0.9606075,0.9606075,0.0,0.0,0.0,0.99958625
176,ROI_14756__20210218T043829_20210218T044429_T46UFU,ROI_14756,AS,0%,0,0,Cloud-RCS-MP-Task-v2,0.2420780625,0.2459752638332663,0.96831225,0.96831225,0.0,0.0,0.0,0.992332
177,ROI_14813__20190206T102211_20190206T102327_T33UUT,ROI_14813,EU,"(50,100%]",77,0,Cloud-RCS-FP32-Compat,0.29127381414131537,0.356878413536,0.81186825,0.37343407565399506,0.0,0.7916611809112664,0.0,1.0
177,ROI_14813__20190206T102211_20190206T102327_T33UUT,ROI_14813,EU,"(50,100%]",77,0,Cloud-RCS-FP16-Opt-v2,0.29130938663703865,0.3568947134986578,0.81202475,0.3733804703181327,0.0,0.791857076230022,0.0,0.99891475
177,ROI_14813__20190206T102211_20190206T102327_T33UUT,ROI_14813,EU,"(50,100%]",77,0,Cloud-RCS-MP-Task-v2,0.2919648834486667,0.35752954530416337,0.81238975,0.3754596278031531,0.0,0.7923999059915138,0.0,0.9937035
178,ROI_14814__20190206T102211_20190206T102327_T33UUT,ROI_14814,EU,"(50,100%]",72,0,Cloud-RCS-FP32-Compat,0.4813663372956852,0.5793099356181649,0.862952,0.6044053032177131,0.4846747725533543,0.8363852734116732,0.0,1.0
178,ROI_14814__20190206T102211_20190206T102327_T33UUT,ROI_14814,EU,"(50,100%]",72,0,Cloud-RCS-FP16-Opt-v2,0.48131174159603063,0.57924880047651,0.862965,0.6046765301494216,0.48415069888623774,0.8364197373484631,0.0,0.99959575
178,ROI_14814__20190206T102211_20190206T102327_T33UUT,ROI_14814,EU,"(50,100%]",72,0,Cloud-RCS-MP-Task-v2,0.4824261490568817,0.5803765801005397,0.86318875,0.6003561200388206,0.49277262291295904,0.8365758532757472,0.0,0.99679325
179,ROI_14835__20200518T000621_20200518T000616_T60WVA,ROI_14835,AS,"(50,100%]",21,28,Cloud-RCS-FP32-Compat,0.3573110924512363,0.4786529913128998,0.623032,0.1745037597496614,0.765458986516633,0.3754828231373616,0.11379880040128924,1.0
179,ROI_14835__20200518T000621_20200518T000616_T60WVA,ROI_14835,AS,"(50,100%]",21,28,Cloud-RCS-FP16-Opt-v2,0.35723124422607716,0.47849995364818754,0.62301975,0.17428952249573573,0.7655849550437867,0.3755001225171571,0.11355037684762924,0.99931875
179,ROI_14835__20200518T000621_20200518T000616_T60WVA,ROI_14835,AS,"(50,100%]",21,28,Cloud-RCS-MP-Task-v2,0.3588574757695411,0.48084274686610956,0.623598,0.1795252295861523,0.7658667753065455,0.37542921960199827,0.1146086785834681,0.99555775
180,ROI_14841__20190909T102029_20190909T102024_T33VWC,ROI_14841,EU,"(50,100%]",5,12,Cloud-RCS-FP32-Compat,0.5788157881319589,0.70812700332489,0.901175,0.34410672796951564,0.9564866315766067,0.45197719971638284,0.5626925932653302,1.0
180,ROI_14841__20190909T102029_20190909T102024_T33VWC,ROI_14841,EU,"(50,100%]",5,12,Cloud-RCS-FP16-Opt-v2,0.5787630824463424,0.7080820303917121,0.90115075,0.3442123407975034,0.9564444805862081,0.45159132028710675,0.5628041881145516,0.99923375
180,ROI_14841__20190909T102029_20190909T102024_T33VWC,ROI_14841,EU,"(50,100%]",5,12,Cloud-RCS-MP-Task-v2,0.574188847042056,0.7035848167113592,0.900067,0.3394990503388906,0.9559827755372481,0.4388515917458157,0.5624219705462699,0.996121
181,ROI_14850__20190916T041551_20190916T041548_T47UQP,ROI_14850,AS,"(50,100%]",10,41,Cloud-RCS-FP32-Compat,0.4590200803158671,0.597715739942938,0.61154275,0.6239386607671653,0.6998267170762444,0.34677757352582833,0.16553736989423043,1.0
181,ROI_14850__20190916T041551_20190916T041548_T47UQP,ROI_14850,AS,"(50,100%]",10,41,Cloud-RCS-FP16-Opt-v2,0.4590440100616931,0.5976639367160376,0.611464,0.6239008607241341,0.7003612321836503,0.3466637568879917,0.1652501904509962,0.9992425
181,ROI_14850__20190916T041551_20190916T041548_T47UQP,ROI_14850,AS,"(50,100%]",10,41,Cloud-RCS-MP-Task-v2,0.461483634976352,0.6013109056132679,0.61494825,0.6265661069545144,0.6969715920639139,0.3477726996331967,0.17462414125378273,0.99221525
182,ROI_14874__20190505T084609_20190505T085250_T35SQC,ROI_14874,EU,"(50,100%]",9,8,Cloud-RCS-FP32-Compat,0.5078331988283349,0.6348964168619926,0.89573825,0.2598328159087095,0.958674629051856,0.4794358072158379,0.3333895431369363,1.0
182,ROI_14874__20190505T084609_20190505T085250_T35SQC,ROI_14874,EU,"(50,100%]",9,8,Cloud-RCS-FP16-Opt-v2,0.5078451736629088,0.6349540265097562,0.89569625,0.2599796526262796,0.9584986272629975,0.4791960378636688,0.33370637689868954,0.9995715
182,ROI_14874__20190505T084609_20190505T085250_T35SQC,ROI_14874,EU,"(50,100%]",9,8,Cloud-RCS-MP-Task-v2,0.5057056387897192,0.6324945022900516,0.89526225,0.25445702473268345,0.9579094403195992,0.4781964126328145,0.33225967747377977,0.99739925
183,ROI_14880__20200214T132229_20200214T132228_T23LLH,ROI_14880,SA,"(50,100%]",27,17,Cloud-RCS-FP32-Compat,0.5593667641886956,0.6988771449800595,0.74366425,0.6155859546075173,0.7995499007845815,0.5311050860389389,0.29122611532374465,1.0
183,ROI_14880__20200214T132229_20200214T132228_T23LLH,ROI_14880,SA,"(50,100%]",27,17,Cloud-RCS-FP16-Opt-v2,0.559455567230753,0.6989148548841579,0.74375775,0.615670303669842,0.7999066888247095,0.5311945397700267,0.2910507366584338,0.99906
183,ROI_14880__20200214T132229_20200214T132228_T23LLH,ROI_14880,SA,"(50,100%]",27,17,Cloud-RCS-MP-Task-v2,0.5651593300935375,0.7041850913652777,0.74734725,0.6263709777079204,0.8020170258972007,0.5320329443624563,0.30021637240657234,0.98744525
184,ROI_14883__20190408T080611_20190408T080934_T36QYH,ROI_14883,AF,"(10,50%]",4,20,Cloud-RCS-FP32-Compat,0.5838818778058097,0.7065412415321317,0.84882875,0.8818268404826407,0.758233411500966,0.2893139063729845,0.40615335286664744,1.0
184,ROI_14883__20190408T080611_20190408T080934_T36QYH,ROI_14883,AF,"(10,50%]",4,20,Cloud-RCS-FP16-Opt-v2,0.5838462165628374,0.7065207211891462,0.84877225,0.8817328640858053,0.758316343647578,0.2895781436701298,0.4057575148478366,0.9995295
184,ROI_14883__20190408T080611_20190408T080934_T36QYH,ROI_14883,AF,"(10,50%]",4,20,Cloud-RCS-MP-Task-v2,0.5826528028867011,0.7053727011061237,0.8484865,0.8807204006802426,0.7576604330600241,0.287231861400856,0.4049985164056817,0.99647075
185,ROI_14887__20180424T105651_20180424T110609_T30UYV,ROI_14887,EU,"(50,100%]",0,2,Cloud-RCS-FP32-Compat,0.6272702249279892,0.6735659507428907,0.98459375,0.9587822527843576,0.9851923714481674,0.0005361930294906167,0.5645700824499411,1.0
185,ROI_14887__20180424T105651_20180424T110609_T30UYV,ROI_14887,EU,"(50,100%]",0,2,Cloud-RCS-FP16-Opt-v2,0.6286413822503474,0.6745220998937128,0.98477725,0.9609550937303979,0.9852160217628597,0.000536480686695279,0.5678579328214365,0.9997685
185,ROI_14887__20180424T105651_20180424T110609_T30UYV,ROI_14887,EU,"(50,100%]",0,2,Cloud-RCS-MP-Task-v2,0.6321822851668566,0.6769923054668088,0.98524775,0.9662908255937489,0.9853057430548651,0.0005344735435595938,0.5765980984752529,0.99909725
186,ROI_14889__20180424T105651_20180424T110609_T30UYV,ROI_14889,EU,"(10,50%]",21,5,Cloud-RCS-FP32-Compat,0.6189248922810258,0.7504563384480113,0.82383375,0.8085047700567028,0.7554798395391895,0.3909190138213633,0.5207959457068473,1.0
186,ROI_14889__20180424T105651_20180424T110609_T30UYV,ROI_14889,EU,"(10,50%]",21,5,Cloud-RCS-FP16-Opt-v2,0.6188937491081813,0.7503962951178074,0.8238205,0.8085026784607687,0.7558008177885741,0.39054286291953094,0.5207286372638514,0.99933275
186,ROI_14889__20180424T105651_20180424T110609_T30UYV,ROI_14889,EU,"(10,50%]",21,5,Cloud-RCS-MP-Task-v2,0.5970750864969617,0.7313598799645767,0.812611,0.7952015448341347,0.7534148370991487,0.37645448835713835,0.46322947569742506,0.98023325
187,ROI_14911__20190222T172321_20190222T172322_T15UWT,ROI_14911,NA,"(50,100%]",2,25,Cloud-RCS-FP32-Compat,0.6056982348804245,0.7295567261053214,0.82387425,0.7438639078742714,0.7819446837842495,0.25337590029829477,0.6436084475648823,1.0
187,ROI_14911__20190222T172321_20190222T172322_T15UWT,ROI_14911,NA,"(50,100%]",2,25,Cloud-RCS-FP16-Opt-v2,0.6056773769475939,0.7295223978598302,0.82386725,0.7439343698642445,0.7819846860750165,0.253253372057304,0.6435370797938107,0.9994945
187,ROI_14911__20190222T172321_20190222T172322_T15UWT,ROI_14911,NA,"(50,100%]",2,25,Cloud-RCS-MP-Task-v2,0.6057005625616549,0.7298773431022281,0.82365375,0.744269397150118,0.7805066838752964,0.25554637340283515,0.6424797958183701,0.9962575
188,ROI_14939__20191027T043859_20191027T043857_T46TGT,ROI_14939,AS,0%,0,0,Cloud-RCS-FP32-Compat,0.497142125,0.4985669670710181,0.99428425,0.99428425,nan,nan,0.0,1.0
188,ROI_14939__20191027T043859_20191027T043857_T46TGT,ROI_14939,AS,0%,0,0,Cloud-RCS-FP16-Opt-v2,0.497123,0.49855734949449565,0.994246,0.994246,nan,nan,0.0,0.99995525
188,ROI_14939__20191027T043859_20191027T043857_T46TGT,ROI_14939,AS,0%,0,0,Cloud-RCS-MP-Task-v2,0.49714610774192985,0.4986015056374064,0.99424875,0.9942487485621871,nan,nan,4.3466921672607145e-05,0.999772
189,ROI_14950__20190807T073621_20190807T075530_T37MBM,ROI_14950,AF,"(10,50%]",13,11,Cloud-RCS-FP32-Compat,0.7588888792988775,0.8577930833406939,0.87168475,0.8041063024742067,0.9095765325026848,0.5883148595227442,0.7335578226958746,1.0
189,ROI_14950__20190807T073621_20190807T075530_T37MBM,ROI_14950,AF,"(10,50%]",13,11,Cloud-RCS-FP16-Opt-v2,0.7589521613727268,0.857839869110409,0.87174375,0.8042083489968395,0.9095578186860669,0.5884855053454647,0.7335569724625361,0.9994805
189,ROI_14950__20190807T073621_20190807T075530_T37MBM,ROI_14950,AF,"(10,50%]",13,11,Cloud-RCS-MP-Task-v2,0.7612534206776783,0.8594880823331363,0.87363925,0.8071981917081676,0.9098261958150244,0.5937407783480841,0.734248516839437,0.99681725
190,ROI_15004__20210507T131301_20210507T131256_T27WWM,ROI_15004,EU,0%,0,0,Cloud-RCS-FP32-Compat,0.4475129053155166,0.470693328765467,0.99951975,0.9995194430442446,0.7905321782178217,0.0,0.0,1.0
190,ROI_15004__20210507T131301_20210507T131256_T27WWM,ROI_15004,EU,0%,0,0,Cloud-RCS-FP16-Opt-v2,0.4477578662997694,0.4708460513268461,0.99952,0.9995196932040341,0.7915117719950434,0.0,0.0,0.99999475
190,ROI_15004__20210507T131301_20210507T131256_T27WWM,ROI_15004,EU,0%,0,0,Cloud-RCS-MP-Task-v2,0.4461621108018406,0.46984859896895376,0.9995045,0.9995041829249806,0.7851442602823818,0.0,0.0,0.99993725
191,ROI_15015__20200303T163151_20200303T163152_T21XWD,ROI_15015,NA,0%,0,0,Cloud-RCS-FP32-Compat,0.49999825,0.49999912499846877,0.9999965,0.9999965,nan,nan,0.0,1.0
191,ROI_15015__20200303T163151_20200303T163152_T21XWD,ROI_15015,NA,0%,0,0,Cloud-RCS-FP16-Opt-v2,0.49999825,0.49999912499846877,0.9999965,0.9999965,nan,nan,0.0,1.0
191,ROI_15015__20200303T163151_20200303T163152_T21XWD,ROI_15015,NA,0%,0,0,Cloud-RCS-MP-Task-v2,0.499999,0.4999994999995,0.999998,0.999998,nan,nan,0.0,0.9999985
192,ROI_15032__20200802T043709_20200802T043815_T46UFV,ROI_15032,AS,0%,0,0,Cloud-RCS-FP32-Compat,0.3319890850773713,0.33302596320548145,0.99523325,0.9952332333163166,0.0,nan,0.0007340219157972002,1.0
192,ROI_15032__20200802T043709_20200802T043815_T46UFV,ROI_15032,AS,0%,0,0,Cloud-RCS-FP16-Opt-v2,0.33196953743291935,0.33298966301874267,0.99522775,0.9952277344901371,0.0,nan,0.0006808778086209605,0.9999475
192,ROI_15032__20200802T043709_20200802T043815_T46UFV,ROI_15032,AS,0%,0,0,Cloud-RCS-MP-Task-v2,0.3320584132249211,0.3330515626984836,0.99545975,0.9954597352441396,0.0,nan,0.0007155044306235897,0.999419
193,ROI_15043__20200504T175909_20200504T175908_T26XNR,ROI_15043,NA,0%,0,0,Cloud-RCS-FP32-Compat,0.32836510214046416,0.34412256157439186,0.957232,0.9572298294138427,nan,0.0,0.02786547700754976,1.0
193,ROI_15043__20200504T175909_20200504T175908_T26XNR,ROI_15043,NA,0%,0,0,Cloud-RCS-FP16-Opt-v2,0.3283388397312923,0.34408985843903195,0.95719475,0.9571925989280962,nan,0.0,0.02782392026578073,0.99989875
193,ROI_15043__20200504T175909_20200504T175908_T26XNR,ROI_15043,NA,0%,0,0,Cloud-RCS-MP-Task-v2,0.3286905871113233,0.344847096779128,0.95699275,0.9569906640472063,nan,0.0,0.029081097286763603,0.99909725
194,ROI_15055__20200225T100021_20200225T100021_T35VML,ROI_15055,EU,0%,0,0,Cloud-RCS-FP32-Compat,1.0,1.0,1.0,1.0,nan,nan,nan,1.0
194,ROI_15055__20200225T100021_20200225T100021_T35VML,ROI_15055,EU,0%,0,0,Cloud-RCS-FP16-Opt-v2,1.0,1.0,1.0,1.0,nan,nan,nan,1.0
194,ROI_15055__20200225T100021_20200225T100021_T35VML,ROI_15055,EU,0%,0,0,Cloud-RCS-MP-Task-v2,1.0,1.0,1.0,1.0,nan,nan,nan,1.0
195,ROI_15121__20200417T153911_20200417T153906_T23XME,ROI_15121,NA,"(50,100%]",54,40,Cloud-RCS-FP32-Compat,0.08823548283938913,0.15594699461592681,0.2052965,0.0914974009901447,0.0,0.1784156315469708,0.08302889882044102,1.0
195,ROI_15121__20200417T153911_20200417T153906_T23XME,ROI_15121,NA,"(50,100%]",54,40,Cloud-RCS-FP16-Opt-v2,0.08827042205647555,0.15603563670307846,0.2050825,0.09146840038964489,0.0,0.17797645461583964,0.08363683322041765,0.99645525
195,ROI_15121__20200417T153911_20200417T153906_T23XME,ROI_15121,NA,"(50,100%]",54,40,Cloud-RCS-MP-Task-v2,0.08251755337913533,0.14728313019730613,0.19185625,0.08969093687146533,0.0,0.16063332086638715,0.07974595577868883,0.97727025
196,ROI_15133__20200617T092029_20200617T092522_T35ULQ,ROI_15133,EU,"(50,100%]",1,7,Cloud-RCS-FP32-Compat,0.681073459731417,0.788777168751964,0.95466425,0.7141844742831646,0.9668880600358165,0.35338912970384306,0.6898321749028438,1.0
196,ROI_15133__20200617T092029_20200617T092522_T35ULQ,ROI_15133,EU,"(50,100%]",1,7,Cloud-RCS-FP16-Opt-v2,0.6809538873967476,0.7886518605164619,0.95464575,0.7141186436866055,0.9668810003130286,0.352958270898606,0.6898576346887504,0.99978775
196,ROI_15133__20200617T092029_20200617T092522_T35ULQ,ROI_15133,EU,"(50,100%]",1,7,Cloud-RCS-MP-Task-v2,0.682254757675647,0.7899398416930763,0.95485425,0.7163618543858927,0.9669197354911435,0.3569719422400015,0.6887654985855509,0.998698
197,ROI_15140__20190120T112409_20190120T112403_T29TNF,ROI_15140,EU,"(50,100%]",0,10,Cloud-RCS-FP32-Compat,0.544444596501588,0.6184888786966645,0.8858625,0.8286381527718973,0.8989282185233839,0.0,0.4502120147110711,1.0
197,ROI_15140__20190120T112409_20190120T112403_T29TNF,ROI_15140,EU,"(50,100%]",0,10,Cloud-RCS-FP16-Opt-v2,0.5447454205333767,0.6187172300463508,0.88611625,0.8292810452279024,0.89893755985098,0.0,0.45076307705462443,0.9994
197,ROI_15140__20190120T112409_20190120T112403_T29TNF,ROI_15140,EU,"(50,100%]",0,10,Cloud-RCS-MP-Task-v2,0.5391703070659103,0.6146146619137786,0.88109225,0.8148937311431445,0.8993862802035966,0.0,0.4424012169169001,0.99119125
198,ROI_15150__20180403T080611_20180403T081214_T37TGH,ROI_15150,EU,"(50,100%]",0,9,Cloud-RCS-FP32-Compat,0.4771461260072731,0.5660615619097727,0.93685425,0.398870801824935,0.9434752933466328,0.0,0.5662384088575245,1.0
198,ROI_15150__20180403T080611_20180403T081214_T37TGH,ROI_15150,EU,"(50,100%]",0,9,Cloud-RCS-FP16-Opt-v2,0.4771926232184737,0.5661159430161204,0.93683825,0.3991472253413847,0.9434445262564926,0.0,0.5661787412760175,0.99981075
198,ROI_15150__20180403T080611_20180403T081214_T37TGH,ROI_15150,EU,"(50,100%]",0,9,Cloud-RCS-MP-Task-v2,0.4775503486919094,0.566641346257118,0.936328,0.4030817050122612,0.9429661960774524,0.0,0.564153493677924,0.99817925
199,ROI_15171__20200129T083211_20200129T083246_T36SWH,ROI_15171,EU,"(50,100%]",0,11,Cloud-RCS-FP32-Compat,0.5838162331526523,0.652974846654046,0.93827625,0.7172545761108213,0.9435036396667178,0.0,0.6745067168330702,1.0
199,ROI_15171__20200129T083211_20200129T083246_T36SWH,ROI_15171,EU,"(50,100%]",0,11,Cloud-RCS-FP16-Opt-v2,0.5837622846679199,0.6529388709606977,0.93823225,0.7172281010278645,0.943454134356639,0.0,0.6743669032871763,0.999769
199,ROI_15171__20200129T083211_20200129T083246_T36SWH,ROI_15171,EU,"(50,100%]",0,11,Cloud-RCS-MP-Task-v2,0.5829210258281989,0.6524253074302471,0.93759775,0.7168464101787337,0.9427819640997366,0.00016490765171503957,0.6718908213826107,0.99841775
200,ROI_15187__20190519T155911_20190519T161919_T16PEU,ROI_15187,NA,"(10,50%]",0,6,Cloud-RCS-FP32-Compat,0.2756146382633896,0.3414780346555524,0.78995125,0.8199762215168046,0.2467658440801727,6.23012525147641e-05,0.03565418620406637,1.0
200,ROI_15187__20190519T155911_20190519T161919_T16PEU,ROI_15187,NA,"(10,50%]",0,6,Cloud-RCS-FP16-Opt-v2,0.27478401345501163,0.3406097713816005,0.7881275,0.8183838737612265,0.24552424459430566,6.058494766975145e-05,0.03516735051684463,0.99635125
200,ROI_15187__20190519T155911_20190519T161919_T16PEU,ROI_15187,NA,"(10,50%]",0,6,Cloud-RCS-MP-Task-v2,0.27945889280137864,0.3466705440112024,0.79525275,0.8245833052703825,0.25019129758122044,7.122274617103549e-05,0.04298974560774056,0.981665
201,ROI_15207__20191216T141041_20191216T142040_T20HLC,ROI_15207,SA,0%,0,0,Cloud-RCS-FP32-Compat,1.0,1.0,1.0,1.0,nan,nan,nan,1.0
201,ROI_15207__20191216T141041_20191216T142040_T20HLC,ROI_15207,SA,0%,0,0,Cloud-RCS-FP16-Opt-v2,1.0,1.0,1.0,1.0,nan,nan,nan,1.0
201,ROI_15207__20191216T141041_20191216T142040_T20HLC,ROI_15207,SA,0%,0,0,Cloud-RCS-MP-Task-v2,1.0,1.0,1.0,1.0,nan,nan,nan,1.0
202,ROI_15211__20191216T141041_20191216T142040_T20HLC,ROI_15211,SA,"(10,50%]",15,20,Cloud-RCS-FP32-Compat,0.6599189817222464,0.7801483775573377,0.82949425,0.8310837097303249,0.8285068655498435,0.5756079461461898,0.4044774054626271,1.0
202,ROI_15211__20191216T141041_20191216T142040_T20HLC,ROI_15211,SA,"(10,50%]",15,20,Cloud-RCS-FP16-Opt-v2,0.6599218872331998,0.7801222132960157,0.82949075,0.8310919575792972,0.828858752243257,0.5754477360495555,0.4042891030606893,0.99916225
202,ROI_15211__20191216T141041_20191216T142040_T20HLC,ROI_15211,SA,"(10,50%]",15,20,Cloud-RCS-MP-Task-v2,0.6669815850350764,0.7864677158558088,0.83387175,0.8358066884339527,0.8311958061686027,0.5753744845002136,0.425549361037537,0.9902385
203,ROI_15217__20210705T233741_20210705T233737_T22XEK,ROI_15217,NA,"(50,100%]",0,12,Cloud-RCS-FP32-Compat,0.0978078694239403,0.14073195823601864,0.34497175,0.0005212345186152057,0.39071024317714603,0.0,0.0,1.0
203,ROI_15217__20210705T233741_20210705T233737_T22XEK,ROI_15217,NA,"(50,100%]",0,12,Cloud-RCS-FP16-Opt-v2,0.09771502890871892,0.14063564416647337,0.34464425,0.0005200579457335198,0.39034005768914215,0.0,0.0,0.99808925
203,ROI_15217__20210705T233741_20210705T233737_T22XEK,ROI_15217,NA,"(50,100%]",0,12,Cloud-RCS-MP-Task-v2,0.09929689554278924,0.14226512480955503,0.35023325,0.0005210363865211426,0.39666654578463584,0.0,0.0,0.9827505
204,ROI_15230__20171213T102431_20171213T102425_T32UPE,ROI_15230,EU,"(50,100%]",74,0,Cloud-RCS-FP32-Compat,0.3989302166120659,0.5249450243384426,0.7650395,0.14998822127376532,0.2951222887189954,0.7516801398434371,nan,1.0
204,ROI_15230__20171213T102431_20171213T102425_T32UPE,ROI_15230,EU,"(50,100%]",74,0,Cloud-RCS-FP16-Opt-v2,0.3986870830603612,0.5246359774512249,0.76465525,0.14914546842465698,0.2956305014613189,0.7512852792951076,nan,0.99919675
204,ROI_15230__20171213T102431_20171213T102425_T32UPE,ROI_15230,EU,"(50,100%]",74,0,Cloud-RCS-MP-Task-v2,0.40462526087283185,0.5322170981704921,0.76549825,0.15471604425044458,0.3076734361924862,0.7514863021755649,nan,0.99476175
205,ROI_15234__20210921T102639_20210921T103633_T31SFV,ROI_15234,AF,"(50,100%]",0,0,Cloud-RCS-FP32-Compat,0.45176425432282397,0.538369363070569,0.80941025,0.7042389523971356,0.6510538105713363,0.0,nan,1.0
205,ROI_15234__20210921T102639_20210921T103633_T31SFV,ROI_15234,AF,"(50,100%]",0,0,Cloud-RCS-FP16-Opt-v2,0.4518444172285174,0.538426821836103,0.8094925,0.7043288509748034,0.6512044007107488,0.0,nan,0.99951675
205,ROI_15234__20210921T102639_20210921T103633_T31SFV,ROI_15234,AF,"(50,100%]",0,0,Cloud-RCS-MP-Task-v2,0.45301044676342217,0.5392615743841863,0.810688,0.7056381187689674,0.6533932215212991,0.0,nan,0.99594875
206,ROI_15248__20200608T154549_20200608T155000_T17NRJ,ROI_15248,SA,"(10,50%]",0,6,Cloud-RCS-FP32-Compat,0.5689293620383085,0.6355516490234406,0.92627,0.913366695546599,0.8784758410051532,0.0,0.4838749116014815,1.0
206,ROI_15248__20200608T154549_20200608T155000_T17NRJ,ROI_15248,SA,"(10,50%]",0,6,Cloud-RCS-FP16-Opt-v2,0.5690234992108341,0.635624371459508,0.92633175,0.9134612436612032,0.8785252382128629,0.0,0.4841075149692701,0.999722
206,ROI_15248__20200608T154549_20200608T155000_T17NRJ,ROI_15248,SA,"(10,50%]",0,6,Cloud-RCS-MP-Task-v2,0.5689287739976904,0.6355100102579746,0.92641425,0.9136418169760843,0.8786651555858094,0.0,0.4834081234288678,0.99896225
207,ROI_15275__20190213T083041_20190213T085235_T34KBA,ROI_15275,AF,"(10,50%]",0,1,Cloud-RCS-FP32-Compat,0.5725082960991125,0.6218628926539709,0.980824,0.9762243571718835,0.9648555784991082,0.0,0.3489532487254583,1.0
207,ROI_15275__20190213T083041_20190213T085235_T34KBA,ROI_15275,AF,"(10,50%]",0,1,Cloud-RCS-FP16-Opt-v2,0.5726251735375226,0.6219915896870389,0.9808315,0.9762209358564142,0.9648570920613673,0.0,0.349422666232309,0.999966
207,ROI_15275__20190213T083041_20190213T085235_T34KBA,ROI_15275,AF,"(10,50%]",0,1,Cloud-RCS-MP-Task-v2,0.5691010006212756,0.6182756359291959,0.9802155,0.9749690503250487,0.9648219423905581,0.0,0.33661300976949554,0.99914575
208,ROI_15284__20210618T141051_20210618T141046_T21NWB,ROI_15284,SA,"(10,50%]",0,9,Cloud-RCS-FP32-Compat,0.6280802436364842,0.6798041484662039,0.9443505,0.93301846563934,0.9152324495751984,0.0,0.6640700593313982,1.0
208,ROI_15284__20210618T141051_20210618T141046_T21NWB,ROI_15284,SA,"(10,50%]",0,9,Cloud-RCS-FP16-Opt-v2,0.628178377158524,0.6798680726486723,0.94441275,0.9331164145298482,0.9152859249619851,0.0,0.6643111691422625,0.9998865
208,ROI_15284__20210618T141051_20210618T141046_T21NWB,ROI_15284,SA,"(10,50%]",0,9,Cloud-RCS-MP-Task-v2,0.6232284294887468,0.6764872208983737,0.94156575,0.9283993339713877,0.915300417220261,0.0,0.6492139667633384,0.9967135
209,ROI_15296__20191229T031129_20191229T031127_T50UPB,ROI_15296,AS,0%,0,0,Cloud-RCS-FP32-Compat,1.0,1.0,1.0,1.0,nan,nan,nan,1.0
209,ROI_15296__20191229T031129_20191229T031127_T50UPB,ROI_15296,AS,0%,0,0,Cloud-RCS-FP16-Opt-v2,1.0,1.0,1.0,1.0,nan,nan,nan,1.0
209,ROI_15296__20191229T031129_20191229T031127_T50UPB,ROI_15296,AS,0%,0,0,Cloud-RCS-MP-Task-v2,1.0,1.0,1.0,1.0,nan,nan,nan,1.0
210,ROI_15302__20171210T083331_20171210T083717_T36SWH,ROI_15302,EU,"(0,10%]",1,3,Cloud-RCS-FP32-Compat,0.7503604199028026,0.8414237185017509,0.9839295,0.98518349286821,0.7747006597703022,0.43757212490742176,0.803985402065276,1.0
210,ROI_15302__20171210T083331_20171210T083717_T36SWH,ROI_15302,EU,"(0,10%]",1,3,Cloud-RCS-FP16-Opt-v2,0.7503240617228815,0.8411967194212688,0.98397925,0.9852433117116295,0.773758692204465,0.43534593566299334,0.806948307312438,0.99970525
210,ROI_15302__20171210T083331_20171210T083717_T36SWH,ROI_15302,EU,"(0,10%]",1,3,Cloud-RCS-MP-Task-v2,0.751573968375022,0.8429541629904693,0.984086,0.9854276009494958,0.7809188724788283,0.4464681004229281,0.7934812996488357,0.9983925
211,ROI_15303__20171210T083331_20171210T083717_T36SWH,ROI_15303,EU,"(10,50%]",3,22,Cloud-RCS-FP32-Compat,0.7551091927145697,0.8317353446279434,0.9339815,0.9242263829022989,0.8936428660014396,0.3200272337768218,0.8825402881777185,1.0
211,ROI_15303__20171210T083331_20171210T083717_T36SWH,ROI_15303,EU,"(10,50%]",3,22,Cloud-RCS-FP16-Opt-v2,0.7548481684373513,0.8315213636098282,0.9338435,0.9240418800586586,0.893564987598229,0.31956199700259025,0.8822238090899267,0.99955675
211,ROI_15303__20171210T083331_20171210T083717_T36SWH,ROI_15303,EU,"(10,50%]",3,22,Cloud-RCS-MP-Task-v2,0.7597353472091626,0.8362531364961029,0.9367485,0.9292965744822763,0.8934944940741996,0.3335938999972572,0.8825564202829169,0.9954055
212,ROI_15306__20171210T083331_20171210T083717_T36SWH,ROI_15306,EU,"(50,100%]",5,21,Cloud-RCS-FP32-Compat,0.6890573373186605,0.79394921514306,0.88375675,0.8032038946789968,0.8966795547631435,0.33370105594070293,0.722644843891799,1.0
212,ROI_15306__20171210T083331_20171210T083717_T36SWH,ROI_15306,EU,"(50,100%]",5,21,Cloud-RCS-FP16-Opt-v2,0.6886789221159997,0.7937285114624896,0.88349425,0.8029059949515668,0.8965508710019238,0.33393502455404594,0.7213237979564623,0.99909925
212,ROI_15306__20171210T083331_20171210T083717_T36SWH,ROI_15306,EU,"(50,100%]",5,21,Cloud-RCS-MP-Task-v2,0.6910653069983009,0.7952773360068295,0.8852505,0.8061509404265366,0.8969905267393928,0.33396845058107766,0.7271513102461964,0.9950855
213,ROI_15309__20220912T045711_20220912T050923_T45RTQ,ROI_15309,AS,"(0,10%]",0,2,Cloud-RCS-FP32-Compat,0.678650791555441,0.7114120175964074,0.99493825,0.9956211456648356,0.9001982969788872,0.0,0.8187837235780407,1.0
213,ROI_15309__20220912T045711_20220912T050923_T45RTQ,ROI_15309,AS,"(0,10%]",0,2,Cloud-RCS-FP16-Opt-v2,0.678588151317461,0.7113747543713898,0.99493425,0.9956185663994934,0.9001551689942016,0.0,0.8185788698761491,0.999977
213,ROI_15309__20220912T045711_20220912T050923_T45RTQ,ROI_15309,AS,"(0,10%]",0,2,Cloud-RCS-MP-Task-v2,0.6787541757004497,0.7114863054873038,0.99496025,0.9956451196845988,0.8992020159596809,0.0,0.820169567157519,0.9998085
214,ROI_15337__20191112T050029_20191112T051519_T44NMM,ROI_15337,AS,"(10,50%]",0,5,Cloud-RCS-FP32-Compat,0.6273604104728083,0.6768779763529583,0.96486875,0.9604051271717322,0.9331467773440346,0.0,0.6158897373754664,1.0
214,ROI_15337__20191112T050029_20191112T051519_T44NMM,ROI_15337,AS,"(10,50%]",0,5,Cloud-RCS-FP16-Opt-v2,0.6274149558888525,0.6768995049769924,0.96494325,0.9605224978973927,0.9333727818699966,0.0,0.6157645437880209,0.9997035
214,ROI_15337__20191112T050029_20191112T051519_T44NMM,ROI_15337,AS,"(10,50%]",0,5,Cloud-RCS-MP-Task-v2,0.6270499559134909,0.6766579484295081,0.9648005,0.9604143986247914,0.9328270409486716,0.0,0.6149583840805003,0.999197
215,ROI_15343__20210429T075609_20210429T082141_T35JMK,ROI_15343,AF,0%,0,0,Cloud-RCS-FP32-Compat,0.2497156875,0.2498577628704122,0.99886275,0.99886275,0.0,0.0,0.0,1.0
215,ROI_15343__20210429T075609_20210429T082141_T35JMK,ROI_15343,AF,0%,0,0,Cloud-RCS-FP16-Opt-v2,0.249716,0.24985791929816137,0.998864,0.998864,0.0,0.0,0.0,0.99998325
215,ROI_15343__20210429T075609_20210429T082141_T35JMK,ROI_15343,AF,0%,0,0,Cloud-RCS-MP-Task-v2,0.3329604166666667,0.3331467706414943,0.99888125,0.99888125,nan,0.0,0.0,0.9999095
216,ROI_15345__20210429T075609_20210429T082141_T35JMK,ROI_15345,AF,0%,0,0,Cloud-RCS-FP32-Compat,0.249419625,0.24970947527342363,0.9976785,0.9976785,0.0,0.0,0.0,1.0
216,ROI_15345__20210429T075609_20210429T082141_T35JMK,ROI_15345,AF,0%,0,0,Cloud-RCS-FP16-Opt-v2,0.2494049375,0.24970211422869643,0.99761975,0.99761975,0.0,0.0,0.0,0.99992525
216,ROI_15345__20210429T075609_20210429T082141_T35JMK,ROI_15345,AF,0%,0,0,Cloud-RCS-MP-Task-v2,0.2496014375,0.24980055977120763,0.99840575,0.99840575,0.0,0.0,0.0,0.99922575
217,ROI_15399__20190903T040541_20190903T040544_T50WMT,ROI_15399,AS,"(50,100%]",2,19,Cloud-RCS-FP32-Compat,0.6341946969799788,0.750070499516377,0.91147475,0.5967495242209483,0.9365321646161601,0.2962289676164708,0.7072681314663359,1.0
217,ROI_15399__20190903T040541_20190903T040544_T50WMT,ROI_15399,AS,"(50,100%]",2,19,Cloud-RCS-FP16-Opt-v2,0.633739614825301,0.7496682893553488,0.91128475,0.5964398962657418,0.9365172359465807,0.29557257972305306,0.7064287473658283,0.9994645
217,ROI_15399__20190903T040541_20190903T040544_T50WMT,ROI_15399,AS,"(50,100%]",2,19,Cloud-RCS-MP-Task-v2,0.6399786065349896,0.755514272423093,0.9127765,0.6061725270456392,0.9357506276704346,0.30613895889728987,0.7118523125265949,0.99538225
218,ROI_15505__20190817T143751_20190817T144614_T19JDK,ROI_15505,SA,0%,0,0,Cloud-RCS-FP32-Compat,0.2478744375,0.24893268144540961,0.99149775,0.99149775,0.0,0.0,0.0,1.0
218,ROI_15505__20190817T143751_20190817T144614_T19JDK,ROI_15505,SA,0%,0,0,Cloud-RCS-FP16-Opt-v2,0.2479006875,0.2489459180551945,0.99160275,0.99160275,0.0,0.0,0.0,0.99985925
218,ROI_15505__20190817T143751_20190817T144614_T19JDK,ROI_15505,SA,0%,0,0,Cloud-RCS-MP-Task-v2,0.24806225,0.24902735551630342,0.992249,0.992249,0.0,0.0,0.0,0.9991675
219,ROI_15507__20190817T143751_20190817T144614_T19JDK,ROI_15507,SA,"(0,10%]",8,0,Cloud-RCS-FP32-Compat,0.37846591508009364,0.4253842547016337,0.931402,0.9279071329381223,0.0,0.5859565273822521,0.0,1.0
219,ROI_15507__20190817T143751_20190817T144614_T19JDK,ROI_15507,SA,"(0,10%]",8,0,Cloud-RCS-FP16-Opt-v2,0.37865188937736205,0.4255407468760375,0.9312755,0.9277715433213308,0.0,0.5868360141881174,0.0,0.99948125
219,ROI_15507__20190817T143751_20190817T144614_T19JDK,ROI_15507,SA,"(0,10%]",8,0,Cloud-RCS-MP-Task-v2,0.37750700891510164,0.42470186575739366,0.930008,0.9266462942491085,0.0,0.5833817414112981,0.0,0.99634025
220,ROI_15535__20190825T160829_20190825T160830_T27XVL,ROI_15535,NA,"(10,50%]",32,0,Cloud-RCS-FP32-Compat,0.23952416564421372,0.3213890890004895,0.66176,0.5688292235987731,0.0,0.3892674389780818,0.0,1.0
220,ROI_15535__20190825T160829_20190825T160830_T27XVL,ROI_15535,NA,"(10,50%]",32,0,Cloud-RCS-FP16-Opt-v2,0.2394630000798088,0.3213376025789605,0.66161975,0.5686163460475065,0.0,0.38923565427172874,0.0,0.9987875
220,ROI_15535__20190825T160829_20190825T160830_T27XVL,ROI_15535,NA,"(10,50%]",32,0,Cloud-RCS-MP-Task-v2,0.24103348792609663,0.3225989391972759,0.66555275,0.5750738655890856,0.0,0.38906008611530096,0.0,0.989292
221,ROI_15547__20180220T100029_20180220T100520_T32SPB,ROI_15547,AF,0%,0,0,Cloud-RCS-FP32-Compat,0.494751375,0.49736184079162493,0.98950275,0.98950275,nan,nan,0.0,1.0
221,ROI_15547__20180220T100029_20180220T100520_T32SPB,ROI_15547,AF,0%,0,0,Cloud-RCS-FP16-Opt-v2,0.494723125,0.4973475659370038,0.98944625,0.98944625,nan,nan,0.0,0.999939
221,ROI_15547__20180220T100029_20180220T100520_T32SPB,ROI_15547,AF,0%,0,0,Cloud-RCS-MP-Task-v2,0.49502425,0.4974996840529263,0.9900485,0.9900485,nan,nan,0.0,0.99927175
222,ROI_15556__20210419T025539_20210419T031254_T48MYT,ROI_15556,OC,"(50,100%]",9,14,Cloud-RCS-FP32-Compat,0.6438175243144947,0.7698184356824834,0.8294485,0.7134046462511842,0.8859379378271866,0.4255255700365967,0.5504019431430115,1.0
222,ROI_15556__20210419T025539_20210419T031254_T48MYT,ROI_15556,OC,"(50,100%]",9,14,Cloud-RCS-FP16-Opt-v2,0.6456776446569017,0.7712242999630894,0.83089175,0.7170682858780151,0.8859796301775503,0.42558425367357267,0.554078408898469,0.9980125
222,ROI_15556__20210419T025539_20210419T031254_T48MYT,ROI_15556,OC,"(50,100%]",9,14,Cloud-RCS-MP-Task-v2,0.6428383172263845,0.7688839242228196,0.829221,0.7125835708699583,0.8865665143917533,0.4227187518358758,0.549484431807951,0.9912845
223,ROI_15559__20200302T060749_20200302T060744_T45XXA,ROI_15559,AS,"(50,100%]",0,12,Cloud-RCS-FP32-Compat,0.48521677155976795,0.5505476683351697,0.93808725,0.0,0.9335996842612716,nan,0.5220506304180321,1.0
223,ROI_15559__20200302T060749_20200302T060744_T45XXA,ROI_15559,AS,"(50,100%]",0,12,Cloud-RCS-FP16-Opt-v2,0.4847410527861064,0.550152391175721,0.93794075,0.0,0.9334559470043019,nan,0.5207672113540172,0.999719
223,ROI_15559__20200302T060749_20200302T060744_T45XXA,ROI_15559,AS,"(50,100%]",0,12,Cloud-RCS-MP-Task-v2,0.4880023702587504,0.5528429097602588,0.9389985,0.0,0.9345050028626515,nan,0.5295021079135996,0.99843775
224,ROI_15605__20190424T101031_20190424T101032_T32UQU,ROI_15605,EU,"(50,100%]",56,0,Cloud-RCS-FP32-Compat,0.1747133064204832,0.250282807988511,0.55246975,0.4944714088173782,0.0,0.20438181686455456,0.0,1.0
224,ROI_15605__20190424T101031_20190424T101032_T32UQU,ROI_15605,EU,"(50,100%]",56,0,Cloud-RCS-FP16-Opt-v2,0.1746974558545513,0.2502614720089746,0.55244725,0.494467106932348,0.0,0.20432271648585712,0.0,0.99944625
224,ROI_15605__20190424T101031_20190424T101032_T32UQU,ROI_15605,EU,"(50,100%]",56,0,Cloud-RCS-MP-Task-v2,0.1715620692850813,0.246229226830613,0.5472195,0.4918150519267694,0.0,0.19443322521355583,0.0,0.993758
225,ROI_15631__20200219T112111_20200219T112435_T29TPE,ROI_15631,EU,0%,0,0,Cloud-RCS-FP32-Compat,0.499781,0.49989047601424713,0.999562,0.999562,nan,nan,0.0,1.0
225,ROI_15631__20200219T112111_20200219T112435_T29TPE,ROI_15631,EU,0%,0,0,Cloud-RCS-FP16-Opt-v2,0.49977725,0.49988860018569137,0.9995545,0.9995545,nan,nan,0.0,0.999992
225,ROI_15631__20200219T112111_20200219T112435_T29TPE,ROI_15631,EU,0%,0,0,Cloud-RCS-MP-Task-v2,0.499759375,0.4998796585428369,0.99951875,0.99951875,nan,nan,0.0,0.99995675
226,ROI_15635__20190116T004951_20190116T004951_T57VXE,ROI_15635,AS,0%,0,0,Cloud-RCS-FP32-Compat,0.24942225,0.2497107908187911,0.997689,0.997689,0.0,0.0,0.0,1.0
226,ROI_15635__20190116T004951_20190116T004951_T57VXE,ROI_15635,AS,0%,0,0,Cloud-RCS-FP16-Opt-v2,0.249420625,0.24970997643519427,0.9976825,0.9976825,0.0,0.0,0.0,0.9999915
226,ROI_15635__20190116T004951_20190116T004951_T57VXE,ROI_15635,AS,0%,0,0,Cloud-RCS-MP-Task-v2,0.249466875,0.2497331529743589,0.9978675,0.9978675,0.0,0.0,0.0,0.9998215
227,ROI_15681__20191009T015659_20191009T015653_T56WPD,ROI_15681,AS,0%,0,0,Cloud-RCS-FP32-Compat,0.499941875,0.499970935810644,0.99988375,0.99988375,nan,nan,0.0,1.0
227,ROI_15681__20191009T015659_20191009T015653_T56WPD,ROI_15681,AS,0%,0,0,Cloud-RCS-FP16-Opt-v2,0.499942375,0.499971185839584,0.99988475,0.99988475,nan,nan,0.0,0.999999
227,ROI_15681__20191009T015659_20191009T015653_T56WPD,ROI_15681,AS,0%,0,0,Cloud-RCS-MP-Task-v2,0.499943375,0.4999716858967139,0.99988675,0.99988675,nan,nan,0.0,0.999997
228,ROI_15697__20191021T160309_20191021T160502_T18TUM,ROI_15697,NA,0%,0,0,Cloud-RCS-FP32-Compat,0.2495426875,0.2497711344238224,0.99817075,0.99817075,0.0,0.0,0.0,1.0
228,ROI_15697__20191021T160309_20191021T160502_T18TUM,ROI_15697,NA,0%,0,0,Cloud-RCS-FP16-Opt-v2,0.24954025,0.24976991343540386,0.998161,0.998161,0.0,0.0,0.0,0.9999655
228,ROI_15697__20191021T160309_20191021T160502_T18TUM,ROI_15697,NA,0%,0,0,Cloud-RCS-MP-Task-v2,0.249508625,0.24975407081309156,0.9980345,0.9980345,0.0,0.0,0.0,0.99975875
229,ROI_15700__20191016T215529_20191016T215530_T06WVA,ROI_15700,NA,0%,0,0,Cloud-RCS-FP32-Compat,0.499848875,0.49992442607889115,0.99969775,0.99969775,nan,nan,0.0,1.0
229,ROI_15700__20191016T215529_20191016T215530_T06WVA,ROI_15700,NA,0%,0,0,Cloud-RCS-FP16-Opt-v2,0.4998485,0.4999242385221361,0.999697,0.999697,nan,nan,0.0,0.99999725
229,ROI_15700__20191016T215529_20191016T215530_T06WVA,ROI_15700,NA,0%,0,0,Cloud-RCS-MP-Task-v2,0.499848125,0.49992405096524034,0.99969625,0.99969625,nan,nan,0.0,0.9999905
230,ROI_15712__20200206T184539_20200206T184538_T12VWQ,ROI_15712,NA,"(50,100%]",43,41,Cloud-RCS-FP32-Compat,0.07683950633699593,0.13263475846409373,0.200709,0.20422255071266157,2.13061912748103e-05,0.08888044158291955,0.014233726861127782,1.0
230,ROI_15712__20200206T184539_20200206T184538_T12VWQ,ROI_15712,NA,"(50,100%]",43,41,Cloud-RCS-FP16-Opt-v2,0.07656650293662343,0.13212623168748322,0.20014825,0.20432044739536076,2.1130959119140875e-05,0.08831473131126949,0.013609702080744291,0.99694325
230,ROI_15712__20200206T184539_20200206T184538_T12VWQ,ROI_15712,NA,"(50,100%]",43,41,Cloud-RCS-MP-Task-v2,0.0717968610922311,0.12457533188233633,0.19305025,0.19770371393712408,2.299594198277144e-05,0.07465335551858014,0.014807378971237387,0.96655575
231,ROI_15715__20190107T102411_20190107T103313_T30NYP,ROI_15715,AF,"(50,100%]",10,33,Cloud-RCS-FP32-Compat,0.5244295278041992,0.6477944058233506,0.66749975,0.6924892404121137,0.8723362834357833,0.2504726854578758,0.282419901911024,1.0
231,ROI_15715__20190107T102411_20190107T103313_T30NYP,ROI_15715,AF,"(50,100%]",10,33,Cloud-RCS-FP16-Opt-v2,0.5240451065459647,0.6473484579129811,0.6670275,0.6921687529267323,0.8724350367349245,0.25023704399297886,0.28133959252922314,0.99867025
231,ROI_15715__20190107T102411_20190107T103313_T30NYP,ROI_15715,AF,"(50,100%]",10,33,Cloud-RCS-MP-Task-v2,0.5309230970983243,0.654695455125041,0.674672,0.6986041908402156,0.873689998184056,0.2549119530531124,0.2964862463159134,0.98764325
232,ROI_15735__20190601T110621_20190601T111704_T30TTL,ROI_15735,EU,0%,0,0,Cloud-RCS-FP32-Compat,0.249983,0.24999149971099016,0.999932,0.999932,0.0,0.0,0.0,1.0
232,ROI_15735__20190601T110621_20190601T111704_T30TTL,ROI_15735,EU,0%,0,0,Cloud-RCS-FP16-Opt-v2,0.249983125,0.24999156221522476,0.9999325,0.9999325,0.0,0.0,0.0,0.999999
232,ROI_15735__20190601T110621_20190601T111704_T30TTL,ROI_15735,EU,0%,0,0,Cloud-RCS-MP-Task-v2,0.3333074166666667,0.3333203744962252,0.99992225,0.99992225,0.0,nan,0.0,0.99998025
233,ROI_15736__20180824T100031_20180824T100141_T33STC,ROI_15736,EU,"(10,50%]",1,4,Cloud-RCS-FP32-Compat,0.4007389910083784,0.5056497264176092,0.44891475,0.4087953225778982,0.8474568650981668,0.01147718173235791,0.33522659462509086,1.0
233,ROI_15736__20180824T100031_20180824T100141_T33STC,ROI_15736,EU,"(10,50%]",1,4,Cloud-RCS-FP16-Opt-v2,0.40235365093388775,0.5072758426911301,0.4548075,0.41534882591269434,0.8475651933319499,0.01159195526962024,0.33490862922128656,0.99312325
233,ROI_15736__20180824T100031_20180824T100141_T33STC,ROI_15736,EU,"(10,50%]",1,4,Cloud-RCS-MP-Task-v2,0.4061248383448292,0.5110314264984128,0.4688655,0.43097496024782694,0.8475318210220701,0.01181053631158503,0.33418203579783473,0.97796275
234,ROI_15749__20220715T083609_20220715T090315_T33JXK,ROI_15749,AF,0%,0,0,Cloud-RCS-FP32-Compat,0.24812425,0.24905859331281302,0.992497,0.992497,0.0,0.0,0.0,1.0
234,ROI_15749__20220715T083609_20220715T090315_T33JXK,ROI_15749,AF,0%,0,0,Cloud-RCS-FP16-Opt-v2,0.24813675,0.2490648903137542,0.992547,0.992547,0.0,0.0,0.0,0.9998975
234,ROI_15749__20220715T083609_20220715T090315_T33JXK,ROI_15749,AF,0%,0,0,Cloud-RCS-MP-Task-v2,0.2481710625,0.2490821739570632,0.99268425,0.99268425,0.0,0.0,0.0,0.99947825
235,ROI_15751__20220313T095031_20220313T095033_T36WVA,ROI_15751,EU,0%,0,0,Cloud-RCS-FP32-Compat,1.0,1.0,1.0,1.0,nan,nan,nan,1.0
235,ROI_15751__20220313T095031_20220313T095033_T36WVA,ROI_15751,EU,0%,0,0,Cloud-RCS-FP16-Opt-v2,1.0,1.0,1.0,1.0,nan,nan,nan,1.0
235,ROI_15751__20220313T095031_20220313T095033_T36WVA,ROI_15751,EU,0%,0,0,Cloud-RCS-MP-Task-v2,1.0,1.0,1.0,1.0,nan,nan,nan,1.0
236,ROI_15793__20200622T032539_20200622T032539_T50UMA,ROI_15793,AS,"(10,50%]",1,7,Cloud-RCS-FP32-Compat,0.6928117373543103,0.7447187735863274,0.97084625,0.9681540600422991,0.8908056203410081,0.07661436486976335,0.8356729041641713,1.0
236,ROI_15793__20200622T032539_20200622T032539_T50UMA,ROI_15793,AS,"(10,50%]",1,7,Cloud-RCS-FP16-Opt-v2,0.6927485520979833,0.7444976867904312,0.9708645,0.9681718146931644,0.8911406088546221,0.07597753797583004,0.8357042468683166,0.999855
236,ROI_15793__20200622T032539_20200622T032539_T50UMA,ROI_15793,AS,"(10,50%]",1,7,Cloud-RCS-MP-Task-v2,0.6892776452667346,0.7382106411266108,0.971018,0.9683493828708659,0.8916626064027973,0.06140047374444415,0.8356981180488311,0.99908825
237,ROI_15796__20190221T102039_20190221T103744_T30PZR,ROI_15796,AF,"(50,100%]",23,17,Cloud-RCS-FP32-Compat,0.5873050707387835,0.7265095069718126,0.7447145,0.6625234643486296,0.7976822335096903,0.5281579246704867,0.36085666042632736,1.0
237,ROI_15796__20190221T102039_20190221T103744_T30PZR,ROI_15796,AF,"(50,100%]",23,17,Cloud-RCS-FP16-Opt-v2,0.5874163995316501,0.7266099951390046,0.7448315,0.6626592492956963,0.7976458354761942,0.5283695971703302,0.3609909161843802,0.9988435
237,ROI_15796__20190221T102039_20190221T103744_T30PZR,ROI_15796,AF,"(50,100%]",23,17,Cloud-RCS-MP-Task-v2,0.5940041560687073,0.7319895870393248,0.7507815,0.6714512895771202,0.802292312001002,0.5353682684061937,0.3669047542905132,0.99016075
238,ROI_15857__20190428T162901_20190428T163646_T16TFN,ROI_15857,NA,"(10,50%]",27,0,Cloud-RCS-FP32-Compat,0.38903850757187053,0.4473440084823108,0.89832425,0.8765330361209013,0.03343023255813953,0.6418759886476852,0.004314772960756112,1.0
238,ROI_15857__20190428T162901_20190428T163646_T16TFN,ROI_15857,NA,"(10,50%]",27,0,Cloud-RCS-FP16-Opt-v2,0.3892072039428543,0.4476392252119885,0.89834375,0.876560853509916,0.033873343151693665,0.6419312391138653,0.0044633799959423815,0.99963
238,ROI_15857__20190428T162901_20190428T163646_T16TFN,ROI_15857,NA,"(10,50%]",27,0,Cloud-RCS-MP-Task-v2,0.3854982425311731,0.4437244065961834,0.8962745,0.8745971020561184,0.02998696219035202,0.6333840247951629,0.00402488108305891,0.99556
239,ROI_15859__20190416T172901_20190416T173046_T17WPU,ROI_15859,NA,"(10,50%]",12,16,Cloud-RCS-FP32-Compat,0.2711751484838314,0.3536513090280165,0.66522925,0.7498873358837052,0.0225026538306673,0.25739982262901706,0.054910781591936,1.0
239,ROI_15859__20190416T172901_20190416T173046_T17WPU,ROI_15859,NA,"(10,50%]",12,16,Cloud-RCS-FP16-Opt-v2,0.2710087069496344,0.35341883194868445,0.66513,0.7497030914638964,0.022116383234738368,0.25721029656417815,0.05500505653572473,0.99861475
239,ROI_15859__20190416T172901_20190416T173046_T17WPU,ROI_15859,NA,"(10,50%]",12,16,Cloud-RCS-MP-Task-v2,0.2677351599702559,0.34840680192439094,0.66546825,0.7480534814175185,0.020200586187946512,0.2536342432948532,0.049052328980705516,0.9854685
240,ROI_15866__20191218T025121_20191218T030656_T49MCV,ROI_15866,OC,"(50,100%]",3,7,Cloud-RCS-FP32-Compat,0.4685979871195022,0.5829659488742873,0.92265175,0.1244676653468849,0.9511733548872352,0.3349335788504538,0.4638173493934351,1.0
240,ROI_15866__20191218T025121_20191218T030656_T49MCV,ROI_15866,OC,"(50,100%]",3,7,Cloud-RCS-FP16-Opt-v2,0.4683135093913399,0.5825350916928057,0.922648,0.12357991265187282,0.9512280918188896,0.33460433569672937,0.4638416973978679,0.9995
240,ROI_15866__20191218T025121_20191218T030656_T49MCV,ROI_15866,OC,"(50,100%]",3,7,Cloud-RCS-MP-Task-v2,0.4689468517067892,0.5833807826509845,0.92281625,0.1255567511611752,0.9515131067739917,0.3338367796944069,0.46488076919758287,0.99755725
241,ROI_15868__20190522T140059_20190522T140101_T20JQM,ROI_15868,SA,"(50,100%]",0,3,Cloud-RCS-FP32-Compat,0.3811655511280283,0.42620569474178366,0.972126,0.0,0.9719642406776499,nan,0.17153241270643496,1.0
241,ROI_15868__20190522T140059_20190522T140101_T20JQM,ROI_15868,SA,"(50,100%]",0,3,Cloud-RCS-FP16-Opt-v2,0.38067893743817516,0.4255086060429889,0.972084,0.0,0.9719233736204828,nan,0.1701134386940426,0.9999195
241,ROI_15868__20190522T140059_20190522T140101_T20JQM,ROI_15868,SA,"(50,100%]",0,3,Cloud-RCS-MP-Task-v2,0.3803246894438364,0.42500478011397796,0.97203875,0.0,0.9718787683129323,nan,0.169095300018577,0.99976075
242,ROI_15874__20190623T055649_20190623T060009_T44WPV,ROI_15874,AS,"(50,100%]",68,8,Cloud-RCS-FP32-Compat,0.33550099707514053,0.43985423139280655,0.76161125,0.3932215109746239,0.2046206266101554,0.742746712783155,0.0014151379326278822,1.0
242,ROI_15874__20190623T055649_20190623T060009_T44WPV,ROI_15874,AS,"(50,100%]",68,8,Cloud-RCS-FP16-Opt-v2,0.3359219393886286,0.4403378298098365,0.76176275,0.39419135634959596,0.2052414067816302,0.7428253997927878,0.0014295946305003292,0.99907675
242,ROI_15874__20190623T055649_20190623T060009_T44WPV,ROI_15874,AS,"(50,100%]",68,8,Cloud-RCS-MP-Task-v2,0.338984056488097,0.44385737790152174,0.76245075,0.4011155242108019,0.20986669704910563,0.7433859921483799,0.0015680125441003528,0.993099
243,ROI_15904__20190828T202851_20190828T202851_T17XNK,ROI_15904,NA,"(10,50%]",10,12,Cloud-RCS-FP32-Compat,0.48114140420193563,0.6281564834855691,0.78586175,0.7912268049992861,0.49481296758104737,0.2969859093424589,0.34153993488495027,1.0
243,ROI_15904__20190828T202851_20190828T202851_T17XNK,ROI_15904,NA,"(10,50%]",10,12,Cloud-RCS-FP16-Opt-v2,0.4802647758110014,0.6272270788339982,0.78539225,0.7908042724549578,0.4949939343683297,0.29727852592654613,0.33798237049417185,0.998369
243,ROI_15904__20190828T202851_20190828T202851_T17XNK,ROI_15904,NA,"(10,50%]",10,12,Cloud-RCS-MP-Task-v2,0.48495659843502303,0.6318178300640807,0.789944,0.7950616001237076,0.4995045022287684,0.3054591225896221,0.33980116879799394,0.98996075
244,ROI_15940__20191101T025841_20191101T030255_T51UWQ,ROI_15940,AS,"(10,50%]",17,15,Cloud-RCS-FP32-Compat,0.5913694673756311,0.72578340525002,0.83552425,0.8772278790749073,0.4109909021613961,0.42480455048013516,0.6524545377860861,1.0
244,ROI_15940__20191101T025841_20191101T030255_T51UWQ,ROI_15940,AS,"(10,50%]",17,15,Cloud-RCS-FP16-Opt-v2,0.5913750601292502,0.7257852328478165,0.83557625,0.8773286311613598,0.41111155598910937,0.4247045683512795,0.6523554850152522,0.99933675
244,ROI_15940__20191101T025841_20191101T030255_T51UWQ,ROI_15940,AS,"(10,50%]",17,15,Cloud-RCS-MP-Task-v2,0.5919358498795293,0.7264627249031752,0.83572725,0.8770177058634065,0.4141100354503218,0.42552679614230665,0.6510888620620822,0.9960575
245,ROI_15943__20190430T112119_20190430T112939_T29TPE,ROI_15943,EU,0%,0,0,Cloud-RCS-FP32-Compat,0.249961625,0.24998081102724634,0.9998465,0.9998465,0.0,0.0,0.0,1.0
245,ROI_15943__20190430T112119_20190430T112939_T29TPE,ROI_15943,EU,0%,0,0,Cloud-RCS-FP16-Opt-v2,0.24996225,0.2499811235748299,0.999849,0.999849,0.0,0.0,0.0,0.9999955
245,ROI_15943__20190430T112119_20190430T112939_T29TPE,ROI_15943,EU,0%,0,0,Cloud-RCS-MP-Task-v2,0.2499665625,0.24998328013185883,0.99986625,0.99986625,0.0,0.0,0.0,0.99995525
246,ROI_15948__20191201T000241_20191201T000239_T56HKJ,ROI_15948,OC,"(50,100%]",43,3,Cloud-RCS-FP32-Compat,0.5332874349887682,0.6908239899085844,0.652274,0.5257763060041815,0.6600376294717105,0.4000634920047276,0.5472723124744532,1.0
246,ROI_15948__20191201T000241_20191201T000239_T56HKJ,ROI_15948,OC,"(50,100%]",43,3,Cloud-RCS-FP16-Opt-v2,0.5326317972038422,0.6901987735512704,0.6517105,0.5258468330630992,0.659907689046345,0.39831511438779243,0.5464575523181322,0.997428
246,ROI_15948__20191201T000241_20191201T000239_T56HKJ,ROI_15948,OC,"(50,100%]",43,3,Cloud-RCS-MP-Task-v2,0.5286170008855489,0.6863823153084605,0.64946675,0.5293919288827323,0.6558280641246726,0.3863126233668578,0.542935387167933,0.9798915
247,ROI_15957__20190419T050659_20190419T051908_T44SQB,ROI_15957,AS,"(50,100%]",0,7,Cloud-RCS-FP32-Compat,0.6497131546995262,0.6947381149431127,0.94349375,0.9327165183721938,0.9244511424595702,0.0009982841990329122,0.7406866737673078,1.0
247,ROI_15957__20190419T050659_20190419T051908_T44SQB,ROI_15957,AS,"(50,100%]",0,7,Cloud-RCS-FP16-Opt-v2,0.6497060968359692,0.694734740298634,0.94345925,0.9326531921647377,0.9244527681066286,0.0009963674104826155,0.740722059662028,0.999707
247,ROI_15957__20190419T050659_20190419T051908_T44SQB,ROI_15957,AS,"(50,100%]",0,7,Cloud-RCS-MP-Task-v2,0.6493811898110473,0.6945016365442463,0.943914,0.9322746975982055,0.9247651862919353,0.0009337372289719119,0.7395511381250763,0.9976915
248,ROI_15964__20180209T112221_20180209T112217_T30UXC,ROI_15964,EU,"(50,100%]",0,2,Cloud-RCS-FP32-Compat,0.8206046354854873,0.8823778186280208,0.98238375,0.9847978973591083,0.9776734294646612,nan,0.49934257963269285,1.0
248,ROI_15964__20180209T112221_20180209T112217_T30UXC,ROI_15964,EU,"(50,100%]",0,2,Cloud-RCS-FP16-Opt-v2,0.8221897150571352,0.8836737729956083,0.982627,0.9855931041150033,0.97775244415585,nan,0.5032235969005523,0.99965925
248,ROI_15964__20180209T112221_20180209T112217_T30UXC,ROI_15964,EU,"(50,100%]",0,2,Cloud-RCS-MP-Task-v2,0.7089615937829276,0.7837843694476309,0.9580635,0.8763329468984374,0.977959139693662,nan,0.27259269475668346,0.97431225
249,ROI_15966__20190220T160509_20190220T160803_T17PKL,ROI_15966,SA,"(10,50%]",0,7,Cloud-RCS-FP32-Compat,0.7896075056812423,0.8606204701455649,0.97798625,0.97596448300091,0.9290169866009781,0.39792081397920814,0.8555277391438727,1.0
249,ROI_15966__20190220T160509_20190220T160803_T17PKL,ROI_15966,SA,"(10,50%]",0,7,Cloud-RCS-FP16-Opt-v2,0.7896647089820481,0.8606145286311305,0.97804675,0.976044936395176,0.9292357923230407,0.39760096841641906,0.8557771387935565,0.999849
249,ROI_15966__20190220T160509_20190220T160803_T17PKL,ROI_15966,SA,"(10,50%]",0,7,Cloud-RCS-MP-Task-v2,0.7917896892014133,0.8629489363249421,0.9779315,0.9759004739336493,0.9290143006627136,0.40765539560316927,0.854588586606121,0.99954025
250,ROI_16025__20190310T105851_20190310T110008_T33WXR,ROI_16025,EU,"(0,10%]",2,2,Cloud-RCS-FP32-Compat,0.34186161948880783,0.40220026409736986,0.963946,0.9681812241231204,0.06793125030090029,0.0,0.3313340035312107,1.0
250,ROI_16025__20190310T105851_20190310T110008_T33WXR,ROI_16025,EU,"(0,10%]",2,2,Cloud-RCS-FP16-Opt-v2,0.34177262117101415,0.40210277657326,0.96395,0.9681876098657998,0.06795649244393108,0.0,0.3309463823743258,0.99990725
250,ROI_16025__20190310T105851_20190310T110008_T33WXR,ROI_16025,EU,"(0,10%]",2,2,Cloud-RCS-MP-Task-v2,0.34257600589252507,0.4033654971750829,0.9642355,0.9682984652814158,0.07035905653763333,0.0,0.33164650175105104,0.999244
251,ROI_16026__20200315T020651_20200315T020649_T54VVM,ROI_16026,AS,0%,0,0,Cloud-RCS-FP32-Compat,0.49999625,0.49999812499296875,0.9999925,0.9999925,nan,nan,0.0,1.0
251,ROI_16026__20200315T020651_20200315T020649_T54VVM,ROI_16026,AS,0%,0,0,Cloud-RCS-FP16-Opt-v2,0.499996,0.49999799999199995,0.999992,0.999992,nan,nan,0.0,0.9999995
251,ROI_16026__20200315T020651_20200315T020649_T54VVM,ROI_16026,AS,0%,0,0,Cloud-RCS-MP-Task-v2,0.49999825,0.49999912499846877,0.9999965,0.9999965,nan,nan,0.0,0.999996
252,ROI_16028__20210329T032539_20210329T032835_T51WVM,ROI_16028,AS,"(50,100%]",0,6,Cloud-RCS-FP32-Compat,0.6005288733518108,0.6559503907181972,0.9378195,0.977204557062476,0.9161515017914453,0.00421583174356438,0.5045436028097574,1.0
252,ROI_16028__20210329T032539_20210329T032835_T51WVM,ROI_16028,AS,"(50,100%]",0,6,Cloud-RCS-FP16-Opt-v2,0.6008293165241045,0.6562432695252584,0.937967,0.9772270607424718,0.916284089714568,0.004364533421889084,0.5054415822174889,0.999691
252,ROI_16028__20210329T032539_20210329T032835_T51WVM,ROI_16028,AS,"(50,100%]",0,6,Cloud-RCS-MP-Task-v2,0.6003959694037558,0.6560840899954161,0.9375115,0.976986787382862,0.914986165106029,0.004697416420968467,0.5049135087051638,0.99784425
253,ROI_16038__20190129T051049_20190129T052219_T43PGK,ROI_16038,AS,0%,0,0,Cloud-RCS-FP32-Compat,0.3332665833333333,0.33329995499132686,0.99979975,0.99979975,0.0,0.0,nan,1.0
253,ROI_16038__20190129T051049_20190129T052219_T43PGK,ROI_16038,AS,0%,0,0,Cloud-RCS-FP16-Opt-v2,0.33326875,0.3333010385381084,0.99980625,0.99980625,0.0,0.0,nan,0.999993
253,ROI_16038__20190129T051049_20190129T052219_T43PGK,ROI_16038,AS,0%,0,0,Cloud-RCS-MP-Task-v2,0.33328508333333334,0.33330920658716007,0.99985525,0.99985525,0.0,0.0,nan,0.9999435
254,ROI_16051__20210814T102031_20210814T102609_T32SKC,ROI_16051,AF,0%,0,0,Cloud-RCS-FP32-Compat,0.3327366666666667,0.33303473275248013,0.99821,0.99821,nan,0.0,0.0,1.0
254,ROI_16051__20210814T102031_20210814T102609_T32SKC,ROI_16051,AF,0%,0,0,Cloud-RCS-FP16-Opt-v2,0.33274583333333335,0.3330393242378179,0.9982375,0.9982375,nan,0.0,0.0,0.999955
254,ROI_16051__20210814T102031_20210814T102609_T32SKC,ROI_16051,AF,0%,0,0,Cloud-RCS-MP-Task-v2,0.3326308333333333,0.33298171281321026,0.9978925,0.9978925,nan,0.0,0.0,0.9994745
255,ROI_16059__20190428T095031_20190428T095033_T33SVB,ROI_16059,EU,"(50,100%]",41,15,Cloud-RCS-FP32-Compat,0.4705216985049355,0.5927723183666174,0.7264545,0.7273507733623935,0.4910864081859658,0.5994377142161801,0.06421189825520286,1.0
255,ROI_16059__20190428T095031_20190428T095033_T33SVB,ROI_16059,EU,"(50,100%]",41,15,Cloud-RCS-FP16-Opt-v2,0.470911242190753,0.5932174817846974,0.7265645,0.7272997905537383,0.4922650199835701,0.5994423532574195,0.06463780496828397,0.9992115
255,ROI_16059__20190428T095031_20190428T095033_T33SVB,ROI_16059,EU,"(50,100%]",41,15,Cloud-RCS-MP-Task-v2,0.4720476342751577,0.5952349613352748,0.72556175,0.7240191331738902,0.4999192267927036,0.5962326091018737,0.06801956803216332,0.99221775
256,ROI_16078__20190427T201851_20190427T202047_T14XNP,ROI_16078,NA,"(50,100%]",1,33,Cloud-RCS-FP32-Compat,0.12484713110864602,0.186634264430944,0.303804,0.0003342064261380362,0.4166972938252297,0.028205085876939984,0.05415193830627639,1.0
256,ROI_16078__20190427T201851_20190427T202047_T14XNP,ROI_16078,NA,"(50,100%]",1,33,Cloud-RCS-FP16-Opt-v2,0.12576330991975687,0.1876165022289181,0.30618225,0.0003314847408721627,0.4200050045279062,0.028191495660205325,0.054525254750043724,0.99327275
256,ROI_16078__20190427T201851_20190427T202047_T14XNP,ROI_16078,NA,"(50,100%]",1,33,Cloud-RCS-MP-Task-v2,0.12437604473346506,0.18538597834406295,0.30279325,0.00033384037831564196,0.41873046719159324,0.029008841485692112,0.049431029878259286,0.9710105
257,ROI_16094__20200609T022601_20200609T022555_T54WXU,ROI_16094,AS,"(10,50%]",0,14,Cloud-RCS-FP32-Compat,0.6735645396096698,0.7092758565735238,0.96411025,0.9613251366252662,0.8786216197778093,0.0,0.8543114020356035,1.0
257,ROI_16094__20200609T022601_20200609T022555_T54WXU,ROI_16094,AS,"(10,50%]",0,14,Cloud-RCS-FP16-Opt-v2,0.6735966193064276,0.709293211124569,0.96414325,0.9613725556095594,0.8787741977820067,0.0,0.8542397238341443,0.99975225
257,ROI_16094__20200609T022601_20200609T022555_T54WXU,ROI_16094,AS,"(10,50%]",0,14,Cloud-RCS-MP-Task-v2,0.6715780685340534,0.7081494419498491,0.962376,0.9591130735824386,0.8790900755818383,0.0,0.8481091249719369,0.9968765
258,ROI_16116__20190615T045709_20190615T045858_T48VVR,ROI_16116,AS,"(10,50%]",0,9,Cloud-RCS-FP32-Compat,0.5818808457462764,0.6453455394863534,0.90986375,0.8802509504169364,0.9315182330909799,0.0,0.5157541994771891,1.0
258,ROI_16116__20190615T045709_20190615T045858_T48VVR,ROI_16116,AS,"(10,50%]",0,9,Cloud-RCS-FP16-Opt-v2,0.5824937489364316,0.6458126870831067,0.9104025,0.8810561603239342,0.9315735136126615,0.0,0.5173453218091306,0.99933425
258,ROI_16116__20190615T045709_20190615T045858_T48VVR,ROI_16116,AS,"(10,50%]",0,9,Cloud-RCS-MP-Task-v2,0.5788079910005803,0.6429732532944072,0.9070505,0.8762120360738908,0.9314489025721473,0.0,0.5075710253562835,0.99450275
259,ROI_16127__20190524T092039_20190524T092037_T36VVL,ROI_16127,EU,"(50,100%]",6,15,Cloud-RCS-FP32-Compat,0.5828419012725583,0.7126147284579681,0.81766875,0.5443381346622397,0.9275595807248913,0.3117431705171273,0.5477267191859745,1.0
259,ROI_16127__20190524T092039_20190524T092037_T36VVL,ROI_16127,EU,"(50,100%]",6,15,Cloud-RCS-FP16-Opt-v2,0.5827098512933806,0.7124883365156474,0.8175715,0.5439984287841139,0.9276119396252697,0.31159748067136317,0.5476315560927758,0.99912625
259,ROI_16127__20190524T092039_20190524T092037_T36VVL,ROI_16127,EU,"(50,100%]",6,15,Cloud-RCS-MP-Task-v2,0.584409513132059,0.7140525740767485,0.81848475,0.5460164732605971,0.9278138373252659,0.31355504542507295,0.5502526965173,0.9949325
260,ROI_16132__20191101T080051_20191101T082333_T35JLK,ROI_16132,AF,"(0,10%]",0,1,Cloud-RCS-FP32-Compat,0.5417973823926029,0.6001742013040272,0.96813025,0.9677843311532383,0.8855423092177402,0.0,0.313862889199433,1.0
260,ROI_16132__20191101T080051_20191101T082333_T35JLK,ROI_16132,AF,"(0,10%]",0,1,Cloud-RCS-FP16-Opt-v2,0.5419642530713307,0.6003664739647718,0.96816475,0.9678194379063347,0.8855109659356043,0.0,0.31452660844338337,0.99974025
260,ROI_16132__20191101T080051_20191101T082333_T35JLK,ROI_16132,AF,"(0,10%]",0,1,Cloud-RCS-MP-Task-v2,0.5474634154093116,0.6060977623035796,0.97137925,0.9710921751645176,0.8857409786289852,0.0,0.33302050784374365,0.99643
261,ROI_16151__20220712T143741_20220712T143739_T19KFT,ROI_16151,SA,0%,0,0,Cloud-RCS-FP32-Compat,0.080980125,0.12233381838259925,0.3239205,0.3239205,0.0,0.0,0.0,1.0
261,ROI_16151__20220712T143741_20220712T143739_T19KFT,ROI_16151,SA,0%,0,0,Cloud-RCS-FP16-Opt-v2,0.0806941875,0.12200726615432271,0.32277675,0.32277675,0.0,0.0,0.0,0.993702
261,ROI_16151__20220712T143741_20220712T143739_T19KFT,ROI_16151,SA,0%,0,0,Cloud-RCS-MP-Task-v2,0.0779220625,0.11881186326095397,0.31168825,0.31168825,0.0,0.0,0.0,0.966832
262,ROI_16171__20180813T103021_20180813T103021_T33VVK,ROI_16171,EU,"(10,50%]",0,14,Cloud-RCS-FP32-Compat,0.6540401672626126,0.6978699899106009,0.9477125,0.9318374811694482,0.8962581803379641,0.0,0.7880650075430382,1.0
262,ROI_16171__20180813T103021_20180813T103021_T33VVK,ROI_16171,EU,"(10,50%]",0,14,Cloud-RCS-FP16-Opt-v2,0.6541604837482409,0.6979404913909406,0.9477915,0.9319575093766449,0.8963773244561916,0.0,0.7883071011601271,0.99968775
262,ROI_16171__20180813T103021_20180813T103021_T33VVK,ROI_16171,EU,"(10,50%]",0,14,Cloud-RCS-MP-Task-v2,0.6530493399683206,0.697276942686736,0.94699325,0.930748155068706,0.8960808115388991,0.0,0.7853683932656772,0.99775625
263,ROI_16192__20181005T131259_20181005T131253_T27WWM,ROI_16192,EU,"(0,10%]",0,5,Cloud-RCS-FP32-Compat,0.6329459389439693,0.6935267454782819,0.9382225,0.9378196818295839,0.7774147808925252,0.024217168343490192,0.7923321247102779,1.0
263,ROI_16192__20181005T131259_20181005T131253_T27WWM,ROI_16192,EU,"(0,10%]",0,5,Cloud-RCS-FP16-Opt-v2,0.6329045201413562,0.6934782726584382,0.93812925,0.9377220586194253,0.7775542077476597,0.024138532401850654,0.7922032817964894,0.99955625
263,ROI_16192__20181005T131259_20181005T131253_T27WWM,ROI_16192,EU,"(0,10%]",0,5,Cloud-RCS-MP-Task-v2,0.632703394844192,0.6936233928017624,0.9387735,0.9384209750160839,0.777050313438997,0.025035996744642224,0.7903062941770448,0.9965195
264,ROI_16208__20191006T192251_20191006T192500_T10UED,ROI_16208,NA,"(10,50%]",39,0,Cloud-RCS-FP32-Compat,0.3775489368565643,0.4455337343208518,0.82824475,0.8062206438943175,0.03336475023562677,0.6528711049707051,0.017739248325607818,1.0
264,ROI_16208__20191006T192251_20191006T192500_T10UED,ROI_16208,NA,"(10,50%]",39,0,Cloud-RCS-FP16-Opt-v2,0.3780984051153077,0.4460313397386839,0.8291885,0.8068842593720402,0.03354860353937767,0.6540116902785187,0.017949067271294143,0.9984475
264,ROI_16208__20191006T192251_20191006T192500_T10UED,ROI_16208,NA,"(10,50%]",39,0,Cloud-RCS-MP-Task-v2,0.37662100241447527,0.4449235794089673,0.8240335,0.8012514135666878,0.03464164537343442,0.6543158697701028,0.016275080947675935,0.9905105
265,ROI_16209__20191006T192251_20191006T192500_T10UED,ROI_16209,NA,0%,0,0,Cloud-RCS-FP32-Compat,0.245551125,0.24775559232157934,0.9822045,0.9822045,0.0,0.0,0.0,1.0
265,ROI_16209__20191006T192251_20191006T192500_T10UED,ROI_16209,NA,0%,0,0,Cloud-RCS-FP16-Opt-v2,0.2456365,0.24779904224164281,0.982546,0.982546,0.0,0.0,0.0,0.999611
265,ROI_16209__20191006T192251_20191006T192500_T10UED,ROI_16209,NA,0%,0,0,Cloud-RCS-MP-Task-v2,0.2415848125,0.24572037861727064,0.96633925,0.96633925,0.0,0.0,0.0,0.98413475
266,ROI_16218__20190618T101029_20190618T101307_T32SMC,ROI_16218,AF,0%,0,0,Cloud-RCS-FP32-Compat,0.247554,0.2487709876716899,0.990216,0.990216,0.0,0.0,0.0,1.0
266,ROI_16218__20190618T101029_20190618T101307_T32SMC,ROI_16218,AF,0%,0,0,Cloud-RCS-FP16-Opt-v2,0.24753825,0.2487630348018469,0.990153,0.990153,0.0,0.0,0.0,0.99984225
266,ROI_16218__20190618T101029_20190618T101307_T32SMC,ROI_16218,AF,0%,0,0,Cloud-RCS-MP-Task-v2,0.2481934375,0.24909344324713228,0.99277375,0.99277375,0.0,0.0,0.0,0.9973635
267,ROI_16219__20190504T041559_20190504T042751_T47SLA,ROI_16219,AS,"(10,50%]",9,4,Cloud-RCS-FP32-Compat,0.5471706092161025,0.6795606968656153,0.92079525,0.9170523519202648,0.28921899617375646,0.42838720242359735,0.5540238863467914,1.0
267,ROI_16219__20190504T041559_20190504T042751_T47SLA,ROI_16219,AS,"(10,50%]",9,4,Cloud-RCS-FP16-Opt-v2,0.5475248904931489,0.6799895802373194,0.9207955,0.9170528418607508,0.2907211862502808,0.428259906989601,0.5540656268719633,0.99972375
267,ROI_16219__20190504T041559_20190504T042751_T47SLA,ROI_16219,AS,"(10,50%]",9,4,Cloud-RCS-MP-Task-v2,0.5418996621169239,0.6740960886963139,0.9199775,0.9166176206997141,0.28183361629881154,0.4177530205150026,0.5513943909541674,0.99678625
268,ROI_16227__20190204T044001_20190204T044305_T47TLN,ROI_16227,AS,"(10,50%]",20,1,Cloud-RCS-FP32-Compat,0.2891092407798732,0.43019160822037583,0.52832725,0.4559162576665599,0.37901092581943646,0.2205858156194634,0.10092396401403314,1.0
268,ROI_16227__20190204T044001_20190204T044305_T47TLN,ROI_16227,AS,"(10,50%]",20,1,Cloud-RCS-FP16-Opt-v2,0.2890092623768004,0.4300833317626664,0.52881675,0.4563945194010024,0.3778387106019929,0.22102553519642876,0.10077828430777765,0.9971015
268,ROI_16227__20190204T044001_20190204T044305_T47TLN,ROI_16227,AS,"(10,50%]",20,1,Cloud-RCS-MP-Task-v2,0.288765582180443,0.4289835692015851,0.538974,0.4706965394595588,0.3658670131316412,0.2196279222138463,0.09887085391672548,0.97700125
269,ROI_16233__20190715T100039_20190715T100647_T31PGL,ROI_16233,AF,"(50,100%]",0,4,Cloud-RCS-FP32-Compat,0.637277464166613,0.7065613843639668,0.9462345,0.8704353572631548,0.9669823824842202,0.06971687162986145,0.6419752452892155,1.0
269,ROI_16233__20190715T100039_20190715T100647_T31PGL,ROI_16233,AF,"(50,100%]",0,4,Cloud-RCS-FP16-Opt-v2,0.6373308935491218,0.7066301470897028,0.94629575,0.8707102806817787,0.966964753017493,0.06987533045162335,0.6417732100455918,0.99974175
269,ROI_16233__20190715T100039_20190715T100647_T31PGL,ROI_16233,AF,"(50,100%]",0,4,Cloud-RCS-MP-Task-v2,0.6390585888480929,0.7085734952232636,0.94779825,0.874935503584354,0.9671080629145478,0.07328023737018818,0.6409105515232815,0.99714875
270,ROI_16246__20180616T102019_20180616T102021_T33UWV,ROI_16246,EU,"(10,50%]",0,6,Cloud-RCS-FP32-Compat,0.5974106369956554,0.6620057233347784,0.94714775,0.9410773686024684,0.7725088809828907,0.0,0.6760562983972628,1.0
270,ROI_16246__20180616T102019_20180616T102021_T33UWV,ROI_16246,EU,"(10,50%]",0,6,Cloud-RCS-FP16-Opt-v2,0.5978591621318223,0.6622977615520882,0.947348,0.9413071497727747,0.7733984652041215,0.0,0.6767310335503932,0.99964925
270,ROI_16246__20180616T102019_20180616T102021_T33UWV,ROI_16246,EU,"(10,50%]",0,6,Cloud-RCS-MP-Task-v2,0.5944920847636141,0.6599886639076377,0.94708,0.9410059516431521,0.7690218755200753,0.0,0.6679405118912294,0.99660725
271,ROI_16252__20201103T154431_20201103T154444_T18UYB,ROI_16252,NA,0%,0,0,Cloud-RCS-FP32-Compat,0.499923625,0.4999618095832069,0.99984725,0.99984725,nan,nan,0.0,1.0
271,ROI_16252__20201103T154431_20201103T154444_T18UYB,ROI_16252,NA,0%,0,0,Cloud-RCS-FP16-Opt-v2,0.49992325,0.4999616220544927,0.9998465,0.9998465,nan,nan,0.0,0.99999925
271,ROI_16252__20201103T154431_20201103T154444_T18UYB,ROI_16252,NA,0%,0,0,Cloud-RCS-MP-Task-v2,0.4999205,0.49996024683962376,0.999841,0.999841,nan,nan,0.0,0.99999375
272,ROI_16362__20200118T045129_20200118T045137_T45SYC,ROI_16362,AS,"(0,10%]",1,6,Cloud-RCS-FP32-Compat,0.4098033061457793,0.5167595067976692,0.9500405,0.9564833003116048,0.11890800730558493,0.3211145942180425,0.24270732274788517,1.0
272,ROI_16362__20200118T045129_20200118T045137_T45SYC,ROI_16362,AS,"(0,10%]",1,6,Cloud-RCS-FP16-Opt-v2,0.4092468496018486,0.5159668719410714,0.949982,0.9564497586597648,0.11777650210486032,0.3209069411601057,0.24185419648266354,0.999884
272,ROI_16362__20200118T045129_20200118T045137_T45SYC,ROI_16362,AS,"(0,10%]",1,6,Cloud-RCS-MP-Task-v2,0.41009316192554696,0.5168192590983018,0.950307,0.9566624588556262,0.1173681664247702,0.32537917087967644,0.2409628515421149,0.99848725
273,ROI_16369__20190321T094029_20190321T094432_T34TDT,ROI_16369,EU,"(0,10%]",1,0,Cloud-RCS-FP32-Compat,0.248423,0.2492090052024084,0.993692,0.993692,0.0,0.0,0.0,1.0
273,ROI_16369__20190321T094029_20190321T094432_T34TDT,ROI_16369,EU,"(0,10%]",1,0,Cloud-RCS-FP16-Opt-v2,0.248423,0.2492090052024084,0.993692,0.993692,0.0,0.0,0.0,0.999998
273,ROI_16369__20190321T094029_20190321T094432_T34TDT,ROI_16369,EU,"(0,10%]",1,0,Cloud-RCS-MP-Task-v2,0.248418375,0.24920667802426025,0.9936735,0.9936735,0.0,0.0,0.0,0.9999795
274,ROI_16370__20190321T094029_20190321T094432_T34TDT,ROI_16370,EU,"(10,50%]",15,0,Cloud-RCS-FP32-Compat,0.4397039597386281,0.5199199567068665,0.886646,0.8761424181602484,nan,0.4312607160867373,0.011708744968898645,1.0
274,ROI_16370__20190321T094029_20190321T094432_T34TDT,ROI_16370,EU,"(10,50%]",15,0,Cloud-RCS-FP16-Opt-v2,0.43990680917407965,0.5200404284923955,0.88645325,0.8758527386813346,nan,0.4325165354172501,0.011351153423654338,0.9984575
274,ROI_16370__20190321T094029_20190321T094432_T34TDT,ROI_16370,EU,"(10,50%]",15,0,Cloud-RCS-MP-Task-v2,0.4363948182602541,0.5160219417390415,0.886075,0.875853941063986,nan,0.4237410621135398,0.00958945160323644,0.99376625
275,ROI_16386__20180115T094329_20180115T094359_T34TDT,ROI_16386,EU,"(10,50%]",0,35,Cloud-RCS-FP32-Compat,0.5096236008679288,0.6036878336532876,0.83225625,0.8238679238152973,0.6214454873227456,0.00011505966665570861,0.5930659326670167,1.0
275,ROI_16386__20180115T094329_20180115T094359_T34TDT,ROI_16386,EU,"(10,50%]",0,35,Cloud-RCS-FP16-Opt-v2,0.5097895957824428,0.6038166761354268,0.8322645,0.8237844339290565,0.622279272887552,0.00011476538675935337,0.5929799109264035,0.9995925
275,ROI_16386__20180115T094329_20180115T094359_T34TDT,ROI_16386,EU,"(10,50%]",0,35,Cloud-RCS-MP-Task-v2,0.5088416998724606,0.6030678641775733,0.83220325,0.8246534904582713,0.6169486666976557,0.0001303802213204257,0.5936342621125952,0.9976085
276,ROI_16387__20180115T094329_20180115T094359_T34TDT,ROI_16387,EU,"(50,100%]",4,44,Cloud-RCS-FP32-Compat,0.5813562354262817,0.7192138827664266,0.826722,0.766841698794431,0.4435693316914026,0.370613347553847,0.7444005636654459,1.0
276,ROI_16387__20180115T094329_20180115T094359_T34TDT,ROI_16387,EU,"(50,100%]",4,44,Cloud-RCS-FP16-Opt-v2,0.580963530517888,0.7189388193246034,0.82626375,0.7662420927525477,0.4439032646855402,0.3701760696207529,0.7435326950127112,0.99895475
276,ROI_16387__20180115T094329_20180115T094359_T34TDT,ROI_16387,EU,"(50,100%]",4,44,Cloud-RCS-MP-Task-v2,0.5792939623734153,0.7173104933047137,0.826255,0.7667870539057888,0.4377973153538254,0.3695751566071906,0.7430163236268568,0.99537875
277,ROI_16403__20190511T205029_20190511T205029_T18XWR,ROI_16403,NA,"(50,100%]",0,0,Cloud-RCS-FP32-Compat,0.4137453223668959,0.4597293595557735,0.72147525,0.9788884101680311,0.6405113948398048,0.0,0.035581484459747535,1.0
277,ROI_16403__20190511T205029_20190511T205029_T18XWR,ROI_16403,NA,"(50,100%]",0,0,Cloud-RCS-FP16-Opt-v2,0.41366915523599956,0.4596454953408885,0.72132,0.9788736845431849,0.6403216789740012,0.0,0.03548125742681214,0.99902525
277,ROI_16403__20190511T205029_20190511T205029_T18XWR,ROI_16403,NA,"(50,100%]",0,0,Cloud-RCS-MP-Task-v2,0.4150716624704358,0.4607567002077931,0.7258995,0.978155672172867,0.6465379400411497,0.0,0.035593037667726465,0.99234325
278,ROI_16405__20190511T205029_20190511T205029_T18XWR,ROI_16405,NA,0%,0,0,Cloud-RCS-FP32-Compat,0.243509625,0.2467121335272843,0.9740385,0.9740385,0.0,0.0,0.0,1.0
278,ROI_16405__20190511T205029_20190511T205029_T18XWR,ROI_16405,NA,0%,0,0,Cloud-RCS-FP16-Opt-v2,0.243538375,0.2467268882586891,0.9741535,0.9741535,0.0,0.0,0.0,0.9998365
278,ROI_16405__20190511T205029_20190511T205029_T18XWR,ROI_16405,NA,0%,0,0,Cloud-RCS-MP-Task-v2,0.2438010625,0.24686162203225312,0.97520425,0.97520425,0.0,0.0,0.0,0.99872325
279,ROI_16406__20210108T074311_20210108T074309_T38RLN,ROI_16406,AF,"(50,100%]",0,22,Cloud-RCS-FP32-Compat,0.6623061758058464,0.7066267013275098,0.94015775,0.9072821210572681,0.9122220513065693,0.010214504596527068,0.8195060262630208,1.0
279,ROI_16406__20210108T074311_20210108T074309_T38RLN,ROI_16406,AF,"(50,100%]",0,22,Cloud-RCS-FP16-Opt-v2,0.6622327777120471,0.7066125956854588,0.9400835,0.9071902822203602,0.9121444570905897,0.01029678982434888,0.8192995817128896,0.999741
279,ROI_16406__20210108T074311_20210108T074309_T38RLN,ROI_16406,AF,"(50,100%]",0,22,Cloud-RCS-MP-Task-v2,0.6629473576703171,0.7073494457660949,0.940542,0.9080330062828463,0.9123581831437418,0.011241696474195196,0.8201565447804848,0.998371
280,ROI_16471__20201121T082241_20201121T082251_T37TBE,ROI_16471,EU,"(50,100%]",0,11,Cloud-RCS-FP32-Compat,0.6241803470635605,0.687074102803858,0.95280025,0.7941413897729487,0.9627347343237633,0.02461421944523336,0.7152310447122966,1.0
280,ROI_16471__20201121T082241_20201121T082251_T37TBE,ROI_16471,EU,"(50,100%]",0,11,Cloud-RCS-FP16-Opt-v2,0.6241074961663619,0.6870364092129613,0.952765,0.7940313531391409,0.9627114164407142,0.024644549763033177,0.7150426653225591,0.9997835
280,ROI_16471__20201121T082241_20201121T082251_T37TBE,ROI_16471,EU,"(50,100%]",0,11,Cloud-RCS-MP-Task-v2,0.6236243096513198,0.6864916682973066,0.9524355,0.7951756722329018,0.9621826616687289,0.02392620351686365,0.7132127011867845,0.99868175
281,ROI_16483__20190413T104021_20190413T104505_T31TDH,ROI_16483,EU,"(10,50%]",6,10,Cloud-RCS-FP32-Compat,0.48679720789609404,0.5922387994092204,0.89646725,0.934702705119028,0.06050425649890734,0.5089889414397408,0.4429929285267,1.0
281,ROI_16483__20190413T104021_20190413T104505_T31TDH,ROI_16483,EU,"(10,50%]",6,10,Cloud-RCS-FP16-Opt-v2,0.4863426430866652,0.5916574693631705,0.89636675,0.9346396656554619,0.05974962476343782,0.5088326373038272,0.4421486446239337,0.99977575
281,ROI_16483__20190413T104021_20190413T104505_T31TDH,ROI_16483,EU,"(10,50%]",6,10,Cloud-RCS-MP-Task-v2,0.5015419416557361,0.6086541357624782,0.90080925,0.9388140029571066,0.07548892282110778,0.5114585470548503,0.4804062937898798,0.99478725
282,ROI_16501__20191123T111259_20191123T111438_T29TQG,ROI_16501,EU,"(50,100%]",0,18,Cloud-RCS-FP32-Compat,0.653411929539024,0.6977691639388363,0.93712725,0.900420622388394,0.9298774941258164,0.0009464181712288876,0.7824031834706567,1.0
282,ROI_16501__20191123T111259_20191123T111438_T29TQG,ROI_16501,EU,"(50,100%]",0,18,Cloud-RCS-FP16-Opt-v2,0.6534765876148566,0.6978225228577712,0.9372345,0.9006878388520275,0.9298776542518639,0.000998299193965836,0.7823425581615692,0.9996935
282,ROI_16501__20191123T111259_20191123T111438_T29TQG,ROI_16501,EU,"(50,100%]",0,18,Cloud-RCS-MP-Task-v2,0.6566705697754016,0.6997766491641617,0.9394975,0.905378841335015,0.929677945503595,0.0011014114383617526,0.7905240808246344,0.99606675
283,ROI_16503__20210513T210019_20210513T210642_T07WDN,ROI_16503,NA,0%,0,0,Cloud-RCS-FP32-Compat,0.6458983312636255,0.6924492801898663,0.980638,0.9805179382904091,0.793836780127717,0.0,0.8092386066363761,1.0
283,ROI_16503__20210513T210019_20210513T210642_T07WDN,ROI_16503,NA,0%,0,0,Cloud-RCS-FP16-Opt-v2,0.6458051497877114,0.6923960333631918,0.980508,0.9803868980977133,0.7939848742451779,0.0,0.8088488268079543,0.999819
283,ROI_16503__20210513T210019_20210513T210642_T07WDN,ROI_16503,NA,0%,0,0,Cloud-RCS-MP-Task-v2,0.6466353992167928,0.6928909778572772,0.9808975,0.9807793819350897,0.7933860111208663,0.0,0.8123762038112151,0.99821725
284,ROI_16504__20210513T210019_20210513T210642_T07WDN,ROI_16504,NA,0%,0,0,Cloud-RCS-FP32-Compat,0.4365040123467007,0.4646465402375395,0.996471,0.9964676080206017,0.002616822429906542,0.0,0.7469316189362946,1.0
284,ROI_16504__20210513T210019_20210513T210642_T07WDN,ROI_16504,NA,0%,0,0,Cloud-RCS-FP16-Opt-v2,0.43665550435978057,0.4647529604605082,0.99647275,0.9964693597026545,0.002638522427440633,0.0,0.7475141353090271,0.99995525
284,ROI_16504__20210513T210019_20210513T210642_T07WDN,ROI_16504,NA,0%,0,0,Cloud-RCS-MP-Task-v2,0.4351473085929052,0.46353112529456364,0.996446,0.9964425875521093,0.0019425019425019425,0.0,0.7422041448770095,0.999653
285,ROI_16513__20190217T071949_20190217T071951_T41VMG,ROI_16513,AS,0%,0,0,Cloud-RCS-FP32-Compat,0.33325425000000003,0.33329378697547996,0.99976275,0.99976275,0.0,0.0,nan,1.0
285,ROI_16513__20190217T071949_20190217T071951_T41VMG,ROI_16513,AS,0%,0,0,Cloud-RCS-FP16-Opt-v2,0.33325483333333333,0.33329407871110156,0.9997645,0.9997645,0.0,0.0,nan,0.99999825
285,ROI_16513__20190217T071949_20190217T071951_T41VMG,ROI_16513,AS,0%,0,0,Cloud-RCS-MP-Task-v2,0.33325583333333336,0.33329457882812213,0.9997675,0.9997675,0.0,0.0,nan,0.99997925
286,ROI_16530__20190722T080619_20190722T082743_T35KLT,ROI_16530,AF,0%,0,0,Cloud-RCS-FP32-Compat,0.24661525,0.2482960903838535,0.986461,0.986461,0.0,0.0,0.0,1.0
286,ROI_16530__20190722T080619_20190722T082743_T35KLT,ROI_16530,AF,0%,0,0,Cloud-RCS-FP16-Opt-v2,0.2466085,0.2482926691750141,0.986434,0.986434,0.0,0.0,0.0,0.99962575
286,ROI_16530__20190722T080619_20190722T082743_T35KLT,ROI_16530,AF,0%,0,0,Cloud-RCS-MP-Task-v2,0.2466415,0.24830939420084708,0.986566,0.986566,0.0,0.0,0.0,0.99774375
287,ROI_16532__20190401T205029_20190401T205024_T08WNU,ROI_16532,NA,"(50,100%]",22,23,Cloud-RCS-FP32-Compat,0.11465350503093029,0.17365399494493727,0.394677,0.0,0.3883273653880511,0.04806695526407162,0.022219699471598416,1.0
287,ROI_16532__20190401T205029_20190401T205024_T08WNU,ROI_16532,NA,"(50,100%]",22,23,Cloud-RCS-FP16-Opt-v2,0.11454260676594968,0.17329807848759515,0.3951825,0.0,0.3890053064377331,0.047837272068658745,0.021327848557406874,0.9969715
287,ROI_16532__20190401T205029_20190401T205024_T08WNU,ROI_16532,NA,"(50,100%]",22,23,Cloud-RCS-MP-Task-v2,0.11443772362657004,0.17305177569873806,0.39422075,0.0,0.389393503699097,0.046080877251762735,0.022276513555420405,0.9898465
288,ROI_16537__20200127T075201_20200127T075525_T37PCM,ROI_16537,AF,"(0,10%]",7,0,Cloud-RCS-FP32-Compat,0.498722378742159,0.5401337119729752,0.93821,0.93796760842994,nan,0.05947714905437802,nan,1.0
288,ROI_16537__20200127T075201_20200127T075525_T37PCM,ROI_16537,AF,"(0,10%]",7,0,Cloud-RCS-FP16-Opt-v2,0.49886297991864564,0.5403732397511675,0.9382285,0.9379851070488902,nan,0.05974085278840117,nan,0.999977
288,ROI_16537__20200127T075201_20200127T075525_T37PCM,ROI_16537,AF,"(0,10%]",7,0,Cloud-RCS-MP-Task-v2,0.49712341242884783,0.5373817540731138,0.9380305,0.9377999087115709,nan,0.05644691614612477,nan,0.999779
289,ROI_16538__20200127T075201_20200127T075525_T37PCM,ROI_16538,AF,"(10,50%]",14,0,Cloud-RCS-FP32-Compat,0.42856391008654515,0.4623720421494662,0.85597,0.8559454386972979,nan,0.0011823814757923863,nan,1.0
289,ROI_16538__20200127T075201_20200127T075525_T37PCM,ROI_16538,AF,"(10,50%]",14,0,Cloud-RCS-FP16-Opt-v2,0.428539563602904,0.4623272468148016,0.85596375,0.8559400881594802,nan,0.001139039046327856,nan,0.99999375
289,ROI_16538__20200127T075201_20200127T075525_T37PCM,ROI_16538,AF,"(10,50%]",14,0,Cloud-RCS-MP-Task-v2,0.2854840605839511,0.3078333407340497,0.85588325,0.8558713931970285,0.0,0.0005807885548247059,nan,0.9999125
290,ROI_16539__20190308T161119_20190308T161618_T18UXF,ROI_16539,NA,"(0,10%]",3,4,Cloud-RCS-FP32-Compat,0.31277709174035384,0.36188707631555217,0.9407945,0.9404980316850939,0.0,0.005138779519568764,0.30547155575675267,1.0
290,ROI_16539__20190308T161119_20190308T161618_T18UXF,ROI_16539,NA,"(0,10%]",3,4,Cloud-RCS-FP16-Opt-v2,0.31275342798556405,0.3618375252016547,0.94079625,0.940501298269582,0.0,0.005033325485675318,0.3054790881869989,0.99997975
290,ROI_16539__20190308T161119_20190308T161618_T18UXF,ROI_16539,NA,"(0,10%]",3,4,Cloud-RCS-MP-Task-v2,0.3124554058205863,0.36134685340515227,0.9407845,0.9405006003322539,0.0,0.004335224920236733,0.30498579802985437,0.99987375
291,ROI_16590__20190130T180609_20190130T180605_T14ULG,ROI_16590,NA,0%,0,0,Cloud-RCS-FP32-Compat,0.499995375,0.4999976874893046,0.99999075,0.99999075,nan,nan,0.0,1.0
291,ROI_16590__20190130T180609_20190130T180605_T14ULG,ROI_16590,NA,0%,0,0,Cloud-RCS-FP16-Opt-v2,0.499995375,0.4999976874893046,0.99999075,0.99999075,nan,nan,0.0,1.0
291,ROI_16590__20190130T180609_20190130T180605_T14ULG,ROI_16590,NA,0%,0,0,Cloud-RCS-MP-Task-v2,0.499995375,0.4999976874893046,0.99999075,0.99999075,nan,nan,0.0,1.0
292,ROI_16603__20200122T020001_20200122T015956_T54VXN,ROI_16603,AS,0%,0,0,Cloud-RCS-FP32-Compat,1.0,1.0,1.0,1.0,nan,nan,nan,1.0
292,ROI_16603__20200122T020001_20200122T015956_T54VXN,ROI_16603,AS,0%,0,0,Cloud-RCS-FP16-Opt-v2,1.0,1.0,1.0,1.0,nan,nan,nan,1.0
292,ROI_16603__20200122T020001_20200122T015956_T54VXN,ROI_16603,AS,0%,0,0,Cloud-RCS-MP-Task-v2,1.0,1.0,1.0,1.0,nan,nan,nan,1.0
293,ROI_16617__20190622T185921_20190622T185920_T19XDL,ROI_16617,NA,"(50,100%]",3,19,Cloud-RCS-FP32-Compat,0.4654139766880218,0.572456993332293,0.7900665,0.6719580072452288,0.8637015156753938,0.13912172287070265,0.18687466096076186,1.0
293,ROI_16617__20190622T185921_20190622T185920_T19XDL,ROI_16617,NA,"(50,100%]",3,19,Cloud-RCS-FP16-Opt-v2,0.4652549777759593,0.57229370427897,0.78999,0.6717178849288311,0.8635987674371897,0.1390729907454613,0.18663026799235527,0.999461
293,ROI_16617__20190622T185921_20190622T185920_T19XDL,ROI_16617,NA,"(50,100%]",3,19,Cloud-RCS-MP-Task-v2,0.4626313354906412,0.5698479199166165,0.78820875,0.6649267852502282,0.8629238632283082,0.1373656317720514,0.1853090617119773,0.99499325
294,ROI_16631__20191021T064921_20191021T065319_T41UMU,ROI_16631,AS,0%,0,0,Cloud-RCS-FP32-Compat,0.2474709375,0.24872904007583357,0.98988375,0.98988375,0.0,0.0,0.0,1.0
294,ROI_16631__20191021T064921_20191021T065319_T41UMU,ROI_16631,AS,0%,0,0,Cloud-RCS-FP16-Opt-v2,0.2474930625,0.2487402148447045,0.98997225,0.98997225,0.0,0.0,0.0,0.9998215
294,ROI_16631__20191021T064921_20191021T065319_T41UMU,ROI_16631,AS,0%,0,0,Cloud-RCS-MP-Task-v2,0.246915125,0.24844798696759332,0.9876605,0.9876605,0.0,0.0,0.0,0.99771275
295,ROI_16645__20181224T133219_20181224T133220_T22LGQ,ROI_16645,SA,"(50,100%]",0,0,Cloud-RCS-FP32-Compat,0.42465807729369837,0.4920531646692055,0.931584,0.3449451310219931,0.9290291008591021,0.0,nan,1.0
295,ROI_16645__20181224T133219_20181224T133220_T22LGQ,ROI_16645,SA,"(50,100%]",0,0,Cloud-RCS-FP16-Opt-v2,0.42429721186153474,0.49170304694883926,0.93133425,0.344121611287424,0.9287700242971803,0.0,nan,0.99962275
295,ROI_16645__20181224T133219_20181224T133220_T22LGQ,ROI_16645,SA,"(50,100%]",0,0,Cloud-RCS-MP-Task-v2,0.42466288509071476,0.49205804880906207,0.93158625,0.34495727560409445,0.9290313796680498,0.0,nan,0.99749375
296,ROI_16646__20181224T133219_20181224T133220_T22LGQ,ROI_16646,SA,"(50,100%]",0,1,Cloud-RCS-FP32-Compat,0.2783953903184641,0.3059142411861714,0.82987575,0.0032196374428666813,0.8297884900443391,nan,0.0021780434681866628,1.0
296,ROI_16646__20181224T133219_20181224T133220_T22LGQ,ROI_16646,SA,"(50,100%]",0,1,Cloud-RCS-FP16-Opt-v2,0.2781330113873722,0.3056772851686654,0.82926125,0.003208852694968955,0.8291739122604451,nan,0.002016269206702357,0.99931675
296,ROI_16646__20181224T133219_20181224T133220_T22LGQ,ROI_16646,SA,"(50,100%]",0,1,Cloud-RCS-MP-Task-v2,0.2800789741288386,0.30716979430489366,0.834382,0.003322542444876366,0.8342961543108324,nan,0.002618225630807016,0.9950715
297,ROI_16657__20190418T085559_20190418T090904_T35SPC,ROI_16657,EU,0%,0,0,Cloud-RCS-FP32-Compat,0.4365762762822494,0.46657157154452394,0.990355,0.9906940552204866,0.7479858201740252,0.0,0.00762522973448559,1.0
297,ROI_16657__20190418T085559_20190418T090904_T35SPC,ROI_16657,EU,0%,0,0,Cloud-RCS-FP16-Opt-v2,0.43686155018438144,0.46701409923892173,0.99098775,0.9913265628431246,0.747643219724438,0.0,0.008476418169963052,0.9992695
297,ROI_16657__20190418T085559_20190418T090904_T35SPC,ROI_16657,EU,0%,0,0,Cloud-RCS-MP-Task-v2,0.43196750636861636,0.462382346481909,0.97682825,0.9770942039248816,0.7481921902619315,0.0,0.0025836312876524464,0.985318
298,ROI_16678__20200407T080609_20200407T082847_T35KMB,ROI_16678,AF,"(0,10%]",0,2,Cloud-RCS-FP32-Compat,0.7606300076863471,0.8534671428379527,0.994215,0.9952403450973029,0.7452305484121763,0.5213959285417532,0.7806532086941561,1.0
298,ROI_16678__20200407T080609_20200407T082847_T35KMB,ROI_16678,AF,"(0,10%]",0,2,Cloud-RCS-FP16-Opt-v2,0.7603879253633672,0.8532440868565204,0.99423325,0.9952654588203599,0.7438090680703433,0.5203700409179861,0.7821071336447795,0.9999305
298,ROI_16678__20200407T080609_20200407T082847_T35KMB,ROI_16678,AF,"(0,10%]",0,2,Cloud-RCS-MP-Task-v2,0.7618819292382097,0.8540220271806933,0.99434325,0.9953794160255426,0.748646558391338,0.5171789143167683,0.7863228282191899,0.99962725
299,ROI_16679__20191001T023549_20191001T023549_T53WNN,ROI_16679,AS,0%,0,0,Cloud-RCS-FP32-Compat,0.3545506138146325,0.4180893249413155,0.9966495,0.9966465246289771,0.0,0.11163117247835244,0.3099247581512003,1.0
299,ROI_16679__20191001T023549_20191001T023549_T53WNN,ROI_16679,AS,0%,0,0,Cloud-RCS-FP16-Opt-v2,0.3568008141616514,0.4211428728356862,0.996729,0.99672608212069,0.0,0.11565113500597371,0.3148260395199418,0.999916
299,ROI_16679__20191001T023549_20191001T023549_T53WNN,ROI_16679,AS,0%,0,0,Cloud-RCS-MP-Task-v2,0.347542264305156,0.4127834592647932,0.99664675,0.9966437814246701,0.0,0.1512782934375509,0.24224698235840297,0.99870225
