node,role,trial,iteration,scope,started_unix_ns,ended_unix_ns,latency_ms,cpu_before,cpu_after,affinity,error,retry
Node1,Cloud-RCS-FP32-Compat,round_01_position_1_Cloud-RCS-FP32-Compat,0,logits,1787650129063844690,1787650129106426525,42.580934999999997,2,2,2,,0
Node1,Cloud-RCS-FP32-Compat,round_01_position_1_Cloud-RCS-FP32-Compat,1,logits,1787650129106427085,1787650129146222604,39.795099,2,2,2,,0
Node1,Cloud-RCS-FP32-Compat,round_01_position_1_Cloud-RCS-FP32-Compat,2,logits,1787650129146223034,1787650129184481752,38.258298000000003,2,2,2,,0
Node1,Cloud-RCS-FP32-Compat,round_01_position_1_Cloud-RCS-FP32-Compat,3,logits,1787650129184482342,1787650129224210586,39.727834000000001,2,2,2,,0
Node1,Cloud-RCS-FP32-Compat,round_01_position_1_Cloud-RCS-FP32-Compat,4,logits,1787650129224210956,1787650129263392679,39.181263000000001,2,2,2,,0
Node1,Cloud-RCS-FP32-Compat,round_01_position_1_Cloud-RCS-FP32-Compat,5,logits,1787650129263393129,1787650129302165657,38.772058000000001,2,2,2,,0
Node1,Cloud-RCS-FP32-Compat,round_01_position_1_Cloud-RCS-FP32-Compat,6,logits,1787650129302166047,1787650129340961447,38.794989999999999,2,2,2,,0
Node1,Cloud-RCS-FP32-Compat,round_01_position_1_Cloud-RCS-FP32-Compat,7,logits,1787650129340961817,1787650129380591226,39.628959000000002,2,2,2,,0
Node1,Cloud-RCS-FP32-Compat,round_01_position_1_Cloud-RCS-FP32-Compat,8,logits,1787650129380591616,1787650129418843263,38.251306999999997,2,2,2,,0
Node1,Cloud-RCS-FP32-Compat,round_01_position_1_Cloud-RCS-FP32-Compat,9,logits,1787650129418843633,1787650129457761660,38.917606999999997,2,2,2,,0
Node1,Cloud-RCS-FP32-Compat,round_01_position_1_Cloud-RCS-FP32-Compat,10,logits,1787650129457762030,1787650129495220540,37.458010000000002,2,2,2,,0
Node1,Cloud-RCS-FP32-Compat,round_01_position_1_Cloud-RCS-FP32-Compat,11,logits,1787650129495221110,1787650129533480628,38.259078000000002,2,2,2,,0
Node1,Cloud-RCS-FP32-Compat,round_01_position_1_Cloud-RCS-FP32-Compat,12,logits,1787650129533481008,1787650129573624378,40.142969000000001,2,2,2,,0
Node1,Cloud-RCS-FP32-Compat,round_01_position_1_Cloud-RCS-FP32-Compat,13,logits,1787650129573624748,1787650129611866715,38.241546999999997,2,2,2,,0
Node1,Cloud-RCS-FP32-Compat,round_01_position_1_Cloud-RCS-FP32-Compat,14,logits,1787650129611867145,1787650129648270881,36.403255999999999,2,2,2,,0
Node1,Cloud-RCS-FP32-Compat,round_01_position_1_Cloud-RCS-FP32-Compat,15,logits,1787650129648271342,1787650129684519539,36.247686999999999,2,2,2,,0
Node1,Cloud-RCS-FP32-Compat,round_01_position_1_Cloud-RCS-FP32-Compat,16,logits,1787650129684520039,1787650129720094817,35.574378000000003,2,2,2,,0
Node1,Cloud-RCS-FP32-Compat,round_01_position_1_Cloud-RCS-FP32-Compat,17,logits,1787650129720095217,1787650129755241409,35.145752000000002,2,2,2,,0
Node1,Cloud-RCS-FP32-Compat,round_01_position_1_Cloud-RCS-FP32-Compat,18,logits,1787650129755241760,1787650129791384891,36.142710999999998,2,2,2,,0
Node1,Cloud-RCS-FP32-Compat,round_01_position_1_Cloud-RCS-FP32-Compat,19,logits,1787650129791385671,1787650129831288157,39.902085999999997,2,2,2,,0
Node1,Cloud-RCS-FP32-Compat,round_01_position_1_Cloud-RCS-FP32-Compat,20,logits,1787650129831288837,1787650129875328068,44.038831000000002,2,2,2,,0
Node1,Cloud-RCS-FP32-Compat,round_01_position_1_Cloud-RCS-FP32-Compat,21,logits,1787650129875328438,1787650129911336062,36.007364000000003,2,2,2,,0
Node1,Cloud-RCS-FP32-Compat,round_01_position_1_Cloud-RCS-FP32-Compat,22,logits,1787650129911336442,1787650129947572909,36.236196999999997,2,2,2,,0
Node1,Cloud-RCS-FP32-Compat,round_01_position_1_Cloud-RCS-FP32-Compat,23,logits,1787650129947573279,1787650129983359460,35.785781,2,2,2,,0
Node1,Cloud-RCS-FP32-Compat,round_01_position_1_Cloud-RCS-FP32-Compat,24,logits,1787650129983359830,1787650130018937187,35.576937000000001,2,2,2,,0
Node1,Cloud-RCS-FP32-Compat,round_01_position_1_Cloud-RCS-FP32-Compat,25,logits,1787650130018937567,1787650130055322544,36.384566999999997,2,2,2,,0
Node1,Cloud-RCS-FP32-Compat,round_01_position_1_Cloud-RCS-FP32-Compat,26,logits,1787650130055322944,1787650130100080499,44.757154999999997,2,2,2,,0
Node1,Cloud-RCS-FP32-Compat,round_01_position_1_Cloud-RCS-FP32-Compat,27,logits,1787650130100080899,1787650130143766560,43.685001,2,2,2,,0
Node1,Cloud-RCS-FP32-Compat,round_01_position_1_Cloud-RCS-FP32-Compat,28,logits,1787650130143767120,1787650130179613434,35.846024,2,2,2,,0
Node1,Cloud-RCS-FP32-Compat,round_01_position_1_Cloud-RCS-FP32-Compat,29,logits,1787650130179613834,1787650130215408776,35.794671999999998,2,2,2,,0
Node1,Cloud-RCS-FP32-Compat,round_01_position_1_Cloud-RCS-FP32-Compat,30,logits,1787650130215409146,1787650130250287642,34.878196000000003,2,2,2,,0
Node1,Cloud-RCS-FP32-Compat,round_01_position_1_Cloud-RCS-FP32-Compat,31,logits,1787650130250288032,1787650130286105295,35.816842999999999,2,2,2,,0
Node1,Cloud-RCS-FP32-Compat,round_01_position_1_Cloud-RCS-FP32-Compat,32,logits,1787650130286105595,1787650130321054246,34.948391000000001,2,2,2,,0
Node1,Cloud-RCS-FP32-Compat,round_01_position_1_Cloud-RCS-FP32-Compat,33,logits,1787650130321054596,1787650130355780994,34.725968000000002,2,2,2,,0
Node1,Cloud-RCS-FP32-Compat,round_01_position_1_Cloud-RCS-FP32-Compat,34,logits,1787650130355781464,1787650130390265477,34.483722999999998,2,2,2,,0
Node1,Cloud-RCS-FP32-Compat,round_01_position_1_Cloud-RCS-FP32-Compat,35,logits,1787650130390265847,1787650130424516876,34.250739000000003,2,2,2,,0
Node1,Cloud-RCS-FP32-Compat,round_01_position_1_Cloud-RCS-FP32-Compat,36,logits,1787650130424517226,1787650130459056843,34.539107000000001,2,2,2,,0
Node1,Cloud-RCS-FP32-Compat,round_01_position_1_Cloud-RCS-FP32-Compat,37,logits,1787650130459057213,1787650130494413808,35.356195,2,2,2,,0
Node1,Cloud-RCS-FP32-Compat,round_01_position_1_Cloud-RCS-FP32-Compat,38,logits,1787650130494414168,1787650130533103691,38.689123000000002,2,2,2,,0
Node1,Cloud-RCS-FP32-Compat,round_01_position_1_Cloud-RCS-FP32-Compat,39,logits,1787650130533104081,1787650130570657567,37.553086,2,2,2,,0
Node1,Cloud-RCS-FP32-Compat,round_01_position_1_Cloud-RCS-FP32-Compat,40,logits,1787650130570657967,1787650130606432557,35.7742,2,2,2,,0
Node1,Cloud-RCS-FP32-Compat,round_01_position_1_Cloud-RCS-FP32-Compat,41,logits,1787650130606433217,1787650130641618532,35.184925,2,2,2,,0
Node1,Cloud-RCS-FP32-Compat,round_01_position_1_Cloud-RCS-FP32-Compat,42,logits,1787650130641618802,1787650130677609015,35.989953,2,2,2,,0
Node1,Cloud-RCS-FP32-Compat,round_01_position_1_Cloud-RCS-FP32-Compat,43,logits,1787650130677609435,1787650130713742767,36.132921000000003,2,2,2,,0
Node1,Cloud-RCS-FP32-Compat,round_01_position_1_Cloud-RCS-FP32-Compat,44,logits,1787650130713743147,1787650130750186026,36.442338999999997,2,2,2,,0
Node1,Cloud-RCS-FP32-Compat,round_01_position_1_Cloud-RCS-FP32-Compat,45,logits,1787650130750186406,1787650130786174089,35.987293000000001,2,2,2,,0
Node1,Cloud-RCS-FP32-Compat,round_01_position_1_Cloud-RCS-FP32-Compat,46,logits,1787650130786174469,1787650130821832392,35.657113000000003,2,2,2,,0
Node1,Cloud-RCS-FP32-Compat,round_01_position_1_Cloud-RCS-FP32-Compat,47,logits,1787650130821832762,1787650130857474395,35.641232000000002,2,2,2,,0
Node1,Cloud-RCS-FP32-Compat,round_01_position_1_Cloud-RCS-FP32-Compat,48,logits,1787650130857474865,1787650130892991959,35.516663999999999,2,2,2,,0
Node1,Cloud-RCS-FP32-Compat,round_01_position_1_Cloud-RCS-FP32-Compat,49,logits,1787650130892992369,1787650130928879976,35.887186999999997,2,2,2,,0
Node1,Cloud-RCS-FP32-Compat,round_01_position_1_Cloud-RCS-FP32-Compat,50,logits,1787650130928880646,1787650130965157216,36.276159999999997,2,2,2,,0
Node1,Cloud-RCS-FP32-Compat,round_01_position_1_Cloud-RCS-FP32-Compat,51,logits,1787650130965157596,1787650131000374043,35.216177000000002,2,2,2,,0
Node1,Cloud-RCS-FP32-Compat,round_01_position_1_Cloud-RCS-FP32-Compat,52,logits,1787650131000374463,1787650131036152064,35.777171000000003,2,2,2,,0
Node1,Cloud-RCS-FP32-Compat,round_01_position_1_Cloud-RCS-FP32-Compat,53,logits,1787650131036152474,1787650131072061402,35.908518000000001,2,2,2,,0
Node1,Cloud-RCS-FP32-Compat,round_01_position_1_Cloud-RCS-FP32-Compat,54,logits,1787650131072061792,1787650131112354162,40.291930000000001,2,2,2,,0
Node1,Cloud-RCS-FP32-Compat,round_01_position_1_Cloud-RCS-FP32-Compat,55,logits,1787650131112354762,1787650131153607018,41.251806000000002,2,2,2,,0
Node1,Cloud-RCS-FP32-Compat,round_01_position_1_Cloud-RCS-FP32-Compat,56,logits,1787650131153607408,1787650131191915379,38.307571000000003,2,2,2,,0
Node1,Cloud-RCS-FP32-Compat,round_01_position_1_Cloud-RCS-FP32-Compat,57,logits,1787650131191915759,1787650131230164897,38.248738000000003,2,2,2,,0
Node1,Cloud-RCS-FP32-Compat,round_01_position_1_Cloud-RCS-FP32-Compat,58,logits,1787650131230165167,1787650131267573615,37.408017999999998,2,2,2,,0
Node1,Cloud-RCS-FP32-Compat,round_01_position_1_Cloud-RCS-FP32-Compat,59,logits,1787650131267573985,1787650131308521894,40.947508999999997,2,2,2,,0
Node1,Cloud-RCS-FP32-Compat,round_01_position_1_Cloud-RCS-FP32-Compat,60,logits,1787650131308522334,1787650131344398310,35.875565999999999,2,2,2,,0
Node1,Cloud-RCS-FP32-Compat,round_01_position_1_Cloud-RCS-FP32-Compat,61,logits,1787650131344398820,1787650131380386353,35.987273000000002,2,2,2,,0
Node1,Cloud-RCS-FP32-Compat,round_01_position_1_Cloud-RCS-FP32-Compat,62,logits,1787650131380386633,1787650131417963340,37.576146999999999,2,2,2,,0
Node1,Cloud-RCS-FP32-Compat,round_01_position_1_Cloud-RCS-FP32-Compat,63,logits,1787650131417963640,1787650131455163916,37.199846000000001,2,2,2,,0
Node1,Cloud-RCS-FP32-Compat,round_01_position_1_Cloud-RCS-FP32-Compat,64,logits,1787650131455164306,1787650131492922514,37.757807999999997,2,2,2,,0
Node1,Cloud-RCS-FP32-Compat,round_01_position_1_Cloud-RCS-FP32-Compat,65,logits,1787650131492922894,1787650131529471211,36.547907000000002,2,2,2,,0
Node1,Cloud-RCS-FP32-Compat,round_01_position_1_Cloud-RCS-FP32-Compat,66,logits,1787650131529471591,1787650131568662814,39.190783000000003,2,2,2,,0
Node1,Cloud-RCS-FP32-Compat,round_01_position_1_Cloud-RCS-FP32-Compat,67,logits,1787650131568663145,1787650131604902083,36.238427999999999,2,2,2,,0
Node1,Cloud-RCS-FP32-Compat,round_01_position_1_Cloud-RCS-FP32-Compat,68,logits,1787650131604902823,1787650131642934887,38.031663999999999,2,2,2,,0
Node1,Cloud-RCS-FP32-Compat,round_01_position_1_Cloud-RCS-FP32-Compat,69,logits,1787650131642935267,1787650131681092620,38.156933000000002,2,2,2,,0
Node1,Cloud-RCS-FP32-Compat,round_01_position_1_Cloud-RCS-FP32-Compat,70,logits,1787650131681093010,1787650131717123945,36.030655000000003,2,2,2,,0
Node1,Cloud-RCS-FP32-Compat,round_01_position_1_Cloud-RCS-FP32-Compat,71,logits,1787650131717124325,1787650131759551662,42.426727,2,2,2,,0
Node1,Cloud-RCS-FP32-Compat,round_01_position_1_Cloud-RCS-FP32-Compat,72,logits,1787650131759552762,1787650131806565742,47.012560000000001,2,2,2,,0
Node1,Cloud-RCS-FP32-Compat,round_01_position_1_Cloud-RCS-FP32-Compat,73,logits,1787650131806566562,1787650131844332221,37.765228999999998,2,2,2,,0
Node1,Cloud-RCS-FP32-Compat,round_01_position_1_Cloud-RCS-FP32-Compat,74,logits,1787650131844332671,1787650131881184035,36.850963999999998,2,2,2,,0
Node1,Cloud-RCS-FP32-Compat,round_01_position_1_Cloud-RCS-FP32-Compat,75,logits,1787650131881184415,1787650131918365509,37.180703999999999,2,2,2,,0
Node1,Cloud-RCS-FP32-Compat,round_01_position_1_Cloud-RCS-FP32-Compat,76,logits,1787650131918365879,1787650131956524882,38.158442999999998,2,2,2,,0
Node1,Cloud-RCS-FP32-Compat,round_01_position_1_Cloud-RCS-FP32-Compat,77,logits,1787650131956525312,1787650131995574807,39.049035000000003,2,2,2,,0
Node1,Cloud-RCS-FP32-Compat,round_01_position_1_Cloud-RCS-FP32-Compat,78,logits,1787650131995575327,1787650132035180656,39.604928999999998,2,2,2,,0
Node1,Cloud-RCS-FP32-Compat,round_01_position_1_Cloud-RCS-FP32-Compat,79,logits,1787650132035181046,1787650132072144927,36.963490999999998,2,2,2,,0
Node1,Cloud-RCS-FP32-Compat,round_01_position_1_Cloud-RCS-FP32-Compat,80,logits,1787650132072145307,1787650132108408057,36.262320000000003,2,2,2,,0
Node1,Cloud-RCS-FP32-Compat,round_01_position_1_Cloud-RCS-FP32-Compat,81,logits,1787650132108408687,1787650132144617704,36.208616999999997,2,2,2,,0
Node1,Cloud-RCS-FP32-Compat,round_01_position_1_Cloud-RCS-FP32-Compat,82,logits,1787650132144618074,1787650132182208363,37.589838999999998,2,2,2,,0
Node1,Cloud-RCS-FP32-Compat,round_01_position_1_Cloud-RCS-FP32-Compat,83,logits,1787650132182208903,1787650132220134802,37.925499000000002,2,2,2,,0
Node1,Cloud-RCS-FP32-Compat,round_01_position_1_Cloud-RCS-FP32-Compat,84,logits,1787650132220135192,1787650132259309225,39.173622999999999,2,2,2,,0
Node1,Cloud-RCS-FP32-Compat,round_01_position_1_Cloud-RCS-FP32-Compat,85,logits,1787650132259309625,1787650132296444167,37.134141999999997,2,2,2,,0
Node1,Cloud-RCS-FP32-Compat,round_01_position_1_Cloud-RCS-FP32-Compat,86,logits,1787650132296444527,1787650132333253639,36.808712,2,2,2,,0
Node1,Cloud-RCS-FP32-Compat,round_01_position_1_Cloud-RCS-FP32-Compat,87,logits,1787650132333253989,1787650132369131406,35.876997000000003,2,2,2,,0
Node1,Cloud-RCS-FP32-Compat,round_01_position_1_Cloud-RCS-FP32-Compat,88,logits,1787650132369131766,1787650132405413257,36.281221000000002,2,2,2,,0
Node1,Cloud-RCS-FP32-Compat,round_01_position_1_Cloud-RCS-FP32-Compat,89,logits,1787650132405413637,1787650132441932172,36.518095000000002,2,2,2,,0
Node1,Cloud-RCS-FP32-Compat,round_01_position_1_Cloud-RCS-FP32-Compat,90,logits,1787650132441932552,1787650132478203392,36.270429999999998,2,2,2,,0
Node1,Cloud-RCS-FP32-Compat,round_01_position_1_Cloud-RCS-FP32-Compat,91,logits,1787650132478203922,1787650132514291081,36.086768999999997,2,2,2,,0
Node1,Cloud-RCS-FP32-Compat,round_01_position_1_Cloud-RCS-FP32-Compat,92,logits,1787650132514291441,1787650132550438285,36.146464000000002,2,2,2,,0
Node1,Cloud-RCS-FP32-Compat,round_01_position_1_Cloud-RCS-FP32-Compat,93,logits,1787650132550438655,1787650132586332022,35.892946999999999,2,2,2,,0
Node1,Cloud-RCS-FP32-Compat,round_01_position_1_Cloud-RCS-FP32-Compat,94,logits,1787650132586332432,1787650132624873108,38.540246000000003,2,2,2,,0
Node1,Cloud-RCS-FP32-Compat,round_01_position_1_Cloud-RCS-FP32-Compat,95,logits,1787650132624873558,1787650132661025561,36.151722999999997,2,2,2,,0
Node1,Cloud-RCS-FP32-Compat,round_01_position_1_Cloud-RCS-FP32-Compat,96,logits,1787650132661025931,1787650132696246929,35.220607999999999,2,2,2,,0
Node1,Cloud-RCS-FP32-Compat,round_01_position_1_Cloud-RCS-FP32-Compat,97,logits,1787650132696247309,1787650132732796075,36.548346000000002,2,2,2,,0
Node1,Cloud-RCS-FP32-Compat,round_01_position_1_Cloud-RCS-FP32-Compat,98,logits,1787650132732796595,1787650132767991912,35.194916999999997,2,2,2,,0
Node1,Cloud-RCS-FP32-Compat,round_01_position_1_Cloud-RCS-FP32-Compat,99,logits,1787650132767992352,1787650132804461224,36.468471999999998,2,2,2,,0
Node1,Cloud-RCS-FP32-Compat,round_01_position_1_Cloud-RCS-FP32-Compat,100,logits,1787650132804461634,1787650132840799318,36.337283999999997,2,2,2,,0
Node1,Cloud-RCS-FP32-Compat,round_01_position_1_Cloud-RCS-FP32-Compat,101,logits,1787650132840799818,1787650132877791911,36.991683000000002,2,2,2,,0
Node1,Cloud-RCS-FP32-Compat,round_01_position_1_Cloud-RCS-FP32-Compat,102,logits,1787650132877792331,1787650132913905192,36.112580999999999,2,2,2,,0
Node1,Cloud-RCS-FP32-Compat,round_01_position_1_Cloud-RCS-FP32-Compat,103,logits,1787650132913905582,1787650132949805660,35.899647999999999,2,2,2,,0
Node1,Cloud-RCS-FP32-Compat,round_01_position_1_Cloud-RCS-FP32-Compat,104,logits,1787650132949805910,1787650132985756061,35.949750999999999,2,2,2,,0
Node1,Cloud-RCS-FP32-Compat,round_01_position_1_Cloud-RCS-FP32-Compat,105,logits,1787650132985756731,1787650133021691672,35.934531,2,2,2,,0
Node1,Cloud-RCS-FP32-Compat,round_01_position_1_Cloud-RCS-FP32-Compat,106,logits,1787650133021692022,1787650133058674035,36.981732999999998,2,2,2,,0
Node1,Cloud-RCS-FP32-Compat,round_01_position_1_Cloud-RCS-FP32-Compat,107,logits,1787650133058674665,1787650133113584116,54.909030999999999,2,2,2,,0
Node1,Cloud-RCS-FP32-Compat,round_01_position_1_Cloud-RCS-FP32-Compat,108,logits,1787650133113584706,1787650133152391198,38.806092,2,2,2,,0
Node1,Cloud-RCS-FP32-Compat,round_01_position_1_Cloud-RCS-FP32-Compat,109,logits,1787650133152391598,1787650133191430613,39.038584999999998,2,2,2,,0
Node1,Cloud-RCS-FP32-Compat,round_01_position_1_Cloud-RCS-FP32-Compat,110,logits,1787650133191430973,1787650133231685631,40.254247999999997,2,2,2,,0
Node1,Cloud-RCS-FP32-Compat,round_01_position_1_Cloud-RCS-FP32-Compat,111,logits,1787650133231686191,1787650133267924670,36.238089000000002,2,2,2,,0
Node1,Cloud-RCS-FP32-Compat,round_01_position_1_Cloud-RCS-FP32-Compat,112,logits,1787650133267925030,1787650133305687679,37.762208999999999,2,2,2,,0
Node1,Cloud-RCS-FP32-Compat,round_01_position_1_Cloud-RCS-FP32-Compat,113,logits,1787650133305688129,1787650133344553544,38.864905,2,2,2,,0
Node1,Cloud-RCS-FP32-Compat,round_01_position_1_Cloud-RCS-FP32-Compat,114,logits,1787650133344553934,1787650133384947070,40.392696000000001,2,2,2,,0
Node1,Cloud-RCS-FP32-Compat,round_01_position_1_Cloud-RCS-FP32-Compat,115,logits,1787650133384947500,1787650133423211740,38.263710000000003,2,2,2,,0
Node1,Cloud-RCS-FP32-Compat,round_01_position_1_Cloud-RCS-FP32-Compat,116,logits,1787650133423212130,1787650133459572986,36.360446000000003,2,2,2,,0
Node1,Cloud-RCS-FP32-Compat,round_01_position_1_Cloud-RCS-FP32-Compat,117,logits,1787650133459573346,1787650133502245268,42.671481999999997,2,2,2,,0
Node1,Cloud-RCS-FP32-Compat,round_01_position_1_Cloud-RCS-FP32-Compat,118,logits,1787650133502245848,1787650133540144125,37.897877000000001,2,2,2,,0
Node1,Cloud-RCS-FP32-Compat,round_01_position_1_Cloud-RCS-FP32-Compat,119,logits,1787650133540144545,1787650133582059952,41.915007000000003,2,2,2,,0
Node1,Cloud-RCS-FP32-Compat,round_01_position_1_Cloud-RCS-FP32-Compat,120,logits,1787650133582060342,1787650133619213025,37.152273000000001,2,2,2,,0
Node1,Cloud-RCS-FP32-Compat,round_01_position_1_Cloud-RCS-FP32-Compat,121,logits,1787650133619213405,1787650133656828946,37.615071,2,2,2,,0
Node1,Cloud-RCS-FP32-Compat,round_01_position_1_Cloud-RCS-FP32-Compat,122,logits,1787650133656829326,1787650133693587716,36.757530000000003,2,2,2,,0
Node1,Cloud-RCS-FP32-Compat,round_01_position_1_Cloud-RCS-FP32-Compat,123,logits,1787650133693588346,1787650133731852825,38.264029000000001,2,2,2,,0
Node1,Cloud-RCS-FP32-Compat,round_01_position_1_Cloud-RCS-FP32-Compat,124,logits,1787650133731853105,1787650133771541389,39.687744000000002,2,2,2,,0
Node1,Cloud-RCS-FP32-Compat,round_01_position_1_Cloud-RCS-FP32-Compat,125,logits,1787650133771541890,1787650133810586735,39.044415000000001,2,2,2,,0
Node1,Cloud-RCS-FP32-Compat,round_01_position_1_Cloud-RCS-FP32-Compat,126,logits,1787650133810587236,1787650133849134291,38.546635000000002,2,2,2,,0
Node1,Cloud-RCS-FP32-Compat,round_01_position_1_Cloud-RCS-FP32-Compat,127,logits,1787650133849134691,1787650133886411392,37.276280999999997,2,2,2,,0
Node1,Cloud-RCS-FP32-Compat,round_01_position_1_Cloud-RCS-FP32-Compat,128,logits,1787650133886411782,1787650133924697753,38.285530999999999,2,2,2,,0
Node1,Cloud-RCS-FP32-Compat,round_01_position_1_Cloud-RCS-FP32-Compat,129,logits,1787650133924698143,1787650133962813653,38.115000000000002,2,2,2,,0
Node1,Cloud-RCS-FP32-Compat,round_01_position_1_Cloud-RCS-FP32-Compat,130,logits,1787650133962813914,1787650134001149227,38.334932999999999,2,2,2,,0
Node1,Cloud-RCS-FP32-Compat,round_01_position_1_Cloud-RCS-FP32-Compat,131,logits,1787650134001149797,1787650134039426647,38.276449999999997,2,2,2,,0
Node1,Cloud-RCS-FP32-Compat,round_01_position_1_Cloud-RCS-FP32-Compat,132,logits,1787650134039427167,1787650134076504816,37.077209000000003,2,2,2,,0
Node1,Cloud-RCS-FP32-Compat,round_01_position_1_Cloud-RCS-FP32-Compat,133,logits,1787650134076505216,1787650134113007491,36.501865000000002,2,2,2,,0
Node1,Cloud-RCS-FP32-Compat,round_01_position_1_Cloud-RCS-FP32-Compat,134,logits,1787650134113008051,1787650134152123432,39.114921000000002,2,2,2,,0
Node1,Cloud-RCS-FP32-Compat,round_01_position_1_Cloud-RCS-FP32-Compat,135,logits,1787650134152124122,1787650134190861560,38.736978000000001,2,2,2,,0
Node1,Cloud-RCS-FP32-Compat,round_01_position_1_Cloud-RCS-FP32-Compat,136,logits,1787650134190861820,1787650134230250146,39.387825999999997,2,2,2,,0
Node1,Cloud-RCS-FP32-Compat,round_01_position_1_Cloud-RCS-FP32-Compat,137,logits,1787650134230250726,1787650134269635413,39.384287,2,2,2,,0
Node1,Cloud-RCS-FP32-Compat,round_01_position_1_Cloud-RCS-FP32-Compat,138,logits,1787650134269635683,1787650134309573352,39.936979000000001,2,2,2,,0
Node1,Cloud-RCS-FP32-Compat,round_01_position_1_Cloud-RCS-FP32-Compat,139,logits,1787650134309573802,1787650134346112129,36.537927000000003,2,2,2,,0
Node1,Cloud-RCS-FP32-Compat,round_01_position_1_Cloud-RCS-FP32-Compat,140,logits,1787650134346112529,1787650134385356497,39.243577999999999,2,2,2,,0
Node1,Cloud-RCS-FP32-Compat,round_01_position_1_Cloud-RCS-FP32-Compat,141,logits,1787650134385357177,1787650134439802061,54.444324000000002,2,2,2,,0
Node1,Cloud-RCS-FP32-Compat,round_01_position_1_Cloud-RCS-FP32-Compat,142,logits,1787650134439802691,1787650134482236489,42.433188000000001,2,2,2,,0
Node1,Cloud-RCS-FP32-Compat,round_01_position_1_Cloud-RCS-FP32-Compat,143,logits,1787650134482236889,1787650134522518789,40.281489999999998,2,2,2,,0
Node1,Cloud-RCS-FP32-Compat,round_01_position_1_Cloud-RCS-FP32-Compat,144,logits,1787650134522519249,1787650134562483750,39.963780999999997,2,2,2,,0
Node1,Cloud-RCS-FP32-Compat,round_01_position_1_Cloud-RCS-FP32-Compat,145,logits,1787650134562484150,1787650134602152043,39.667473000000001,2,2,2,,0
Node1,Cloud-RCS-FP32-Compat,round_01_position_1_Cloud-RCS-FP32-Compat,146,logits,1787650134602152523,1787650134639954765,37.801851999999997,2,2,2,,0
Node1,Cloud-RCS-FP32-Compat,round_01_position_1_Cloud-RCS-FP32-Compat,147,logits,1787650134639955185,1787650134677557066,37.601470999999997,2,2,2,,0
Node1,Cloud-RCS-FP32-Compat,round_01_position_1_Cloud-RCS-FP32-Compat,148,logits,1787650134677557446,1787650134714524978,36.967131999999999,2,2,2,,0
Node1,Cloud-RCS-FP32-Compat,round_01_position_1_Cloud-RCS-FP32-Compat,149,logits,1787650134714525348,1787650134751788298,37.26267,2,2,2,,0
Node1,Cloud-RCS-FP32-Compat,round_01_position_1_Cloud-RCS-FP32-Compat,150,logits,1787650134751788698,1787650134790015026,38.225817999999997,2,2,2,,0
Node1,Cloud-RCS-FP32-Compat,round_01_position_1_Cloud-RCS-FP32-Compat,151,logits,1787650134790015546,1787650134827451096,37.43506,2,2,2,,0
Node1,Cloud-RCS-FP32-Compat,round_01_position_1_Cloud-RCS-FP32-Compat,152,logits,1787650134827451466,1787650134865906937,38.455061000000001,2,2,2,,0
Node1,Cloud-RCS-FP32-Compat,round_01_position_1_Cloud-RCS-FP32-Compat,153,logits,1787650134865907447,1787650134903922592,38.014735000000002,2,2,2,,0
Node1,Cloud-RCS-FP32-Compat,round_01_position_1_Cloud-RCS-FP32-Compat,154,logits,1787650134903922962,1787650134943222734,39.299492000000001,2,2,2,,0
Node1,Cloud-RCS-FP32-Compat,round_01_position_1_Cloud-RCS-FP32-Compat,155,logits,1787650134943223134,1787650134980880567,37.657003000000003,2,2,2,,0
Node1,Cloud-RCS-FP32-Compat,round_01_position_1_Cloud-RCS-FP32-Compat,156,logits,1787650134980881007,1787650135019190470,38.308773000000002,2,2,2,,0
Node1,Cloud-RCS-FP32-Compat,round_01_position_1_Cloud-RCS-FP32-Compat,157,logits,1787650135019190880,1787650135057977401,38.786110999999998,2,2,2,,0
Node1,Cloud-RCS-FP32-Compat,round_01_position_1_Cloud-RCS-FP32-Compat,158,logits,1787650135057978001,1787650135095423472,37.445070999999999,2,2,2,,0
Node1,Cloud-RCS-FP32-Compat,round_01_position_1_Cloud-RCS-FP32-Compat,159,logits,1787650135095423962,1787650135139439035,44.014533,2,2,2,,0
Node1,Cloud-RCS-FP32-Compat,round_01_position_1_Cloud-RCS-FP32-Compat,160,logits,1787650135139439405,1787650135177029035,37.589239999999997,2,2,2,,0
Node1,Cloud-RCS-FP32-Compat,round_01_position_1_Cloud-RCS-FP32-Compat,161,logits,1787650135177029405,1787650135214125646,37.095851000000003,2,2,2,,0
Node1,Cloud-RCS-FP32-Compat,round_01_position_1_Cloud-RCS-FP32-Compat,162,logits,1787650135214126026,1787650135254282328,40.155912000000001,2,2,2,,0
Node1,Cloud-RCS-FP32-Compat,round_01_position_1_Cloud-RCS-FP32-Compat,163,logits,1787650135254282758,1787650135294772661,40.489513000000002,2,2,2,,0
Node1,Cloud-RCS-FP32-Compat,round_01_position_1_Cloud-RCS-FP32-Compat,164,logits,1787650135294773041,1787650135331563913,36.790551999999998,2,2,2,,0
Node1,Cloud-RCS-FP32-Compat,round_01_position_1_Cloud-RCS-FP32-Compat,165,logits,1787650135331564283,1787650135369549007,37.984284000000002,2,2,2,,0
Node1,Cloud-RCS-FP32-Compat,round_01_position_1_Cloud-RCS-FP32-Compat,166,logits,1787650135369549397,1787650135406862900,37.313093000000002,2,2,2,,0
Node1,Cloud-RCS-FP32-Compat,round_01_position_1_Cloud-RCS-FP32-Compat,167,logits,1787650135406863290,1787650135444575947,37.711796999999997,2,2,2,,0
Node1,Cloud-RCS-FP32-Compat,round_01_position_1_Cloud-RCS-FP32-Compat,168,logits,1787650135444576337,1787650135482932673,38.355865999999999,2,2,2,,0
Node1,Cloud-RCS-FP32-Compat,round_01_position_1_Cloud-RCS-FP32-Compat,169,logits,1787650135482933343,1787650135524233194,41.299441000000002,2,2,2,,0
Node1,Cloud-RCS-FP32-Compat,round_01_position_1_Cloud-RCS-FP32-Compat,170,logits,1787650135524233514,1787650135562253939,38.019844999999997,2,2,2,,0
Node1,Cloud-RCS-FP32-Compat,round_01_position_1_Cloud-RCS-FP32-Compat,171,logits,1787650135562254519,1787650135602208340,39.953400999999999,2,2,2,,0
Node1,Cloud-RCS-FP32-Compat,round_01_position_1_Cloud-RCS-FP32-Compat,172,logits,1787650135602208720,1787650135640374695,38.165574999999997,2,2,2,,0
Node1,Cloud-RCS-FP32-Compat,round_01_position_1_Cloud-RCS-FP32-Compat,173,logits,1787650135640375045,1787650135678123234,37.747779000000001,2,2,2,,0
Node1,Cloud-RCS-FP32-Compat,round_01_position_1_Cloud-RCS-FP32-Compat,174,logits,1787650135678123614,1787650135723497768,45.373364000000002,2,2,2,,0
Node1,Cloud-RCS-FP32-Compat,round_01_position_1_Cloud-RCS-FP32-Compat,175,logits,1787650135723498658,1787650135772097853,48.598554999999998,2,2,2,,0
Node1,Cloud-RCS-FP32-Compat,round_01_position_1_Cloud-RCS-FP32-Compat,176,logits,1787650135772098293,1787650135812548054,40.449361000000003,2,2,2,,0
Node1,Cloud-RCS-FP32-Compat,round_01_position_1_Cloud-RCS-FP32-Compat,177,logits,1787650135812548464,1787650135852524596,39.975672000000003,2,2,2,,0
Node1,Cloud-RCS-FP32-Compat,round_01_position_1_Cloud-RCS-FP32-Compat,178,logits,1787650135852525036,1787650135892760103,40.234487000000001,2,2,2,,0
Node1,Cloud-RCS-FP32-Compat,round_01_position_1_Cloud-RCS-FP32-Compat,179,logits,1787650135892760513,1787650135932208634,39.447851,2,2,2,,0
Node1,Cloud-RCS-FP32-Compat,round_01_position_1_Cloud-RCS-FP32-Compat,180,logits,1787650135932209004,1787650135970540608,38.330863999999998,2,2,2,,0
Node1,Cloud-RCS-FP32-Compat,round_01_position_1_Cloud-RCS-FP32-Compat,181,logits,1787650135970540988,1787650136010125647,39.584259000000003,2,2,2,,0
Node1,Cloud-RCS-FP32-Compat,round_01_position_1_Cloud-RCS-FP32-Compat,182,logits,1787650136010126067,1787650136050635591,40.508744,2,2,2,,0
Node1,Cloud-RCS-FP32-Compat,round_01_position_1_Cloud-RCS-FP32-Compat,183,logits,1787650136050636001,1787650136090844857,40.208446000000002,2,2,2,,0
Node1,Cloud-RCS-FP32-Compat,round_01_position_1_Cloud-RCS-FP32-Compat,184,logits,1787650136090845247,1787650136131355272,40.509635000000003,2,2,2,,0
Node1,Cloud-RCS-FP32-Compat,round_01_position_1_Cloud-RCS-FP32-Compat,185,logits,1787650136131355642,1787650136168435752,37.079709999999999,2,2,2,,0
Node1,Cloud-RCS-FP32-Compat,round_01_position_1_Cloud-RCS-FP32-Compat,186,logits,1787650136168436102,1787650136208103276,39.666704000000003,2,2,2,,0
Node1,Cloud-RCS-FP32-Compat,round_01_position_1_Cloud-RCS-FP32-Compat,187,logits,1787650136208103976,1787650136246464612,38.360236,2,2,2,,0
Node1,Cloud-RCS-FP32-Compat,round_01_position_1_Cloud-RCS-FP32-Compat,188,logits,1787650136246464982,1787650136283511910,37.046537999999998,2,2,2,,0
Node1,Cloud-RCS-FP32-Compat,round_01_position_1_Cloud-RCS-FP32-Compat,189,logits,1787650136283512260,1787650136319310963,35.798293000000001,2,2,2,,0
Node1,Cloud-RCS-FP32-Compat,round_01_position_1_Cloud-RCS-FP32-Compat,190,logits,1787650136319311343,1787650136355049583,35.737859999999998,2,2,2,,0
Node1,Cloud-RCS-FP32-Compat,round_01_position_1_Cloud-RCS-FP32-Compat,191,logits,1787650136355049973,1787650136391094771,36.044407999999997,2,2,2,,0
Node1,Cloud-RCS-FP32-Compat,round_01_position_1_Cloud-RCS-FP32-Compat,192,logits,1787650136391095151,1787650136426429307,35.333736000000002,2,2,2,,0
Node1,Cloud-RCS-FP32-Compat,round_01_position_1_Cloud-RCS-FP32-Compat,193,logits,1787650136426429657,1787650136462211540,35.781613,2,2,2,,0
Node1,Cloud-RCS-FP32-Compat,round_01_position_1_Cloud-RCS-FP32-Compat,194,logits,1787650136462212240,1787650136498007063,35.794573,2,2,2,,0
Node1,Cloud-RCS-FP32-Compat,round_01_position_1_Cloud-RCS-FP32-Compat,195,logits,1787650136498007453,1787650136535022759,37.014705999999997,2,2,2,,0
Node1,Cloud-RCS-FP32-Compat,round_01_position_1_Cloud-RCS-FP32-Compat,196,logits,1787650136535023229,1787650136572570417,37.546728000000002,2,2,2,,0
Node1,Cloud-RCS-FP32-Compat,round_01_position_1_Cloud-RCS-FP32-Compat,197,logits,1787650136572570697,1787650136608007178,35.436081000000001,2,2,2,,0
Node1,Cloud-RCS-FP32-Compat,round_01_position_1_Cloud-RCS-FP32-Compat,198,logits,1787650136608007549,1787650136645955670,37.947701000000002,2,2,2,,0
Node1,Cloud-RCS-FP32-Compat,round_01_position_1_Cloud-RCS-FP32-Compat,199,logits,1787650136645955940,1787650136682502178,36.545838000000003,2,2,2,,0
Node1,Cloud-RCS-FP16-Opt-v2,round_01_position_2_Cloud-RCS-FP16-Opt-v2,0,logits,1787650162239223093,1787650162281231376,42.007812999999999,2,2,2,,0
Node1,Cloud-RCS-FP16-Opt-v2,round_01_position_2_Cloud-RCS-FP16-Opt-v2,1,logits,1787650162281231766,1787650162314329037,33.096860999999997,2,2,2,,0
Node1,Cloud-RCS-FP16-Opt-v2,round_01_position_2_Cloud-RCS-FP16-Opt-v2,2,logits,1787650162314329407,1787650162346964210,32.634363,2,2,2,,0
Node1,Cloud-RCS-FP16-Opt-v2,round_01_position_2_Cloud-RCS-FP16-Opt-v2,3,logits,1787650162346964570,1787650162380358257,33.392977000000002,2,2,2,,0
Node1,Cloud-RCS-FP16-Opt-v2,round_01_position_2_Cloud-RCS-FP16-Opt-v2,4,logits,1787650162380358637,1787650162413984669,33.625492000000001,2,2,2,,0
Node1,Cloud-RCS-FP16-Opt-v2,round_01_position_2_Cloud-RCS-FP16-Opt-v2,5,logits,1787650162413984909,1787650162448335885,34.350436000000002,2,2,2,,0
Node1,Cloud-RCS-FP16-Opt-v2,round_01_position_2_Cloud-RCS-FP16-Opt-v2,6,logits,1787650162448336285,1787650162481972417,33.635531999999998,2,2,2,,0
Node1,Cloud-RCS-FP16-Opt-v2,round_01_position_2_Cloud-RCS-FP16-Opt-v2,7,logits,1787650162481972727,1787650162514952121,32.978893999999997,2,2,2,,0
Node1,Cloud-RCS-FP16-Opt-v2,round_01_position_2_Cloud-RCS-FP16-Opt-v2,8,logits,1787650162514952531,1787650162546027310,31.074289,2,2,2,,0
Node1,Cloud-RCS-FP16-Opt-v2,round_01_position_2_Cloud-RCS-FP16-Opt-v2,9,logits,1787650162546027710,1787650162576899817,30.871527,2,2,2,,0
Node1,Cloud-RCS-FP16-Opt-v2,round_01_position_2_Cloud-RCS-FP16-Opt-v2,10,logits,1787650162576900207,1787650162606867080,29.966403,2,2,2,,0
Node1,Cloud-RCS-FP16-Opt-v2,round_01_position_2_Cloud-RCS-FP16-Opt-v2,11,logits,1787650162606867530,1787650162638906547,32.038617000000002,2,2,2,,0
Node1,Cloud-RCS-FP16-Opt-v2,round_01_position_2_Cloud-RCS-FP16-Opt-v2,12,logits,1787650162638906817,1787650162669992707,31.085349999999998,2,2,2,,0
Node1,Cloud-RCS-FP16-Opt-v2,round_01_position_2_Cloud-RCS-FP16-Opt-v2,13,logits,1787650162669993077,1787650162702209715,32.216248,2,2,2,,0
Node1,Cloud-RCS-FP16-Opt-v2,round_01_position_2_Cloud-RCS-FP16-Opt-v2,14,logits,1787650162702210375,1787650162732993707,30.782651999999999,2,2,2,,0
Node1,Cloud-RCS-FP16-Opt-v2,round_01_position_2_Cloud-RCS-FP16-Opt-v2,15,logits,1787650162732994087,1787650162764258687,31.264309999999998,2,2,2,,0
Node1,Cloud-RCS-FP16-Opt-v2,round_01_position_2_Cloud-RCS-FP16-Opt-v2,16,logits,1787650162764259057,1787650162794491426,30.231779,2,2,2,,0
Node1,Cloud-RCS-FP16-Opt-v2,round_01_position_2_Cloud-RCS-FP16-Opt-v2,17,logits,1787650162794491796,1787650162824658412,30.166215999999999,2,2,2,,0
Node1,Cloud-RCS-FP16-Opt-v2,round_01_position_2_Cloud-RCS-FP16-Opt-v2,18,logits,1787650162824658792,1787650162854752722,30.093509999999998,2,2,2,,0
Node1,Cloud-RCS-FP16-Opt-v2,round_01_position_2_Cloud-RCS-FP16-Opt-v2,19,logits,1787650162854753092,1787650162886890285,32.136803,2,2,2,,0
Node1,Cloud-RCS-FP16-Opt-v2,round_01_position_2_Cloud-RCS-FP16-Opt-v2,20,logits,1787650162886890715,1787650162917073391,30.182276000000002,2,2,2,,0
Node1,Cloud-RCS-FP16-Opt-v2,round_01_position_2_Cloud-RCS-FP16-Opt-v2,21,logits,1787650162917073761,1787650162948836201,31.762029999999999,2,2,2,,0
Node1,Cloud-RCS-FP16-Opt-v2,round_01_position_2_Cloud-RCS-FP16-Opt-v2,22,logits,1787650162948836611,1787650162979693688,30.856456999999999,2,2,2,,0
Node1,Cloud-RCS-FP16-Opt-v2,round_01_position_2_Cloud-RCS-FP16-Opt-v2,23,logits,1787650162979694068,1787650163009220335,29.525756999999999,2,2,2,,0
Node1,Cloud-RCS-FP16-Opt-v2,round_01_position_2_Cloud-RCS-FP16-Opt-v2,24,logits,1787650163009220745,1787650163041209369,31.988043999999999,2,2,2,,0
Node1,Cloud-RCS-FP16-Opt-v2,round_01_position_2_Cloud-RCS-FP16-Opt-v2,25,logits,1787650163041209759,1787650163073895255,32.684936,2,2,2,,0
Node1,Cloud-RCS-FP16-Opt-v2,round_01_position_2_Cloud-RCS-FP16-Opt-v2,26,logits,1787650163073895715,1787650163118214697,44.318362,2,2,2,,0
Node1,Cloud-RCS-FP16-Opt-v2,round_01_position_2_Cloud-RCS-FP16-Opt-v2,27,logits,1787650163118215287,1787650163155912604,37.696727000000003,2,2,2,,0
Node1,Cloud-RCS-FP16-Opt-v2,round_01_position_2_Cloud-RCS-FP16-Opt-v2,28,logits,1787650163155913364,1787650163189049427,33.135612000000002,2,2,2,,0
Node1,Cloud-RCS-FP16-Opt-v2,round_01_position_2_Cloud-RCS-FP16-Opt-v2,29,logits,1787650163189049837,1787650163222156868,33.106301000000002,2,2,2,,0
Node1,Cloud-RCS-FP16-Opt-v2,round_01_position_2_Cloud-RCS-FP16-Opt-v2,30,logits,1787650163222157408,1787650163253354545,31.196515999999999,2,2,2,,0
Node1,Cloud-RCS-FP16-Opt-v2,round_01_position_2_Cloud-RCS-FP16-Opt-v2,31,logits,1787650163253354895,1787650163296687878,43.332453000000001,2,2,2,,0
Node1,Cloud-RCS-FP16-Opt-v2,round_01_position_2_Cloud-RCS-FP16-Opt-v2,32,logits,1787650163296688258,1787650163332091576,35.402797999999997,2,2,2,,0
Node1,Cloud-RCS-FP16-Opt-v2,round_01_position_2_Cloud-RCS-FP16-Opt-v2,33,logits,1787650163332091946,1787650163364680147,32.587640999999998,2,2,2,,0
Node1,Cloud-RCS-FP16-Opt-v2,round_01_position_2_Cloud-RCS-FP16-Opt-v2,34,logits,1787650163364680527,1787650163396201523,31.520596000000001,2,2,2,,0
Node1,Cloud-RCS-FP16-Opt-v2,round_01_position_2_Cloud-RCS-FP16-Opt-v2,35,logits,1787650163396201893,1787650163427753631,31.551168000000001,2,2,2,,0
Node1,Cloud-RCS-FP16-Opt-v2,round_01_position_2_Cloud-RCS-FP16-Opt-v2,36,logits,1787650163427753921,1787650163460344821,32.590359999999997,2,2,2,,0
Node1,Cloud-RCS-FP16-Opt-v2,round_01_position_2_Cloud-RCS-FP16-Opt-v2,37,logits,1787650163460345241,1787650163495542818,35.196765999999997,2,2,2,,0
Node1,Cloud-RCS-FP16-Opt-v2,round_01_position_2_Cloud-RCS-FP16-Opt-v2,38,logits,1787650163495543208,1787650163533405263,37.861514999999997,2,2,2,,0
Node1,Cloud-RCS-FP16-Opt-v2,round_01_position_2_Cloud-RCS-FP16-Opt-v2,39,logits,1787650163533405833,1787650163572980601,39.574207999999999,2,2,2,,0
Node1,Cloud-RCS-FP16-Opt-v2,round_01_position_2_Cloud-RCS-FP16-Opt-v2,40,logits,1787650163572980971,1787650163610043010,37.061449000000003,2,2,2,,0
Node1,Cloud-RCS-FP16-Opt-v2,round_01_position_2_Cloud-RCS-FP16-Opt-v2,41,logits,1787650163610043430,1787650163647141000,37.097119999999997,2,2,2,,0
Node1,Cloud-RCS-FP16-Opt-v2,round_01_position_2_Cloud-RCS-FP16-Opt-v2,42,logits,1787650163647141280,1787650163684757241,37.615451,2,2,2,,0
Node1,Cloud-RCS-FP16-Opt-v2,round_01_position_2_Cloud-RCS-FP16-Opt-v2,43,logits,1787650163684757821,1787650163722523561,37.764879000000001,2,2,2,,0
Node1,Cloud-RCS-FP16-Opt-v2,round_01_position_2_Cloud-RCS-FP16-Opt-v2,44,logits,1787650163722523851,1787650163756790321,34.266069999999999,2,2,2,,0
Node1,Cloud-RCS-FP16-Opt-v2,round_01_position_2_Cloud-RCS-FP16-Opt-v2,45,logits,1787650163756790691,1787650163790163558,33.372456999999997,2,2,2,,0
Node1,Cloud-RCS-FP16-Opt-v2,round_01_position_2_Cloud-RCS-FP16-Opt-v2,46,logits,1787650163790163928,1787650163823827443,33.662965,2,2,2,,0
Node1,Cloud-RCS-FP16-Opt-v2,round_01_position_2_Cloud-RCS-FP16-Opt-v2,47,logits,1787650163823827703,1787650163857240983,33.41283,2,2,2,,0
Node1,Cloud-RCS-FP16-Opt-v2,round_01_position_2_Cloud-RCS-FP16-Opt-v2,48,logits,1787650163857241393,1787650163891686464,34.444640999999997,2,2,2,,0
Node1,Cloud-RCS-FP16-Opt-v2,round_01_position_2_Cloud-RCS-FP16-Opt-v2,49,logits,1787650163891686864,1787650163924726201,33.038756999999997,2,2,2,,0
Node1,Cloud-RCS-FP16-Opt-v2,round_01_position_2_Cloud-RCS-FP16-Opt-v2,50,logits,1787650163924726691,1787650163958415027,33.688056000000003,2,2,2,,0
Node1,Cloud-RCS-FP16-Opt-v2,round_01_position_2_Cloud-RCS-FP16-Opt-v2,51,logits,1787650163958415467,1787650163992553550,34.137683000000003,2,2,2,,0
Node1,Cloud-RCS-FP16-Opt-v2,round_01_position_2_Cloud-RCS-FP16-Opt-v2,52,logits,1787650163992553960,1787650164025739686,33.185206000000001,2,2,2,,0
Node1,Cloud-RCS-FP16-Opt-v2,round_01_position_2_Cloud-RCS-FP16-Opt-v2,53,logits,1787650164025740056,1787650164059756972,34.016466000000001,2,2,2,,0
Node1,Cloud-RCS-FP16-Opt-v2,round_01_position_2_Cloud-RCS-FP16-Opt-v2,54,logits,1787650164059757342,1787650164093929807,34.171934999999998,2,2,2,,0
Node1,Cloud-RCS-FP16-Opt-v2,round_01_position_2_Cloud-RCS-FP16-Opt-v2,55,logits,1787650164093930227,1787650164129929402,35.998545,2,2,2,,0
Node1,Cloud-RCS-FP16-Opt-v2,round_01_position_2_Cloud-RCS-FP16-Opt-v2,56,logits,1787650164129929812,1787650164166645379,36.715086999999997,2,2,2,,0
Node1,Cloud-RCS-FP16-Opt-v2,round_01_position_2_Cloud-RCS-FP16-Opt-v2,57,logits,1787650164166645779,1787650164203161945,36.515866000000003,2,2,2,,0
Node1,Cloud-RCS-FP16-Opt-v2,round_01_position_2_Cloud-RCS-FP16-Opt-v2,58,logits,1787650164203162355,1787650164239093645,35.930639999999997,2,2,2,,0
Node1,Cloud-RCS-FP16-Opt-v2,round_01_position_2_Cloud-RCS-FP16-Opt-v2,59,logits,1787650164239094045,1787650164274835645,35.740989999999996,2,2,2,,0
Node1,Cloud-RCS-FP16-Opt-v2,round_01_position_2_Cloud-RCS-FP16-Opt-v2,60,logits,1787650164274835915,1787650164310557852,35.721347000000002,2,2,2,,0
Node1,Cloud-RCS-FP16-Opt-v2,round_01_position_2_Cloud-RCS-FP16-Opt-v2,61,logits,1787650164310558132,1787650164346793011,36.234129000000003,2,2,2,,0
Node1,Cloud-RCS-FP16-Opt-v2,round_01_position_2_Cloud-RCS-FP16-Opt-v2,62,logits,1787650164346793431,1787650164382090064,35.296042999999997,2,2,2,,0
Node1,Cloud-RCS-FP16-Opt-v2,round_01_position_2_Cloud-RCS-FP16-Opt-v2,63,logits,1787650164382090324,1787650164414737988,32.647204000000002,2,2,2,,0
Node1,Cloud-RCS-FP16-Opt-v2,round_01_position_2_Cloud-RCS-FP16-Opt-v2,64,logits,1787650164414738378,1787650164450247533,35.508364999999998,2,2,2,,0
Node1,Cloud-RCS-FP16-Opt-v2,round_01_position_2_Cloud-RCS-FP16-Opt-v2,65,logits,1787650164450248243,1787650164487447060,37.197847000000003,2,2,2,,0
Node1,Cloud-RCS-FP16-Opt-v2,round_01_position_2_Cloud-RCS-FP16-Opt-v2,66,logits,1787650164487447530,1787650164521831487,34.383327000000001,2,2,2,,0
Node1,Cloud-RCS-FP16-Opt-v2,round_01_position_2_Cloud-RCS-FP16-Opt-v2,67,logits,1787650164521832027,1787650164560844642,39.012174999999999,2,2,2,,0
Node1,Cloud-RCS-FP16-Opt-v2,round_01_position_2_Cloud-RCS-FP16-Opt-v2,68,logits,1787650164560844952,1787650164592623855,31.778372999999998,2,2,2,,0
Node1,Cloud-RCS-FP16-Opt-v2,round_01_position_2_Cloud-RCS-FP16-Opt-v2,69,logits,1787650164592624595,1787650164625222775,32.597720000000002,2,2,2,,0
Node1,Cloud-RCS-FP16-Opt-v2,round_01_position_2_Cloud-RCS-FP16-Opt-v2,70,logits,1787650164625223145,1787650164658229861,33.005526000000003,2,2,2,,0
Node1,Cloud-RCS-FP16-Opt-v2,round_01_position_2_Cloud-RCS-FP16-Opt-v2,71,logits,1787650164658230201,1787650164691466511,33.235619,2,2,2,,0
Node1,Cloud-RCS-FP16-Opt-v2,round_01_position_2_Cloud-RCS-FP16-Opt-v2,72,logits,1787650164691466941,1787650164724981506,33.514155000000002,2,2,2,,0
Node1,Cloud-RCS-FP16-Opt-v2,round_01_position_2_Cloud-RCS-FP16-Opt-v2,73,logits,1787650164724981926,1787650164758877015,33.894559000000001,2,2,2,,0
Node1,Cloud-RCS-FP16-Opt-v2,round_01_position_2_Cloud-RCS-FP16-Opt-v2,74,logits,1787650164758877385,1787650164794053680,35.175874999999998,2,2,2,,0
Node1,Cloud-RCS-FP16-Opt-v2,round_01_position_2_Cloud-RCS-FP16-Opt-v2,75,logits,1787650164794053960,1787650164830725525,36.670825000000001,2,2,2,,0
Node1,Cloud-RCS-FP16-Opt-v2,round_01_position_2_Cloud-RCS-FP16-Opt-v2,76,logits,1787650164830726035,1787650164865454714,34.728048999999999,2,2,2,,0
Node1,Cloud-RCS-FP16-Opt-v2,round_01_position_2_Cloud-RCS-FP16-Opt-v2,77,logits,1787650164865455114,1787650164898952819,33.497275000000002,2,2,2,,0
Node1,Cloud-RCS-FP16-Opt-v2,round_01_position_2_Cloud-RCS-FP16-Opt-v2,78,logits,1787650164898953199,1787650164934415491,35.461742000000001,2,2,2,,0
Node1,Cloud-RCS-FP16-Opt-v2,round_01_position_2_Cloud-RCS-FP16-Opt-v2,79,logits,1787650164934415881,1787650164967587646,33.171194999999997,2,2,2,,0
Node1,Cloud-RCS-FP16-Opt-v2,round_01_position_2_Cloud-RCS-FP16-Opt-v2,80,logits,1787650164967587936,1787650165000802375,33.213988999999998,2,2,2,,0
Node1,Cloud-RCS-FP16-Opt-v2,round_01_position_2_Cloud-RCS-FP16-Opt-v2,81,logits,1787650165000802785,1787650165035018563,34.215328,2,2,2,,0
Node1,Cloud-RCS-FP16-Opt-v2,round_01_position_2_Cloud-RCS-FP16-Opt-v2,82,logits,1787650165035019113,1787650165068463575,33.443812000000001,2,2,2,,0
Node1,Cloud-RCS-FP16-Opt-v2,round_01_position_2_Cloud-RCS-FP16-Opt-v2,83,logits,1787650165068464065,1787650165102728126,34.263381000000003,2,2,2,,0
Node1,Cloud-RCS-FP16-Opt-v2,round_01_position_2_Cloud-RCS-FP16-Opt-v2,84,logits,1787650165102728496,1787650165135673648,32.944692000000003,2,2,2,,0
Node1,Cloud-RCS-FP16-Opt-v2,round_01_position_2_Cloud-RCS-FP16-Opt-v2,85,logits,1787650165135674078,1787650165169069207,33.394699000000003,2,2,2,,0
Node1,Cloud-RCS-FP16-Opt-v2,round_01_position_2_Cloud-RCS-FP16-Opt-v2,86,logits,1787650165169069597,1787650165202147027,33.077030000000001,2,2,2,,0
Node1,Cloud-RCS-FP16-Opt-v2,round_01_position_2_Cloud-RCS-FP16-Opt-v2,87,logits,1787650165202147307,1787650165237223617,35.075589999999998,2,2,2,,0
Node1,Cloud-RCS-FP16-Opt-v2,round_01_position_2_Cloud-RCS-FP16-Opt-v2,88,logits,1787650165237224027,1787650165271802086,34.577469000000001,2,2,2,,0
Node1,Cloud-RCS-FP16-Opt-v2,round_01_position_2_Cloud-RCS-FP16-Opt-v2,89,logits,1787650165271802366,1787650165305038836,33.235849999999999,2,2,2,,0
Node1,Cloud-RCS-FP16-Opt-v2,round_01_position_2_Cloud-RCS-FP16-Opt-v2,90,logits,1787650165305039546,1787650165337865111,32.825045000000003,2,2,2,,0
Node1,Cloud-RCS-FP16-Opt-v2,round_01_position_2_Cloud-RCS-FP16-Opt-v2,91,logits,1787650165337865501,1787650165371273451,33.407350000000001,2,2,2,,0
Node1,Cloud-RCS-FP16-Opt-v2,round_01_position_2_Cloud-RCS-FP16-Opt-v2,92,logits,1787650165371273871,1787650165402912934,31.638493,2,2,2,,0
Node1,Cloud-RCS-FP16-Opt-v2,round_01_position_2_Cloud-RCS-FP16-Opt-v2,93,logits,1787650165402913414,1787650165436278632,33.364727999999999,2,2,2,,0
Node1,Cloud-RCS-FP16-Opt-v2,round_01_position_2_Cloud-RCS-FP16-Opt-v2,94,logits,1787650165436279222,1787650165468891754,32.612071999999998,2,2,2,,0
Node1,Cloud-RCS-FP16-Opt-v2,round_01_position_2_Cloud-RCS-FP16-Opt-v2,95,logits,1787650165468892114,1787650165502682207,33.789633000000002,2,2,2,,0
Node1,Cloud-RCS-FP16-Opt-v2,round_01_position_2_Cloud-RCS-FP16-Opt-v2,96,logits,1787650165502682557,1787650165535702593,33.019646000000002,2,2,2,,0
Node1,Cloud-RCS-FP16-Opt-v2,round_01_position_2_Cloud-RCS-FP16-Opt-v2,97,logits,1787650165535702963,1787650165570393860,34.690297000000001,2,2,2,,0
Node1,Cloud-RCS-FP16-Opt-v2,round_01_position_2_Cloud-RCS-FP16-Opt-v2,98,logits,1787650165570394230,1787650165604386935,33.992235000000001,2,2,2,,0
Node1,Cloud-RCS-FP16-Opt-v2,round_01_position_2_Cloud-RCS-FP16-Opt-v2,99,logits,1787650165604387605,1787650165636470865,32.082810000000002,2,2,2,,0
Node1,Cloud-RCS-FP16-Opt-v2,round_01_position_2_Cloud-RCS-FP16-Opt-v2,100,logits,1787650165636471375,1787650165668575767,32.103942000000004,2,2,2,,0
Node1,Cloud-RCS-FP16-Opt-v2,round_01_position_2_Cloud-RCS-FP16-Opt-v2,101,logits,1787650165668576237,1787650165702783585,34.206857999999997,2,2,2,,0
Node1,Cloud-RCS-FP16-Opt-v2,round_01_position_2_Cloud-RCS-FP16-Opt-v2,102,logits,1787650165702783845,1787650165736871926,34.087670000000003,2,2,2,,0
Node1,Cloud-RCS-FP16-Opt-v2,round_01_position_2_Cloud-RCS-FP16-Opt-v2,103,logits,1787650165736872296,1787650165769997308,33.124622000000002,2,2,2,,0
Node1,Cloud-RCS-FP16-Opt-v2,round_01_position_2_Cloud-RCS-FP16-Opt-v2,104,logits,1787650165769997698,1787650165802929850,32.931601999999998,2,2,2,,0
Node1,Cloud-RCS-FP16-Opt-v2,round_01_position_2_Cloud-RCS-FP16-Opt-v2,105,logits,1787650165802930210,1787650165837318908,34.388137999999998,2,2,2,,0
Node1,Cloud-RCS-FP16-Opt-v2,round_01_position_2_Cloud-RCS-FP16-Opt-v2,106,logits,1787650165837319268,1787650165871284831,33.965133000000002,2,2,2,,0
Node1,Cloud-RCS-FP16-Opt-v2,round_01_position_2_Cloud-RCS-FP16-Opt-v2,107,logits,1787650165871285181,1787650165904431005,33.145184,2,2,2,,0
Node1,Cloud-RCS-FP16-Opt-v2,round_01_position_2_Cloud-RCS-FP16-Opt-v2,108,logits,1787650165904431385,1787650165937846546,33.414731000000003,2,2,2,,0
Node1,Cloud-RCS-FP16-Opt-v2,round_01_position_2_Cloud-RCS-FP16-Opt-v2,109,logits,1787650165937846886,1787650165971088426,33.240989999999996,2,2,2,,0
Node1,Cloud-RCS-FP16-Opt-v2,round_01_position_2_Cloud-RCS-FP16-Opt-v2,110,logits,1787650165971088806,1787650166004636984,33.547348,2,2,2,,0
Node1,Cloud-RCS-FP16-Opt-v2,round_01_position_2_Cloud-RCS-FP16-Opt-v2,111,logits,1787650166004637364,1787650166037864693,33.226818999999999,2,2,2,,0
Node1,Cloud-RCS-FP16-Opt-v2,round_01_position_2_Cloud-RCS-FP16-Opt-v2,112,logits,1787650166037865103,1787650166071440613,33.57508,2,2,2,,0
Node1,Cloud-RCS-FP16-Opt-v2,round_01_position_2_Cloud-RCS-FP16-Opt-v2,113,logits,1787650166071440983,1787650166105550035,34.108581999999998,2,2,2,,0
Node1,Cloud-RCS-FP16-Opt-v2,round_01_position_2_Cloud-RCS-FP16-Opt-v2,114,logits,1787650166105550425,1787650166137626955,32.075890000000001,2,2,2,,0
Node1,Cloud-RCS-FP16-Opt-v2,round_01_position_2_Cloud-RCS-FP16-Opt-v2,115,logits,1787650166137627385,1787650166172117140,34.489265000000003,2,2,2,,0
Node1,Cloud-RCS-FP16-Opt-v2,round_01_position_2_Cloud-RCS-FP16-Opt-v2,116,logits,1787650166172117401,1787650166205339550,33.221719,2,2,2,,0
Node1,Cloud-RCS-FP16-Opt-v2,round_01_position_2_Cloud-RCS-FP16-Opt-v2,117,logits,1787650166205339900,1787650166238818084,33.477733999999998,2,2,2,,0
Node1,Cloud-RCS-FP16-Opt-v2,round_01_position_2_Cloud-RCS-FP16-Opt-v2,118,logits,1787650166238818474,1787650166272469218,33.650103999999999,2,2,2,,0
Node1,Cloud-RCS-FP16-Opt-v2,round_01_position_2_Cloud-RCS-FP16-Opt-v2,119,logits,1787650166272469468,1787650166305072561,32.602711999999997,2,2,2,,0
Node1,Cloud-RCS-FP16-Opt-v2,round_01_position_2_Cloud-RCS-FP16-Opt-v2,120,logits,1787650166305072941,1787650166339398825,34.325493999999999,2,2,2,,0
Node1,Cloud-RCS-FP16-Opt-v2,round_01_position_2_Cloud-RCS-FP16-Opt-v2,121,logits,1787650166339399185,1787650166383879688,44.479953000000002,2,2,2,,0
Node1,Cloud-RCS-FP16-Opt-v2,round_01_position_2_Cloud-RCS-FP16-Opt-v2,122,logits,1787650166383879958,1787650166423157800,39.277411999999998,2,2,2,,0
Node1,Cloud-RCS-FP16-Opt-v2,round_01_position_2_Cloud-RCS-FP16-Opt-v2,123,logits,1787650166423158170,1787650166456247721,33.089120999999999,2,2,2,,0
Node1,Cloud-RCS-FP16-Opt-v2,round_01_position_2_Cloud-RCS-FP16-Opt-v2,124,logits,1787650166456248091,1787650166489753447,33.504885999999999,2,2,2,,0
Node1,Cloud-RCS-FP16-Opt-v2,round_01_position_2_Cloud-RCS-FP16-Opt-v2,125,logits,1787650166489753687,1787650166522065661,32.311424000000002,2,2,2,,0
Node1,Cloud-RCS-FP16-Opt-v2,round_01_position_2_Cloud-RCS-FP16-Opt-v2,126,logits,1787650166522066081,1787650166554134662,32.067911000000002,2,2,2,,0
Node1,Cloud-RCS-FP16-Opt-v2,round_01_position_2_Cloud-RCS-FP16-Opt-v2,127,logits,1787650166554135052,1787650166586673369,32.537756999999999,2,2,2,,0
Node1,Cloud-RCS-FP16-Opt-v2,round_01_position_2_Cloud-RCS-FP16-Opt-v2,128,logits,1787650166586673789,1787650166618923030,32.248700999999997,2,2,2,,0
Node1,Cloud-RCS-FP16-Opt-v2,round_01_position_2_Cloud-RCS-FP16-Opt-v2,129,logits,1787650166618923400,1787650166650264606,31.340755999999999,2,2,2,,0
Node1,Cloud-RCS-FP16-Opt-v2,round_01_position_2_Cloud-RCS-FP16-Opt-v2,130,logits,1787650166650264966,1787650166682177507,31.912130999999999,2,2,2,,0
Node1,Cloud-RCS-FP16-Opt-v2,round_01_position_2_Cloud-RCS-FP16-Opt-v2,131,logits,1787650166682177877,1787650166713821902,31.643474999999999,2,2,2,,0
Node1,Cloud-RCS-FP16-Opt-v2,round_01_position_2_Cloud-RCS-FP16-Opt-v2,132,logits,1787650166713822522,1787650166746012199,32.189047000000002,2,2,2,,0
Node1,Cloud-RCS-FP16-Opt-v2,round_01_position_2_Cloud-RCS-FP16-Opt-v2,133,logits,1787650166746012549,1787650166778720117,32.707177999999999,2,2,2,,0
Node1,Cloud-RCS-FP16-Opt-v2,round_01_position_2_Cloud-RCS-FP16-Opt-v2,134,logits,1787650166778720737,1787650166810115086,31.393809000000001,2,2,2,,0
Node1,Cloud-RCS-FP16-Opt-v2,round_01_position_2_Cloud-RCS-FP16-Opt-v2,135,logits,1787650166810115456,1787650166841933922,31.817516000000001,2,2,2,,0
Node1,Cloud-RCS-FP16-Opt-v2,round_01_position_2_Cloud-RCS-FP16-Opt-v2,136,logits,1787650166841934292,1787650166874704823,32.770010999999997,2,2,2,,0
Node1,Cloud-RCS-FP16-Opt-v2,round_01_position_2_Cloud-RCS-FP16-Opt-v2,137,logits,1787650166874705273,1787650166907181988,32.476275000000001,2,2,2,,0
Node1,Cloud-RCS-FP16-Opt-v2,round_01_position_2_Cloud-RCS-FP16-Opt-v2,138,logits,1787650166907182498,1787650166940490632,33.307574000000002,2,2,2,,0
Node1,Cloud-RCS-FP16-Opt-v2,round_01_position_2_Cloud-RCS-FP16-Opt-v2,139,logits,1787650166940491002,1787650166974553891,34.062359000000001,2,2,2,,0
Node1,Cloud-RCS-FP16-Opt-v2,round_01_position_2_Cloud-RCS-FP16-Opt-v2,140,logits,1787650166974554571,1787650167008060407,33.505436000000003,2,2,2,,0
Node1,Cloud-RCS-FP16-Opt-v2,round_01_position_2_Cloud-RCS-FP16-Opt-v2,141,logits,1787650167008061087,1787650167042915814,34.854187000000003,2,2,2,,0
Node1,Cloud-RCS-FP16-Opt-v2,round_01_position_2_Cloud-RCS-FP16-Opt-v2,142,logits,1787650167042916594,1787650167077769661,34.852516999999999,2,2,2,,0
Node1,Cloud-RCS-FP16-Opt-v2,round_01_position_2_Cloud-RCS-FP16-Opt-v2,143,logits,1787650167077770061,1787650167117085696,39.315013999999998,2,2,2,,0
Node1,Cloud-RCS-FP16-Opt-v2,round_01_position_2_Cloud-RCS-FP16-Opt-v2,144,logits,1787650167117086066,1787650167152873608,35.786951999999999,2,2,2,,0
Node1,Cloud-RCS-FP16-Opt-v2,round_01_position_2_Cloud-RCS-FP16-Opt-v2,145,logits,1787650167152874008,1787650167188032934,35.158445999999998,2,2,2,,0
Node1,Cloud-RCS-FP16-Opt-v2,round_01_position_2_Cloud-RCS-FP16-Opt-v2,146,logits,1787650167188033314,1787650167224752492,36.718608000000003,2,2,2,,0
Node1,Cloud-RCS-FP16-Opt-v2,round_01_position_2_Cloud-RCS-FP16-Opt-v2,147,logits,1787650167224752942,1787650167259615600,34.862098000000003,2,2,2,,0
Node1,Cloud-RCS-FP16-Opt-v2,round_01_position_2_Cloud-RCS-FP16-Opt-v2,148,logits,1787650167259615980,1787650167290961937,31.345276999999999,2,2,2,,0
Node1,Cloud-RCS-FP16-Opt-v2,round_01_position_2_Cloud-RCS-FP16-Opt-v2,149,logits,1787650167290962317,1787650167322046288,31.083500999999998,2,2,2,,0
Node1,Cloud-RCS-FP16-Opt-v2,round_01_position_2_Cloud-RCS-FP16-Opt-v2,150,logits,1787650167322046668,1787650167352286979,30.239781000000001,2,2,2,,0
Node1,Cloud-RCS-FP16-Opt-v2,round_01_position_2_Cloud-RCS-FP16-Opt-v2,151,logits,1787650167352287379,1787650167384236262,31.948443000000001,2,2,2,,0
Node1,Cloud-RCS-FP16-Opt-v2,round_01_position_2_Cloud-RCS-FP16-Opt-v2,152,logits,1787650167384236632,1787650167415653843,31.416861000000001,2,2,2,,0
Node1,Cloud-RCS-FP16-Opt-v2,round_01_position_2_Cloud-RCS-FP16-Opt-v2,153,logits,1787650167415654223,1787650167446469828,30.815114999999999,2,2,2,,0
Node1,Cloud-RCS-FP16-Opt-v2,round_01_position_2_Cloud-RCS-FP16-Opt-v2,154,logits,1787650167446470108,1787650167480690647,34.219859,2,2,2,,0
Node1,Cloud-RCS-FP16-Opt-v2,round_01_position_2_Cloud-RCS-FP16-Opt-v2,155,logits,1787650167480691017,1787650167515152761,34.461174,2,2,2,,0
Node1,Cloud-RCS-FP16-Opt-v2,round_01_position_2_Cloud-RCS-FP16-Opt-v2,156,logits,1787650167515153261,1787650167549324677,34.170645999999998,2,2,2,,0
Node1,Cloud-RCS-FP16-Opt-v2,round_01_position_2_Cloud-RCS-FP16-Opt-v2,157,logits,1787650167549325027,1787650167583777760,34.452083000000002,2,2,2,,0
Node1,Cloud-RCS-FP16-Opt-v2,round_01_position_2_Cloud-RCS-FP16-Opt-v2,158,logits,1787650167583778140,1787650167618391162,34.612402000000003,2,2,2,,0
Node1,Cloud-RCS-FP16-Opt-v2,round_01_position_2_Cloud-RCS-FP16-Opt-v2,159,logits,1787650167618391562,1787650167652692046,34.299954,2,2,2,,0
Node1,Cloud-RCS-FP16-Opt-v2,round_01_position_2_Cloud-RCS-FP16-Opt-v2,160,logits,1787650167652692306,1787650167685922166,33.229289999999999,2,2,2,,0
Node1,Cloud-RCS-FP16-Opt-v2,round_01_position_2_Cloud-RCS-FP16-Opt-v2,161,logits,1787650167685922556,1787650167721191498,35.268231999999998,2,2,2,,0
Node1,Cloud-RCS-FP16-Opt-v2,round_01_position_2_Cloud-RCS-FP16-Opt-v2,162,logits,1787650167721192138,1787650167755931338,34.738660000000003,2,2,2,,0
Node1,Cloud-RCS-FP16-Opt-v2,round_01_position_2_Cloud-RCS-FP16-Opt-v2,163,logits,1787650167755931638,1787650167791083653,35.151395000000001,2,2,2,,0
Node1,Cloud-RCS-FP16-Opt-v2,round_01_position_2_Cloud-RCS-FP16-Opt-v2,164,logits,1787650167791084323,1787650167823746799,32.662075999999999,2,2,2,,0
Node1,Cloud-RCS-FP16-Opt-v2,round_01_position_2_Cloud-RCS-FP16-Opt-v2,165,logits,1787650167823747169,1787650167857564613,33.816904000000001,2,2,2,,0
Node1,Cloud-RCS-FP16-Opt-v2,round_01_position_2_Cloud-RCS-FP16-Opt-v2,166,logits,1787650167857564993,1787650167894125822,36.560229,2,2,2,,0
Node1,Cloud-RCS-FP16-Opt-v2,round_01_position_2_Cloud-RCS-FP16-Opt-v2,167,logits,1787650167894126172,1787650167928207753,34.08099,2,2,2,,0
Node1,Cloud-RCS-FP16-Opt-v2,round_01_position_2_Cloud-RCS-FP16-Opt-v2,168,logits,1787650167928208263,1787650167960693639,32.484816000000002,2,2,2,,0
Node1,Cloud-RCS-FP16-Opt-v2,round_01_position_2_Cloud-RCS-FP16-Opt-v2,169,logits,1787650167960694029,1787650167993439219,32.744610000000002,2,2,2,,0
Node1,Cloud-RCS-FP16-Opt-v2,round_01_position_2_Cloud-RCS-FP16-Opt-v2,170,logits,1787650167993439559,1787650168026413294,32.973185000000001,2,2,2,,0
Node1,Cloud-RCS-FP16-Opt-v2,round_01_position_2_Cloud-RCS-FP16-Opt-v2,171,logits,1787650168026413574,1787650168059227179,32.813004999999997,2,2,2,,0
Node1,Cloud-RCS-FP16-Opt-v2,round_01_position_2_Cloud-RCS-FP16-Opt-v2,172,logits,1787650168059227759,1787650168092440408,33.212119000000001,2,2,2,,0
Node1,Cloud-RCS-FP16-Opt-v2,round_01_position_2_Cloud-RCS-FP16-Opt-v2,173,logits,1787650168092440798,1787650168125256853,32.815595000000002,2,2,2,,0
Node1,Cloud-RCS-FP16-Opt-v2,round_01_position_2_Cloud-RCS-FP16-Opt-v2,174,logits,1787650168125257243,1787650168159411479,34.153446000000002,2,2,2,,0
Node1,Cloud-RCS-FP16-Opt-v2,round_01_position_2_Cloud-RCS-FP16-Opt-v2,175,logits,1787650168159411869,1787650168191385033,31.972614,2,2,2,,0
Node1,Cloud-RCS-FP16-Opt-v2,round_01_position_2_Cloud-RCS-FP16-Opt-v2,176,logits,1787650168191385503,1787650168224665376,33.279313000000002,2,2,2,,0
Node1,Cloud-RCS-FP16-Opt-v2,round_01_position_2_Cloud-RCS-FP16-Opt-v2,177,logits,1787650168224665656,1787650168260725106,36.058928999999999,2,2,2,,0
Node1,Cloud-RCS-FP16-Opt-v2,round_01_position_2_Cloud-RCS-FP16-Opt-v2,178,logits,1787650168260725826,1787650168294635977,33.909531000000001,2,2,2,,0
Node1,Cloud-RCS-FP16-Opt-v2,round_01_position_2_Cloud-RCS-FP16-Opt-v2,179,logits,1787650168294636387,1787650168332113691,37.476743999999997,2,2,2,,0
Node1,Cloud-RCS-FP16-Opt-v2,round_01_position_2_Cloud-RCS-FP16-Opt-v2,180,logits,1787650168332113981,1787650168367755166,35.640455000000003,2,2,2,,0
Node1,Cloud-RCS-FP16-Opt-v2,round_01_position_2_Cloud-RCS-FP16-Opt-v2,181,logits,1787650168367755686,1787650168402397170,34.640894000000003,2,2,2,,0
Node1,Cloud-RCS-FP16-Opt-v2,round_01_position_2_Cloud-RCS-FP16-Opt-v2,182,logits,1787650168402397430,1787650168438754937,36.356876999999997,2,2,2,,0
Node1,Cloud-RCS-FP16-Opt-v2,round_01_position_2_Cloud-RCS-FP16-Opt-v2,183,logits,1787650168438755367,1787650168473988767,35.232849999999999,2,2,2,,0
Node1,Cloud-RCS-FP16-Opt-v2,round_01_position_2_Cloud-RCS-FP16-Opt-v2,184,logits,1787650168473989137,1787650168512009514,38.019987,2,2,2,,0
Node1,Cloud-RCS-FP16-Opt-v2,round_01_position_2_Cloud-RCS-FP16-Opt-v2,185,logits,1787650168512009894,1787650168544642009,32.631525000000003,2,2,2,,0
Node1,Cloud-RCS-FP16-Opt-v2,round_01_position_2_Cloud-RCS-FP16-Opt-v2,186,logits,1787650168544642389,1787650168578383979,33.740450000000003,2,2,2,,0
Node1,Cloud-RCS-FP16-Opt-v2,round_01_position_2_Cloud-RCS-FP16-Opt-v2,187,logits,1787650168578384519,1787650168611989102,33.603993000000003,2,2,2,,0
Node1,Cloud-RCS-FP16-Opt-v2,round_01_position_2_Cloud-RCS-FP16-Opt-v2,188,logits,1787650168611989472,1787650168648743363,36.753481000000001,2,2,2,,0
Node1,Cloud-RCS-FP16-Opt-v2,round_01_position_2_Cloud-RCS-FP16-Opt-v2,189,logits,1787650168648743743,1787650168687830094,39.085890999999997,2,2,2,,0
Node1,Cloud-RCS-FP16-Opt-v2,round_01_position_2_Cloud-RCS-FP16-Opt-v2,190,logits,1787650168687830344,1787650168720510091,32.679327000000001,2,2,2,,0
Node1,Cloud-RCS-FP16-Opt-v2,round_01_position_2_Cloud-RCS-FP16-Opt-v2,191,logits,1787650168720510371,1787650168753218959,32.707577999999998,2,2,2,,0
Node1,Cloud-RCS-FP16-Opt-v2,round_01_position_2_Cloud-RCS-FP16-Opt-v2,192,logits,1787650168753219249,1787650168784792610,31.572770999999999,2,2,2,,0
Node1,Cloud-RCS-FP16-Opt-v2,round_01_position_2_Cloud-RCS-FP16-Opt-v2,193,logits,1787650168784792970,1787650168816842170,32.048630000000003,2,2,2,,0
Node1,Cloud-RCS-FP16-Opt-v2,round_01_position_2_Cloud-RCS-FP16-Opt-v2,194,logits,1787650168816842600,1787650168849801444,32.958323999999998,2,2,2,,0
Node1,Cloud-RCS-FP16-Opt-v2,round_01_position_2_Cloud-RCS-FP16-Opt-v2,195,logits,1787650168849801864,1787650168882066106,32.263652,2,2,2,,0
Node1,Cloud-RCS-FP16-Opt-v2,round_01_position_2_Cloud-RCS-FP16-Opt-v2,196,logits,1787650168882066506,1787650168914403712,32.336785999999996,2,2,2,,0
Node1,Cloud-RCS-FP16-Opt-v2,round_01_position_2_Cloud-RCS-FP16-Opt-v2,197,logits,1787650168914404092,1787650168947175965,32.771483000000003,2,2,2,,0
Node1,Cloud-RCS-FP16-Opt-v2,round_01_position_2_Cloud-RCS-FP16-Opt-v2,198,logits,1787650168947176375,1787650168979705723,32.528928000000001,2,2,2,,0
Node1,Cloud-RCS-FP16-Opt-v2,round_01_position_2_Cloud-RCS-FP16-Opt-v2,199,logits,1787650168979706103,1787650169011490586,31.784053,2,2,2,,0
Node1,Cloud-RCS-MP-Task-v2,round_01_position_3_Cloud-RCS-MP-Task-v2,0,logits,1787650195283657486,1787650195314276996,30.619060000000001,2,2,2,,0
Node1,Cloud-RCS-MP-Task-v2,round_01_position_3_Cloud-RCS-MP-Task-v2,1,logits,1787650195314277496,1787650195344840854,30.563078000000001,2,2,2,,0
Node1,Cloud-RCS-MP-Task-v2,round_01_position_3_Cloud-RCS-MP-Task-v2,2,logits,1787650195344841364,1787650195375027608,30.185834,2,2,2,,0
Node1,Cloud-RCS-MP-Task-v2,round_01_position_3_Cloud-RCS-MP-Task-v2,3,logits,1787650195375028119,1787650195405184451,30.155932,2,2,2,,0
Node1,Cloud-RCS-MP-Task-v2,round_01_position_3_Cloud-RCS-MP-Task-v2,4,logits,1787650195405184971,1787650195434628092,29.442710000000002,2,2,2,,0
Node1,Cloud-RCS-MP-Task-v2,round_01_position_3_Cloud-RCS-MP-Task-v2,5,logits,1787650195434628612,1787650195466428333,31.799201,2,2,2,,0
Node1,Cloud-RCS-MP-Task-v2,round_01_position_3_Cloud-RCS-MP-Task-v2,6,logits,1787650195466428843,1787650195497118298,30.688714999999998,2,2,2,,0
Node1,Cloud-RCS-MP-Task-v2,round_01_position_3_Cloud-RCS-MP-Task-v2,7,logits,1787650195497118808,1787650195528313534,31.194175999999999,2,2,2,,0
Node1,Cloud-RCS-MP-Task-v2,round_01_position_3_Cloud-RCS-MP-Task-v2,8,logits,1787650195528314064,1787650195559586514,31.271889999999999,2,2,2,,0
Node1,Cloud-RCS-MP-Task-v2,round_01_position_3_Cloud-RCS-MP-Task-v2,9,logits,1787650195559587024,1787650195591039945,31.45242,2,2,2,,0
Node1,Cloud-RCS-MP-Task-v2,round_01_position_3_Cloud-RCS-MP-Task-v2,10,logits,1787650195591040485,1787650195621995435,30.954540000000001,2,2,2,,0
Node1,Cloud-RCS-MP-Task-v2,round_01_position_3_Cloud-RCS-MP-Task-v2,11,logits,1787650195621995945,1787650195652075283,30.078938000000001,2,2,2,,0
Node1,Cloud-RCS-MP-Task-v2,round_01_position_3_Cloud-RCS-MP-Task-v2,12,logits,1787650195652075793,1787650195682569647,30.493463999999999,2,2,2,,0
Node1,Cloud-RCS-MP-Task-v2,round_01_position_3_Cloud-RCS-MP-Task-v2,13,logits,1787650195682570157,1787650195712797294,30.226737,2,2,2,,0
Node1,Cloud-RCS-MP-Task-v2,round_01_position_3_Cloud-RCS-MP-Task-v2,14,logits,1787650195712797804,1787650195742681280,29.883206000000001,2,2,2,,0
Node1,Cloud-RCS-MP-Task-v2,round_01_position_3_Cloud-RCS-MP-Task-v2,15,logits,1787650195742681791,1787650195772683594,30.001412999999999,2,2,2,,0
Node1,Cloud-RCS-MP-Task-v2,round_01_position_3_Cloud-RCS-MP-Task-v2,16,logits,1787650195772684104,1787650195802628554,29.94417,2,2,2,,0
Node1,Cloud-RCS-MP-Task-v2,round_01_position_3_Cloud-RCS-MP-Task-v2,17,logits,1787650195802629064,1787650195833134698,30.505213999999999,2,2,2,,0
Node1,Cloud-RCS-MP-Task-v2,round_01_position_3_Cloud-RCS-MP-Task-v2,18,logits,1787650195833135218,1787650195864120931,30.985292999999999,2,2,2,,0
Node1,Cloud-RCS-MP-Task-v2,round_01_position_3_Cloud-RCS-MP-Task-v2,19,logits,1787650195864121451,1787650195895776714,31.654872999999998,2,2,2,,0
Node1,Cloud-RCS-MP-Task-v2,round_01_position_3_Cloud-RCS-MP-Task-v2,20,logits,1787650195895777224,1787650195930189893,34.412269000000002,2,2,2,,0
Node1,Cloud-RCS-MP-Task-v2,round_01_position_3_Cloud-RCS-MP-Task-v2,21,logits,1787650195930190393,1787650195965023947,34.833154,2,2,2,,0
Node1,Cloud-RCS-MP-Task-v2,round_01_position_3_Cloud-RCS-MP-Task-v2,22,logits,1787650195965024447,1787650195996825899,31.800972000000002,2,2,2,,0
Node1,Cloud-RCS-MP-Task-v2,round_01_position_3_Cloud-RCS-MP-Task-v2,23,logits,1787650195996826399,1787650196028204756,31.377946999999999,2,2,2,,0
Node1,Cloud-RCS-MP-Task-v2,round_01_position_3_Cloud-RCS-MP-Task-v2,24,logits,1787650196028205276,1787650196059611914,31.406358000000001,2,2,2,,0
Node1,Cloud-RCS-MP-Task-v2,round_01_position_3_Cloud-RCS-MP-Task-v2,25,logits,1787650196059612454,1787650196091098367,31.485523000000001,2,2,2,,0
Node1,Cloud-RCS-MP-Task-v2,round_01_position_3_Cloud-RCS-MP-Task-v2,26,logits,1787650196091098867,1787650196121873328,30.774041,2,2,2,,0
Node1,Cloud-RCS-MP-Task-v2,round_01_position_3_Cloud-RCS-MP-Task-v2,27,logits,1787650196121873848,1787650196152949606,31.075337999999999,2,2,2,,0
Node1,Cloud-RCS-MP-Task-v2,round_01_position_3_Cloud-RCS-MP-Task-v2,28,logits,1787650196152950126,1787650196185012993,32.062587000000001,2,2,2,,0
Node1,Cloud-RCS-MP-Task-v2,round_01_position_3_Cloud-RCS-MP-Task-v2,29,logits,1787650196185013493,1787650196217743892,32.729989000000003,2,2,2,,0
Node1,Cloud-RCS-MP-Task-v2,round_01_position_3_Cloud-RCS-MP-Task-v2,30,logits,1787650196217744292,1787650196255124689,37.379947000000001,2,2,2,,0
Node1,Cloud-RCS-MP-Task-v2,round_01_position_3_Cloud-RCS-MP-Task-v2,31,logits,1787650196255125219,1787650196290587441,35.461812000000002,2,2,2,,0
Node1,Cloud-RCS-MP-Task-v2,round_01_position_3_Cloud-RCS-MP-Task-v2,32,logits,1787650196290588071,1787650196325223834,34.635353000000002,2,2,2,,0
Node1,Cloud-RCS-MP-Task-v2,round_01_position_3_Cloud-RCS-MP-Task-v2,33,logits,1787650196325224374,1787650196358904459,33.679555000000001,2,2,2,,0
Node1,Cloud-RCS-MP-Task-v2,round_01_position_3_Cloud-RCS-MP-Task-v2,34,logits,1787650196358904879,1787650196392954826,34.049346999999997,2,2,2,,0
Node1,Cloud-RCS-MP-Task-v2,round_01_position_3_Cloud-RCS-MP-Task-v2,35,logits,1787650196392955486,1787650196426728927,33.772871000000002,2,2,2,,0
Node1,Cloud-RCS-MP-Task-v2,round_01_position_3_Cloud-RCS-MP-Task-v2,36,logits,1787650196426729427,1787650196461289625,34.559798000000001,2,2,2,,0
Node1,Cloud-RCS-MP-Task-v2,round_01_position_3_Cloud-RCS-MP-Task-v2,37,logits,1787650196461290155,1787650196494111058,32.820422999999998,2,2,2,,0
Node1,Cloud-RCS-MP-Task-v2,round_01_position_3_Cloud-RCS-MP-Task-v2,38,logits,1787650196494111578,1787650196526857997,32.746018999999997,2,2,2,,0
Node1,Cloud-RCS-MP-Task-v2,round_01_position_3_Cloud-RCS-MP-Task-v2,39,logits,1787650196526858507,1787650196558276706,31.417798999999999,2,2,2,,0
Node1,Cloud-RCS-MP-Task-v2,round_01_position_3_Cloud-RCS-MP-Task-v2,40,logits,1787650196558277206,1787650196588973122,30.695646,2,2,2,,0
Node1,Cloud-RCS-MP-Task-v2,round_01_position_3_Cloud-RCS-MP-Task-v2,41,logits,1787650196588973502,1787650196618909612,29.935849999999999,2,2,2,,0
Node1,Cloud-RCS-MP-Task-v2,round_01_position_3_Cloud-RCS-MP-Task-v2,42,logits,1787650196618910392,1787650196651339272,32.428489999999996,2,2,2,,0
Node1,Cloud-RCS-MP-Task-v2,round_01_position_3_Cloud-RCS-MP-Task-v2,43,logits,1787650196651339972,1787650196682263881,30.923169000000001,2,2,2,,0
Node1,Cloud-RCS-MP-Task-v2,round_01_position_3_Cloud-RCS-MP-Task-v2,44,logits,1787650196682264261,1787650196713760694,31.495902999999998,2,2,2,,0
Node1,Cloud-RCS-MP-Task-v2,round_01_position_3_Cloud-RCS-MP-Task-v2,45,logits,1787650196713761214,1787650196743943500,30.182026,2,2,2,,0
Node1,Cloud-RCS-MP-Task-v2,round_01_position_3_Cloud-RCS-MP-Task-v2,46,logits,1787650196743944040,1787650196774651376,30.707066000000001,2,2,2,,0
Node1,Cloud-RCS-MP-Task-v2,round_01_position_3_Cloud-RCS-MP-Task-v2,47,logits,1787650196774651886,1787650196805024102,30.371956000000001,2,2,2,,0
Node1,Cloud-RCS-MP-Task-v2,round_01_position_3_Cloud-RCS-MP-Task-v2,48,logits,1787650196805024612,1787650196835408619,30.383597000000002,2,2,2,,0
Node1,Cloud-RCS-MP-Task-v2,round_01_position_3_Cloud-RCS-MP-Task-v2,49,logits,1787650196835409419,1787650196865919553,30.509744000000001,2,2,2,,0
Node1,Cloud-RCS-MP-Task-v2,round_01_position_3_Cloud-RCS-MP-Task-v2,50,logits,1787650196865920303,1787650196895866944,29.946380999999999,2,2,2,,0
Node1,Cloud-RCS-MP-Task-v2,round_01_position_3_Cloud-RCS-MP-Task-v2,51,logits,1787650196895867454,1787650196926321245,30.453330999999999,2,2,2,,0
Node1,Cloud-RCS-MP-Task-v2,round_01_position_3_Cloud-RCS-MP-Task-v2,52,logits,1787650196926321765,1787650196963124248,36.802062999999997,2,2,2,,0
Node1,Cloud-RCS-MP-Task-v2,round_01_position_3_Cloud-RCS-MP-Task-v2,53,logits,1787650196963124808,1787650196997588520,34.463172,2,2,2,,0
Node1,Cloud-RCS-MP-Task-v2,round_01_position_3_Cloud-RCS-MP-Task-v2,54,logits,1787650196997589360,1787650197030395772,32.806122000000002,2,2,2,,0
Node1,Cloud-RCS-MP-Task-v2,round_01_position_3_Cloud-RCS-MP-Task-v2,55,logits,1787650197030396303,1787650197062326843,31.930260000000001,2,2,2,,0
Node1,Cloud-RCS-MP-Task-v2,round_01_position_3_Cloud-RCS-MP-Task-v2,56,logits,1787650197062327423,1787650197093765603,31.437760000000001,2,2,2,,0
Node1,Cloud-RCS-MP-Task-v2,round_01_position_3_Cloud-RCS-MP-Task-v2,57,logits,1787650197093766113,1787650197124272058,30.505424999999999,2,2,2,,0
Node1,Cloud-RCS-MP-Task-v2,round_01_position_3_Cloud-RCS-MP-Task-v2,58,logits,1787650197124272578,1787650197155309034,31.036066000000002,2,2,2,,0
Node1,Cloud-RCS-MP-Task-v2,round_01_position_3_Cloud-RCS-MP-Task-v2,59,logits,1787650197155309554,1787650197185373322,30.063378,2,2,2,,0
Node1,Cloud-RCS-MP-Task-v2,round_01_position_3_Cloud-RCS-MP-Task-v2,60,logits,1787650197185373852,1787650197218888317,33.514015000000001,2,2,2,,0
Node1,Cloud-RCS-MP-Task-v2,round_01_position_3_Cloud-RCS-MP-Task-v2,61,logits,1787650197218888837,1787650197253147028,34.257911,2,2,2,,0
Node1,Cloud-RCS-MP-Task-v2,round_01_position_3_Cloud-RCS-MP-Task-v2,62,logits,1787650197253147548,1787650197287381106,34.232807999999999,2,2,2,,0
Node1,Cloud-RCS-MP-Task-v2,round_01_position_3_Cloud-RCS-MP-Task-v2,63,logits,1787650197287381646,1787650197323429614,36.047547999999999,2,2,2,,0
Node1,Cloud-RCS-MP-Task-v2,round_01_position_3_Cloud-RCS-MP-Task-v2,64,logits,1787650197323430454,1787650197360244068,36.813113999999999,2,2,2,,0
Node1,Cloud-RCS-MP-Task-v2,round_01_position_3_Cloud-RCS-MP-Task-v2,65,logits,1787650197360244648,1787650197394456245,34.211167000000003,2,2,2,,0
Node1,Cloud-RCS-MP-Task-v2,round_01_position_3_Cloud-RCS-MP-Task-v2,66,logits,1787650197394456765,1787650197432287389,37.830123999999998,2,2,2,,0
Node1,Cloud-RCS-MP-Task-v2,round_01_position_3_Cloud-RCS-MP-Task-v2,67,logits,1787650197432287929,1787650197469552350,37.263970999999998,2,2,2,,0
Node1,Cloud-RCS-MP-Task-v2,round_01_position_3_Cloud-RCS-MP-Task-v2,68,logits,1787650197469552880,1787650197504839423,35.286133,2,2,2,,0
Node1,Cloud-RCS-MP-Task-v2,round_01_position_3_Cloud-RCS-MP-Task-v2,69,logits,1787650197504840023,1787650197540520598,35.680174999999998,2,2,2,,0
Node1,Cloud-RCS-MP-Task-v2,round_01_position_3_Cloud-RCS-MP-Task-v2,70,logits,1787650197540521118,1787650197575215434,34.693905999999998,2,2,2,,0
Node1,Cloud-RCS-MP-Task-v2,round_01_position_3_Cloud-RCS-MP-Task-v2,71,logits,1787650197575215994,1787650197610478035,35.261640999999997,2,2,2,,0
Node1,Cloud-RCS-MP-Task-v2,round_01_position_3_Cloud-RCS-MP-Task-v2,72,logits,1787650197610478705,1787650197642354662,31.875586999999999,2,2,2,,0
Node1,Cloud-RCS-MP-Task-v2,round_01_position_3_Cloud-RCS-MP-Task-v2,73,logits,1787650197642355192,1787650197676623043,34.267111,2,2,2,,0
Node1,Cloud-RCS-MP-Task-v2,round_01_position_3_Cloud-RCS-MP-Task-v2,74,logits,1787650197676623553,1787650197709758425,33.134472000000002,2,2,2,,0
Node1,Cloud-RCS-MP-Task-v2,round_01_position_3_Cloud-RCS-MP-Task-v2,75,logits,1787650197709758945,1787650197744510465,34.751089999999998,2,2,2,,0
Node1,Cloud-RCS-MP-Task-v2,round_01_position_3_Cloud-RCS-MP-Task-v2,76,logits,1787650197744510865,1787650197794462849,49.951273999999998,2,2,2,,0
Node1,Cloud-RCS-MP-Task-v2,round_01_position_3_Cloud-RCS-MP-Task-v2,77,logits,1787650197794463359,1787650197828528087,34.064028,2,2,2,,0
Node1,Cloud-RCS-MP-Task-v2,round_01_position_3_Cloud-RCS-MP-Task-v2,78,logits,1787650197828528597,1787650197861712252,33.183255000000003,2,2,2,,0
Node1,Cloud-RCS-MP-Task-v2,round_01_position_3_Cloud-RCS-MP-Task-v2,79,logits,1787650197861712772,1787650197895041987,33.328814999999999,2,2,2,,0
Node1,Cloud-RCS-MP-Task-v2,round_01_position_3_Cloud-RCS-MP-Task-v2,80,logits,1787650197895042507,1787650197928264834,33.222047000000003,2,2,2,,0
Node1,Cloud-RCS-MP-Task-v2,round_01_position_3_Cloud-RCS-MP-Task-v2,81,logits,1787650197928265455,1787650197960531485,32.265630000000002,2,2,2,,0
Node1,Cloud-RCS-MP-Task-v2,round_01_position_3_Cloud-RCS-MP-Task-v2,82,logits,1787650197960531985,1787650197992320907,31.788322000000001,2,2,2,,0
Node1,Cloud-RCS-MP-Task-v2,round_01_position_3_Cloud-RCS-MP-Task-v2,83,logits,1787650197992321467,1787650198025255948,32.934100999999998,2,2,2,,0
Node1,Cloud-RCS-MP-Task-v2,round_01_position_3_Cloud-RCS-MP-Task-v2,84,logits,1787650198025256488,1787650198057672737,32.415759000000001,2,2,2,,0
Node1,Cloud-RCS-MP-Task-v2,round_01_position_3_Cloud-RCS-MP-Task-v2,85,logits,1787650198057673557,1787650198090756417,33.082450000000001,2,2,2,,0
Node1,Cloud-RCS-MP-Task-v2,round_01_position_3_Cloud-RCS-MP-Task-v2,86,logits,1787650198090756947,1787650198123486175,32.728928000000003,2,2,2,,0
Node1,Cloud-RCS-MP-Task-v2,round_01_position_3_Cloud-RCS-MP-Task-v2,87,logits,1787650198123486675,1787650198157566355,34.079219999999999,2,2,2,,0
Node1,Cloud-RCS-MP-Task-v2,round_01_position_3_Cloud-RCS-MP-Task-v2,88,logits,1787650198157566905,1787650198190769832,33.202106999999998,2,2,2,,0
Node1,Cloud-RCS-MP-Task-v2,round_01_position_3_Cloud-RCS-MP-Task-v2,89,logits,1787650198190770382,1787650198222357272,31.586390000000002,2,2,2,,0
Node1,Cloud-RCS-MP-Task-v2,round_01_position_3_Cloud-RCS-MP-Task-v2,90,logits,1787650198222357802,1787650198255633293,33.275010999999999,2,2,2,,0
Node1,Cloud-RCS-MP-Task-v2,round_01_position_3_Cloud-RCS-MP-Task-v2,91,logits,1787650198255633703,1787650198290579934,34.945780999999997,2,2,2,,0
Node1,Cloud-RCS-MP-Task-v2,round_01_position_3_Cloud-RCS-MP-Task-v2,92,logits,1787650198290580494,1787650198324837805,34.256900999999999,2,2,2,,0
Node1,Cloud-RCS-MP-Task-v2,round_01_position_3_Cloud-RCS-MP-Task-v2,93,logits,1787650198324838195,1787650198358637388,33.798793000000003,2,2,2,,0
Node1,Cloud-RCS-MP-Task-v2,round_01_position_3_Cloud-RCS-MP-Task-v2,94,logits,1787650198358637888,1787650198394039087,35.400779,2,2,2,,0
Node1,Cloud-RCS-MP-Task-v2,round_01_position_3_Cloud-RCS-MP-Task-v2,95,logits,1787650198394039637,1787650198428875382,34.835335000000001,2,2,2,,0
Node1,Cloud-RCS-MP-Task-v2,round_01_position_3_Cloud-RCS-MP-Task-v2,96,logits,1787650198428875932,1787650198464456252,35.57985,2,2,2,,0
Node1,Cloud-RCS-MP-Task-v2,round_01_position_3_Cloud-RCS-MP-Task-v2,97,logits,1787650198464456762,1787650198497595455,33.138272999999998,2,2,2,,0
Node1,Cloud-RCS-MP-Task-v2,round_01_position_3_Cloud-RCS-MP-Task-v2,98,logits,1787650198497595995,1787650198537270581,39.673865999999997,2,2,2,,0
Node1,Cloud-RCS-MP-Task-v2,round_01_position_3_Cloud-RCS-MP-Task-v2,99,logits,1787650198537271111,1787650198574146999,36.875478000000001,2,2,2,,0
Node1,Cloud-RCS-MP-Task-v2,round_01_position_3_Cloud-RCS-MP-Task-v2,100,logits,1787650198574147539,1787650198609573510,35.425700999999997,2,2,2,,0
Node1,Cloud-RCS-MP-Task-v2,round_01_position_3_Cloud-RCS-MP-Task-v2,101,logits,1787650198609574060,1787650198642435566,32.861086,2,2,2,,0
Node1,Cloud-RCS-MP-Task-v2,round_01_position_3_Cloud-RCS-MP-Task-v2,102,logits,1787650198642436096,1787650198678941091,36.504595000000002,2,2,2,,0
Node1,Cloud-RCS-MP-Task-v2,round_01_position_3_Cloud-RCS-MP-Task-v2,103,logits,1787650198678941491,1787650198714333850,35.392059000000003,2,2,2,,0
Node1,Cloud-RCS-MP-Task-v2,round_01_position_3_Cloud-RCS-MP-Task-v2,104,logits,1787650198714334400,1787650198749845636,35.510666000000001,2,2,2,,0
Node1,Cloud-RCS-MP-Task-v2,round_01_position_3_Cloud-RCS-MP-Task-v2,105,logits,1787650198749846156,1787650198786178241,36.331524999999999,2,2,2,,0
Node1,Cloud-RCS-MP-Task-v2,round_01_position_3_Cloud-RCS-MP-Task-v2,106,logits,1787650198786178641,1787650198820552868,34.373736999999998,2,2,2,,0
Node1,Cloud-RCS-MP-Task-v2,round_01_position_3_Cloud-RCS-MP-Task-v2,107,logits,1787650198820553388,1787650198854526341,33.972532999999999,2,2,2,,0
Node1,Cloud-RCS-MP-Task-v2,round_01_position_3_Cloud-RCS-MP-Task-v2,108,logits,1787650198854526851,1787650198889194047,34.666935000000002,2,2,2,,0
Node1,Cloud-RCS-MP-Task-v2,round_01_position_3_Cloud-RCS-MP-Task-v2,109,logits,1787650198889194567,1787650198922350830,33.155862999999997,2,2,2,,0
Node1,Cloud-RCS-MP-Task-v2,round_01_position_3_Cloud-RCS-MP-Task-v2,110,logits,1787650198922351361,1787650198956033336,33.681505000000001,2,2,2,,0
Node1,Cloud-RCS-MP-Task-v2,round_01_position_3_Cloud-RCS-MP-Task-v2,111,logits,1787650198956033926,1787650198990610965,34.576628999999997,2,2,2,,0
Node1,Cloud-RCS-MP-Task-v2,round_01_position_3_Cloud-RCS-MP-Task-v2,112,logits,1787650198990611475,1787650199025490074,34.878059,2,2,2,,0
Node1,Cloud-RCS-MP-Task-v2,round_01_position_3_Cloud-RCS-MP-Task-v2,113,logits,1787650199025490494,1787650199060639848,35.148674,2,2,2,,0
Node1,Cloud-RCS-MP-Task-v2,round_01_position_3_Cloud-RCS-MP-Task-v2,114,logits,1787650199060640308,1787650199095929800,35.288781999999998,2,2,2,,0
Node1,Cloud-RCS-MP-Task-v2,round_01_position_3_Cloud-RCS-MP-Task-v2,115,logits,1787650199095930320,1787650199130787507,34.856786999999997,2,2,2,,0
Node1,Cloud-RCS-MP-Task-v2,round_01_position_3_Cloud-RCS-MP-Task-v2,116,logits,1787650199130788037,1787650199165921551,35.133104000000003,2,2,2,,0
Node1,Cloud-RCS-MP-Task-v2,round_01_position_3_Cloud-RCS-MP-Task-v2,117,logits,1787650199165922271,1787650199200708953,34.786091999999996,2,2,2,,0
Node1,Cloud-RCS-MP-Task-v2,round_01_position_3_Cloud-RCS-MP-Task-v2,118,logits,1787650199200709503,1787650199237853457,37.143414,2,2,2,,0
Node1,Cloud-RCS-MP-Task-v2,round_01_position_3_Cloud-RCS-MP-Task-v2,119,logits,1787650199237854007,1787650199270859222,33.004804999999998,2,2,2,,0
Node1,Cloud-RCS-MP-Task-v2,round_01_position_3_Cloud-RCS-MP-Task-v2,120,logits,1787650199270859742,1787650199303918191,33.057988999999999,2,2,2,,0
Node1,Cloud-RCS-MP-Task-v2,round_01_position_3_Cloud-RCS-MP-Task-v2,121,logits,1787650199303918701,1787650199336579655,32.660524000000002,2,2,2,,0
Node1,Cloud-RCS-MP-Task-v2,round_01_position_3_Cloud-RCS-MP-Task-v2,122,logits,1787650199336580165,1787650199369267152,32.686487,2,2,2,,0
Node1,Cloud-RCS-MP-Task-v2,round_01_position_3_Cloud-RCS-MP-Task-v2,123,logits,1787650199369267702,1787650199403734825,34.466692999999999,2,2,2,,0
Node1,Cloud-RCS-MP-Task-v2,round_01_position_3_Cloud-RCS-MP-Task-v2,124,logits,1787650199403735345,1787650199435084841,31.348986,2,2,2,,0
Node1,Cloud-RCS-MP-Task-v2,round_01_position_3_Cloud-RCS-MP-Task-v2,125,logits,1787650199435085581,1787650199467869643,32.783571999999999,2,2,2,,0
Node1,Cloud-RCS-MP-Task-v2,round_01_position_3_Cloud-RCS-MP-Task-v2,126,logits,1787650199467870213,1787650199500299053,32.428289999999997,2,2,2,,0
Node1,Cloud-RCS-MP-Task-v2,round_01_position_3_Cloud-RCS-MP-Task-v2,127,logits,1787650199500299623,1787650199531747215,31.447112000000001,2,2,2,,0
Node1,Cloud-RCS-MP-Task-v2,round_01_position_3_Cloud-RCS-MP-Task-v2,128,logits,1787650199531747735,1787650199564465793,32.717598000000002,2,2,2,,0
Node1,Cloud-RCS-MP-Task-v2,round_01_position_3_Cloud-RCS-MP-Task-v2,129,logits,1787650199564466323,1787650199595825409,31.358665999999999,2,2,2,,0
Node1,Cloud-RCS-MP-Task-v2,round_01_position_3_Cloud-RCS-MP-Task-v2,130,logits,1787650199595825949,1787650199627724508,31.898168999999999,2,2,2,,0
Node1,Cloud-RCS-MP-Task-v2,round_01_position_3_Cloud-RCS-MP-Task-v2,131,logits,1787650199627725008,1787650199659444286,31.718838000000002,2,2,2,,0
Node1,Cloud-RCS-MP-Task-v2,round_01_position_3_Cloud-RCS-MP-Task-v2,132,logits,1787650199659444786,1787650199691311303,31.866077000000001,2,2,2,,0
Node1,Cloud-RCS-MP-Task-v2,round_01_position_3_Cloud-RCS-MP-Task-v2,133,logits,1787650199691311883,1787650199723526990,32.214666999999999,2,2,2,,0
Node1,Cloud-RCS-MP-Task-v2,round_01_position_3_Cloud-RCS-MP-Task-v2,134,logits,1787650199723527510,1787650199755312982,31.784692,2,2,2,,0
Node1,Cloud-RCS-MP-Task-v2,round_01_position_3_Cloud-RCS-MP-Task-v2,135,logits,1787650199755313522,1787650199786560992,31.246929999999999,2,2,2,,0
Node1,Cloud-RCS-MP-Task-v2,round_01_position_3_Cloud-RCS-MP-Task-v2,136,logits,1787650199786561512,1787650199819256448,32.694555999999999,2,2,2,,0
Node1,Cloud-RCS-MP-Task-v2,round_01_position_3_Cloud-RCS-MP-Task-v2,137,logits,1787650199819256949,1787650199850427093,31.169684,2,2,2,,0
Node1,Cloud-RCS-MP-Task-v2,round_01_position_3_Cloud-RCS-MP-Task-v2,138,logits,1787650199850427643,1787650199883412638,32.984504999999999,2,2,2,,0
Node1,Cloud-RCS-MP-Task-v2,round_01_position_3_Cloud-RCS-MP-Task-v2,139,logits,1787650199883413138,1787650199914975076,31.561658000000001,2,2,2,,0
Node1,Cloud-RCS-MP-Task-v2,round_01_position_3_Cloud-RCS-MP-Task-v2,140,logits,1787650199914975616,1787650199948229126,33.25311,2,2,2,,0
Node1,Cloud-RCS-MP-Task-v2,round_01_position_3_Cloud-RCS-MP-Task-v2,141,logits,1787650199948229666,1787650199981327367,33.097281000000002,2,2,2,,0
Node1,Cloud-RCS-MP-Task-v2,round_01_position_3_Cloud-RCS-MP-Task-v2,142,logits,1787650199981327927,1787650200023255059,41.926631999999998,2,2,2,,0
Node1,Cloud-RCS-MP-Task-v2,round_01_position_3_Cloud-RCS-MP-Task-v2,143,logits,1787650200023255609,1787650200060886883,37.630834,2,2,2,,0
Node1,Cloud-RCS-MP-Task-v2,round_01_position_3_Cloud-RCS-MP-Task-v2,144,logits,1787650200060887423,1787650200094130933,33.243099999999998,2,2,2,,0
Node1,Cloud-RCS-MP-Task-v2,round_01_position_3_Cloud-RCS-MP-Task-v2,145,logits,1787650200094131443,1787650200127522912,33.391058999999998,2,2,2,,0
Node1,Cloud-RCS-MP-Task-v2,round_01_position_3_Cloud-RCS-MP-Task-v2,146,logits,1787650200127523422,1787650200158742250,31.218178000000002,2,2,2,,0
Node1,Cloud-RCS-MP-Task-v2,round_01_position_3_Cloud-RCS-MP-Task-v2,147,logits,1787650200158742760,1787650200189230394,30.487103999999999,2,2,2,,0
Node1,Cloud-RCS-MP-Task-v2,round_01_position_3_Cloud-RCS-MP-Task-v2,148,logits,1787650200189230914,1787650200219803143,30.571829000000001,2,2,2,,0
Node1,Cloud-RCS-MP-Task-v2,round_01_position_3_Cloud-RCS-MP-Task-v2,149,logits,1787650200219803653,1787650200249985009,30.180976000000001,2,2,2,,0
Node1,Cloud-RCS-MP-Task-v2,round_01_position_3_Cloud-RCS-MP-Task-v2,150,logits,1787650200249985519,1787650200280223678,30.237749000000001,2,2,2,,0
Node1,Cloud-RCS-MP-Task-v2,round_01_position_3_Cloud-RCS-MP-Task-v2,151,logits,1787650200280224198,1787650200310793127,30.568489,2,2,2,,0
Node1,Cloud-RCS-MP-Task-v2,round_01_position_3_Cloud-RCS-MP-Task-v2,152,logits,1787650200310793657,1787650200340857166,30.063117999999999,2,2,2,,0
Node1,Cloud-RCS-MP-Task-v2,round_01_position_3_Cloud-RCS-MP-Task-v2,153,logits,1787650200340857666,1787650200371715102,30.857005999999998,2,2,2,,0
Node1,Cloud-RCS-MP-Task-v2,round_01_position_3_Cloud-RCS-MP-Task-v2,154,logits,1787650200371715642,1787650200403228688,31.512646,2,2,2,,0
Node1,Cloud-RCS-MP-Task-v2,round_01_position_3_Cloud-RCS-MP-Task-v2,155,logits,1787650200403229228,1787650200433945025,30.715396999999999,2,2,2,,0
Node1,Cloud-RCS-MP-Task-v2,round_01_position_3_Cloud-RCS-MP-Task-v2,156,logits,1787650200433945545,1787650200464353525,30.40756,2,2,2,,0
Node1,Cloud-RCS-MP-Task-v2,round_01_position_3_Cloud-RCS-MP-Task-v2,157,logits,1787650200464354035,1787650200495516069,31.161534,2,2,2,,0
Node1,Cloud-RCS-MP-Task-v2,round_01_position_3_Cloud-RCS-MP-Task-v2,158,logits,1787650200495516589,1787650200527732438,32.215459000000003,2,2,2,,0
Node1,Cloud-RCS-MP-Task-v2,round_01_position_3_Cloud-RCS-MP-Task-v2,159,logits,1787650200527732968,1787650200559570013,31.836635000000001,2,2,2,,0
Node1,Cloud-RCS-MP-Task-v2,round_01_position_3_Cloud-RCS-MP-Task-v2,160,logits,1787650200559570593,1787650200592139262,32.568258999999998,2,2,2,,0
Node1,Cloud-RCS-MP-Task-v2,round_01_position_3_Cloud-RCS-MP-Task-v2,161,logits,1787650200592139792,1787650200623710182,31.569949999999999,2,2,2,,0
Node1,Cloud-RCS-MP-Task-v2,round_01_position_3_Cloud-RCS-MP-Task-v2,162,logits,1787650200623710682,1787650200655619661,31.908379,2,2,2,,0
Node1,Cloud-RCS-MP-Task-v2,round_01_position_3_Cloud-RCS-MP-Task-v2,163,logits,1787650200655620191,1787650200687147508,31.526786999999999,2,2,2,,0
Node1,Cloud-RCS-MP-Task-v2,round_01_position_3_Cloud-RCS-MP-Task-v2,164,logits,1787650200687148018,1787650200718014765,30.866337000000001,2,2,2,,0
Node1,Cloud-RCS-MP-Task-v2,round_01_position_3_Cloud-RCS-MP-Task-v2,165,logits,1787650200718015275,1787650200749335959,31.320074000000002,2,2,2,,0
Node1,Cloud-RCS-MP-Task-v2,round_01_position_3_Cloud-RCS-MP-Task-v2,166,logits,1787650200749336499,1787650200779794401,30.457481999999999,2,2,2,,0
Node1,Cloud-RCS-MP-Task-v2,round_01_position_3_Cloud-RCS-MP-Task-v2,167,logits,1787650200779794921,1787650200810209731,30.414400000000001,2,2,2,,0
Node1,Cloud-RCS-MP-Task-v2,round_01_position_3_Cloud-RCS-MP-Task-v2,168,logits,1787650200810210241,1787650200840871635,30.660983999999999,2,2,2,,0
Node1,Cloud-RCS-MP-Task-v2,round_01_position_3_Cloud-RCS-MP-Task-v2,169,logits,1787650200840872185,1787650200871852549,30.979944,2,2,2,,0
Node1,Cloud-RCS-MP-Task-v2,round_01_position_3_Cloud-RCS-MP-Task-v2,170,logits,1787650200871853049,1787650200903004953,31.151494,2,2,2,,0
Node1,Cloud-RCS-MP-Task-v2,round_01_position_3_Cloud-RCS-MP-Task-v2,171,logits,1787650200903005453,1787650200933107454,30.101741000000001,2,2,2,,0
Node1,Cloud-RCS-MP-Task-v2,round_01_position_3_Cloud-RCS-MP-Task-v2,172,logits,1787650200933107964,1787650200964010754,30.902349000000001,2,2,2,,0
Node1,Cloud-RCS-MP-Task-v2,round_01_position_3_Cloud-RCS-MP-Task-v2,173,logits,1787650200964011334,1787650200995163268,31.151554000000001,2,2,2,,0
Node1,Cloud-RCS-MP-Task-v2,round_01_position_3_Cloud-RCS-MP-Task-v2,174,logits,1787650200995163798,1787650201025224646,30.060458000000001,2,2,2,,0
Node1,Cloud-RCS-MP-Task-v2,round_01_position_3_Cloud-RCS-MP-Task-v2,175,logits,1787650201025225146,1787650201061663388,36.437832,2,2,2,,0
Node1,Cloud-RCS-MP-Task-v2,round_01_position_3_Cloud-RCS-MP-Task-v2,176,logits,1787650201061663929,1787650201092146962,30.482623,2,2,2,,0
Node1,Cloud-RCS-MP-Task-v2,round_01_position_3_Cloud-RCS-MP-Task-v2,177,logits,1787650201092147462,1787650201123220082,31.072220000000002,2,2,2,,0
Node1,Cloud-RCS-MP-Task-v2,round_01_position_3_Cloud-RCS-MP-Task-v2,178,logits,1787650201123220582,1787650201152903198,29.682196000000001,2,2,2,,0
Node1,Cloud-RCS-MP-Task-v2,round_01_position_3_Cloud-RCS-MP-Task-v2,179,logits,1787650201152903698,1787650201184673460,31.769311999999999,2,2,2,,0
Node1,Cloud-RCS-MP-Task-v2,round_01_position_3_Cloud-RCS-MP-Task-v2,180,logits,1787650201184674020,1787650201217082079,32.407659000000002,2,2,2,,0
Node1,Cloud-RCS-MP-Task-v2,round_01_position_3_Cloud-RCS-MP-Task-v2,181,logits,1787650201217082609,1787650201249586095,32.503036000000002,2,2,2,,0
Node1,Cloud-RCS-MP-Task-v2,round_01_position_3_Cloud-RCS-MP-Task-v2,182,logits,1787650201249586625,1787650201282561759,32.974744000000001,2,2,2,,0
Node1,Cloud-RCS-MP-Task-v2,round_01_position_3_Cloud-RCS-MP-Task-v2,183,logits,1787650201282562279,1787650201315667631,33.104861999999997,2,2,2,,0
Node1,Cloud-RCS-MP-Task-v2,round_01_position_3_Cloud-RCS-MP-Task-v2,184,logits,1787650201315668131,1787650201348129834,32.461272999999998,2,2,2,,0
Node1,Cloud-RCS-MP-Task-v2,round_01_position_3_Cloud-RCS-MP-Task-v2,185,logits,1787650201348130374,1787650201382196744,34.065959999999997,2,2,2,,0
Node1,Cloud-RCS-MP-Task-v2,round_01_position_3_Cloud-RCS-MP-Task-v2,186,logits,1787650201382197264,1787650201415639656,33.441991999999999,2,2,2,,0
Node1,Cloud-RCS-MP-Task-v2,round_01_position_3_Cloud-RCS-MP-Task-v2,187,logits,1787650201415640166,1787650201450416758,34.776172000000003,2,2,2,,0
Node1,Cloud-RCS-MP-Task-v2,round_01_position_3_Cloud-RCS-MP-Task-v2,188,logits,1787650201450417388,1787650201484049122,33.631343999999999,2,2,2,,0
Node1,Cloud-RCS-MP-Task-v2,round_01_position_3_Cloud-RCS-MP-Task-v2,189,logits,1787650201484049632,1787650201518331084,34.281052000000003,2,2,2,,0
Node1,Cloud-RCS-MP-Task-v2,round_01_position_3_Cloud-RCS-MP-Task-v2,190,logits,1787650201518331614,1787650201553642809,35.310904999999998,2,2,2,,0
Node1,Cloud-RCS-MP-Task-v2,round_01_position_3_Cloud-RCS-MP-Task-v2,191,logits,1787650201553643319,1787650201592738221,39.094472000000003,2,2,2,,0
Node1,Cloud-RCS-MP-Task-v2,round_01_position_3_Cloud-RCS-MP-Task-v2,192,logits,1787650201592738821,1787650201626992502,34.253131000000003,2,2,2,,0
Node1,Cloud-RCS-MP-Task-v2,round_01_position_3_Cloud-RCS-MP-Task-v2,193,logits,1787650201626993032,1787650201673481650,46.488188000000001,2,2,2,,0
Node1,Cloud-RCS-MP-Task-v2,round_01_position_3_Cloud-RCS-MP-Task-v2,194,logits,1787650201673482170,1787650201711831226,38.348315999999997,2,2,2,,0
Node1,Cloud-RCS-MP-Task-v2,round_01_position_3_Cloud-RCS-MP-Task-v2,195,logits,1787650201711831756,1787650201745338383,33.506096999999997,2,2,2,,0
Node1,Cloud-RCS-MP-Task-v2,round_01_position_3_Cloud-RCS-MP-Task-v2,196,logits,1787650201745338893,1787650201779633996,34.294693000000002,2,2,2,,0
Node1,Cloud-RCS-MP-Task-v2,round_01_position_3_Cloud-RCS-MP-Task-v2,197,logits,1787650201779634516,1787650201813013754,33.378608,2,2,2,,0
Node1,Cloud-RCS-MP-Task-v2,round_01_position_3_Cloud-RCS-MP-Task-v2,198,logits,1787650201813014354,1787650201846877382,33.862628000000001,2,2,2,,0
Node1,Cloud-RCS-MP-Task-v2,round_01_position_3_Cloud-RCS-MP-Task-v2,199,logits,1787650201846877932,1787650201881311694,34.433332,2,2,2,,0
Node1,Cloud-RCS-MP-Task-v2,round_02_position_1_Cloud-RCS-MP-Task-v2,0,logits,1787650227529595075,1787650227560895865,31.300339999999998,2,2,2,,0
Node1,Cloud-RCS-MP-Task-v2,round_02_position_1_Cloud-RCS-MP-Task-v2,1,logits,1787650227560896415,1787650227593850995,32.954189999999997,2,2,2,,0
Node1,Cloud-RCS-MP-Task-v2,round_02_position_1_Cloud-RCS-MP-Task-v2,2,logits,1787650227593851405,1787650227626449673,32.597828,2,2,2,,0
Node1,Cloud-RCS-MP-Task-v2,round_02_position_1_Cloud-RCS-MP-Task-v2,3,logits,1787650227626450504,1787650227662326769,35.875855000000001,2,2,2,,0
Node1,Cloud-RCS-MP-Task-v2,round_02_position_1_Cloud-RCS-MP-Task-v2,4,logits,1787650227662327299,1787650227694272658,31.944949000000001,2,2,2,,0
Node1,Cloud-RCS-MP-Task-v2,round_02_position_1_Cloud-RCS-MP-Task-v2,5,logits,1787650227694273158,1787650227727308592,33.035024,2,2,2,,0
Node1,Cloud-RCS-MP-Task-v2,round_02_position_1_Cloud-RCS-MP-Task-v2,6,logits,1787650227727309103,1787650227759263912,31.954349000000001,2,2,2,,0
Node1,Cloud-RCS-MP-Task-v2,round_02_position_1_Cloud-RCS-MP-Task-v2,7,logits,1787650227759264422,1787650227793987068,34.722236000000002,2,2,2,,0
Node1,Cloud-RCS-MP-Task-v2,round_02_position_1_Cloud-RCS-MP-Task-v2,8,logits,1787650227793987598,1787650227828222215,34.234197000000002,2,2,2,,0
Node1,Cloud-RCS-MP-Task-v2,round_02_position_1_Cloud-RCS-MP-Task-v2,9,logits,1787650227828222635,1787650227862967603,34.744528000000003,2,2,2,,0
Node1,Cloud-RCS-MP-Task-v2,round_02_position_1_Cloud-RCS-MP-Task-v2,10,logits,1787650227862968223,1787650227897708251,34.739637000000002,2,2,2,,0
Node1,Cloud-RCS-MP-Task-v2,round_02_position_1_Cloud-RCS-MP-Task-v2,11,logits,1787650227897708661,1787650227932209463,34.500301999999998,2,2,2,,0
Node1,Cloud-RCS-MP-Task-v2,round_02_position_1_Cloud-RCS-MP-Task-v2,12,logits,1787650227932209883,1787650227965866646,33.656362999999999,2,2,2,,0
Node1,Cloud-RCS-MP-Task-v2,round_02_position_1_Cloud-RCS-MP-Task-v2,13,logits,1787650227965867216,1787650228002290574,36.422848000000002,2,2,2,,0
Node1,Cloud-RCS-MP-Task-v2,round_02_position_1_Cloud-RCS-MP-Task-v2,14,logits,1787650228002291074,1787650228036421105,34.129621,2,2,2,,0
Node1,Cloud-RCS-MP-Task-v2,round_02_position_1_Cloud-RCS-MP-Task-v2,15,logits,1787650228036421655,1787650228072336004,35.913798999999997,2,2,2,,0
Node1,Cloud-RCS-MP-Task-v2,round_02_position_1_Cloud-RCS-MP-Task-v2,16,logits,1787650228072336444,1787650228106740562,34.403218000000003,2,2,2,,0
Node1,Cloud-RCS-MP-Task-v2,round_02_position_1_Cloud-RCS-MP-Task-v2,17,logits,1787650228106740952,1787650228141601457,34.860055000000003,2,2,2,,0
Node1,Cloud-RCS-MP-Task-v2,round_02_position_1_Cloud-RCS-MP-Task-v2,18,logits,1787650228141602027,1787650228173116519,31.514092000000002,2,2,2,,0
Node1,Cloud-RCS-MP-Task-v2,round_02_position_1_Cloud-RCS-MP-Task-v2,19,logits,1787650228173117029,1787650228207300994,34.183534999999999,2,2,2,,0
Node1,Cloud-RCS-MP-Task-v2,round_02_position_1_Cloud-RCS-MP-Task-v2,20,logits,1787650228207301404,1787650228243914645,36.612681000000002,2,2,2,,0
Node1,Cloud-RCS-MP-Task-v2,round_02_position_1_Cloud-RCS-MP-Task-v2,21,logits,1787650228243915225,1787650228283761480,39.845795000000003,2,2,2,,0
Node1,Cloud-RCS-MP-Task-v2,round_02_position_1_Cloud-RCS-MP-Task-v2,22,logits,1787650228283761910,1787650228320395453,36.632872999999996,2,2,2,,0
Node1,Cloud-RCS-MP-Task-v2,round_02_position_1_Cloud-RCS-MP-Task-v2,23,logits,1787650228320395953,1787650228353940048,33.543695,2,2,2,,0
Node1,Cloud-RCS-MP-Task-v2,round_02_position_1_Cloud-RCS-MP-Task-v2,24,logits,1787650228353940598,1787650228388215368,34.274349999999998,2,2,2,,0
Node1,Cloud-RCS-MP-Task-v2,round_02_position_1_Cloud-RCS-MP-Task-v2,25,logits,1787650228388215888,1787650228421360419,33.144120999999998,2,2,2,,0
Node1,Cloud-RCS-MP-Task-v2,round_02_position_1_Cloud-RCS-MP-Task-v2,26,logits,1787650228421360929,1787650228453709392,32.348072999999999,2,2,2,,0
Node1,Cloud-RCS-MP-Task-v2,round_02_position_1_Cloud-RCS-MP-Task-v2,27,logits,1787650228453709892,1787650228486541485,32.831153,2,2,2,,0
Node1,Cloud-RCS-MP-Task-v2,round_02_position_1_Cloud-RCS-MP-Task-v2,28,logits,1787650228486542015,1787650228523016287,36.473861999999997,2,2,2,,0
Node1,Cloud-RCS-MP-Task-v2,round_02_position_1_Cloud-RCS-MP-Task-v2,29,logits,1787650228523016827,1787650228558445997,35.428739999999998,2,2,2,,0
Node1,Cloud-RCS-MP-Task-v2,round_02_position_1_Cloud-RCS-MP-Task-v2,30,logits,1787650228558446837,1787650228595473492,37.026204999999997,2,2,2,,0
Node1,Cloud-RCS-MP-Task-v2,round_02_position_1_Cloud-RCS-MP-Task-v2,31,logits,1787650228595473992,1787650228630422092,34.947690000000001,2,2,2,,0
Node1,Cloud-RCS-MP-Task-v2,round_02_position_1_Cloud-RCS-MP-Task-v2,32,logits,1787650228630422483,1787650228665819730,35.396847000000001,2,2,2,,0
Node1,Cloud-RCS-MP-Task-v2,round_02_position_1_Cloud-RCS-MP-Task-v2,33,logits,1787650228665820260,1787650228700789252,34.968561999999999,2,2,2,,0
Node1,Cloud-RCS-MP-Task-v2,round_02_position_1_Cloud-RCS-MP-Task-v2,34,logits,1787650228700789752,1787650228737569963,36.778061000000001,2,2,2,,0
Node1,Cloud-RCS-MP-Task-v2,round_02_position_1_Cloud-RCS-MP-Task-v2,35,logits,1787650228737571453,1787650228785499447,47.927444000000001,2,2,2,,0
Node1,Cloud-RCS-MP-Task-v2,round_02_position_1_Cloud-RCS-MP-Task-v2,36,logits,1787650228785500017,1787650228819290797,33.79036,2,2,2,,0
Node1,Cloud-RCS-MP-Task-v2,round_02_position_1_Cloud-RCS-MP-Task-v2,37,logits,1787650228819291337,1787650228851965230,32.673482999999997,2,2,2,,0
Node1,Cloud-RCS-MP-Task-v2,round_02_position_1_Cloud-RCS-MP-Task-v2,38,logits,1787650228851965640,1787650228884795613,32.829093,2,2,2,,0
Node1,Cloud-RCS-MP-Task-v2,round_02_position_1_Cloud-RCS-MP-Task-v2,39,logits,1787650228884796123,1787650228917050010,32.253407000000003,2,2,2,,0
Node1,Cloud-RCS-MP-Task-v2,round_02_position_1_Cloud-RCS-MP-Task-v2,40,logits,1787650228917050550,1787650228949415644,32.364694,2,2,2,,0
Node1,Cloud-RCS-MP-Task-v2,round_02_position_1_Cloud-RCS-MP-Task-v2,41,logits,1787650228949416144,1787650228982015473,32.598928999999998,2,2,2,,0
Node1,Cloud-RCS-MP-Task-v2,round_02_position_1_Cloud-RCS-MP-Task-v2,42,logits,1787650228982016033,1787650229015240359,33.223925999999999,2,2,2,,0
Node1,Cloud-RCS-MP-Task-v2,round_02_position_1_Cloud-RCS-MP-Task-v2,43,logits,1787650229015240759,1787650229047771294,32.530135000000001,2,2,2,,0
Node1,Cloud-RCS-MP-Task-v2,round_02_position_1_Cloud-RCS-MP-Task-v2,44,logits,1787650229047771814,1787650229079817719,32.045515000000002,2,2,2,,0
Node1,Cloud-RCS-MP-Task-v2,round_02_position_1_Cloud-RCS-MP-Task-v2,45,logits,1787650229079818479,1787650229112140091,32.321212000000003,2,2,2,,0
Node1,Cloud-RCS-MP-Task-v2,round_02_position_1_Cloud-RCS-MP-Task-v2,46,logits,1787650229112140611,1787650229145200028,33.058726999999998,2,2,2,,0
Node1,Cloud-RCS-MP-Task-v2,round_02_position_1_Cloud-RCS-MP-Task-v2,47,logits,1787650229145200438,1787650229178725242,33.524374000000002,2,2,2,,0
Node1,Cloud-RCS-MP-Task-v2,round_02_position_1_Cloud-RCS-MP-Task-v2,48,logits,1787650229178725762,1787650229209810429,31.084237000000002,2,2,2,,0
Node1,Cloud-RCS-MP-Task-v2,round_02_position_1_Cloud-RCS-MP-Task-v2,49,logits,1787650229209810819,1787650229241070117,31.258868,2,2,2,,0
Node1,Cloud-RCS-MP-Task-v2,round_02_position_1_Cloud-RCS-MP-Task-v2,50,logits,1787650229241070627,1787650229271892898,30.821881000000001,2,2,2,,0
Node1,Cloud-RCS-MP-Task-v2,round_02_position_1_Cloud-RCS-MP-Task-v2,51,logits,1787650229271893289,1787650229306178589,34.28443,2,2,2,,0
Node1,Cloud-RCS-MP-Task-v2,round_02_position_1_Cloud-RCS-MP-Task-v2,52,logits,1787650229306179099,1787650229336915075,30.735285999999999,2,2,2,,0
Node1,Cloud-RCS-MP-Task-v2,round_02_position_1_Cloud-RCS-MP-Task-v2,53,logits,1787650229336915485,1787650229366686953,29.771058,2,2,2,,0
Node1,Cloud-RCS-MP-Task-v2,round_02_position_1_Cloud-RCS-MP-Task-v2,54,logits,1787650229366687453,1787650229396797671,30.109828,2,2,2,,0
Node1,Cloud-RCS-MP-Task-v2,round_02_position_1_Cloud-RCS-MP-Task-v2,55,logits,1787650229396798071,1787650229426789103,29.990642000000001,2,2,2,,0
Node1,Cloud-RCS-MP-Task-v2,round_02_position_1_Cloud-RCS-MP-Task-v2,56,logits,1787650229426789603,1787650229457128775,30.338792000000002,2,2,2,,0
Node1,Cloud-RCS-MP-Task-v2,round_02_position_1_Cloud-RCS-MP-Task-v2,57,logits,1787650229457129285,1787650229487029031,29.899486,2,2,2,,0
Node1,Cloud-RCS-MP-Task-v2,round_02_position_1_Cloud-RCS-MP-Task-v2,58,logits,1787650229487029421,1787650229517394264,30.364453000000001,2,2,2,,0
Node1,Cloud-RCS-MP-Task-v2,round_02_position_1_Cloud-RCS-MP-Task-v2,59,logits,1787650229517394764,1787650229548328332,30.932928,2,2,2,,0
Node1,Cloud-RCS-MP-Task-v2,round_02_position_1_Cloud-RCS-MP-Task-v2,60,logits,1787650229548328842,1787650229579363147,31.033923999999999,2,2,2,,0
Node1,Cloud-RCS-MP-Task-v2,round_02_position_1_Cloud-RCS-MP-Task-v2,61,logits,1787650229579363647,1787650229609974375,30.610317999999999,2,2,2,,0
Node1,Cloud-RCS-MP-Task-v2,round_02_position_1_Cloud-RCS-MP-Task-v2,62,logits,1787650229609974755,1787650229640350470,30.375315000000001,2,2,2,,0
Node1,Cloud-RCS-MP-Task-v2,round_02_position_1_Cloud-RCS-MP-Task-v2,63,logits,1787650229640351340,1787650229671703903,31.352163000000001,2,2,2,,0
Node1,Cloud-RCS-MP-Task-v2,round_02_position_1_Cloud-RCS-MP-Task-v2,64,logits,1787650229671704773,1787650229702700575,30.995262,2,2,2,,0
Node1,Cloud-RCS-MP-Task-v2,round_02_position_1_Cloud-RCS-MP-Task-v2,65,logits,1787650229702701075,1787650229733372507,30.671042,2,2,2,,0
Node1,Cloud-RCS-MP-Task-v2,round_02_position_1_Cloud-RCS-MP-Task-v2,66,logits,1787650229733373107,1787650229763843978,30.470480999999999,2,2,2,,0
Node1,Cloud-RCS-MP-Task-v2,round_02_position_1_Cloud-RCS-MP-Task-v2,67,logits,1787650229763844698,1787650229794298297,30.453209000000001,2,2,2,,0
Node1,Cloud-RCS-MP-Task-v2,round_02_position_1_Cloud-RCS-MP-Task-v2,68,logits,1787650229794298797,1787650229824659880,30.360693000000001,2,2,2,,0
Node1,Cloud-RCS-MP-Task-v2,round_02_position_1_Cloud-RCS-MP-Task-v2,69,logits,1787650229824660280,1787650229854682393,30.021463000000001,2,2,2,,0
Node1,Cloud-RCS-MP-Task-v2,round_02_position_1_Cloud-RCS-MP-Task-v2,70,logits,1787650229854682903,1787650229885072829,30.389526,2,2,2,,0
Node1,Cloud-RCS-MP-Task-v2,round_02_position_1_Cloud-RCS-MP-Task-v2,71,logits,1787650229885073239,1787650229916630364,31.556705000000001,2,2,2,,0
Node1,Cloud-RCS-MP-Task-v2,round_02_position_1_Cloud-RCS-MP-Task-v2,72,logits,1787650229916630874,1787650229947247783,30.616519,2,2,2,,0
Node1,Cloud-RCS-MP-Task-v2,round_02_position_1_Cloud-RCS-MP-Task-v2,73,logits,1787650229947248293,1787650229977619758,30.371074,2,2,2,,0
Node1,Cloud-RCS-MP-Task-v2,round_02_position_1_Cloud-RCS-MP-Task-v2,74,logits,1787650229977620258,1787650230007536154,29.915506000000001,2,2,2,,0
Node1,Cloud-RCS-MP-Task-v2,round_02_position_1_Cloud-RCS-MP-Task-v2,75,logits,1787650230007536674,1787650230037624232,30.087167999999998,2,2,2,,0
Node1,Cloud-RCS-MP-Task-v2,round_02_position_1_Cloud-RCS-MP-Task-v2,76,logits,1787650230037624752,1787650230067793174,30.168022000000001,2,2,2,,0
Node1,Cloud-RCS-MP-Task-v2,round_02_position_1_Cloud-RCS-MP-Task-v2,77,logits,1787650230067793684,1787650230098092374,30.298300000000001,2,2,2,,0
Node1,Cloud-RCS-MP-Task-v2,round_02_position_1_Cloud-RCS-MP-Task-v2,78,logits,1787650230098092904,1787650230127780717,29.687412999999999,2,2,2,,0
Node1,Cloud-RCS-MP-Task-v2,round_02_position_1_Cloud-RCS-MP-Task-v2,79,logits,1787650230127781227,1787650230159151252,31.369615,2,2,2,,0
Node1,Cloud-RCS-MP-Task-v2,round_02_position_1_Cloud-RCS-MP-Task-v2,80,logits,1787650230159151762,1787650230190390768,31.238606000000001,2,2,2,,0
Node1,Cloud-RCS-MP-Task-v2,round_02_position_1_Cloud-RCS-MP-Task-v2,81,logits,1787650230190391268,1787650230221676578,31.284790000000001,2,2,2,,0
Node1,Cloud-RCS-MP-Task-v2,round_02_position_1_Cloud-RCS-MP-Task-v2,82,logits,1787650230221677188,1787650230252285007,30.607419,2,2,2,,0
Node1,Cloud-RCS-MP-Task-v2,round_02_position_1_Cloud-RCS-MP-Task-v2,83,logits,1787650230252285527,1787650230282620049,30.334132,2,2,2,,0
Node1,Cloud-RCS-MP-Task-v2,round_02_position_1_Cloud-RCS-MP-Task-v2,84,logits,1787650230282620439,1787650230312569188,29.948259,2,2,2,,0
Node1,Cloud-RCS-MP-Task-v2,round_02_position_1_Cloud-RCS-MP-Task-v2,85,logits,1787650230312569688,1787650230343096211,30.526112999999999,2,2,2,,0
Node1,Cloud-RCS-MP-Task-v2,round_02_position_1_Cloud-RCS-MP-Task-v2,86,logits,1787650230343096711,1787650230373728671,30.631260000000001,2,2,2,,0
Node1,Cloud-RCS-MP-Task-v2,round_02_position_1_Cloud-RCS-MP-Task-v2,87,logits,1787650230373729191,1787650230403840820,30.111229000000002,2,2,2,,0
Node1,Cloud-RCS-MP-Task-v2,round_02_position_1_Cloud-RCS-MP-Task-v2,88,logits,1787650230403841580,1787650230434040784,30.198803999999999,2,2,2,,0
Node1,Cloud-RCS-MP-Task-v2,round_02_position_1_Cloud-RCS-MP-Task-v2,89,logits,1787650230434041285,1787650230464377387,30.335702000000001,2,2,2,,0
Node1,Cloud-RCS-MP-Task-v2,round_02_position_1_Cloud-RCS-MP-Task-v2,90,logits,1787650230464377967,1787650230495302265,30.924037999999999,2,2,2,,0
Node1,Cloud-RCS-MP-Task-v2,round_02_position_1_Cloud-RCS-MP-Task-v2,91,logits,1787650230495303065,1787650230527505330,32.201824999999999,2,2,2,,0
Node1,Cloud-RCS-MP-Task-v2,round_02_position_1_Cloud-RCS-MP-Task-v2,92,logits,1787650230527506190,1787650230558824371,31.317761000000001,2,2,2,,0
Node1,Cloud-RCS-MP-Task-v2,round_02_position_1_Cloud-RCS-MP-Task-v2,93,logits,1787650230558824891,1787650230589802172,30.976690999999999,2,2,2,,0
Node1,Cloud-RCS-MP-Task-v2,round_02_position_1_Cloud-RCS-MP-Task-v2,94,logits,1787650230589802712,1787650230620766912,30.963809999999999,2,2,2,,0
Node1,Cloud-RCS-MP-Task-v2,round_02_position_1_Cloud-RCS-MP-Task-v2,95,logits,1787650230620767422,1787650230651474987,30.706935000000001,2,2,2,,0
Node1,Cloud-RCS-MP-Task-v2,round_02_position_1_Cloud-RCS-MP-Task-v2,96,logits,1787650230651475797,1787650230682257556,30.781258999999999,2,2,2,,0
Node1,Cloud-RCS-MP-Task-v2,round_02_position_1_Cloud-RCS-MP-Task-v2,97,logits,1787650230682258056,1787650230715264910,33.006453999999998,2,2,2,,0
Node1,Cloud-RCS-MP-Task-v2,round_02_position_1_Cloud-RCS-MP-Task-v2,98,logits,1787650230715265410,1787650230745552899,30.287089000000002,2,2,2,,0
Node1,Cloud-RCS-MP-Task-v2,round_02_position_1_Cloud-RCS-MP-Task-v2,99,logits,1787650230745553399,1787650230776115545,30.561436,2,2,2,,0
Node1,Cloud-RCS-MP-Task-v2,round_02_position_1_Cloud-RCS-MP-Task-v2,100,logits,1787650230776116055,1787650230806688661,30.571956,2,2,2,,0
Node1,Cloud-RCS-MP-Task-v2,round_02_position_1_Cloud-RCS-MP-Task-v2,101,logits,1787650230806689171,1787650230837187073,30.497492000000001,2,2,2,,0
Node1,Cloud-RCS-MP-Task-v2,round_02_position_1_Cloud-RCS-MP-Task-v2,102,logits,1787650230837187583,1787650230867456882,30.268909000000001,2,2,2,,0
Node1,Cloud-RCS-MP-Task-v2,round_02_position_1_Cloud-RCS-MP-Task-v2,103,logits,1787650230867457392,1787650230897965085,30.507303,2,2,2,,0
Node1,Cloud-RCS-MP-Task-v2,round_02_position_1_Cloud-RCS-MP-Task-v2,104,logits,1787650230897965595,1787650230928294197,30.327971000000002,2,2,2,,0
Node1,Cloud-RCS-MP-Task-v2,round_02_position_1_Cloud-RCS-MP-Task-v2,105,logits,1787650230928294657,1787650230958194572,29.899654999999999,2,2,2,,0
Node1,Cloud-RCS-MP-Task-v2,round_02_position_1_Cloud-RCS-MP-Task-v2,106,logits,1787650230958194972,1787650230988673843,30.478491000000002,2,2,2,,0
Node1,Cloud-RCS-MP-Task-v2,round_02_position_1_Cloud-RCS-MP-Task-v2,107,logits,1787650230988674243,1787650231018517296,29.842523,2,2,2,,0
Node1,Cloud-RCS-MP-Task-v2,round_02_position_1_Cloud-RCS-MP-Task-v2,108,logits,1787650231018517696,1787650231049556321,31.037904999999999,2,2,2,,0
Node1,Cloud-RCS-MP-Task-v2,round_02_position_1_Cloud-RCS-MP-Task-v2,109,logits,1787650231049556831,1787650231080192821,30.6356,2,2,2,,0
Node1,Cloud-RCS-MP-Task-v2,round_02_position_1_Cloud-RCS-MP-Task-v2,110,logits,1787650231080193331,1787650231110558116,30.364394999999998,2,2,2,,0
Node1,Cloud-RCS-MP-Task-v2,round_02_position_1_Cloud-RCS-MP-Task-v2,111,logits,1787650231110558626,1787650231140760580,30.201214,2,2,2,,0
Node1,Cloud-RCS-MP-Task-v2,round_02_position_1_Cloud-RCS-MP-Task-v2,112,logits,1787650231140760950,1787650231170935473,30.173793,2,2,2,,0
Node1,Cloud-RCS-MP-Task-v2,round_02_position_1_Cloud-RCS-MP-Task-v2,113,logits,1787650231170935973,1787650231200997679,30.061295999999999,2,2,2,,0
Node1,Cloud-RCS-MP-Task-v2,round_02_position_1_Cloud-RCS-MP-Task-v2,114,logits,1787650231200998189,1787650231231024893,30.026284,2,2,2,,0
Node1,Cloud-RCS-MP-Task-v2,round_02_position_1_Cloud-RCS-MP-Task-v2,115,logits,1787650231231025413,1787650231260667823,29.641999999999999,2,2,2,,0
Node1,Cloud-RCS-MP-Task-v2,round_02_position_1_Cloud-RCS-MP-Task-v2,116,logits,1787650231260668223,1787650231291827135,31.158491999999999,2,2,2,,0
Node1,Cloud-RCS-MP-Task-v2,round_02_position_1_Cloud-RCS-MP-Task-v2,117,logits,1787650231291827675,1787650231325387953,33.559868000000002,2,2,2,,0
Node1,Cloud-RCS-MP-Task-v2,round_02_position_1_Cloud-RCS-MP-Task-v2,118,logits,1787650231325388503,1787650231358634681,33.245758000000002,2,2,2,,0
Node1,Cloud-RCS-MP-Task-v2,round_02_position_1_Cloud-RCS-MP-Task-v2,119,logits,1787650231358635191,1787650231391689568,33.053967,2,2,2,,0
Node1,Cloud-RCS-MP-Task-v2,round_02_position_1_Cloud-RCS-MP-Task-v2,120,logits,1787650231391690068,1787650231425134408,33.443939999999998,2,2,2,,0
Node1,Cloud-RCS-MP-Task-v2,round_02_position_1_Cloud-RCS-MP-Task-v2,121,logits,1787650231425134938,1787650231458434110,33.298220999999998,2,2,2,,0
Node1,Cloud-RCS-MP-Task-v2,round_02_position_1_Cloud-RCS-MP-Task-v2,122,logits,1787650231458434900,1787650231492979056,34.543736000000003,2,2,2,,0
Node1,Cloud-RCS-MP-Task-v2,round_02_position_1_Cloud-RCS-MP-Task-v2,123,logits,1787650231492979586,1787650231526143709,33.163733000000001,2,2,2,,0
Node1,Cloud-RCS-MP-Task-v2,round_02_position_1_Cloud-RCS-MP-Task-v2,124,logits,1787650231526144219,1787650231560844485,34.699846000000001,2,2,2,,0
Node1,Cloud-RCS-MP-Task-v2,round_02_position_1_Cloud-RCS-MP-Task-v2,125,logits,1787650231560845015,1787650231593870241,33.024816000000001,2,2,2,,0
Node1,Cloud-RCS-MP-Task-v2,round_02_position_1_Cloud-RCS-MP-Task-v2,126,logits,1787650231593870951,1787650231627018533,33.146852000000003,2,2,2,,0
Node1,Cloud-RCS-MP-Task-v2,round_02_position_1_Cloud-RCS-MP-Task-v2,127,logits,1787650231627018943,1787650231662805684,35.786330999999997,2,2,2,,0
Node1,Cloud-RCS-MP-Task-v2,round_02_position_1_Cloud-RCS-MP-Task-v2,128,logits,1787650231662806224,1787650231698957568,36.150944000000003,2,2,2,,0
Node1,Cloud-RCS-MP-Task-v2,round_02_position_1_Cloud-RCS-MP-Task-v2,129,logits,1787650231698957948,1787650231737219740,38.261401999999997,2,2,2,,0
Node1,Cloud-RCS-MP-Task-v2,round_02_position_1_Cloud-RCS-MP-Task-v2,130,logits,1787650231737220290,1787650231772657750,35.437080000000002,2,2,2,,0
Node1,Cloud-RCS-MP-Task-v2,round_02_position_1_Cloud-RCS-MP-Task-v2,131,logits,1787650231772658270,1787650231807640223,34.981242999999999,2,2,2,,0
Node1,Cloud-RCS-MP-Task-v2,round_02_position_1_Cloud-RCS-MP-Task-v2,132,logits,1787650231807640753,1787650231844013681,36.372508000000003,2,2,2,,0
Node1,Cloud-RCS-MP-Task-v2,round_02_position_1_Cloud-RCS-MP-Task-v2,133,logits,1787650231844014161,1787650231879802273,35.787702000000003,2,2,2,,0
Node1,Cloud-RCS-MP-Task-v2,round_02_position_1_Cloud-RCS-MP-Task-v2,134,logits,1787650231879802803,1787650231915778366,35.975042999999999,2,2,2,,0
Node1,Cloud-RCS-MP-Task-v2,round_02_position_1_Cloud-RCS-MP-Task-v2,135,logits,1787650231915778876,1787650231952747489,36.968192999999999,2,2,2,,0
Node1,Cloud-RCS-MP-Task-v2,round_02_position_1_Cloud-RCS-MP-Task-v2,136,logits,1787650231952748009,1787650231991200682,38.452213,2,2,2,,0
Node1,Cloud-RCS-MP-Task-v2,round_02_position_1_Cloud-RCS-MP-Task-v2,137,logits,1787650231991201082,1787650232029278092,38.0764,2,2,2,,0
Node1,Cloud-RCS-MP-Task-v2,round_02_position_1_Cloud-RCS-MP-Task-v2,138,logits,1787650232029278652,1787650232068627779,39.348726999999997,2,2,2,,0
Node1,Cloud-RCS-MP-Task-v2,round_02_position_1_Cloud-RCS-MP-Task-v2,139,logits,1787650232068628199,1787650232103674587,35.045878000000002,2,2,2,,0
Node1,Cloud-RCS-MP-Task-v2,round_02_position_1_Cloud-RCS-MP-Task-v2,140,logits,1787650232103675157,1787650232140017962,36.342385,2,2,2,,0
Node1,Cloud-RCS-MP-Task-v2,round_02_position_1_Cloud-RCS-MP-Task-v2,141,logits,1787650232140018792,1787650232175901650,35.882328000000001,2,2,2,,0
Node1,Cloud-RCS-MP-Task-v2,round_02_position_1_Cloud-RCS-MP-Task-v2,142,logits,1787650232175902060,1787650232212559575,36.657114999999997,2,2,2,,0
Node1,Cloud-RCS-MP-Task-v2,round_02_position_1_Cloud-RCS-MP-Task-v2,143,logits,1787650232212560075,1787650232252462215,39.90175,2,2,2,,0
Node1,Cloud-RCS-MP-Task-v2,round_02_position_1_Cloud-RCS-MP-Task-v2,144,logits,1787650232252462715,1787650232287373494,34.910369000000003,2,2,2,,0
Node1,Cloud-RCS-MP-Task-v2,round_02_position_1_Cloud-RCS-MP-Task-v2,145,logits,1787650232287374044,1787650232322096562,34.722098000000003,2,2,2,,0
Node1,Cloud-RCS-MP-Task-v2,round_02_position_1_Cloud-RCS-MP-Task-v2,146,logits,1787650232322097122,1787650232361472631,39.375069000000003,2,2,2,,0
Node1,Cloud-RCS-MP-Task-v2,round_02_position_1_Cloud-RCS-MP-Task-v2,147,logits,1787650232361473331,1787650232399332518,37.858797000000003,2,2,2,,0
Node1,Cloud-RCS-MP-Task-v2,round_02_position_1_Cloud-RCS-MP-Task-v2,148,logits,1787650232399333018,1787650232435283390,35.949952000000003,2,2,2,,0
Node1,Cloud-RCS-MP-Task-v2,round_02_position_1_Cloud-RCS-MP-Task-v2,149,logits,1787650232435283910,1787650232470504768,35.220398000000003,2,2,2,,0
Node1,Cloud-RCS-MP-Task-v2,round_02_position_1_Cloud-RCS-MP-Task-v2,150,logits,1787650232470505298,1787650232505174742,34.669044,2,2,2,,0
Node1,Cloud-RCS-MP-Task-v2,round_02_position_1_Cloud-RCS-MP-Task-v2,151,logits,1787650232505175143,1787650232541889891,36.714218000000002,2,2,2,,0
Node1,Cloud-RCS-MP-Task-v2,round_02_position_1_Cloud-RCS-MP-Task-v2,152,logits,1787650232541890501,1787650232578110909,36.219937999999999,2,2,2,,0
Node1,Cloud-RCS-MP-Task-v2,round_02_position_1_Cloud-RCS-MP-Task-v2,153,logits,1787650232578111369,1787650232632744759,54.632750000000001,2,2,2,,0
Node1,Cloud-RCS-MP-Task-v2,round_02_position_1_Cloud-RCS-MP-Task-v2,154,logits,1787650232632745269,1787650232667001679,34.256,2,2,2,,0
Node1,Cloud-RCS-MP-Task-v2,round_02_position_1_Cloud-RCS-MP-Task-v2,155,logits,1787650232667002179,1787650232701613600,34.611010999999998,2,2,2,,0
Node1,Cloud-RCS-MP-Task-v2,round_02_position_1_Cloud-RCS-MP-Task-v2,156,logits,1787650232701614100,1787650232736329008,34.714517999999998,2,2,2,,0
Node1,Cloud-RCS-MP-Task-v2,round_02_position_1_Cloud-RCS-MP-Task-v2,157,logits,1787650232736329548,1787650232772121640,35.791671999999998,2,2,2,,0
Node1,Cloud-RCS-MP-Task-v2,round_02_position_1_Cloud-RCS-MP-Task-v2,158,logits,1787650232772122150,1787650232804365538,32.242987999999997,2,2,2,,0
Node1,Cloud-RCS-MP-Task-v2,round_02_position_1_Cloud-RCS-MP-Task-v2,159,logits,1787650232804366078,1787650232835813328,31.446850000000001,2,2,2,,0
Node1,Cloud-RCS-MP-Task-v2,round_02_position_1_Cloud-RCS-MP-Task-v2,160,logits,1787650232835813728,1787650232866517673,30.703424999999999,2,2,2,,0
Node1,Cloud-RCS-MP-Task-v2,round_02_position_1_Cloud-RCS-MP-Task-v2,161,logits,1787650232866518243,1787650232899747930,33.229277000000003,2,2,2,,0
Node1,Cloud-RCS-MP-Task-v2,round_02_position_1_Cloud-RCS-MP-Task-v2,162,logits,1787650232899748710,1787650232933053062,33.303842000000003,2,2,2,,0
Node1,Cloud-RCS-MP-Task-v2,round_02_position_1_Cloud-RCS-MP-Task-v2,163,logits,1787650232933053572,1787650232967389327,34.335343999999999,2,2,2,,0
Node1,Cloud-RCS-MP-Task-v2,round_02_position_1_Cloud-RCS-MP-Task-v2,164,logits,1787650232967389737,1787650233000012107,32.621980000000001,2,2,2,,0
Node1,Cloud-RCS-MP-Task-v2,round_02_position_1_Cloud-RCS-MP-Task-v2,165,logits,1787650233000012628,1787650233030455577,30.442558999999999,2,2,2,,0
Node1,Cloud-RCS-MP-Task-v2,round_02_position_1_Cloud-RCS-MP-Task-v2,166,logits,1787650233030455957,1787650233062388287,31.931629000000001,2,2,2,,0
Node1,Cloud-RCS-MP-Task-v2,round_02_position_1_Cloud-RCS-MP-Task-v2,167,logits,1787650233062388797,1787650233094107663,31.718456,2,2,2,,0
Node1,Cloud-RCS-MP-Task-v2,round_02_position_1_Cloud-RCS-MP-Task-v2,168,logits,1787650233094108353,1787650233125539142,31.430078999999999,2,2,2,,0
Node1,Cloud-RCS-MP-Task-v2,round_02_position_1_Cloud-RCS-MP-Task-v2,169,logits,1787650233125539682,1787650233156569087,31.029005000000002,2,2,2,,0
Node1,Cloud-RCS-MP-Task-v2,round_02_position_1_Cloud-RCS-MP-Task-v2,170,logits,1787650233156569627,1787650233190153016,33.582988999999998,2,2,2,,0
Node1,Cloud-RCS-MP-Task-v2,round_02_position_1_Cloud-RCS-MP-Task-v2,171,logits,1787650233190153436,1787650233222308589,32.154743000000003,2,2,2,,0
Node1,Cloud-RCS-MP-Task-v2,round_02_position_1_Cloud-RCS-MP-Task-v2,172,logits,1787650233222309089,1787650233253960281,31.650782,2,2,2,,0
Node1,Cloud-RCS-MP-Task-v2,round_02_position_1_Cloud-RCS-MP-Task-v2,173,logits,1787650233253960681,1787650233285337667,31.376605999999999,2,2,2,,0
Node1,Cloud-RCS-MP-Task-v2,round_02_position_1_Cloud-RCS-MP-Task-v2,174,logits,1787650233285338197,1787650233316490429,31.151821999999999,2,2,2,,0
Node1,Cloud-RCS-MP-Task-v2,round_02_position_1_Cloud-RCS-MP-Task-v2,175,logits,1787650233316490839,1787650233347592009,31.10078,2,2,2,,0
Node1,Cloud-RCS-MP-Task-v2,round_02_position_1_Cloud-RCS-MP-Task-v2,176,logits,1787650233347592529,1787650233378918151,31.325222,2,2,2,,0
Node1,Cloud-RCS-MP-Task-v2,round_02_position_1_Cloud-RCS-MP-Task-v2,177,logits,1787650233378918662,1787650233415778529,36.859467000000002,2,2,2,,0
Node1,Cloud-RCS-MP-Task-v2,round_02_position_1_Cloud-RCS-MP-Task-v2,178,logits,1787650233415779049,1787650233446983394,31.203935000000001,2,2,2,,0
Node1,Cloud-RCS-MP-Task-v2,round_02_position_1_Cloud-RCS-MP-Task-v2,179,logits,1787650233446983894,1787650233478434455,31.450140999999999,2,2,2,,0
Node1,Cloud-RCS-MP-Task-v2,round_02_position_1_Cloud-RCS-MP-Task-v2,180,logits,1787650233478435305,1787650233512156152,33.720427000000001,2,2,2,,0
Node1,Cloud-RCS-MP-Task-v2,round_02_position_1_Cloud-RCS-MP-Task-v2,181,logits,1787650233512156692,1787650233545537699,33.380606999999998,2,2,2,,0
Node1,Cloud-RCS-MP-Task-v2,round_02_position_1_Cloud-RCS-MP-Task-v2,182,logits,1787650233545538219,1787650233578154399,32.615769999999998,2,2,2,,0
Node1,Cloud-RCS-MP-Task-v2,round_02_position_1_Cloud-RCS-MP-Task-v2,183,logits,1787650233578154909,1787650233610390638,32.235208999999998,2,2,2,,0
Node1,Cloud-RCS-MP-Task-v2,round_02_position_1_Cloud-RCS-MP-Task-v2,184,logits,1787650233610391138,1787650233641713060,31.321501999999999,2,2,2,,0
Node1,Cloud-RCS-MP-Task-v2,round_02_position_1_Cloud-RCS-MP-Task-v2,185,logits,1787650233641713560,1787650233673934707,32.220726999999997,2,2,2,,0
Node1,Cloud-RCS-MP-Task-v2,round_02_position_1_Cloud-RCS-MP-Task-v2,186,logits,1787650233673935247,1787650233707780932,33.845255000000002,2,2,2,,0
Node1,Cloud-RCS-MP-Task-v2,round_02_position_1_Cloud-RCS-MP-Task-v2,187,logits,1787650233707781462,1787650233742105916,34.324053999999997,2,2,2,,0
Node1,Cloud-RCS-MP-Task-v2,round_02_position_1_Cloud-RCS-MP-Task-v2,188,logits,1787650233742106416,1787650233778200507,36.093671000000001,2,2,2,,0
Node1,Cloud-RCS-MP-Task-v2,round_02_position_1_Cloud-RCS-MP-Task-v2,189,logits,1787650233778200927,1787650233811308037,33.106589999999997,2,2,2,,0
Node1,Cloud-RCS-MP-Task-v2,round_02_position_1_Cloud-RCS-MP-Task-v2,190,logits,1787650233811308567,1787650233843182003,31.873045999999999,2,2,2,,0
Node1,Cloud-RCS-MP-Task-v2,round_02_position_1_Cloud-RCS-MP-Task-v2,191,logits,1787650233843182533,1787650233875662205,32.479121999999997,2,2,2,,0
Node1,Cloud-RCS-MP-Task-v2,round_02_position_1_Cloud-RCS-MP-Task-v2,192,logits,1787650233875662725,1787650233908799938,33.136783000000001,2,2,2,,0
Node1,Cloud-RCS-MP-Task-v2,round_02_position_1_Cloud-RCS-MP-Task-v2,193,logits,1787650233908800448,1787650233940242688,31.441839999999999,2,2,2,,0
Node1,Cloud-RCS-MP-Task-v2,round_02_position_1_Cloud-RCS-MP-Task-v2,194,logits,1787650233940243198,1787650233972446103,32.202485000000003,2,2,2,,0
Node1,Cloud-RCS-MP-Task-v2,round_02_position_1_Cloud-RCS-MP-Task-v2,195,logits,1787650233972446623,1787650234007797159,35.350105999999997,2,2,2,,0
Node1,Cloud-RCS-MP-Task-v2,round_02_position_1_Cloud-RCS-MP-Task-v2,196,logits,1787650234007797719,1787650234041889820,34.091690999999997,2,2,2,,0
Node1,Cloud-RCS-MP-Task-v2,round_02_position_1_Cloud-RCS-MP-Task-v2,197,logits,1787650234041890320,1787650234076045673,34.154963000000002,2,2,2,,0
Node1,Cloud-RCS-MP-Task-v2,round_02_position_1_Cloud-RCS-MP-Task-v2,198,logits,1787650234076046203,1787650234108162354,32.115751000000003,2,2,2,,0
Node1,Cloud-RCS-MP-Task-v2,round_02_position_1_Cloud-RCS-MP-Task-v2,199,logits,1787650234108162884,1787650234139005588,30.842303999999999,2,2,2,,0
Node1,Cloud-RCS-FP32-Compat,round_02_position_2_Cloud-RCS-FP32-Compat,0,logits,1787650264541815843,1787650264578694590,36.878287,2,2,2,,0
Node1,Cloud-RCS-FP32-Compat,round_02_position_2_Cloud-RCS-FP32-Compat,1,logits,1787650264578695110,1787650264614468419,35.772899000000002,2,2,2,,0
Node1,Cloud-RCS-FP32-Compat,round_02_position_2_Cloud-RCS-FP32-Compat,2,logits,1787650264614468929,1787650264653476016,39.006675999999999,2,2,2,,0
Node1,Cloud-RCS-FP32-Compat,round_02_position_2_Cloud-RCS-FP32-Compat,3,logits,1787650264653476786,1787650264691190743,37.713537000000002,2,2,2,,0
Node1,Cloud-RCS-FP32-Compat,round_02_position_2_Cloud-RCS-FP32-Compat,4,logits,1787650264691191333,1787650264729979446,38.787712999999997,2,2,2,,0
Node1,Cloud-RCS-FP32-Compat,round_02_position_2_Cloud-RCS-FP32-Compat,5,logits,1787650264729979836,1787650264767639360,37.659114000000002,2,2,2,,0
Node1,Cloud-RCS-FP32-Compat,round_02_position_2_Cloud-RCS-FP32-Compat,6,logits,1787650264767640230,1787650264806610874,38.970244000000001,2,2,2,,0
Node1,Cloud-RCS-FP32-Compat,round_02_position_2_Cloud-RCS-FP32-Compat,7,logits,1787650264806611384,1787650264845489022,38.877217999999999,2,2,2,,0
Node1,Cloud-RCS-FP32-Compat,round_02_position_2_Cloud-RCS-FP32-Compat,8,logits,1787650264845489552,1787650264883828917,38.338925000000003,2,2,2,,0
Node1,Cloud-RCS-FP32-Compat,round_02_position_2_Cloud-RCS-FP32-Compat,9,logits,1787650264883829487,1787650264921939549,38.109662,2,2,2,,0
Node1,Cloud-RCS-FP32-Compat,round_02_position_2_Cloud-RCS-FP32-Compat,10,logits,1787650264921940349,1787650264960543270,38.602460999999998,2,2,2,,0
Node1,Cloud-RCS-FP32-Compat,round_02_position_2_Cloud-RCS-FP32-Compat,11,logits,1787650264960543810,1787650264998300180,37.755989999999997,2,2,2,,0
Node1,Cloud-RCS-FP32-Compat,round_02_position_2_Cloud-RCS-FP32-Compat,12,logits,1787650264998300690,1787650265034416661,36.115561,2,2,2,,0
Node1,Cloud-RCS-FP32-Compat,round_02_position_2_Cloud-RCS-FP32-Compat,13,logits,1787650265034417161,1787650265070139268,35.721756999999997,2,2,2,,0
Node1,Cloud-RCS-FP32-Compat,round_02_position_2_Cloud-RCS-FP32-Compat,14,logits,1787650265070139778,1787650265107278091,37.137932999999997,2,2,2,,0
Node1,Cloud-RCS-FP32-Compat,round_02_position_2_Cloud-RCS-FP32-Compat,15,logits,1787650265107278601,1787650265142983047,35.704045999999998,2,2,2,,0
Node1,Cloud-RCS-FP32-Compat,round_02_position_2_Cloud-RCS-FP32-Compat,16,logits,1787650265142983557,1787650265179085847,36.101889999999997,2,2,2,,0
Node1,Cloud-RCS-FP32-Compat,round_02_position_2_Cloud-RCS-FP32-Compat,17,logits,1787650265179086347,1787650265214722789,35.636051999999999,2,2,2,,0
Node1,Cloud-RCS-FP32-Compat,round_02_position_2_Cloud-RCS-FP32-Compat,18,logits,1787650265214723319,1787650265249759804,35.036085,2,2,2,,0
Node1,Cloud-RCS-FP32-Compat,round_02_position_2_Cloud-RCS-FP32-Compat,19,logits,1787650265249760314,1787650265285529554,35.768819999999998,2,2,2,,0
Node1,Cloud-RCS-FP32-Compat,round_02_position_2_Cloud-RCS-FP32-Compat,20,logits,1787650265285530064,1787650265321601802,36.071348,2,2,2,,0
Node1,Cloud-RCS-FP32-Compat,round_02_position_2_Cloud-RCS-FP32-Compat,21,logits,1787650265321602322,1787650265355690630,34.087907999999999,2,2,2,,0
Node1,Cloud-RCS-FP32-Compat,round_02_position_2_Cloud-RCS-FP32-Compat,22,logits,1787650265355691150,1787650265389582176,33.890645999999997,2,2,2,,0
Node1,Cloud-RCS-FP32-Compat,round_02_position_2_Cloud-RCS-FP32-Compat,23,logits,1787650265389582686,1787650265422949730,33.366633999999998,2,2,2,,0
Node1,Cloud-RCS-FP32-Compat,round_02_position_2_Cloud-RCS-FP32-Compat,24,logits,1787650265422949980,1787650265456933681,33.983300999999997,2,2,2,,0
Node1,Cloud-RCS-FP32-Compat,round_02_position_2_Cloud-RCS-FP32-Compat,25,logits,1787650265456934171,1787650265491104104,34.169432999999998,2,2,2,,0
Node1,Cloud-RCS-FP32-Compat,round_02_position_2_Cloud-RCS-FP32-Compat,26,logits,1787650265491104614,1787650265527842193,36.737169000000002,2,2,2,,0
Node1,Cloud-RCS-FP32-Compat,round_02_position_2_Cloud-RCS-FP32-Compat,27,logits,1787650265527842723,1787650265565092073,37.248959999999997,2,2,2,,0
Node1,Cloud-RCS-FP32-Compat,round_02_position_2_Cloud-RCS-FP32-Compat,28,logits,1787650265565092573,1787650265600110607,35.017643999999997,2,2,2,,0
Node1,Cloud-RCS-FP32-Compat,round_02_position_2_Cloud-RCS-FP32-Compat,29,logits,1787650265600111117,1787650265634121360,34.009822999999997,2,2,2,,0
Node1,Cloud-RCS-FP32-Compat,round_02_position_2_Cloud-RCS-FP32-Compat,30,logits,1787650265634122060,1787650265668997305,34.874825000000001,2,2,2,,0
Node1,Cloud-RCS-FP32-Compat,round_02_position_2_Cloud-RCS-FP32-Compat,31,logits,1787650265668997695,1787650265702420083,33.421987999999999,2,2,2,,0
Node1,Cloud-RCS-FP32-Compat,round_02_position_2_Cloud-RCS-FP32-Compat,32,logits,1787650265702420453,1787650265735410334,32.989480999999998,2,2,2,,0
Node1,Cloud-RCS-FP32-Compat,round_02_position_2_Cloud-RCS-FP32-Compat,33,logits,1787650265735410854,1787650265769107538,33.696274000000003,2,2,2,,0
Node1,Cloud-RCS-FP32-Compat,round_02_position_2_Cloud-RCS-FP32-Compat,34,logits,1787650265769107918,1787650265802882907,33.774599000000002,2,2,2,,0
Node1,Cloud-RCS-FP32-Compat,round_02_position_2_Cloud-RCS-FP32-Compat,35,logits,1787650265802883287,1787650265837041679,34.157992,2,2,2,,0
Node1,Cloud-RCS-FP32-Compat,round_02_position_2_Cloud-RCS-FP32-Compat,36,logits,1787650265837042059,1787650265870776496,33.734037000000001,2,2,2,,0
Node1,Cloud-RCS-FP32-Compat,round_02_position_2_Cloud-RCS-FP32-Compat,37,logits,1787650265870776866,1787650265904275287,33.498021000000001,2,2,2,,0
Node1,Cloud-RCS-FP32-Compat,round_02_position_2_Cloud-RCS-FP32-Compat,38,logits,1787650265904275677,1787650265937242637,32.966560000000001,2,2,2,,0
Node1,Cloud-RCS-FP32-Compat,round_02_position_2_Cloud-RCS-FP32-Compat,39,logits,1787650265937243137,1787650265973726841,36.483283999999998,2,2,2,,0
Node1,Cloud-RCS-FP32-Compat,round_02_position_2_Cloud-RCS-FP32-Compat,40,logits,1787650265973727251,1787650266007475388,33.747746999999997,2,2,2,,0
Node1,Cloud-RCS-FP32-Compat,round_02_position_2_Cloud-RCS-FP32-Compat,41,logits,1787650266007475778,1787650266041344102,33.867933999999998,2,2,2,,0
Node1,Cloud-RCS-FP32-Compat,round_02_position_2_Cloud-RCS-FP32-Compat,42,logits,1787650266041344492,1787650266075225988,33.881095999999999,2,2,2,,0
Node1,Cloud-RCS-FP32-Compat,round_02_position_2_Cloud-RCS-FP32-Compat,43,logits,1787650266075227298,1787650266109112474,33.884796000000001,2,2,2,,0
Node1,Cloud-RCS-FP32-Compat,round_02_position_2_Cloud-RCS-FP32-Compat,44,logits,1787650266109113194,1787650266151879498,42.765824000000002,2,2,2,,0
Node1,Cloud-RCS-FP32-Compat,round_02_position_2_Cloud-RCS-FP32-Compat,45,logits,1787650266151880078,1787650266192610180,40.729711999999999,2,2,2,,0
Node1,Cloud-RCS-FP32-Compat,round_02_position_2_Cloud-RCS-FP32-Compat,46,logits,1787650266192610710,1787650266228941634,36.330174,2,2,2,,0
Node1,Cloud-RCS-FP32-Compat,round_02_position_2_Cloud-RCS-FP32-Compat,47,logits,1787650266228942144,1787650266265724525,36.781621000000001,2,2,2,,0
Node1,Cloud-RCS-FP32-Compat,round_02_position_2_Cloud-RCS-FP32-Compat,48,logits,1787650266265725035,1787650266302667787,36.942340999999999,2,2,2,,0
Node1,Cloud-RCS-FP32-Compat,round_02_position_2_Cloud-RCS-FP32-Compat,49,logits,1787650266302668297,1787650266337990990,35.322282999999999,2,2,2,,0
Node1,Cloud-RCS-FP32-Compat,round_02_position_2_Cloud-RCS-FP32-Compat,50,logits,1787650266337991510,1787650266373859916,35.867995999999998,2,2,2,,0
Node1,Cloud-RCS-FP32-Compat,round_02_position_2_Cloud-RCS-FP32-Compat,51,logits,1787650266373860446,1787650266409334138,35.473301999999997,2,2,2,,0
Node1,Cloud-RCS-FP32-Compat,round_02_position_2_Cloud-RCS-FP32-Compat,52,logits,1787650266409334678,1787650266444641350,35.306261999999997,2,2,2,,0
Node1,Cloud-RCS-FP32-Compat,round_02_position_2_Cloud-RCS-FP32-Compat,53,logits,1787650266444641850,1787650266479709517,35.067256999999998,2,2,2,,0
Node1,Cloud-RCS-FP32-Compat,round_02_position_2_Cloud-RCS-FP32-Compat,54,logits,1787650266479710017,1787650266515479597,35.769170000000003,2,2,2,,0
Node1,Cloud-RCS-FP32-Compat,round_02_position_2_Cloud-RCS-FP32-Compat,55,logits,1787650266515480097,1787650266551377905,35.897418000000002,2,2,2,,0
Node1,Cloud-RCS-FP32-Compat,round_02_position_2_Cloud-RCS-FP32-Compat,56,logits,1787650266551378415,1787650266596163172,44.784337000000001,2,2,2,,0
Node1,Cloud-RCS-FP32-Compat,round_02_position_2_Cloud-RCS-FP32-Compat,57,logits,1787650266596163702,1787650266634323147,38.159025,2,2,2,,0
Node1,Cloud-RCS-FP32-Compat,round_02_position_2_Cloud-RCS-FP32-Compat,58,logits,1787650266634323637,1787650266672823913,38.499665999999998,2,2,2,,0
Node1,Cloud-RCS-FP32-Compat,round_02_position_2_Cloud-RCS-FP32-Compat,59,logits,1787650266672824443,1787650266709846539,37.021675999999999,2,2,2,,0
Node1,Cloud-RCS-FP32-Compat,round_02_position_2_Cloud-RCS-FP32-Compat,60,logits,1787650266709847069,1787650266746713936,36.866387000000003,2,2,2,,0
Node1,Cloud-RCS-FP32-Compat,round_02_position_2_Cloud-RCS-FP32-Compat,61,logits,1787650266746714486,1787650266783424563,36.709667000000003,2,2,2,,0
Node1,Cloud-RCS-FP32-Compat,round_02_position_2_Cloud-RCS-FP32-Compat,62,logits,1787650266783425073,1787650266819407626,35.982143000000001,2,2,2,,0
Node1,Cloud-RCS-FP32-Compat,round_02_position_2_Cloud-RCS-FP32-Compat,63,logits,1787650266819408426,1787650266855832376,36.423549999999999,2,2,2,,0
Node1,Cloud-RCS-FP32-Compat,round_02_position_2_Cloud-RCS-FP32-Compat,64,logits,1787650266855832936,1787650266893371143,37.537816999999997,2,2,2,,0
Node1,Cloud-RCS-FP32-Compat,round_02_position_2_Cloud-RCS-FP32-Compat,65,logits,1787650266893371994,1787650266928586590,35.213886000000002,2,2,2,,0
Node1,Cloud-RCS-FP32-Compat,round_02_position_2_Cloud-RCS-FP32-Compat,66,logits,1787650266928587140,1787650266966844831,38.257280999999999,2,2,2,,0
Node1,Cloud-RCS-FP32-Compat,round_02_position_2_Cloud-RCS-FP32-Compat,67,logits,1787650266966845351,1787650267005331066,38.485205000000001,2,2,2,,0
Node1,Cloud-RCS-FP32-Compat,round_02_position_2_Cloud-RCS-FP32-Compat,68,logits,1787650267005331706,1787650267052430274,47.098058000000002,2,2,2,,0
Node1,Cloud-RCS-FP32-Compat,round_02_position_2_Cloud-RCS-FP32-Compat,69,logits,1787650267052431044,1787650267089876105,37.444651,2,2,2,,0
Node1,Cloud-RCS-FP32-Compat,round_02_position_2_Cloud-RCS-FP32-Compat,70,logits,1787650267089876845,1787650267130970889,41.093654000000001,2,2,2,,0
Node1,Cloud-RCS-FP32-Compat,round_02_position_2_Cloud-RCS-FP32-Compat,71,logits,1787650267130971429,1787650267170467016,39.495167000000002,2,2,2,,0
Node1,Cloud-RCS-FP32-Compat,round_02_position_2_Cloud-RCS-FP32-Compat,72,logits,1787650267170467576,1787650267211364627,40.896650999999999,2,2,2,,0
Node1,Cloud-RCS-FP32-Compat,round_02_position_2_Cloud-RCS-FP32-Compat,73,logits,1787650267211365327,1787650267250369044,39.003256999999998,2,2,2,,0
Node1,Cloud-RCS-FP32-Compat,round_02_position_2_Cloud-RCS-FP32-Compat,74,logits,1787650267250369614,1787650267289155667,38.785533000000001,2,2,2,,0
Node1,Cloud-RCS-FP32-Compat,round_02_position_2_Cloud-RCS-FP32-Compat,75,logits,1787650267289156207,1787650267328683375,39.526758000000001,2,2,2,,0
Node1,Cloud-RCS-FP32-Compat,round_02_position_2_Cloud-RCS-FP32-Compat,76,logits,1787650267328683965,1787650267369968230,41.283794999999998,2,2,2,,0
Node1,Cloud-RCS-FP32-Compat,round_02_position_2_Cloud-RCS-FP32-Compat,77,logits,1787650267369968770,1787650267411032932,41.063782000000003,2,2,2,,0
Node1,Cloud-RCS-FP32-Compat,round_02_position_2_Cloud-RCS-FP32-Compat,78,logits,1787650267411033472,1787650267449051209,38.017296999999999,2,2,2,,0
Node1,Cloud-RCS-FP32-Compat,round_02_position_2_Cloud-RCS-FP32-Compat,79,logits,1787650267449051729,1787650267487350322,38.298143000000003,2,2,2,,0
Node1,Cloud-RCS-FP32-Compat,round_02_position_2_Cloud-RCS-FP32-Compat,80,logits,1787650267487350913,1787650267528038581,40.687268000000003,2,2,2,,0
Node1,Cloud-RCS-FP32-Compat,round_02_position_2_Cloud-RCS-FP32-Compat,81,logits,1787650267528039142,1787650267566776892,38.737349999999999,2,2,2,,0
Node1,Cloud-RCS-FP32-Compat,round_02_position_2_Cloud-RCS-FP32-Compat,82,logits,1787650267566777432,1787650267603723443,36.945621000000003,2,2,2,,0
Node1,Cloud-RCS-FP32-Compat,round_02_position_2_Cloud-RCS-FP32-Compat,83,logits,1787650267603724003,1787650267640200337,36.475594000000001,2,2,2,,0
Node1,Cloud-RCS-FP32-Compat,round_02_position_2_Cloud-RCS-FP32-Compat,84,logits,1787650267640201387,1787650267676579084,36.377307000000002,2,2,2,,0
Node1,Cloud-RCS-FP32-Compat,round_02_position_2_Cloud-RCS-FP32-Compat,85,logits,1787650267676579604,1787650267712052877,35.472883000000003,2,2,2,,0
Node1,Cloud-RCS-FP32-Compat,round_02_position_2_Cloud-RCS-FP32-Compat,86,logits,1787650267712053387,1787650267747566401,35.512594,2,2,2,,0
Node1,Cloud-RCS-FP32-Compat,round_02_position_2_Cloud-RCS-FP32-Compat,87,logits,1787650267747567051,1787650267783377394,35.809953,2,2,2,,0
Node1,Cloud-RCS-FP32-Compat,round_02_position_2_Cloud-RCS-FP32-Compat,88,logits,1787650267783377924,1787650267818888259,35.509914000000002,2,2,2,,0
Node1,Cloud-RCS-FP32-Compat,round_02_position_2_Cloud-RCS-FP32-Compat,89,logits,1787650267818888799,1787650267854188011,35.298811999999998,2,2,2,,0
Node1,Cloud-RCS-FP32-Compat,round_02_position_2_Cloud-RCS-FP32-Compat,90,logits,1787650267854188531,1787650267890012554,35.823602999999999,2,2,2,,0
Node1,Cloud-RCS-FP32-Compat,round_02_position_2_Cloud-RCS-FP32-Compat,91,logits,1787650267890013074,1787650267925183678,35.170203999999998,2,2,2,,0
Node1,Cloud-RCS-FP32-Compat,round_02_position_2_Cloud-RCS-FP32-Compat,92,logits,1787650267925184268,1787650267961271848,36.08719,2,2,2,,0
Node1,Cloud-RCS-FP32-Compat,round_02_position_2_Cloud-RCS-FP32-Compat,93,logits,1787650267961272368,1787650267997072550,35.799782,2,2,2,,0
Node1,Cloud-RCS-FP32-Compat,round_02_position_2_Cloud-RCS-FP32-Compat,94,logits,1787650267997073300,1787650268048985990,51.912260000000003,2,2,2,,0
Node1,Cloud-RCS-FP32-Compat,round_02_position_2_Cloud-RCS-FP32-Compat,95,logits,1787650268048986550,1787650268091390124,42.402824000000003,2,2,2,,0
Node1,Cloud-RCS-FP32-Compat,round_02_position_2_Cloud-RCS-FP32-Compat,96,logits,1787650268091390774,1787650268127171125,35.779950999999997,2,2,2,,0
Node1,Cloud-RCS-FP32-Compat,round_02_position_2_Cloud-RCS-FP32-Compat,97,logits,1787650268127171655,1787650268163962477,36.790432000000003,2,2,2,,0
Node1,Cloud-RCS-FP32-Compat,round_02_position_2_Cloud-RCS-FP32-Compat,98,logits,1787650268163963077,1787650268199342344,35.378867,2,2,2,,0
Node1,Cloud-RCS-FP32-Compat,round_02_position_2_Cloud-RCS-FP32-Compat,99,logits,1787650268199342854,1787650268235167378,35.824114000000002,2,2,2,,0
Node1,Cloud-RCS-FP32-Compat,round_02_position_2_Cloud-RCS-FP32-Compat,100,logits,1787650268235167948,1787650268272245268,37.076909999999998,2,2,2,,0
Node1,Cloud-RCS-FP32-Compat,round_02_position_2_Cloud-RCS-FP32-Compat,101,logits,1787650268272246078,1787650268308502288,36.255800000000001,2,2,2,,0
Node1,Cloud-RCS-FP32-Compat,round_02_position_2_Cloud-RCS-FP32-Compat,102,logits,1787650268308502788,1787650268352571162,44.067974,2,2,2,,0
Node1,Cloud-RCS-FP32-Compat,round_02_position_2_Cloud-RCS-FP32-Compat,103,logits,1787650268352571722,1787650268389556997,36.984875000000002,2,2,2,,0
Node1,Cloud-RCS-FP32-Compat,round_02_position_2_Cloud-RCS-FP32-Compat,104,logits,1787650268389557547,1787650268426506659,36.948852000000002,2,2,2,,0
Node1,Cloud-RCS-FP32-Compat,round_02_position_2_Cloud-RCS-FP32-Compat,105,logits,1787650268426507389,1787650268463452551,36.944721999999999,2,2,2,,0
Node1,Cloud-RCS-FP32-Compat,round_02_position_2_Cloud-RCS-FP32-Compat,106,logits,1787650268463453081,1787650268504468110,41.014609,2,2,2,,0
Node1,Cloud-RCS-FP32-Compat,round_02_position_2_Cloud-RCS-FP32-Compat,107,logits,1787650268504468630,1787650268544966578,40.497487999999997,2,2,2,,0
Node1,Cloud-RCS-FP32-Compat,round_02_position_2_Cloud-RCS-FP32-Compat,108,logits,1787650268544967038,1787650268585462415,40.494827000000001,2,2,2,,0
Node1,Cloud-RCS-FP32-Compat,round_02_position_2_Cloud-RCS-FP32-Compat,109,logits,1787650268585462915,1787650268622139051,36.675736000000001,2,2,2,,0
Node1,Cloud-RCS-FP32-Compat,round_02_position_2_Cloud-RCS-FP32-Compat,110,logits,1787650268622139561,1787650268658199529,36.059578000000002,2,2,2,,0
Node1,Cloud-RCS-FP32-Compat,round_02_position_2_Cloud-RCS-FP32-Compat,111,logits,1787650268658199909,1787650268693909076,35.708767000000002,2,2,2,,0
Node1,Cloud-RCS-FP32-Compat,round_02_position_2_Cloud-RCS-FP32-Compat,112,logits,1787650268693909776,1787650268731824617,37.914290999999999,2,2,2,,0
Node1,Cloud-RCS-FP32-Compat,round_02_position_2_Cloud-RCS-FP32-Compat,113,logits,1787650268731825137,1787650268768752928,36.927380999999997,2,2,2,,0
Node1,Cloud-RCS-FP32-Compat,round_02_position_2_Cloud-RCS-FP32-Compat,114,logits,1787650268768753438,1787650268804114493,35.360774999999997,2,2,2,,0
Node1,Cloud-RCS-FP32-Compat,round_02_position_2_Cloud-RCS-FP32-Compat,115,logits,1787650268804114993,1787650268839929637,35.814163999999998,2,2,2,,0
Node1,Cloud-RCS-FP32-Compat,round_02_position_2_Cloud-RCS-FP32-Compat,116,logits,1787650268839930027,1787650268875707458,35.776910999999998,2,2,2,,0
Node1,Cloud-RCS-FP32-Compat,round_02_position_2_Cloud-RCS-FP32-Compat,117,logits,1787650268875707978,1787650268911457077,35.748669,2,2,2,,0
Node1,Cloud-RCS-FP32-Compat,round_02_position_2_Cloud-RCS-FP32-Compat,118,logits,1787650268911457627,1787650268947104311,35.646194000000001,2,2,2,,0
Node1,Cloud-RCS-FP32-Compat,round_02_position_2_Cloud-RCS-FP32-Compat,119,logits,1787650268947104881,1787650268982667939,35.562657999999999,2,2,2,,0
Node1,Cloud-RCS-FP32-Compat,round_02_position_2_Cloud-RCS-FP32-Compat,120,logits,1787650268982668469,1787650269019128361,36.459491999999997,2,2,2,,0
Node1,Cloud-RCS-FP32-Compat,round_02_position_2_Cloud-RCS-FP32-Compat,121,logits,1787650269019128861,1787650269055820118,36.690826999999999,2,2,2,,0
Node1,Cloud-RCS-FP32-Compat,round_02_position_2_Cloud-RCS-FP32-Compat,122,logits,1787650269055820688,1787650269092080959,36.259841000000002,2,2,2,,0
Node1,Cloud-RCS-FP32-Compat,round_02_position_2_Cloud-RCS-FP32-Compat,123,logits,1787650269092081509,1787650269128798517,36.716617999999997,2,2,2,,0
Node1,Cloud-RCS-FP32-Compat,round_02_position_2_Cloud-RCS-FP32-Compat,124,logits,1787650269128799057,1787650269165560008,36.760430999999997,2,2,2,,0
Node1,Cloud-RCS-FP32-Compat,round_02_position_2_Cloud-RCS-FP32-Compat,125,logits,1787650269165560508,1787650269201568473,36.007555000000004,2,2,2,,0
Node1,Cloud-RCS-FP32-Compat,round_02_position_2_Cloud-RCS-FP32-Compat,126,logits,1787650269201568983,1787650269237032646,35.463253000000002,2,2,2,,0
Node1,Cloud-RCS-FP32-Compat,round_02_position_2_Cloud-RCS-FP32-Compat,127,logits,1787650269237033166,1787650269271641686,34.608110000000003,2,2,2,,0
Node1,Cloud-RCS-FP32-Compat,round_02_position_2_Cloud-RCS-FP32-Compat,128,logits,1787650269271642196,1787650269305613968,33.971352000000003,2,2,2,,0
Node1,Cloud-RCS-FP32-Compat,round_02_position_2_Cloud-RCS-FP32-Compat,129,logits,1787650269305614498,1787650269339008614,33.393436000000001,2,2,2,,0
Node1,Cloud-RCS-FP32-Compat,round_02_position_2_Cloud-RCS-FP32-Compat,130,logits,1787650269339008994,1787650269372610784,33.601399999999998,2,2,2,,0
Node1,Cloud-RCS-FP32-Compat,round_02_position_2_Cloud-RCS-FP32-Compat,131,logits,1787650269372611284,1787650269405956647,33.344952999999997,2,2,2,,0
Node1,Cloud-RCS-FP32-Compat,round_02_position_2_Cloud-RCS-FP32-Compat,132,logits,1787650269405957167,1787650269440223827,34.266260000000003,2,2,2,,0
Node1,Cloud-RCS-FP32-Compat,round_02_position_2_Cloud-RCS-FP32-Compat,133,logits,1787650269440224207,1787650269475007448,34.782570999999997,2,2,2,,0
Node1,Cloud-RCS-FP32-Compat,round_02_position_2_Cloud-RCS-FP32-Compat,134,logits,1787650269475007958,1787650269509513123,34.504755000000003,2,2,2,,0
Node1,Cloud-RCS-FP32-Compat,round_02_position_2_Cloud-RCS-FP32-Compat,135,logits,1787650269509513653,1787650269547646257,38.132143999999997,2,2,2,,0
Node1,Cloud-RCS-FP32-Compat,round_02_position_2_Cloud-RCS-FP32-Compat,136,logits,1787650269547646807,1787650269586446361,38.799154000000001,2,2,2,,0
Node1,Cloud-RCS-FP32-Compat,round_02_position_2_Cloud-RCS-FP32-Compat,137,logits,1787650269586446911,1787650269622808278,36.360937,2,2,2,,0
Node1,Cloud-RCS-FP32-Compat,round_02_position_2_Cloud-RCS-FP32-Compat,138,logits,1787650269622808778,1787650269659187486,36.378298000000001,2,2,2,,0
Node1,Cloud-RCS-FP32-Compat,round_02_position_2_Cloud-RCS-FP32-Compat,139,logits,1787650269659187986,1787650269694957737,35.769361000000004,2,2,2,,0
Node1,Cloud-RCS-FP32-Compat,round_02_position_2_Cloud-RCS-FP32-Compat,140,logits,1787650269694958237,1787650269730964712,36.006095000000002,2,2,2,,0
Node1,Cloud-RCS-FP32-Compat,round_02_position_2_Cloud-RCS-FP32-Compat,141,logits,1787650269730965562,1787650269765855750,34.889788000000003,2,2,2,,0
Node1,Cloud-RCS-FP32-Compat,round_02_position_2_Cloud-RCS-FP32-Compat,142,logits,1787650269765856310,1787650269800300200,34.4435,2,2,2,,0
Node1,Cloud-RCS-FP32-Compat,round_02_position_2_Cloud-RCS-FP32-Compat,143,logits,1787650269800300700,1787650269834154235,33.853124999999999,2,2,2,,0
Node1,Cloud-RCS-FP32-Compat,round_02_position_2_Cloud-RCS-FP32-Compat,144,logits,1787650269834154755,1787650269867630067,33.474921999999999,2,2,2,,0
Node1,Cloud-RCS-FP32-Compat,round_02_position_2_Cloud-RCS-FP32-Compat,145,logits,1787650269867630637,1787650269901550435,33.919407999999997,2,2,2,,0
Node1,Cloud-RCS-FP32-Compat,round_02_position_2_Cloud-RCS-FP32-Compat,146,logits,1787650269901550955,1787650269936206259,34.654913999999998,2,2,2,,0
Node1,Cloud-RCS-FP32-Compat,round_02_position_2_Cloud-RCS-FP32-Compat,147,logits,1787650269936206769,1787650269969934995,33.727815999999997,2,2,2,,0
Node1,Cloud-RCS-FP32-Compat,round_02_position_2_Cloud-RCS-FP32-Compat,148,logits,1787650269969935495,1787650270003660882,33.725116999999997,2,2,2,,0
Node1,Cloud-RCS-FP32-Compat,round_02_position_2_Cloud-RCS-FP32-Compat,149,logits,1787650270003661402,1787650270037404391,33.742578999999999,2,2,2,,0
Node1,Cloud-RCS-FP32-Compat,round_02_position_2_Cloud-RCS-FP32-Compat,150,logits,1787650270037404901,1787650270071646429,34.241128000000003,2,2,2,,0
Node1,Cloud-RCS-FP32-Compat,round_02_position_2_Cloud-RCS-FP32-Compat,151,logits,1787650270071646929,1787650270109294554,37.647205,2,2,2,,0
Node1,Cloud-RCS-FP32-Compat,round_02_position_2_Cloud-RCS-FP32-Compat,152,logits,1787650270109295064,1787650270155110474,45.815080000000002,2,2,2,,0
Node1,Cloud-RCS-FP32-Compat,round_02_position_2_Cloud-RCS-FP32-Compat,153,logits,1787650270155111155,1787650270201751436,46.639521000000002,2,2,2,,0
Node1,Cloud-RCS-FP32-Compat,round_02_position_2_Cloud-RCS-FP32-Compat,154,logits,1787650270201752016,1787650270239088352,37.335946,2,2,2,,0
Node1,Cloud-RCS-FP32-Compat,round_02_position_2_Cloud-RCS-FP32-Compat,155,logits,1787650270239088742,1787650270278600440,39.511297999999996,2,2,2,,0
Node1,Cloud-RCS-FP32-Compat,round_02_position_2_Cloud-RCS-FP32-Compat,156,logits,1787650270278600960,1787650270316923816,38.322415999999997,2,2,2,,0
Node1,Cloud-RCS-FP32-Compat,round_02_position_2_Cloud-RCS-FP32-Compat,157,logits,1787650270316924366,1787650270356133796,39.209029999999998,2,2,2,,0
Node1,Cloud-RCS-FP32-Compat,round_02_position_2_Cloud-RCS-FP32-Compat,158,logits,1787650270356134316,1787650270394140473,38.005727,2,2,2,,0
Node1,Cloud-RCS-FP32-Compat,round_02_position_2_Cloud-RCS-FP32-Compat,159,logits,1787650270394141033,1787650270432512882,38.371448999999998,2,2,2,,0
Node1,Cloud-RCS-FP32-Compat,round_02_position_2_Cloud-RCS-FP32-Compat,160,logits,1787650270432513412,1787650270470413713,37.899861000000001,2,2,2,,0
Node1,Cloud-RCS-FP32-Compat,round_02_position_2_Cloud-RCS-FP32-Compat,161,logits,1787650270470414223,1787650270510380259,39.965636000000003,2,2,2,,0
Node1,Cloud-RCS-FP32-Compat,round_02_position_2_Cloud-RCS-FP32-Compat,162,logits,1787650270510380779,1787650270550064307,39.683098000000001,2,2,2,,0
Node1,Cloud-RCS-FP32-Compat,round_02_position_2_Cloud-RCS-FP32-Compat,163,logits,1787650270550064697,1787650270591322382,41.257244999999998,2,2,2,,0
Node1,Cloud-RCS-FP32-Compat,round_02_position_2_Cloud-RCS-FP32-Compat,164,logits,1787650270591322892,1787650270628097194,36.773882,2,2,2,,0
Node1,Cloud-RCS-FP32-Compat,round_02_position_2_Cloud-RCS-FP32-Compat,165,logits,1787650270628097754,1787650270666772951,38.674737,2,2,2,,0
Node1,Cloud-RCS-FP32-Compat,round_02_position_2_Cloud-RCS-FP32-Compat,166,logits,1787650270666773501,1787650270705593308,38.819336999999997,2,2,2,,0
Node1,Cloud-RCS-FP32-Compat,round_02_position_2_Cloud-RCS-FP32-Compat,167,logits,1787650270705593948,1787650270744531851,38.937403000000003,2,2,2,,0
Node1,Cloud-RCS-FP32-Compat,round_02_position_2_Cloud-RCS-FP32-Compat,168,logits,1787650270744532381,1787650270783223619,38.690818,2,2,2,,0
Node1,Cloud-RCS-FP32-Compat,round_02_position_2_Cloud-RCS-FP32-Compat,169,logits,1787650270783224169,1787650270822556467,39.331887999999999,2,2,2,,0
Node1,Cloud-RCS-FP32-Compat,round_02_position_2_Cloud-RCS-FP32-Compat,170,logits,1787650270822557037,1787650270860646819,38.089360999999997,2,2,2,,0
Node1,Cloud-RCS-FP32-Compat,round_02_position_2_Cloud-RCS-FP32-Compat,171,logits,1787650270860647369,1787650270898536669,37.888888999999999,2,2,2,,0
Node1,Cloud-RCS-FP32-Compat,round_02_position_2_Cloud-RCS-FP32-Compat,172,logits,1787650270898537189,1787650270934837202,36.299593000000002,2,2,2,,0
Node1,Cloud-RCS-FP32-Compat,round_02_position_2_Cloud-RCS-FP32-Compat,173,logits,1787650270934837712,1787650270973353849,38.515726999999998,2,2,2,,0
Node1,Cloud-RCS-FP32-Compat,round_02_position_2_Cloud-RCS-FP32-Compat,174,logits,1787650270973354370,1787650271011246140,37.89132,2,2,2,,0
Node1,Cloud-RCS-FP32-Compat,round_02_position_2_Cloud-RCS-FP32-Compat,175,logits,1787650271011246680,1787650271048904946,37.657865000000001,2,2,2,,0
Node1,Cloud-RCS-FP32-Compat,round_02_position_2_Cloud-RCS-FP32-Compat,176,logits,1787650271048905456,1787650271085530349,36.624482999999998,2,2,2,,0
Node1,Cloud-RCS-FP32-Compat,round_02_position_2_Cloud-RCS-FP32-Compat,177,logits,1787650271085531199,1787650271122752129,37.220529999999997,2,2,2,,0
Node1,Cloud-RCS-FP32-Compat,round_02_position_2_Cloud-RCS-FP32-Compat,178,logits,1787650271122752659,1787650271161351142,38.597873,2,2,2,,0
Node1,Cloud-RCS-FP32-Compat,round_02_position_2_Cloud-RCS-FP32-Compat,179,logits,1787650271161351892,1787650271201207541,39.855119000000002,2,2,2,,0
Node1,Cloud-RCS-FP32-Compat,round_02_position_2_Cloud-RCS-FP32-Compat,180,logits,1787650271201208041,1787650271238253170,37.044728999999997,2,2,2,,0
Node1,Cloud-RCS-FP32-Compat,round_02_position_2_Cloud-RCS-FP32-Compat,181,logits,1787650271238253720,1787650271274006000,35.75188,2,2,2,,0
Node1,Cloud-RCS-FP32-Compat,round_02_position_2_Cloud-RCS-FP32-Compat,182,logits,1787650271274006550,1787650271308787231,34.780281000000002,2,2,2,,0
Node1,Cloud-RCS-FP32-Compat,round_02_position_2_Cloud-RCS-FP32-Compat,183,logits,1787650271308787751,1787650271343790247,35.001435999999998,2,2,2,,0
Node1,Cloud-RCS-FP32-Compat,round_02_position_2_Cloud-RCS-FP32-Compat,184,logits,1787650271343790877,1787650271378835884,35.044576999999997,2,2,2,,0
Node1,Cloud-RCS-FP32-Compat,round_02_position_2_Cloud-RCS-FP32-Compat,185,logits,1787650271378836384,1787650271413416583,34.579658999999999,2,2,2,,0
Node1,Cloud-RCS-FP32-Compat,round_02_position_2_Cloud-RCS-FP32-Compat,186,logits,1787650271413417103,1787650271448711566,35.294063000000001,2,2,2,,0
Node1,Cloud-RCS-FP32-Compat,round_02_position_2_Cloud-RCS-FP32-Compat,187,logits,1787650271448712076,1787650271484081103,35.368606999999997,2,2,2,,0
Node1,Cloud-RCS-FP32-Compat,round_02_position_2_Cloud-RCS-FP32-Compat,188,logits,1787650271484081633,1787650271519218206,35.136163000000003,2,2,2,,0
Node1,Cloud-RCS-FP32-Compat,round_02_position_2_Cloud-RCS-FP32-Compat,189,logits,1787650271519218726,1787650271554559231,35.340094999999998,2,2,2,,0
Node1,Cloud-RCS-FP32-Compat,round_02_position_2_Cloud-RCS-FP32-Compat,190,logits,1787650271554559811,1787650271589729646,35.169415000000001,2,2,2,,0
Node1,Cloud-RCS-FP32-Compat,round_02_position_2_Cloud-RCS-FP32-Compat,191,logits,1787650271589730146,1787650271624672737,34.942180999999998,2,2,2,,0
Node1,Cloud-RCS-FP32-Compat,round_02_position_2_Cloud-RCS-FP32-Compat,192,logits,1787650271624673457,1787650271660940489,36.266592000000003,2,2,2,,0
Node1,Cloud-RCS-FP32-Compat,round_02_position_2_Cloud-RCS-FP32-Compat,193,logits,1787650271660941549,1787650271696244422,35.302463000000003,2,2,2,,0
Node1,Cloud-RCS-FP32-Compat,round_02_position_2_Cloud-RCS-FP32-Compat,194,logits,1787650271696244912,1787650271731616039,35.370686999999997,2,2,2,,0
Node1,Cloud-RCS-FP32-Compat,round_02_position_2_Cloud-RCS-FP32-Compat,195,logits,1787650271731616549,1787650271768789886,37.172916999999998,2,2,2,,0
Node1,Cloud-RCS-FP32-Compat,round_02_position_2_Cloud-RCS-FP32-Compat,196,logits,1787650271768790426,1787650271805920520,37.129674000000001,2,2,2,,0
Node1,Cloud-RCS-FP32-Compat,round_02_position_2_Cloud-RCS-FP32-Compat,197,logits,1787650271805921060,1787650271843363192,37.441732000000002,2,2,2,,0
Node1,Cloud-RCS-FP32-Compat,round_02_position_2_Cloud-RCS-FP32-Compat,198,logits,1787650271843363702,1787650271880380160,37.016058000000001,2,2,2,,0
Node1,Cloud-RCS-FP32-Compat,round_02_position_2_Cloud-RCS-FP32-Compat,199,logits,1787650271880380700,1787650271917517824,37.136693999999999,2,2,2,,0
Node1,Cloud-RCS-FP16-Opt-v2,round_02_position_3_Cloud-RCS-FP16-Opt-v2,0,logits,1787650296639248374,1787650296669736260,30.487325999999999,2,2,2,,0
Node1,Cloud-RCS-FP16-Opt-v2,round_02_position_3_Cloud-RCS-FP16-Opt-v2,1,logits,1787650296669736760,1787650296701370656,31.633486000000001,2,2,2,,0
Node1,Cloud-RCS-FP16-Opt-v2,round_02_position_3_Cloud-RCS-FP16-Opt-v2,2,logits,1787650296701371156,1787650296732865243,31.493687000000001,2,2,2,,0
Node1,Cloud-RCS-FP16-Opt-v2,round_02_position_3_Cloud-RCS-FP16-Opt-v2,3,logits,1787650296732865883,1787650296764105965,31.239561999999999,2,2,2,,0
Node1,Cloud-RCS-FP16-Opt-v2,round_02_position_3_Cloud-RCS-FP16-Opt-v2,4,logits,1787650296764106515,1787650296795125784,31.018889000000001,2,2,2,,0
Node1,Cloud-RCS-FP16-Opt-v2,round_02_position_3_Cloud-RCS-FP16-Opt-v2,5,logits,1787650296795126324,1787650296826012994,30.886230000000001,2,2,2,,0
Node1,Cloud-RCS-FP16-Opt-v2,round_02_position_3_Cloud-RCS-FP16-Opt-v2,6,logits,1787650296826013864,1787650296857157310,31.143035999999999,2,2,2,,0
Node1,Cloud-RCS-FP16-Opt-v2,round_02_position_3_Cloud-RCS-FP16-Opt-v2,7,logits,1787650296857157810,1787650296888170368,31.012148,2,2,2,,0
Node1,Cloud-RCS-FP16-Opt-v2,round_02_position_3_Cloud-RCS-FP16-Opt-v2,8,logits,1787650296888170868,1787650296919564399,31.393051,2,2,2,,0
Node1,Cloud-RCS-FP16-Opt-v2,round_02_position_3_Cloud-RCS-FP16-Opt-v2,9,logits,1787650296919564929,1787650296951764130,32.198751000000001,2,2,2,,0
Node1,Cloud-RCS-FP16-Opt-v2,round_02_position_3_Cloud-RCS-FP16-Opt-v2,10,logits,1787650296951764670,1787650296985368526,33.603445000000001,2,2,2,,0
Node1,Cloud-RCS-FP16-Opt-v2,round_02_position_3_Cloud-RCS-FP16-Opt-v2,11,logits,1787650296985369286,1787650297018632721,33.263035000000002,2,2,2,,0
Node1,Cloud-RCS-FP16-Opt-v2,round_02_position_3_Cloud-RCS-FP16-Opt-v2,12,logits,1787650297018633251,1787650297054465553,35.831901999999999,2,2,2,,0
Node1,Cloud-RCS-FP16-Opt-v2,round_02_position_3_Cloud-RCS-FP16-Opt-v2,13,logits,1787650297054466073,1787650297088445622,33.978959000000003,2,2,2,,0
Node1,Cloud-RCS-FP16-Opt-v2,round_02_position_3_Cloud-RCS-FP16-Opt-v2,14,logits,1787650297088446212,1787650297127732354,39.285732000000003,2,2,2,,0
Node1,Cloud-RCS-FP16-Opt-v2,round_02_position_3_Cloud-RCS-FP16-Opt-v2,15,logits,1787650297127732884,1787650297159326808,31.593513999999999,2,2,2,,0
Node1,Cloud-RCS-FP16-Opt-v2,round_02_position_3_Cloud-RCS-FP16-Opt-v2,16,logits,1787650297159327348,1787650297189931331,30.603563000000001,2,2,2,,0
Node1,Cloud-RCS-FP16-Opt-v2,round_02_position_3_Cloud-RCS-FP16-Opt-v2,17,logits,1787650297189931871,1787650297222492563,32.560291999999997,2,2,2,,0
Node1,Cloud-RCS-FP16-Opt-v2,round_02_position_3_Cloud-RCS-FP16-Opt-v2,18,logits,1787650297222493133,1787650297254988902,32.495359000000001,2,2,2,,0
Node1,Cloud-RCS-FP16-Opt-v2,round_02_position_3_Cloud-RCS-FP16-Opt-v2,19,logits,1787650297254989422,1787650297286257846,31.267983999999998,2,2,2,,0
Node1,Cloud-RCS-FP16-Opt-v2,round_02_position_3_Cloud-RCS-FP16-Opt-v2,20,logits,1787650297286258346,1787650297320318890,34.060124000000002,2,2,2,,0
Node1,Cloud-RCS-FP16-Opt-v2,round_02_position_3_Cloud-RCS-FP16-Opt-v2,21,logits,1787650297320319390,1787650297354296419,33.976629000000003,2,2,2,,0
Node1,Cloud-RCS-FP16-Opt-v2,round_02_position_3_Cloud-RCS-FP16-Opt-v2,22,logits,1787650297354297189,1787650297388456458,34.158859,2,2,2,,0
Node1,Cloud-RCS-FP16-Opt-v2,round_02_position_3_Cloud-RCS-FP16-Opt-v2,23,logits,1787650297388456988,1787650297417961005,29.503596999999999,2,2,2,,0
Node1,Cloud-RCS-FP16-Opt-v2,round_02_position_3_Cloud-RCS-FP16-Opt-v2,24,logits,1787650297417961545,1787650297450895050,32.933104999999998,2,2,2,,0
Node1,Cloud-RCS-FP16-Opt-v2,round_02_position_3_Cloud-RCS-FP16-Opt-v2,25,logits,1787650297450895550,1787650297484367718,33.471778,2,2,2,,0
Node1,Cloud-RCS-FP16-Opt-v2,round_02_position_3_Cloud-RCS-FP16-Opt-v2,26,logits,1787650297484368228,1787650297517043048,32.674349999999997,2,2,2,,0
Node1,Cloud-RCS-FP16-Opt-v2,round_02_position_3_Cloud-RCS-FP16-Opt-v2,27,logits,1787650297517043608,1787650297549175254,32.131245999999997,2,2,2,,0
Node1,Cloud-RCS-FP16-Opt-v2,round_02_position_3_Cloud-RCS-FP16-Opt-v2,28,logits,1787650297549175754,1787650297581870394,32.694229999999997,2,2,2,,0
Node1,Cloud-RCS-FP16-Opt-v2,round_02_position_3_Cloud-RCS-FP16-Opt-v2,29,logits,1787650297581870904,1787650297614707204,32.835909999999998,2,2,2,,0
Node1,Cloud-RCS-FP16-Opt-v2,round_02_position_3_Cloud-RCS-FP16-Opt-v2,30,logits,1787650297614707714,1787650297649523583,34.815348999999998,2,2,2,,0
Node1,Cloud-RCS-FP16-Opt-v2,round_02_position_3_Cloud-RCS-FP16-Opt-v2,31,logits,1787650297649524093,1787650297682231895,32.707382000000003,2,2,2,,0
Node1,Cloud-RCS-FP16-Opt-v2,round_02_position_3_Cloud-RCS-FP16-Opt-v2,32,logits,1787650297682232395,1787650297715672561,33.439556000000003,2,2,2,,0
Node1,Cloud-RCS-FP16-Opt-v2,round_02_position_3_Cloud-RCS-FP16-Opt-v2,33,logits,1787650297715673331,1787650297747992339,32.318598000000001,2,2,2,,0
Node1,Cloud-RCS-FP16-Opt-v2,round_02_position_3_Cloud-RCS-FP16-Opt-v2,34,logits,1787650297747992869,1787650297780331978,32.338698999999998,2,2,2,,0
Node1,Cloud-RCS-FP16-Opt-v2,round_02_position_3_Cloud-RCS-FP16-Opt-v2,35,logits,1787650297780332538,1787650297811826185,31.493227000000001,2,2,2,,0
Node1,Cloud-RCS-FP16-Opt-v2,round_02_position_3_Cloud-RCS-FP16-Opt-v2,36,logits,1787650297811826715,1787650297842949441,31.122465999999999,2,2,2,,0
Node1,Cloud-RCS-FP16-Opt-v2,round_02_position_3_Cloud-RCS-FP16-Opt-v2,37,logits,1787650297842950171,1787650297874686543,31.735992,2,2,2,,0
Node1,Cloud-RCS-FP16-Opt-v2,round_02_position_3_Cloud-RCS-FP16-Opt-v2,38,logits,1787650297874687063,1787650297904744953,30.05744,2,2,2,,0
Node1,Cloud-RCS-FP16-Opt-v2,round_02_position_3_Cloud-RCS-FP16-Opt-v2,39,logits,1787650297904745463,1787650297936294844,31.548960999999998,2,2,2,,0
Node1,Cloud-RCS-FP16-Opt-v2,round_02_position_3_Cloud-RCS-FP16-Opt-v2,40,logits,1787650297936295344,1787650297967913689,31.617934999999999,2,2,2,,0
Node1,Cloud-RCS-FP16-Opt-v2,round_02_position_3_Cloud-RCS-FP16-Opt-v2,41,logits,1787650297967914229,1787650297999515903,31.601284,2,2,2,,0
Node1,Cloud-RCS-FP16-Opt-v2,round_02_position_3_Cloud-RCS-FP16-Opt-v2,42,logits,1787650297999516463,1787650298031257166,31.740432999999999,2,2,2,,0
Node1,Cloud-RCS-FP16-Opt-v2,round_02_position_3_Cloud-RCS-FP16-Opt-v2,43,logits,1787650298031257706,1787650298063453927,32.195810999999999,2,2,2,,0
Node1,Cloud-RCS-FP16-Opt-v2,round_02_position_3_Cloud-RCS-FP16-Opt-v2,44,logits,1787650298063454347,1787650298097500960,34.046193000000002,2,2,2,,0
Node1,Cloud-RCS-FP16-Opt-v2,round_02_position_3_Cloud-RCS-FP16-Opt-v2,45,logits,1787650298097501490,1787650298139054280,41.552230000000002,2,2,2,,0
Node1,Cloud-RCS-FP16-Opt-v2,round_02_position_3_Cloud-RCS-FP16-Opt-v2,46,logits,1787650298139054780,1787650298174601994,35.546813999999998,2,2,2,,0
Node1,Cloud-RCS-FP16-Opt-v2,round_02_position_3_Cloud-RCS-FP16-Opt-v2,47,logits,1787650298174602494,1787650298210334720,35.731616000000002,2,2,2,,0
Node1,Cloud-RCS-FP16-Opt-v2,round_02_position_3_Cloud-RCS-FP16-Opt-v2,48,logits,1787650298210335310,1787650298243022421,32.686711000000003,2,2,2,,0
Node1,Cloud-RCS-FP16-Opt-v2,round_02_position_3_Cloud-RCS-FP16-Opt-v2,49,logits,1787650298243022951,1787650298277466588,34.443237000000003,2,2,2,,0
Node1,Cloud-RCS-FP16-Opt-v2,round_02_position_3_Cloud-RCS-FP16-Opt-v2,50,logits,1787650298277467118,1787650298311927367,34.459859000000002,2,2,2,,0
Node1,Cloud-RCS-FP16-Opt-v2,round_02_position_3_Cloud-RCS-FP16-Opt-v2,51,logits,1787650298311927867,1787650298346441078,34.512580999999997,2,2,2,,0
Node1,Cloud-RCS-FP16-Opt-v2,round_02_position_3_Cloud-RCS-FP16-Opt-v2,52,logits,1787650298346441648,1787650298381898237,35.456139,2,2,2,,0
Node1,Cloud-RCS-FP16-Opt-v2,round_02_position_3_Cloud-RCS-FP16-Opt-v2,53,logits,1787650298381898677,1787650298416683826,34.784748999999998,2,2,2,,0
Node1,Cloud-RCS-FP16-Opt-v2,round_02_position_3_Cloud-RCS-FP16-Opt-v2,54,logits,1787650298416684366,1787650298451358757,34.673991000000001,2,2,2,,0
Node1,Cloud-RCS-FP16-Opt-v2,round_02_position_3_Cloud-RCS-FP16-Opt-v2,55,logits,1787650298451359257,1787650298486943384,35.583666999999998,2,2,2,,0
Node1,Cloud-RCS-FP16-Opt-v2,round_02_position_3_Cloud-RCS-FP16-Opt-v2,56,logits,1787650298486943884,1787650298521912653,34.968339,2,2,2,,0
Node1,Cloud-RCS-FP16-Opt-v2,round_02_position_3_Cloud-RCS-FP16-Opt-v2,57,logits,1787650298521913213,1787650298556477008,34.563274999999997,2,2,2,,0
Node1,Cloud-RCS-FP16-Opt-v2,round_02_position_3_Cloud-RCS-FP16-Opt-v2,58,logits,1787650298556477548,1787650298601787547,45.309569000000003,2,2,2,,0
Node1,Cloud-RCS-FP16-Opt-v2,round_02_position_3_Cloud-RCS-FP16-Opt-v2,59,logits,1787650298601788067,1787650298642144925,40.356248000000001,2,2,2,,0
Node1,Cloud-RCS-FP16-Opt-v2,round_02_position_3_Cloud-RCS-FP16-Opt-v2,60,logits,1787650298642145485,1787650298676170176,34.024151000000003,2,2,2,,0
Node1,Cloud-RCS-FP16-Opt-v2,round_02_position_3_Cloud-RCS-FP16-Opt-v2,61,logits,1787650298676170676,1787650298709695158,33.524082,2,2,2,,0
Node1,Cloud-RCS-FP16-Opt-v2,round_02_position_3_Cloud-RCS-FP16-Opt-v2,62,logits,1787650298709695678,1787650298744809116,35.113038000000003,2,2,2,,0
Node1,Cloud-RCS-FP16-Opt-v2,round_02_position_3_Cloud-RCS-FP16-Opt-v2,63,logits,1787650298744809636,1787650298778404002,33.593966000000002,2,2,2,,0
Node1,Cloud-RCS-FP16-Opt-v2,round_02_position_3_Cloud-RCS-FP16-Opt-v2,64,logits,1787650298778404492,1787650298811367489,32.962547000000001,2,2,2,,0
Node1,Cloud-RCS-FP16-Opt-v2,round_02_position_3_Cloud-RCS-FP16-Opt-v2,65,logits,1787650298811368339,1787650298845275274,33.906385,2,2,2,,0
Node1,Cloud-RCS-FP16-Opt-v2,round_02_position_3_Cloud-RCS-FP16-Opt-v2,66,logits,1787650298845275864,1787650298878440193,33.163848999999999,2,2,2,,0
Node1,Cloud-RCS-FP16-Opt-v2,round_02_position_3_Cloud-RCS-FP16-Opt-v2,67,logits,1787650298878440613,1787650298910379508,31.938495,2,2,2,,0
Node1,Cloud-RCS-FP16-Opt-v2,round_02_position_3_Cloud-RCS-FP16-Opt-v2,68,logits,1787650298910380008,1787650298943142033,32.761614999999999,2,2,2,,0
Node1,Cloud-RCS-FP16-Opt-v2,round_02_position_3_Cloud-RCS-FP16-Opt-v2,69,logits,1787650298943142663,1787650298977389658,34.246454999999997,2,2,2,,0
Node1,Cloud-RCS-FP16-Opt-v2,round_02_position_3_Cloud-RCS-FP16-Opt-v2,70,logits,1787650298977390168,1787650299010117962,32.727263000000001,2,2,2,,0
Node1,Cloud-RCS-FP16-Opt-v2,round_02_position_3_Cloud-RCS-FP16-Opt-v2,71,logits,1787650299010118472,1787650299044151084,34.032111999999998,2,2,2,,0
Node1,Cloud-RCS-FP16-Opt-v2,round_02_position_3_Cloud-RCS-FP16-Opt-v2,72,logits,1787650299044151884,1787650299078327635,34.175331,2,2,2,,0
Node1,Cloud-RCS-FP16-Opt-v2,round_02_position_3_Cloud-RCS-FP16-Opt-v2,73,logits,1787650299078328185,1787650299111927442,33.598857000000002,2,2,2,,0
Node1,Cloud-RCS-FP16-Opt-v2,round_02_position_3_Cloud-RCS-FP16-Opt-v2,74,logits,1787650299111927942,1787650299144252200,32.323838000000002,2,2,2,,0
Node1,Cloud-RCS-FP16-Opt-v2,round_02_position_3_Cloud-RCS-FP16-Opt-v2,75,logits,1787650299144252750,1787650299175616050,31.362880000000001,2,2,2,,0
Node1,Cloud-RCS-FP16-Opt-v2,round_02_position_3_Cloud-RCS-FP16-Opt-v2,76,logits,1787650299175616550,1787650299207416057,31.799106999999999,2,2,2,,0
Node1,Cloud-RCS-FP16-Opt-v2,round_02_position_3_Cloud-RCS-FP16-Opt-v2,77,logits,1787650299207416597,1787650299239852552,32.435544999999998,2,2,2,,0
Node1,Cloud-RCS-FP16-Opt-v2,round_02_position_3_Cloud-RCS-FP16-Opt-v2,78,logits,1787650299239853262,1787650299271534621,31.680948999999998,2,2,2,,0
Node1,Cloud-RCS-FP16-Opt-v2,round_02_position_3_Cloud-RCS-FP16-Opt-v2,79,logits,1787650299271535151,1787650299303154917,31.619375999999999,2,2,2,,0
Node1,Cloud-RCS-FP16-Opt-v2,round_02_position_3_Cloud-RCS-FP16-Opt-v2,80,logits,1787650299303155427,1787650299334180017,31.024170000000002,2,2,2,,0
Node1,Cloud-RCS-FP16-Opt-v2,round_02_position_3_Cloud-RCS-FP16-Opt-v2,81,logits,1787650299334180547,1787650299366176985,31.996037999999999,2,2,2,,0
Node1,Cloud-RCS-FP16-Opt-v2,round_02_position_3_Cloud-RCS-FP16-Opt-v2,82,logits,1787650299366177485,1787650299397518494,31.340609000000001,2,2,2,,0
Node1,Cloud-RCS-FP16-Opt-v2,round_02_position_3_Cloud-RCS-FP16-Opt-v2,83,logits,1787650299397519044,1787650299428334231,30.814696999999999,2,2,2,,0
Node1,Cloud-RCS-FP16-Opt-v2,round_02_position_3_Cloud-RCS-FP16-Opt-v2,84,logits,1787650299428334751,1787650299459809348,31.474146999999999,2,2,2,,0
Node1,Cloud-RCS-FP16-Opt-v2,round_02_position_3_Cloud-RCS-FP16-Opt-v2,85,logits,1787650299459809848,1787650299492126056,32.315677999999998,2,2,2,,0
Node1,Cloud-RCS-FP16-Opt-v2,round_02_position_3_Cloud-RCS-FP16-Opt-v2,86,logits,1787650299492126606,1787650299525434994,33.307858000000003,2,2,2,,0
Node1,Cloud-RCS-FP16-Opt-v2,round_02_position_3_Cloud-RCS-FP16-Opt-v2,87,logits,1787650299525435584,1787650299561903635,36.467601000000002,2,2,2,,0
Node1,Cloud-RCS-FP16-Opt-v2,round_02_position_3_Cloud-RCS-FP16-Opt-v2,88,logits,1787650299561904225,1787650299597274629,35.369973999999999,2,2,2,,0
Node1,Cloud-RCS-FP16-Opt-v2,round_02_position_3_Cloud-RCS-FP16-Opt-v2,89,logits,1787650299597275129,1787650299633070509,35.794960000000003,2,2,2,,0
Node1,Cloud-RCS-FP16-Opt-v2,round_02_position_3_Cloud-RCS-FP16-Opt-v2,90,logits,1787650299633070959,1787650299669208100,36.136750999999997,2,2,2,,0
Node1,Cloud-RCS-FP16-Opt-v2,round_02_position_3_Cloud-RCS-FP16-Opt-v2,91,logits,1787650299669208670,1787650299706473259,37.264189000000002,2,2,2,,0
Node1,Cloud-RCS-FP16-Opt-v2,round_02_position_3_Cloud-RCS-FP16-Opt-v2,92,logits,1787650299706473809,1787650299741583257,35.109028000000002,2,2,2,,0
Node1,Cloud-RCS-FP16-Opt-v2,round_02_position_3_Cloud-RCS-FP16-Opt-v2,93,logits,1787650299741583757,1787650299774732446,33.148279000000002,2,2,2,,0
Node1,Cloud-RCS-FP16-Opt-v2,round_02_position_3_Cloud-RCS-FP16-Opt-v2,94,logits,1787650299774732976,1787650299812187457,37.454020999999997,2,2,2,,0
Node1,Cloud-RCS-FP16-Opt-v2,round_02_position_3_Cloud-RCS-FP16-Opt-v2,95,logits,1787650299812187987,1787650299851043703,38.855266,2,2,2,,0
Node1,Cloud-RCS-FP16-Opt-v2,round_02_position_3_Cloud-RCS-FP16-Opt-v2,96,logits,1787650299851044163,1787650299890144455,39.099741999999999,2,2,2,,0
Node1,Cloud-RCS-FP16-Opt-v2,round_02_position_3_Cloud-RCS-FP16-Opt-v2,97,logits,1787650299890144975,1787650299928428616,38.283220999999998,2,2,2,,0
Node1,Cloud-RCS-FP16-Opt-v2,round_02_position_3_Cloud-RCS-FP16-Opt-v2,98,logits,1787650299928429136,1787650299965445670,37.016134000000001,2,2,2,,0
Node1,Cloud-RCS-FP16-Opt-v2,round_02_position_3_Cloud-RCS-FP16-Opt-v2,99,logits,1787650299965446250,1787650299998169653,32.722982999999999,2,2,2,,0
Node1,Cloud-RCS-FP16-Opt-v2,round_02_position_3_Cloud-RCS-FP16-Opt-v2,100,logits,1787650299998170193,1787650300034958484,36.787770999999999,2,2,2,,0
Node1,Cloud-RCS-FP16-Opt-v2,round_02_position_3_Cloud-RCS-FP16-Opt-v2,101,logits,1787650300034959264,1787650300072620608,37.660823999999998,2,2,2,,0
Node1,Cloud-RCS-FP16-Opt-v2,round_02_position_3_Cloud-RCS-FP16-Opt-v2,102,logits,1787650300072621138,1787650300110475504,37.853955999999997,2,2,2,,0
Node1,Cloud-RCS-FP16-Opt-v2,round_02_position_3_Cloud-RCS-FP16-Opt-v2,103,logits,1787650300110475874,1787650300148852841,38.376407,2,2,2,,0
Node1,Cloud-RCS-FP16-Opt-v2,round_02_position_3_Cloud-RCS-FP16-Opt-v2,104,logits,1787650300148853281,1787650300186927230,38.073469000000003,2,2,2,,0
Node1,Cloud-RCS-FP16-Opt-v2,round_02_position_3_Cloud-RCS-FP16-Opt-v2,105,logits,1787650300186927670,1787650300226391593,39.463403,2,2,2,,0
Node1,Cloud-RCS-FP16-Opt-v2,round_02_position_3_Cloud-RCS-FP16-Opt-v2,106,logits,1787650300226392133,1787650300257124165,30.731572,2,2,2,,0
Node1,Cloud-RCS-FP16-Opt-v2,round_02_position_3_Cloud-RCS-FP16-Opt-v2,107,logits,1787650300257124545,1787650300293860793,36.735697999999999,2,2,2,,0
Node1,Cloud-RCS-FP16-Opt-v2,round_02_position_3_Cloud-RCS-FP16-Opt-v2,108,logits,1787650300293861603,1787650300332773913,38.911839999999998,2,2,2,,0
Node1,Cloud-RCS-FP16-Opt-v2,round_02_position_3_Cloud-RCS-FP16-Opt-v2,109,logits,1787650300332774503,1787650300370522442,37.747399000000001,2,2,2,,0
Node1,Cloud-RCS-FP16-Opt-v2,round_02_position_3_Cloud-RCS-FP16-Opt-v2,110,logits,1787650300370522942,1787650300408188176,37.664603999999997,2,2,2,,0
Node1,Cloud-RCS-FP16-Opt-v2,round_02_position_3_Cloud-RCS-FP16-Opt-v2,111,logits,1787650300408188786,1787650300447553794,39.364507000000003,2,2,2,,0
Node1,Cloud-RCS-FP16-Opt-v2,round_02_position_3_Cloud-RCS-FP16-Opt-v2,112,logits,1787650300447554444,1787650300485443752,37.888596999999997,2,2,2,,0
Node1,Cloud-RCS-FP16-Opt-v2,round_02_position_3_Cloud-RCS-FP16-Opt-v2,113,logits,1787650300485444302,1787650300521396831,35.952159000000002,2,2,2,,0
Node1,Cloud-RCS-FP16-Opt-v2,round_02_position_3_Cloud-RCS-FP16-Opt-v2,114,logits,1787650300521397391,1787650300560722656,39.324845000000003,2,2,2,,0
Node1,Cloud-RCS-FP16-Opt-v2,round_02_position_3_Cloud-RCS-FP16-Opt-v2,115,logits,1787650300560723197,1787650300597799114,37.075516999999998,2,2,2,,0
Node1,Cloud-RCS-FP16-Opt-v2,round_02_position_3_Cloud-RCS-FP16-Opt-v2,116,logits,1787650300597799614,1787650300644377101,46.577126999999997,2,2,2,,0
Node1,Cloud-RCS-FP16-Opt-v2,round_02_position_3_Cloud-RCS-FP16-Opt-v2,117,logits,1787650300644378261,1787650300685323365,40.944673999999999,2,2,2,,0
Node1,Cloud-RCS-FP16-Opt-v2,round_02_position_3_Cloud-RCS-FP16-Opt-v2,118,logits,1787650300685323885,1787650300720432224,35.107188999999998,2,2,2,,0
Node1,Cloud-RCS-FP16-Opt-v2,round_02_position_3_Cloud-RCS-FP16-Opt-v2,119,logits,1787650300720432714,1787650300753576502,33.143287999999998,2,2,2,,0
Node1,Cloud-RCS-FP16-Opt-v2,round_02_position_3_Cloud-RCS-FP16-Opt-v2,120,logits,1787650300753577022,1787650300786545330,32.968048000000003,2,2,2,,0
Node1,Cloud-RCS-FP16-Opt-v2,round_02_position_3_Cloud-RCS-FP16-Opt-v2,121,logits,1787650300786545711,1787650300818152435,31.606334,2,2,2,,0
Node1,Cloud-RCS-FP16-Opt-v2,round_02_position_3_Cloud-RCS-FP16-Opt-v2,122,logits,1787650300818152935,1787650300849870967,31.717621999999999,2,2,2,,0
Node1,Cloud-RCS-FP16-Opt-v2,round_02_position_3_Cloud-RCS-FP16-Opt-v2,123,logits,1787650300849871507,1787650300880849024,30.977117,2,2,2,,0
Node1,Cloud-RCS-FP16-Opt-v2,round_02_position_3_Cloud-RCS-FP16-Opt-v2,124,logits,1787650300880849604,1787650300912154951,31.304817,2,2,2,,0
Node1,Cloud-RCS-FP16-Opt-v2,round_02_position_3_Cloud-RCS-FP16-Opt-v2,125,logits,1787650300912155481,1787650300943743125,31.587243999999998,2,2,2,,0
Node1,Cloud-RCS-FP16-Opt-v2,round_02_position_3_Cloud-RCS-FP16-Opt-v2,126,logits,1787650300943743665,1787650300973991137,30.247062,2,2,2,,0
Node1,Cloud-RCS-FP16-Opt-v2,round_02_position_3_Cloud-RCS-FP16-Opt-v2,127,logits,1787650300973991667,1787650301004330985,30.338937999999999,2,2,2,,0
Node1,Cloud-RCS-FP16-Opt-v2,round_02_position_3_Cloud-RCS-FP16-Opt-v2,128,logits,1787650301004331475,1787650301034833263,30.501387999999999,2,2,2,,0
Node1,Cloud-RCS-FP16-Opt-v2,round_02_position_3_Cloud-RCS-FP16-Opt-v2,129,logits,1787650301034833773,1787650301064368802,29.534618999999999,2,2,2,,0
Node1,Cloud-RCS-FP16-Opt-v2,round_02_position_3_Cloud-RCS-FP16-Opt-v2,130,logits,1787650301064369312,1787650301094447294,30.077562,2,2,2,,0
Node1,Cloud-RCS-FP16-Opt-v2,round_02_position_3_Cloud-RCS-FP16-Opt-v2,131,logits,1787650301094447824,1787650301124737789,30.289574999999999,2,2,2,,0
Node1,Cloud-RCS-FP16-Opt-v2,round_02_position_3_Cloud-RCS-FP16-Opt-v2,132,logits,1787650301124739209,1787650301154710725,29.970825999999999,2,2,2,,0
Node1,Cloud-RCS-FP16-Opt-v2,round_02_position_3_Cloud-RCS-FP16-Opt-v2,133,logits,1787650301154711105,1787650301187426118,32.714623000000003,2,2,2,,0
Node1,Cloud-RCS-FP16-Opt-v2,round_02_position_3_Cloud-RCS-FP16-Opt-v2,134,logits,1787650301187426528,1787650301220556166,33.129218000000002,2,2,2,,0
Node1,Cloud-RCS-FP16-Opt-v2,round_02_position_3_Cloud-RCS-FP16-Opt-v2,135,logits,1787650301220556676,1787650301253132900,32.575823999999997,2,2,2,,0
Node1,Cloud-RCS-FP16-Opt-v2,round_02_position_3_Cloud-RCS-FP16-Opt-v2,136,logits,1787650301253133410,1787650301284246725,31.112935,2,2,2,,0
Node1,Cloud-RCS-FP16-Opt-v2,round_02_position_3_Cloud-RCS-FP16-Opt-v2,137,logits,1787650301284247276,1787650301314482677,30.234921,2,2,2,,0
Node1,Cloud-RCS-FP16-Opt-v2,round_02_position_3_Cloud-RCS-FP16-Opt-v2,138,logits,1787650301314483217,1787650301345709949,31.226331999999999,2,2,2,,0
Node1,Cloud-RCS-FP16-Opt-v2,round_02_position_3_Cloud-RCS-FP16-Opt-v2,139,logits,1787650301345710489,1787650301376752740,31.041871,2,2,2,,0
Node1,Cloud-RCS-FP16-Opt-v2,round_02_position_3_Cloud-RCS-FP16-Opt-v2,140,logits,1787650301376753280,1787650301406271858,29.518187999999999,2,2,2,,0
Node1,Cloud-RCS-FP16-Opt-v2,round_02_position_3_Cloud-RCS-FP16-Opt-v2,141,logits,1787650301406272378,1787650301435957086,29.684318000000001,2,2,2,,0
Node1,Cloud-RCS-FP16-Opt-v2,round_02_position_3_Cloud-RCS-FP16-Opt-v2,142,logits,1787650301435957607,1787650301466510487,30.552499999999998,2,2,2,,0
Node1,Cloud-RCS-FP16-Opt-v2,round_02_position_3_Cloud-RCS-FP16-Opt-v2,143,logits,1787650301466511008,1787650301495714877,29.203479000000002,2,2,2,,0
Node1,Cloud-RCS-FP16-Opt-v2,round_02_position_3_Cloud-RCS-FP16-Opt-v2,144,logits,1787650301495715377,1787650301525622238,29.906600999999998,2,2,2,,0
Node1,Cloud-RCS-FP16-Opt-v2,round_02_position_3_Cloud-RCS-FP16-Opt-v2,145,logits,1787650301525622618,1787650301556192071,30.569071999999998,2,2,2,,0
Node1,Cloud-RCS-FP16-Opt-v2,round_02_position_3_Cloud-RCS-FP16-Opt-v2,146,logits,1787650301556192891,1787650301585858907,29.665616,2,2,2,,0
Node1,Cloud-RCS-FP16-Opt-v2,round_02_position_3_Cloud-RCS-FP16-Opt-v2,147,logits,1787650301585859557,1787650301616798802,30.938845000000001,2,2,2,,0
Node1,Cloud-RCS-FP16-Opt-v2,round_02_position_3_Cloud-RCS-FP16-Opt-v2,148,logits,1787650301616799312,1787650301647422097,30.622385000000001,2,2,2,,0
Node1,Cloud-RCS-FP16-Opt-v2,round_02_position_3_Cloud-RCS-FP16-Opt-v2,149,logits,1787650301647422487,1787650301677127847,29.704969999999999,2,2,2,,0
Node1,Cloud-RCS-FP16-Opt-v2,round_02_position_3_Cloud-RCS-FP16-Opt-v2,150,logits,1787650301677128377,1787650301707918242,30.789455,2,2,2,,0
Node1,Cloud-RCS-FP16-Opt-v2,round_02_position_3_Cloud-RCS-FP16-Opt-v2,151,logits,1787650301707919093,1787650301738623153,30.70364,2,2,2,,0
Node1,Cloud-RCS-FP16-Opt-v2,round_02_position_3_Cloud-RCS-FP16-Opt-v2,152,logits,1787650301738623643,1787650301771077680,32.453287000000003,2,2,2,,0
Node1,Cloud-RCS-FP16-Opt-v2,round_02_position_3_Cloud-RCS-FP16-Opt-v2,153,logits,1787650301771078160,1787650301802257689,31.178999000000001,2,2,2,,0
Node1,Cloud-RCS-FP16-Opt-v2,round_02_position_3_Cloud-RCS-FP16-Opt-v2,154,logits,1787650301802258239,1787650301834484972,32.226332999999997,2,2,2,,0
Node1,Cloud-RCS-FP16-Opt-v2,round_02_position_3_Cloud-RCS-FP16-Opt-v2,155,logits,1787650301834485472,1787650301865427047,30.941175000000001,2,2,2,,0
Node1,Cloud-RCS-FP16-Opt-v2,round_02_position_3_Cloud-RCS-FP16-Opt-v2,156,logits,1787650301865427577,1787650301896970348,31.542361,2,2,2,,0
Node1,Cloud-RCS-FP16-Opt-v2,round_02_position_3_Cloud-RCS-FP16-Opt-v2,157,logits,1787650301896970748,1787650301928758135,31.786916999999999,2,2,2,,0
Node1,Cloud-RCS-FP16-Opt-v2,round_02_position_3_Cloud-RCS-FP16-Opt-v2,158,logits,1787650301928758655,1787650301962209162,33.450066999999997,2,2,2,,0
Node1,Cloud-RCS-FP16-Opt-v2,round_02_position_3_Cloud-RCS-FP16-Opt-v2,159,logits,1787650301962209972,1787650301993039930,30.829557999999999,2,2,2,,0
Node1,Cloud-RCS-FP16-Opt-v2,round_02_position_3_Cloud-RCS-FP16-Opt-v2,160,logits,1787650301993040370,1787650302027503119,34.462339,2,2,2,,0
Node1,Cloud-RCS-FP16-Opt-v2,round_02_position_3_Cloud-RCS-FP16-Opt-v2,161,logits,1787650302027503889,1787650302061826040,34.321750999999999,2,2,2,,0
Node1,Cloud-RCS-FP16-Opt-v2,round_02_position_3_Cloud-RCS-FP16-Opt-v2,162,logits,1787650302061826650,1787650302094745286,32.918236,2,2,2,,0
Node1,Cloud-RCS-FP16-Opt-v2,round_02_position_3_Cloud-RCS-FP16-Opt-v2,163,logits,1787650302094745866,1787650302127816991,33.070715,2,2,2,,0
Node1,Cloud-RCS-FP16-Opt-v2,round_02_position_3_Cloud-RCS-FP16-Opt-v2,164,logits,1787650302127817511,1787650302160404526,32.586595000000003,2,2,2,,0
Node1,Cloud-RCS-FP16-Opt-v2,round_02_position_3_Cloud-RCS-FP16-Opt-v2,165,logits,1787650302160404906,1787650302195094439,34.689033000000002,2,2,2,,0
Node1,Cloud-RCS-FP16-Opt-v2,round_02_position_3_Cloud-RCS-FP16-Opt-v2,166,logits,1787650302195094909,1787650302229022926,33.927486999999999,2,2,2,,0
Node1,Cloud-RCS-FP16-Opt-v2,round_02_position_3_Cloud-RCS-FP16-Opt-v2,167,logits,1787650302229023446,1787650302263056179,34.032093000000003,2,2,2,,0
Node1,Cloud-RCS-FP16-Opt-v2,round_02_position_3_Cloud-RCS-FP16-Opt-v2,168,logits,1787650302263056729,1787650302296221500,33.164351000000003,2,2,2,,0
Node1,Cloud-RCS-FP16-Opt-v2,round_02_position_3_Cloud-RCS-FP16-Opt-v2,169,logits,1787650302296221880,1787650302328722050,32.499760000000002,2,2,2,,0
Node1,Cloud-RCS-FP16-Opt-v2,round_02_position_3_Cloud-RCS-FP16-Opt-v2,170,logits,1787650302328722440,1787650302360604512,31.881682000000001,2,2,2,,0
Node1,Cloud-RCS-FP16-Opt-v2,round_02_position_3_Cloud-RCS-FP16-Opt-v2,171,logits,1787650302360604912,1787650302392456202,31.85088,2,2,2,,0
Node1,Cloud-RCS-FP16-Opt-v2,round_02_position_3_Cloud-RCS-FP16-Opt-v2,172,logits,1787650302392456602,1787650302424076849,31.619847,2,2,2,,0
Node1,Cloud-RCS-FP16-Opt-v2,round_02_position_3_Cloud-RCS-FP16-Opt-v2,173,logits,1787650302424077199,1787650302456055737,31.978138000000001,2,2,2,,0
Node1,Cloud-RCS-FP16-Opt-v2,round_02_position_3_Cloud-RCS-FP16-Opt-v2,174,logits,1787650302456056437,1787650302487653042,31.596205000000001,2,2,2,,0
Node1,Cloud-RCS-FP16-Opt-v2,round_02_position_3_Cloud-RCS-FP16-Opt-v2,175,logits,1787650302487653382,1787650302520143021,32.489218999999999,2,2,2,,0
Node1,Cloud-RCS-FP16-Opt-v2,round_02_position_3_Cloud-RCS-FP16-Opt-v2,176,logits,1787650302520143611,1787650302552431048,32.287036999999998,2,2,2,,0
Node1,Cloud-RCS-FP16-Opt-v2,round_02_position_3_Cloud-RCS-FP16-Opt-v2,177,logits,1787650302552431428,1787650302584025963,31.594135000000001,2,2,2,,0
Node1,Cloud-RCS-FP16-Opt-v2,round_02_position_3_Cloud-RCS-FP16-Opt-v2,178,logits,1787650302584026373,1787650302615532682,31.505908999999999,2,2,2,,0
Node1,Cloud-RCS-FP16-Opt-v2,round_02_position_3_Cloud-RCS-FP16-Opt-v2,179,logits,1787650302615533032,1787650302646873861,31.340429,2,2,2,,0
Node1,Cloud-RCS-FP16-Opt-v2,round_02_position_3_Cloud-RCS-FP16-Opt-v2,180,logits,1787650302646874401,1787650302678612645,31.737833999999999,2,2,2,,0
Node1,Cloud-RCS-FP16-Opt-v2,round_02_position_3_Cloud-RCS-FP16-Opt-v2,181,logits,1787650302678613045,1787650302710372810,31.759354999999999,2,2,2,,0
Node1,Cloud-RCS-FP16-Opt-v2,round_02_position_3_Cloud-RCS-FP16-Opt-v2,182,logits,1787650302710373190,1787650302746122297,35.748666999999998,2,2,2,,0
Node1,Cloud-RCS-FP16-Opt-v2,round_02_position_3_Cloud-RCS-FP16-Opt-v2,183,logits,1787650302746122658,1787650302777842370,31.719291999999999,2,2,2,,0
Node1,Cloud-RCS-FP16-Opt-v2,round_02_position_3_Cloud-RCS-FP16-Opt-v2,184,logits,1787650302777842770,1787650302810236813,32.393613000000002,2,2,2,,0
Node1,Cloud-RCS-FP16-Opt-v2,round_02_position_3_Cloud-RCS-FP16-Opt-v2,185,logits,1787650302810237103,1787650302842451246,32.213393000000003,2,2,2,,0
Node1,Cloud-RCS-FP16-Opt-v2,round_02_position_3_Cloud-RCS-FP16-Opt-v2,186,logits,1787650302842451626,1787650302875417334,32.965308,2,2,2,,0
Node1,Cloud-RCS-FP16-Opt-v2,round_02_position_3_Cloud-RCS-FP16-Opt-v2,187,logits,1787650302875417764,1787650302910024753,34.606569,2,2,2,,0
Node1,Cloud-RCS-FP16-Opt-v2,round_02_position_3_Cloud-RCS-FP16-Opt-v2,188,logits,1787650302910025423,1787650302946107021,36.081158000000002,2,2,2,,0
Node1,Cloud-RCS-FP16-Opt-v2,round_02_position_3_Cloud-RCS-FP16-Opt-v2,189,logits,1787650302946107451,1787650302984146018,38.038046999999999,2,2,2,,0
Node1,Cloud-RCS-FP16-Opt-v2,round_02_position_3_Cloud-RCS-FP16-Opt-v2,190,logits,1787650302984146358,1787650303021113880,36.967032000000003,2,2,2,,0
Node1,Cloud-RCS-FP16-Opt-v2,round_02_position_3_Cloud-RCS-FP16-Opt-v2,191,logits,1787650303021114230,1787650303057005587,35.890967000000003,2,2,2,,0
Node1,Cloud-RCS-FP16-Opt-v2,round_02_position_3_Cloud-RCS-FP16-Opt-v2,192,logits,1787650303057005937,1787650303089715060,32.708703,2,2,2,,0
Node1,Cloud-RCS-FP16-Opt-v2,round_02_position_3_Cloud-RCS-FP16-Opt-v2,193,logits,1787650303089715470,1787650303134183279,44.467298999999997,2,2,2,,0
Node1,Cloud-RCS-FP16-Opt-v2,round_02_position_3_Cloud-RCS-FP16-Opt-v2,194,logits,1787650303134183659,1787650303172670764,38.486575000000002,2,2,2,,0
Node1,Cloud-RCS-FP16-Opt-v2,round_02_position_3_Cloud-RCS-FP16-Opt-v2,195,logits,1787650303172671114,1787650303205744489,33.072895000000003,2,2,2,,0
Node1,Cloud-RCS-FP16-Opt-v2,round_02_position_3_Cloud-RCS-FP16-Opt-v2,196,logits,1787650303205744889,1787650303238129132,32.383783000000001,2,2,2,,0
Node1,Cloud-RCS-FP16-Opt-v2,round_02_position_3_Cloud-RCS-FP16-Opt-v2,197,logits,1787650303238129532,1787650303270521766,32.391573999999999,2,2,2,,0
Node1,Cloud-RCS-FP16-Opt-v2,round_02_position_3_Cloud-RCS-FP16-Opt-v2,198,logits,1787650303270522246,1787650303304136254,33.613598000000003,2,2,2,,0
Node1,Cloud-RCS-FP16-Opt-v2,round_02_position_3_Cloud-RCS-FP16-Opt-v2,199,logits,1787650303304136664,1787650303338081552,33.944378,2,2,2,,0
Node1,Cloud-RCS-FP16-Opt-v2,round_03_position_1_Cloud-RCS-FP16-Opt-v2,0,logits,1787650329342805701,1787650329377719904,34.913623000000001,2,2,2,,0
Node1,Cloud-RCS-FP16-Opt-v2,round_03_position_1_Cloud-RCS-FP16-Opt-v2,1,logits,1787650329377720484,1787650329411459215,33.738301,2,2,2,,0
Node1,Cloud-RCS-FP16-Opt-v2,round_03_position_1_Cloud-RCS-FP16-Opt-v2,2,logits,1787650329411459585,1787650329445260960,33.800964999999998,2,2,2,,0
Node1,Cloud-RCS-FP16-Opt-v2,round_03_position_1_Cloud-RCS-FP16-Opt-v2,3,logits,1787650329445261240,1787650329480170463,34.908833000000001,2,2,2,,0
Node1,Cloud-RCS-FP16-Opt-v2,round_03_position_1_Cloud-RCS-FP16-Opt-v2,4,logits,1787650329480170723,1787650329512719172,32.547908999999997,2,2,2,,0
Node1,Cloud-RCS-FP16-Opt-v2,round_03_position_1_Cloud-RCS-FP16-Opt-v2,5,logits,1787650329512719542,1787650329549766066,37.046123999999999,2,2,2,,0
Node1,Cloud-RCS-FP16-Opt-v2,round_03_position_1_Cloud-RCS-FP16-Opt-v2,6,logits,1787650329549766316,1787650329583308885,33.542178,2,2,2,,0
Node1,Cloud-RCS-FP16-Opt-v2,round_03_position_1_Cloud-RCS-FP16-Opt-v2,7,logits,1787650329583309135,1787650329617176394,33.866838999999999,2,2,2,,0
Node1,Cloud-RCS-FP16-Opt-v2,round_03_position_1_Cloud-RCS-FP16-Opt-v2,8,logits,1787650329617176774,1787650329652308930,35.131735999999997,2,2,2,,0
Node1,Cloud-RCS-FP16-Opt-v2,round_03_position_1_Cloud-RCS-FP16-Opt-v2,9,logits,1787650329652309460,1787650329685804297,33.494416999999999,2,2,2,,0
Node1,Cloud-RCS-FP16-Opt-v2,round_03_position_1_Cloud-RCS-FP16-Opt-v2,10,logits,1787650329685804667,1787650329720254962,34.449894999999998,2,2,2,,0
Node1,Cloud-RCS-FP16-Opt-v2,round_03_position_1_Cloud-RCS-FP16-Opt-v2,11,logits,1787650329720255232,1787650329754609011,34.353318999999999,2,2,2,,0
Node1,Cloud-RCS-FP16-Opt-v2,round_03_position_1_Cloud-RCS-FP16-Opt-v2,12,logits,1787650329754609411,1787650329789101838,34.491987000000002,2,2,2,,0
Node1,Cloud-RCS-FP16-Opt-v2,round_03_position_1_Cloud-RCS-FP16-Opt-v2,13,logits,1787650329789102418,1787650329821620615,32.517797000000002,2,2,2,,0
Node1,Cloud-RCS-FP16-Opt-v2,round_03_position_1_Cloud-RCS-FP16-Opt-v2,14,logits,1787650329821620995,1787650329853838913,32.217508000000002,2,2,2,,0
Node1,Cloud-RCS-FP16-Opt-v2,round_03_position_1_Cloud-RCS-FP16-Opt-v2,15,logits,1787650329853839293,1787650329887030601,33.190888000000001,2,2,2,,0
Node1,Cloud-RCS-FP16-Opt-v2,round_03_position_1_Cloud-RCS-FP16-Opt-v2,16,logits,1787650329887030861,1787650329932912644,45.881303000000003,2,2,2,,0
Node1,Cloud-RCS-FP16-Opt-v2,round_03_position_1_Cloud-RCS-FP16-Opt-v2,17,logits,1787650329932912894,1787650329973752189,40.838794999999998,2,2,2,,0
Node1,Cloud-RCS-FP16-Opt-v2,round_03_position_1_Cloud-RCS-FP16-Opt-v2,18,logits,1787650329973752469,1787650330013589544,39.836644999999997,2,2,2,,0
Node1,Cloud-RCS-FP16-Opt-v2,round_03_position_1_Cloud-RCS-FP16-Opt-v2,19,logits,1787650330013590134,1787650330052272177,38.681193,2,2,2,,0
Node1,Cloud-RCS-FP16-Opt-v2,round_03_position_1_Cloud-RCS-FP16-Opt-v2,20,logits,1787650330052272547,1787650330084075621,31.802554000000001,2,2,2,,0
Node1,Cloud-RCS-FP16-Opt-v2,round_03_position_1_Cloud-RCS-FP16-Opt-v2,21,logits,1787650330084075871,1787650330122485988,38.409526999999997,2,2,2,,0
Node1,Cloud-RCS-FP16-Opt-v2,round_03_position_1_Cloud-RCS-FP16-Opt-v2,22,logits,1787650330122486378,1787650330160172020,37.685102000000001,2,2,2,,0
Node1,Cloud-RCS-FP16-Opt-v2,round_03_position_1_Cloud-RCS-FP16-Opt-v2,23,logits,1787650330160172400,1787650330195268325,35.095505000000003,2,2,2,,0
Node1,Cloud-RCS-FP16-Opt-v2,round_03_position_1_Cloud-RCS-FP16-Opt-v2,24,logits,1787650330195268735,1787650330231008449,35.739314,2,2,2,,0
Node1,Cloud-RCS-FP16-Opt-v2,round_03_position_1_Cloud-RCS-FP16-Opt-v2,25,logits,1787650330231008859,1787650330267804907,36.795658000000003,2,2,2,,0
Node1,Cloud-RCS-FP16-Opt-v2,round_03_position_1_Cloud-RCS-FP16-Opt-v2,26,logits,1787650330267805287,1787650330322143417,54.337609999999998,2,2,2,,0
Node1,Cloud-RCS-FP16-Opt-v2,round_03_position_1_Cloud-RCS-FP16-Opt-v2,27,logits,1787650330322143827,1787650330360686432,38.542214999999999,2,2,2,,0
Node1,Cloud-RCS-FP16-Opt-v2,round_03_position_1_Cloud-RCS-FP16-Opt-v2,28,logits,1787650330360686903,1787650330397035473,36.348170000000003,2,2,2,,0
Node1,Cloud-RCS-FP16-Opt-v2,round_03_position_1_Cloud-RCS-FP16-Opt-v2,29,logits,1787650330397035883,1787650330433683043,36.646700000000003,2,2,2,,0
Node1,Cloud-RCS-FP16-Opt-v2,round_03_position_1_Cloud-RCS-FP16-Opt-v2,30,logits,1787650330433683463,1787650330470923078,37.239215000000002,2,2,2,,0
Node1,Cloud-RCS-FP16-Opt-v2,round_03_position_1_Cloud-RCS-FP16-Opt-v2,31,logits,1787650330470923448,1787650330509137663,38.213774999999998,2,2,2,,0
Node1,Cloud-RCS-FP16-Opt-v2,round_03_position_1_Cloud-RCS-FP16-Opt-v2,32,logits,1787650330509138093,1787650330548148717,39.010204000000002,2,2,2,,0
Node1,Cloud-RCS-FP16-Opt-v2,round_03_position_1_Cloud-RCS-FP16-Opt-v2,33,logits,1787650330548149097,1787650330582765052,34.615524999999998,2,2,2,,0
Node1,Cloud-RCS-FP16-Opt-v2,round_03_position_1_Cloud-RCS-FP16-Opt-v2,34,logits,1787650330582765453,1787650330618392369,35.626496000000003,2,2,2,,0
Node1,Cloud-RCS-FP16-Opt-v2,round_03_position_1_Cloud-RCS-FP16-Opt-v2,35,logits,1787650330618392769,1787650330651066356,32.673177000000003,2,2,2,,0
Node1,Cloud-RCS-FP16-Opt-v2,round_03_position_1_Cloud-RCS-FP16-Opt-v2,36,logits,1787650330651066766,1787650330686458048,35.390872000000002,2,2,2,,0
Node1,Cloud-RCS-FP16-Opt-v2,round_03_position_1_Cloud-RCS-FP16-Opt-v2,37,logits,1787650330686458308,1787650330718933303,32.474474999999998,2,2,2,,0
Node1,Cloud-RCS-FP16-Opt-v2,round_03_position_1_Cloud-RCS-FP16-Opt-v2,38,logits,1787650330718933703,1787650330752371926,33.437812999999998,2,2,2,,0
Node1,Cloud-RCS-FP16-Opt-v2,round_03_position_1_Cloud-RCS-FP16-Opt-v2,39,logits,1787650330752372296,1787650330785635188,33.262472000000002,2,2,2,,0
Node1,Cloud-RCS-FP16-Opt-v2,round_03_position_1_Cloud-RCS-FP16-Opt-v2,40,logits,1787650330785635558,1787650330819785185,34.148966999999999,2,2,2,,0
Node1,Cloud-RCS-FP16-Opt-v2,round_03_position_1_Cloud-RCS-FP16-Opt-v2,41,logits,1787650330819785585,1787650330852568348,32.782333000000001,2,2,2,,0
Node1,Cloud-RCS-FP16-Opt-v2,round_03_position_1_Cloud-RCS-FP16-Opt-v2,42,logits,1787650330852568768,1787650330886493561,33.924413000000001,2,2,2,,0
Node1,Cloud-RCS-FP16-Opt-v2,round_03_position_1_Cloud-RCS-FP16-Opt-v2,43,logits,1787650330886494001,1787650330923265948,36.771507,2,2,2,,0
Node1,Cloud-RCS-FP16-Opt-v2,round_03_position_1_Cloud-RCS-FP16-Opt-v2,44,logits,1787650330923266328,1787650330957286407,34.019669,2,2,2,,0
Node1,Cloud-RCS-FP16-Opt-v2,round_03_position_1_Cloud-RCS-FP16-Opt-v2,45,logits,1787650330957286827,1787650330990877930,33.590623000000001,2,2,2,,0
Node1,Cloud-RCS-FP16-Opt-v2,round_03_position_1_Cloud-RCS-FP16-Opt-v2,46,logits,1787650330990878360,1787650331026658276,35.779235999999997,2,2,2,,0
Node1,Cloud-RCS-FP16-Opt-v2,round_03_position_1_Cloud-RCS-FP16-Opt-v2,47,logits,1787650331026658646,1787650331064357790,37.698703999999999,2,2,2,,0
Node1,Cloud-RCS-FP16-Opt-v2,round_03_position_1_Cloud-RCS-FP16-Opt-v2,48,logits,1787650331064358200,1787650331100783036,36.424356000000003,2,2,2,,0
Node1,Cloud-RCS-FP16-Opt-v2,round_03_position_1_Cloud-RCS-FP16-Opt-v2,49,logits,1787650331100783426,1787650331135252252,34.468395999999998,2,2,2,,0
Node1,Cloud-RCS-FP16-Opt-v2,round_03_position_1_Cloud-RCS-FP16-Opt-v2,50,logits,1787650331135252672,1787650331172472157,37.219034999999998,2,2,2,,0
Node1,Cloud-RCS-FP16-Opt-v2,round_03_position_1_Cloud-RCS-FP16-Opt-v2,51,logits,1787650331172472437,1787650331209857111,37.384093999999997,2,2,2,,0
Node1,Cloud-RCS-FP16-Opt-v2,round_03_position_1_Cloud-RCS-FP16-Opt-v2,52,logits,1787650331209857631,1787650331245376122,35.518090999999998,2,2,2,,0
Node1,Cloud-RCS-FP16-Opt-v2,round_03_position_1_Cloud-RCS-FP16-Opt-v2,53,logits,1787650331245381102,1787650331280633996,35.252464000000003,2,2,2,,0
Node1,Cloud-RCS-FP16-Opt-v2,round_03_position_1_Cloud-RCS-FP16-Opt-v2,54,logits,1787650331280634616,1787650331313526147,32.891111000000002,2,2,2,,0
Node1,Cloud-RCS-FP16-Opt-v2,round_03_position_1_Cloud-RCS-FP16-Opt-v2,55,logits,1787650331313526717,1787650331347037594,33.510497000000001,2,2,2,,0
Node1,Cloud-RCS-FP16-Opt-v2,round_03_position_1_Cloud-RCS-FP16-Opt-v2,56,logits,1787650331347037974,1787650331380627007,33.588473,2,2,2,,0
Node1,Cloud-RCS-FP16-Opt-v2,round_03_position_1_Cloud-RCS-FP16-Opt-v2,57,logits,1787650331380627407,1787650331413865738,33.237910999999997,2,2,2,,0
Node1,Cloud-RCS-FP16-Opt-v2,round_03_position_1_Cloud-RCS-FP16-Opt-v2,58,logits,1787650331413866138,1787650331447280870,33.414341999999998,2,2,2,,0
Node1,Cloud-RCS-FP16-Opt-v2,round_03_position_1_Cloud-RCS-FP16-Opt-v2,59,logits,1787650331447281250,1787650331479742354,32.460714000000003,2,2,2,,0
Node1,Cloud-RCS-FP16-Opt-v2,round_03_position_1_Cloud-RCS-FP16-Opt-v2,60,logits,1787650331479742734,1787650331515271705,35.528540999999997,2,2,2,,0
Node1,Cloud-RCS-FP16-Opt-v2,round_03_position_1_Cloud-RCS-FP16-Opt-v2,61,logits,1787650331515272275,1787650331551217792,35.945096999999997,2,2,2,,0
Node1,Cloud-RCS-FP16-Opt-v2,round_03_position_1_Cloud-RCS-FP16-Opt-v2,62,logits,1787650331551218192,1787650331584867418,33.648815999999997,2,2,2,,0
Node1,Cloud-RCS-FP16-Opt-v2,round_03_position_1_Cloud-RCS-FP16-Opt-v2,63,logits,1787650331584867668,1787650331619881228,35.01314,2,2,2,,0
Node1,Cloud-RCS-FP16-Opt-v2,round_03_position_1_Cloud-RCS-FP16-Opt-v2,64,logits,1787650331619881648,1787650331656434302,36.552222999999998,2,2,2,,0
Node1,Cloud-RCS-FP16-Opt-v2,round_03_position_1_Cloud-RCS-FP16-Opt-v2,65,logits,1787650331656434582,1787650331691640263,35.205280999999999,2,2,2,,0
Node1,Cloud-RCS-FP16-Opt-v2,round_03_position_1_Cloud-RCS-FP16-Opt-v2,66,logits,1787650331691640673,1787650331725932479,34.291386000000003,2,2,2,,0
Node1,Cloud-RCS-FP16-Opt-v2,round_03_position_1_Cloud-RCS-FP16-Opt-v2,67,logits,1787650331725932879,1787650331761112389,35.178069999999998,2,2,2,,0
Node1,Cloud-RCS-FP16-Opt-v2,round_03_position_1_Cloud-RCS-FP16-Opt-v2,68,logits,1787650331761112809,1787650331794103645,32.990096000000001,2,2,2,,0
Node1,Cloud-RCS-FP16-Opt-v2,round_03_position_1_Cloud-RCS-FP16-Opt-v2,69,logits,1787650331794104025,1787650331826372506,32.268070999999999,2,2,2,,0
Node1,Cloud-RCS-FP16-Opt-v2,round_03_position_1_Cloud-RCS-FP16-Opt-v2,70,logits,1787650331826372887,1787650331859254326,32.881039000000001,2,2,2,,0
Node1,Cloud-RCS-FP16-Opt-v2,round_03_position_1_Cloud-RCS-FP16-Opt-v2,71,logits,1787650331859254706,1787650331892570572,33.315055999999998,2,2,2,,0
Node1,Cloud-RCS-FP16-Opt-v2,round_03_position_1_Cloud-RCS-FP16-Opt-v2,72,logits,1787650331892571002,1787650331924362705,31.791283,2,2,2,,0
Node1,Cloud-RCS-FP16-Opt-v2,round_03_position_1_Cloud-RCS-FP16-Opt-v2,73,logits,1787650331924363135,1787650331958567335,34.203360000000004,2,2,2,,0
Node1,Cloud-RCS-FP16-Opt-v2,round_03_position_1_Cloud-RCS-FP16-Opt-v2,74,logits,1787650331958567735,1787650331992655078,34.086942999999998,2,2,2,,0
Node1,Cloud-RCS-FP16-Opt-v2,round_03_position_1_Cloud-RCS-FP16-Opt-v2,75,logits,1787650331992655448,1787650332027814347,35.158349000000001,2,2,2,,0
Node1,Cloud-RCS-FP16-Opt-v2,round_03_position_1_Cloud-RCS-FP16-Opt-v2,76,logits,1787650332027814787,1787650332061553459,33.738242,2,2,2,,0
Node1,Cloud-RCS-FP16-Opt-v2,round_03_position_1_Cloud-RCS-FP16-Opt-v2,77,logits,1787650332061553829,1787650332094586597,33.032367999999998,2,2,2,,0
Node1,Cloud-RCS-FP16-Opt-v2,round_03_position_1_Cloud-RCS-FP16-Opt-v2,78,logits,1787650332094586997,1787650332127046481,32.459083999999997,2,2,2,,0
Node1,Cloud-RCS-FP16-Opt-v2,round_03_position_1_Cloud-RCS-FP16-Opt-v2,79,logits,1787650332127046881,1787650332158457871,31.410589999999999,2,2,2,,0
Node1,Cloud-RCS-FP16-Opt-v2,round_03_position_1_Cloud-RCS-FP16-Opt-v2,80,logits,1787650332158458261,1787650332191524552,33.065880999999997,2,2,2,,0
Node1,Cloud-RCS-FP16-Opt-v2,round_03_position_1_Cloud-RCS-FP16-Opt-v2,81,logits,1787650332191524942,1787650332223397850,31.872508,2,2,2,,0
Node1,Cloud-RCS-FP16-Opt-v2,round_03_position_1_Cloud-RCS-FP16-Opt-v2,82,logits,1787650332223398240,1787650332256048926,32.650266000000002,2,2,2,,0
Node1,Cloud-RCS-FP16-Opt-v2,round_03_position_1_Cloud-RCS-FP16-Opt-v2,83,logits,1787650332256049386,1787650332288006299,31.956453,2,2,2,,0
Node1,Cloud-RCS-FP16-Opt-v2,round_03_position_1_Cloud-RCS-FP16-Opt-v2,84,logits,1787650332288006959,1787650332333836580,45.829220999999997,2,2,2,,0
Node1,Cloud-RCS-FP16-Opt-v2,round_03_position_1_Cloud-RCS-FP16-Opt-v2,85,logits,1787650332333837030,1787650332366616123,32.778733000000003,2,2,2,,0
Node1,Cloud-RCS-FP16-Opt-v2,round_03_position_1_Cloud-RCS-FP16-Opt-v2,86,logits,1787650332366616533,1787650332398887155,32.270232,2,2,2,,0
Node1,Cloud-RCS-FP16-Opt-v2,round_03_position_1_Cloud-RCS-FP16-Opt-v2,87,logits,1787650332398887525,1787650332431305887,32.417971999999999,2,2,2,,0
Node1,Cloud-RCS-FP16-Opt-v2,round_03_position_1_Cloud-RCS-FP16-Opt-v2,88,logits,1787650332431306257,1787650332461856584,30.549927,2,2,2,,0
Node1,Cloud-RCS-FP16-Opt-v2,round_03_position_1_Cloud-RCS-FP16-Opt-v2,89,logits,1787650332461857314,1787650332493756703,31.898789000000001,2,2,2,,0
Node1,Cloud-RCS-FP16-Opt-v2,round_03_position_1_Cloud-RCS-FP16-Opt-v2,90,logits,1787650332493757103,1787650332524679413,30.922029999999999,2,2,2,,0
Node1,Cloud-RCS-FP16-Opt-v2,round_03_position_1_Cloud-RCS-FP16-Opt-v2,91,logits,1787650332524679843,1787650332555594603,30.914349999999999,2,2,2,,0
Node1,Cloud-RCS-FP16-Opt-v2,round_03_position_1_Cloud-RCS-FP16-Opt-v2,92,logits,1787650332555595003,1787650332587336903,31.741520000000001,2,2,2,,0
Node1,Cloud-RCS-FP16-Opt-v2,round_03_position_1_Cloud-RCS-FP16-Opt-v2,93,logits,1787650332587337313,1787650332619207481,31.869727999999999,2,2,2,,0
Node1,Cloud-RCS-FP16-Opt-v2,round_03_position_1_Cloud-RCS-FP16-Opt-v2,94,logits,1787650332619208061,1787650332651547517,32.339036,2,2,2,,0
Node1,Cloud-RCS-FP16-Opt-v2,round_03_position_1_Cloud-RCS-FP16-Opt-v2,95,logits,1787650332651547917,1787650332682994349,31.446031999999999,2,2,2,,0
Node1,Cloud-RCS-FP16-Opt-v2,round_03_position_1_Cloud-RCS-FP16-Opt-v2,96,logits,1787650332682994729,1787650332714871617,31.876448,2,2,2,,0
Node1,Cloud-RCS-FP16-Opt-v2,round_03_position_1_Cloud-RCS-FP16-Opt-v2,97,logits,1787650332714872007,1787650332747731855,32.859428000000001,2,2,2,,0
Node1,Cloud-RCS-FP16-Opt-v2,round_03_position_1_Cloud-RCS-FP16-Opt-v2,98,logits,1787650332747732405,1787650332780712331,32.979515999999997,2,2,2,,0
Node1,Cloud-RCS-FP16-Opt-v2,round_03_position_1_Cloud-RCS-FP16-Opt-v2,99,logits,1787650332780712891,1787650332813818114,33.104823000000003,2,2,2,,0
Node1,Cloud-RCS-FP16-Opt-v2,round_03_position_1_Cloud-RCS-FP16-Opt-v2,100,logits,1787650332813818635,1787650332847055076,33.236030999999997,2,2,2,,0
Node1,Cloud-RCS-FP16-Opt-v2,round_03_position_1_Cloud-RCS-FP16-Opt-v2,101,logits,1787650332847055456,1787650332881138109,34.082213000000003,2,2,2,,0
Node1,Cloud-RCS-FP16-Opt-v2,round_03_position_1_Cloud-RCS-FP16-Opt-v2,102,logits,1787650332881138549,1787650332913802515,32.663566000000003,2,2,2,,0
Node1,Cloud-RCS-FP16-Opt-v2,round_03_position_1_Cloud-RCS-FP16-Opt-v2,103,logits,1787650332913802885,1787650332946179474,32.376179,2,2,2,,0
Node1,Cloud-RCS-FP16-Opt-v2,round_03_position_1_Cloud-RCS-FP16-Opt-v2,104,logits,1787650332946179854,1787650332978569403,32.389158999999999,2,2,2,,0
Node1,Cloud-RCS-FP16-Opt-v2,round_03_position_1_Cloud-RCS-FP16-Opt-v2,105,logits,1787650332978569943,1787650333010492265,31.921831999999998,2,2,2,,0
Node1,Cloud-RCS-FP16-Opt-v2,round_03_position_1_Cloud-RCS-FP16-Opt-v2,106,logits,1787650333010492665,1787650333046374677,35.881591999999998,2,2,2,,0
Node1,Cloud-RCS-FP16-Opt-v2,round_03_position_1_Cloud-RCS-FP16-Opt-v2,107,logits,1787650333046375068,1787650333080706396,34.330908000000001,2,2,2,,0
Node1,Cloud-RCS-FP16-Opt-v2,round_03_position_1_Cloud-RCS-FP16-Opt-v2,108,logits,1787650333080706806,1787650333114633280,33.926074,2,2,2,,0
Node1,Cloud-RCS-FP16-Opt-v2,round_03_position_1_Cloud-RCS-FP16-Opt-v2,109,logits,1787650333114633660,1787650333149399245,34.765185000000002,2,2,2,,0
Node1,Cloud-RCS-FP16-Opt-v2,round_03_position_1_Cloud-RCS-FP16-Opt-v2,110,logits,1787650333149399635,1787650333182863020,33.462964999999997,2,2,2,,0
Node1,Cloud-RCS-FP16-Opt-v2,round_03_position_1_Cloud-RCS-FP16-Opt-v2,111,logits,1787650333182863440,1787650333217439834,34.575834,2,2,2,,0
Node1,Cloud-RCS-FP16-Opt-v2,round_03_position_1_Cloud-RCS-FP16-Opt-v2,112,logits,1787650333217440204,1787650333252115013,34.674388999999998,2,2,2,,0
Node1,Cloud-RCS-FP16-Opt-v2,round_03_position_1_Cloud-RCS-FP16-Opt-v2,113,logits,1787650333252115393,1787650333286196416,34.080593,2,2,2,,0
Node1,Cloud-RCS-FP16-Opt-v2,round_03_position_1_Cloud-RCS-FP16-Opt-v2,114,logits,1787650333286196826,1787650333321389908,35.192542000000003,2,2,2,,0
Node1,Cloud-RCS-FP16-Opt-v2,round_03_position_1_Cloud-RCS-FP16-Opt-v2,115,logits,1787650333321390218,1787650333355530844,34.140205999999999,2,2,2,,0
Node1,Cloud-RCS-FP16-Opt-v2,round_03_position_1_Cloud-RCS-FP16-Opt-v2,116,logits,1787650333355531094,1787650333389145479,33.613875,2,2,2,,0
Node1,Cloud-RCS-FP16-Opt-v2,round_03_position_1_Cloud-RCS-FP16-Opt-v2,117,logits,1787650333389145899,1787650333423179609,34.033279999999998,2,2,2,,0
Node1,Cloud-RCS-FP16-Opt-v2,round_03_position_1_Cloud-RCS-FP16-Opt-v2,118,logits,1787650333423179989,1787650333457287464,34.107075000000002,2,2,2,,0
Node1,Cloud-RCS-FP16-Opt-v2,round_03_position_1_Cloud-RCS-FP16-Opt-v2,119,logits,1787650333457287854,1787650333490985154,33.696759999999998,2,2,2,,0
Node1,Cloud-RCS-FP16-Opt-v2,round_03_position_1_Cloud-RCS-FP16-Opt-v2,120,logits,1787650333490985594,1787650333523240295,32.254311000000001,2,2,2,,0
Node1,Cloud-RCS-FP16-Opt-v2,round_03_position_1_Cloud-RCS-FP16-Opt-v2,121,logits,1787650333523240665,1787650333556907733,33.666367999999999,2,2,2,,0
Node1,Cloud-RCS-FP16-Opt-v2,round_03_position_1_Cloud-RCS-FP16-Opt-v2,122,logits,1787650333556908133,1787650333591876730,34.968187,2,2,2,,0
Node1,Cloud-RCS-FP16-Opt-v2,round_03_position_1_Cloud-RCS-FP16-Opt-v2,123,logits,1787650333591877810,1787650333626828717,34.950487000000003,2,2,2,,0
Node1,Cloud-RCS-FP16-Opt-v2,round_03_position_1_Cloud-RCS-FP16-Opt-v2,124,logits,1787650333626829107,1787650333660372177,33.542639999999999,2,2,2,,0
Node1,Cloud-RCS-FP16-Opt-v2,round_03_position_1_Cloud-RCS-FP16-Opt-v2,125,logits,1787650333660372557,1787650333693324641,32.951673999999997,2,2,2,,0
Node1,Cloud-RCS-FP16-Opt-v2,round_03_position_1_Cloud-RCS-FP16-Opt-v2,126,logits,1787650333693325011,1787650333727841611,34.516190000000002,2,2,2,,0
Node1,Cloud-RCS-FP16-Opt-v2,round_03_position_1_Cloud-RCS-FP16-Opt-v2,127,logits,1787650333727842001,1787650333761817307,33.974896000000001,2,2,2,,0
Node1,Cloud-RCS-FP16-Opt-v2,round_03_position_1_Cloud-RCS-FP16-Opt-v2,128,logits,1787650333761817687,1787650333794102201,32.284114000000002,2,2,2,,0
Node1,Cloud-RCS-FP16-Opt-v2,round_03_position_1_Cloud-RCS-FP16-Opt-v2,129,logits,1787650333794102741,1787650333826698003,32.594852000000003,2,2,2,,0
Node1,Cloud-RCS-FP16-Opt-v2,round_03_position_1_Cloud-RCS-FP16-Opt-v2,130,logits,1787650333826698393,1787650333857856408,31.157624999999999,2,2,2,,0
Node1,Cloud-RCS-FP16-Opt-v2,round_03_position_1_Cloud-RCS-FP16-Opt-v2,131,logits,1787650333857856788,1787650333889730816,31.873628,2,2,2,,0
Node1,Cloud-RCS-FP16-Opt-v2,round_03_position_1_Cloud-RCS-FP16-Opt-v2,132,logits,1787650333889731456,1787650333920020847,30.288990999999999,2,2,2,,0
Node1,Cloud-RCS-FP16-Opt-v2,round_03_position_1_Cloud-RCS-FP16-Opt-v2,133,logits,1787650333920021237,1787650333950678751,30.657104,2,2,2,,0
Node1,Cloud-RCS-FP16-Opt-v2,round_03_position_1_Cloud-RCS-FP16-Opt-v2,134,logits,1787650333950679141,1787650333983481556,32.802005000000001,2,2,2,,0
Node1,Cloud-RCS-FP16-Opt-v2,round_03_position_1_Cloud-RCS-FP16-Opt-v2,135,logits,1787650333983481936,1787650334016758201,33.275795000000002,2,2,2,,0
Node1,Cloud-RCS-FP16-Opt-v2,round_03_position_1_Cloud-RCS-FP16-Opt-v2,136,logits,1787650334016758821,1787650334047679811,30.920559999999998,2,2,2,,0
Node1,Cloud-RCS-FP16-Opt-v2,round_03_position_1_Cloud-RCS-FP16-Opt-v2,137,logits,1787650334047680181,1787650334078693456,31.012875000000001,2,2,2,,0
Node1,Cloud-RCS-FP16-Opt-v2,round_03_position_1_Cloud-RCS-FP16-Opt-v2,138,logits,1787650334078693866,1787650334110386664,31.692398000000001,2,2,2,,0
Node1,Cloud-RCS-FP16-Opt-v2,round_03_position_1_Cloud-RCS-FP16-Opt-v2,139,logits,1787650334110387054,1787650334142351448,31.964003999999999,2,2,2,,0
Node1,Cloud-RCS-FP16-Opt-v2,round_03_position_1_Cloud-RCS-FP16-Opt-v2,140,logits,1787650334142351848,1787650334173485691,31.133172999999999,2,2,2,,0
Node1,Cloud-RCS-FP16-Opt-v2,round_03_position_1_Cloud-RCS-FP16-Opt-v2,141,logits,1787650334173486071,1787650334205904952,32.418481,2,2,2,,0
Node1,Cloud-RCS-FP16-Opt-v2,round_03_position_1_Cloud-RCS-FP16-Opt-v2,142,logits,1787650334205905323,1787650334236177563,30.271840000000001,2,2,2,,0
Node1,Cloud-RCS-FP16-Opt-v2,round_03_position_1_Cloud-RCS-FP16-Opt-v2,143,logits,1787650334236177933,1787650334268981909,32.803565999999996,2,2,2,,0
Node1,Cloud-RCS-FP16-Opt-v2,round_03_position_1_Cloud-RCS-FP16-Opt-v2,144,logits,1787650334268982299,1787650334301464274,32.481565000000003,2,2,2,,0
Node1,Cloud-RCS-FP16-Opt-v2,round_03_position_1_Cloud-RCS-FP16-Opt-v2,145,logits,1787650334301464624,1787650334334099549,32.634515,2,2,2,,0
Node1,Cloud-RCS-FP16-Opt-v2,round_03_position_1_Cloud-RCS-FP16-Opt-v2,146,logits,1787650334334099929,1787650334366613997,32.513668000000003,2,2,2,,0
Node1,Cloud-RCS-FP16-Opt-v2,round_03_position_1_Cloud-RCS-FP16-Opt-v2,147,logits,1787650334366614437,1787650334399295494,32.680647,2,2,2,,0
Node1,Cloud-RCS-FP16-Opt-v2,round_03_position_1_Cloud-RCS-FP16-Opt-v2,148,logits,1787650334399295874,1787650334431436239,32.139904999999999,2,2,2,,0
Node1,Cloud-RCS-FP16-Opt-v2,round_03_position_1_Cloud-RCS-FP16-Opt-v2,149,logits,1787650334431436619,1787650334464884934,33.447704999999999,2,2,2,,0
Node1,Cloud-RCS-FP16-Opt-v2,round_03_position_1_Cloud-RCS-FP16-Opt-v2,150,logits,1787650334464885334,1787650334496058880,31.172775999999999,2,2,2,,0
Node1,Cloud-RCS-FP16-Opt-v2,round_03_position_1_Cloud-RCS-FP16-Opt-v2,151,logits,1787650334496059280,1787650334528328412,32.268701999999998,2,2,2,,0
Node1,Cloud-RCS-FP16-Opt-v2,round_03_position_1_Cloud-RCS-FP16-Opt-v2,152,logits,1787650334528328822,1787650334560127366,31.798144000000001,2,2,2,,0
Node1,Cloud-RCS-FP16-Opt-v2,round_03_position_1_Cloud-RCS-FP16-Opt-v2,153,logits,1787650334560127806,1787650334592973784,32.845587999999999,2,2,2,,0
Node1,Cloud-RCS-FP16-Opt-v2,round_03_position_1_Cloud-RCS-FP16-Opt-v2,154,logits,1787650334592974174,1787650334624103807,31.129223,2,2,2,,0
Node1,Cloud-RCS-FP16-Opt-v2,round_03_position_1_Cloud-RCS-FP16-Opt-v2,155,logits,1787650334624104177,1787650334667573244,43.468677,2,2,2,,0
Node1,Cloud-RCS-FP16-Opt-v2,round_03_position_1_Cloud-RCS-FP16-Opt-v2,156,logits,1787650334667573674,1787650334707207387,39.633273000000003,2,2,2,,0
Node1,Cloud-RCS-FP16-Opt-v2,round_03_position_1_Cloud-RCS-FP16-Opt-v2,157,logits,1787650334707207817,1787650334742694866,35.486649,2,2,2,,0
Node1,Cloud-RCS-FP16-Opt-v2,round_03_position_1_Cloud-RCS-FP16-Opt-v2,158,logits,1787650334742695236,1787650334778297773,35.602125999999998,2,2,2,,0
Node1,Cloud-RCS-FP16-Opt-v2,round_03_position_1_Cloud-RCS-FP16-Opt-v2,159,logits,1787650334778298063,1787650334813664374,35.365861000000002,2,2,2,,0
Node1,Cloud-RCS-FP16-Opt-v2,round_03_position_1_Cloud-RCS-FP16-Opt-v2,160,logits,1787650334813664834,1787650334846526873,32.861629000000001,2,2,2,,0
Node1,Cloud-RCS-FP16-Opt-v2,round_03_position_1_Cloud-RCS-FP16-Opt-v2,161,logits,1787650334846527343,1787650334881283748,34.756005000000002,2,2,2,,0
Node1,Cloud-RCS-FP16-Opt-v2,round_03_position_1_Cloud-RCS-FP16-Opt-v2,162,logits,1787650334881284038,1787650334915250704,33.966216000000003,2,2,2,,0
Node1,Cloud-RCS-FP16-Opt-v2,round_03_position_1_Cloud-RCS-FP16-Opt-v2,163,logits,1787650334915251264,1787650334949834238,34.582583999999997,2,2,2,,0
Node1,Cloud-RCS-FP16-Opt-v2,round_03_position_1_Cloud-RCS-FP16-Opt-v2,164,logits,1787650334949834658,1787650334983231620,33.396372,2,2,2,,0
Node1,Cloud-RCS-FP16-Opt-v2,round_03_position_1_Cloud-RCS-FP16-Opt-v2,165,logits,1787650334983232070,1787650335019022188,35.789707999999997,2,2,2,,0
Node1,Cloud-RCS-FP16-Opt-v2,round_03_position_1_Cloud-RCS-FP16-Opt-v2,166,logits,1787650335019022578,1787650335055338468,36.315480000000001,2,2,2,,0
Node1,Cloud-RCS-FP16-Opt-v2,round_03_position_1_Cloud-RCS-FP16-Opt-v2,167,logits,1787650335055338858,1787650335088917321,33.578052999999997,2,2,2,,0
Node1,Cloud-RCS-FP16-Opt-v2,round_03_position_1_Cloud-RCS-FP16-Opt-v2,168,logits,1787650335088917591,1787650335122131432,33.213441000000003,2,2,2,,0
Node1,Cloud-RCS-FP16-Opt-v2,round_03_position_1_Cloud-RCS-FP16-Opt-v2,169,logits,1787650335122131802,1787650335155763198,33.630975999999997,2,2,2,,0
Node1,Cloud-RCS-FP16-Opt-v2,round_03_position_1_Cloud-RCS-FP16-Opt-v2,170,logits,1787650335155763768,1787650335189365482,33.601314000000002,2,2,2,,0
Node1,Cloud-RCS-FP16-Opt-v2,round_03_position_1_Cloud-RCS-FP16-Opt-v2,171,logits,1787650335189365922,1787650335224060703,34.694370999999997,2,2,2,,0
Node1,Cloud-RCS-FP16-Opt-v2,round_03_position_1_Cloud-RCS-FP16-Opt-v2,172,logits,1787650335224061253,1787650335258620256,34.558562999999999,2,2,2,,0
Node1,Cloud-RCS-FP16-Opt-v2,round_03_position_1_Cloud-RCS-FP16-Opt-v2,173,logits,1787650335258621006,1787650335294088714,35.467308000000003,2,2,2,,0
Node1,Cloud-RCS-FP16-Opt-v2,round_03_position_1_Cloud-RCS-FP16-Opt-v2,174,logits,1787650335294089114,1787650335329098365,35.008830000000003,2,2,2,,0
Node1,Cloud-RCS-FP16-Opt-v2,round_03_position_1_Cloud-RCS-FP16-Opt-v2,175,logits,1787650335329098755,1787650335364671509,35.572333999999998,2,2,2,,0
Node1,Cloud-RCS-FP16-Opt-v2,round_03_position_1_Cloud-RCS-FP16-Opt-v2,176,logits,1787650335364671919,1787650335401765557,37.092908000000001,2,2,2,,0
Node1,Cloud-RCS-FP16-Opt-v2,round_03_position_1_Cloud-RCS-FP16-Opt-v2,177,logits,1787650335401765857,1787650335440067859,38.301611999999999,2,2,2,,0
Node1,Cloud-RCS-FP16-Opt-v2,round_03_position_1_Cloud-RCS-FP16-Opt-v2,178,logits,1787650335440068239,1787650335475193836,35.125207000000003,2,2,2,,0
Node1,Cloud-RCS-FP16-Opt-v2,round_03_position_1_Cloud-RCS-FP16-Opt-v2,179,logits,1787650335475194206,1787650335513320207,38.125580999999997,2,2,2,,0
Node1,Cloud-RCS-FP16-Opt-v2,round_03_position_1_Cloud-RCS-FP16-Opt-v2,180,logits,1787650335513320577,1787650335547878270,34.557273000000002,2,2,2,,0
Node1,Cloud-RCS-FP16-Opt-v2,round_03_position_1_Cloud-RCS-FP16-Opt-v2,181,logits,1787650335547878540,1787650335587174622,39.295672000000003,2,2,2,,0
Node1,Cloud-RCS-FP16-Opt-v2,round_03_position_1_Cloud-RCS-FP16-Opt-v2,182,logits,1787650335587175162,1787650335623160652,35.985039999999998,2,2,2,,0
Node1,Cloud-RCS-FP16-Opt-v2,round_03_position_1_Cloud-RCS-FP16-Opt-v2,183,logits,1787650335623161202,1787650335659952981,36.791348999999997,2,2,2,,0
Node1,Cloud-RCS-FP16-Opt-v2,round_03_position_1_Cloud-RCS-FP16-Opt-v2,184,logits,1787650335659953381,1787650335696353387,36.399526000000002,2,2,2,,0
Node1,Cloud-RCS-FP16-Opt-v2,round_03_position_1_Cloud-RCS-FP16-Opt-v2,185,logits,1787650335696353827,1787650335735052612,38.698324999999997,2,2,2,,0
Node1,Cloud-RCS-FP16-Opt-v2,round_03_position_1_Cloud-RCS-FP16-Opt-v2,186,logits,1787650335735053043,1787650335770066383,35.012749999999997,2,2,2,,0
Node1,Cloud-RCS-FP16-Opt-v2,round_03_position_1_Cloud-RCS-FP16-Opt-v2,187,logits,1787650335770066663,1787650335806573955,36.506771999999998,2,2,2,,0
Node1,Cloud-RCS-FP16-Opt-v2,round_03_position_1_Cloud-RCS-FP16-Opt-v2,188,logits,1787650335806574375,1787650335843888966,37.314171000000002,2,2,2,,0
Node1,Cloud-RCS-FP16-Opt-v2,round_03_position_1_Cloud-RCS-FP16-Opt-v2,189,logits,1787650335843889346,1787650335881533828,37.644072000000001,2,2,2,,0
Node1,Cloud-RCS-FP16-Opt-v2,round_03_position_1_Cloud-RCS-FP16-Opt-v2,190,logits,1787650335881534338,1787650335916508846,34.974128,2,2,2,,0
Node1,Cloud-RCS-FP16-Opt-v2,round_03_position_1_Cloud-RCS-FP16-Opt-v2,191,logits,1787650335916509246,1787650335948536084,32.025967999999999,2,2,2,,0
Node1,Cloud-RCS-FP16-Opt-v2,round_03_position_1_Cloud-RCS-FP16-Opt-v2,192,logits,1787650335948536454,1787650335983471060,34.934176000000001,2,2,2,,0
Node1,Cloud-RCS-FP16-Opt-v2,round_03_position_1_Cloud-RCS-FP16-Opt-v2,193,logits,1787650335983471690,1787650336018187242,34.714951999999997,2,2,2,,0
Node1,Cloud-RCS-FP16-Opt-v2,round_03_position_1_Cloud-RCS-FP16-Opt-v2,194,logits,1787650336018187652,1787650336054133610,35.945478000000001,2,2,2,,0
Node1,Cloud-RCS-FP16-Opt-v2,round_03_position_1_Cloud-RCS-FP16-Opt-v2,195,logits,1787650336054133900,1787650336089875965,35.741684999999997,2,2,2,,0
Node1,Cloud-RCS-FP16-Opt-v2,round_03_position_1_Cloud-RCS-FP16-Opt-v2,196,logits,1787650336089876345,1787650336125457921,35.581166000000003,2,2,2,,0
Node1,Cloud-RCS-FP16-Opt-v2,round_03_position_1_Cloud-RCS-FP16-Opt-v2,197,logits,1787650336125458301,1787650336160667114,35.208393000000001,2,2,2,,0
Node1,Cloud-RCS-FP16-Opt-v2,round_03_position_1_Cloud-RCS-FP16-Opt-v2,198,logits,1787650336160667494,1787650336197466524,36.798558999999997,2,2,2,,0
Node1,Cloud-RCS-FP16-Opt-v2,round_03_position_1_Cloud-RCS-FP16-Opt-v2,199,logits,1787650336197467034,1787650336233188888,35.721013999999997,2,2,2,,0
Node1,Cloud-RCS-MP-Task-v2,round_03_position_2_Cloud-RCS-MP-Task-v2,0,logits,1787650361814387876,1787650361849877051,35.488415000000003,2,2,2,,0
Node1,Cloud-RCS-MP-Task-v2,round_03_position_2_Cloud-RCS-MP-Task-v2,1,logits,1787650361849877581,1787650361886572320,36.694338999999999,2,2,2,,0
Node1,Cloud-RCS-MP-Task-v2,round_03_position_2_Cloud-RCS-MP-Task-v2,2,logits,1787650361886572730,1787650361918474676,31.901546,2,2,2,,0
Node1,Cloud-RCS-MP-Task-v2,round_03_position_2_Cloud-RCS-MP-Task-v2,3,logits,1787650361918475076,1787650361951301678,32.826202000000002,2,2,2,,0
Node1,Cloud-RCS-MP-Task-v2,round_03_position_2_Cloud-RCS-MP-Task-v2,4,logits,1787650361951302228,1787650361985117211,33.814563,2,2,2,,0
Node1,Cloud-RCS-MP-Task-v2,round_03_position_2_Cloud-RCS-MP-Task-v2,5,logits,1787650361985117701,1787650362020478298,35.360177,2,2,2,,0
Node1,Cloud-RCS-MP-Task-v2,round_03_position_2_Cloud-RCS-MP-Task-v2,6,logits,1787650362020478868,1787650362052567306,32.088048000000001,2,2,2,,0
Node1,Cloud-RCS-MP-Task-v2,round_03_position_2_Cloud-RCS-MP-Task-v2,7,logits,1787650362052568106,1787650362084339643,31.771137,2,2,2,,0
Node1,Cloud-RCS-MP-Task-v2,round_03_position_2_Cloud-RCS-MP-Task-v2,8,logits,1787650362084340103,1787650362116025696,31.685182999999999,2,2,2,,0
Node1,Cloud-RCS-MP-Task-v2,round_03_position_2_Cloud-RCS-MP-Task-v2,9,logits,1787650362116026086,1787650362148550429,32.523923000000003,2,2,2,,0
Node1,Cloud-RCS-MP-Task-v2,round_03_position_2_Cloud-RCS-MP-Task-v2,10,logits,1787650362148550799,1787650362180429614,31.878395000000001,2,2,2,,0
Node1,Cloud-RCS-MP-Task-v2,round_03_position_2_Cloud-RCS-MP-Task-v2,11,logits,1787650362180430064,1787650362212943017,32.512492999999999,2,2,2,,0
Node1,Cloud-RCS-MP-Task-v2,round_03_position_2_Cloud-RCS-MP-Task-v2,12,logits,1787650362212943537,1787650362245370985,32.427047999999999,2,2,2,,0
Node1,Cloud-RCS-MP-Task-v2,round_03_position_2_Cloud-RCS-MP-Task-v2,13,logits,1787650362245371535,1787650362277388977,32.017041999999996,2,2,2,,0
Node1,Cloud-RCS-MP-Task-v2,round_03_position_2_Cloud-RCS-MP-Task-v2,14,logits,1787650362277389497,1787650362309745881,32.355974000000003,2,2,2,,0
Node1,Cloud-RCS-MP-Task-v2,round_03_position_2_Cloud-RCS-MP-Task-v2,15,logits,1787650362309746481,1787650362341720241,31.97335,2,2,2,,0
Node1,Cloud-RCS-MP-Task-v2,round_03_position_2_Cloud-RCS-MP-Task-v2,16,logits,1787650362341721041,1787650362388835749,47.114328,2,2,2,,0
Node1,Cloud-RCS-MP-Task-v2,round_03_position_2_Cloud-RCS-MP-Task-v2,17,logits,1787650362388836269,1787650362422919599,34.082949999999997,2,2,2,,0
Node1,Cloud-RCS-MP-Task-v2,round_03_position_2_Cloud-RCS-MP-Task-v2,18,logits,1787650362422920159,1787650362458470438,35.549878999999997,2,2,2,,0
Node1,Cloud-RCS-MP-Task-v2,round_03_position_2_Cloud-RCS-MP-Task-v2,19,logits,1787650362458470948,1787650362492592780,34.121392,2,2,2,,0
Node1,Cloud-RCS-MP-Task-v2,round_03_position_2_Cloud-RCS-MP-Task-v2,20,logits,1787650362492593280,1787650362530624211,38.030490999999998,2,2,2,,0
Node1,Cloud-RCS-MP-Task-v2,round_03_position_2_Cloud-RCS-MP-Task-v2,21,logits,1787650362530624791,1787650362567283929,36.658707999999997,2,2,2,,0
Node1,Cloud-RCS-MP-Task-v2,round_03_position_2_Cloud-RCS-MP-Task-v2,22,logits,1787650362567284429,1787650362601575420,34.290601000000002,2,2,2,,0
Node1,Cloud-RCS-MP-Task-v2,round_03_position_2_Cloud-RCS-MP-Task-v2,23,logits,1787650362601576030,1787650362633981777,32.405327,2,2,2,,0
Node1,Cloud-RCS-MP-Task-v2,round_03_position_2_Cloud-RCS-MP-Task-v2,24,logits,1787650362633982317,1787650362668870606,34.887858999999999,2,2,2,,0
Node1,Cloud-RCS-MP-Task-v2,round_03_position_2_Cloud-RCS-MP-Task-v2,25,logits,1787650362668870996,1787650362701667057,32.795661000000003,2,2,2,,0
Node1,Cloud-RCS-MP-Task-v2,round_03_position_2_Cloud-RCS-MP-Task-v2,26,logits,1787650362701667577,1787650362734918735,33.250528000000003,2,2,2,,0
Node1,Cloud-RCS-MP-Task-v2,round_03_position_2_Cloud-RCS-MP-Task-v2,27,logits,1787650362734919245,1787650362767622370,32.702714999999998,2,2,2,,0
Node1,Cloud-RCS-MP-Task-v2,round_03_position_2_Cloud-RCS-MP-Task-v2,28,logits,1787650362767622760,1787650362800724249,33.101039,2,2,2,,0
Node1,Cloud-RCS-MP-Task-v2,round_03_position_2_Cloud-RCS-MP-Task-v2,29,logits,1787650362800724829,1787650362834302937,33.577677999999999,2,2,2,,0
Node1,Cloud-RCS-MP-Task-v2,round_03_position_2_Cloud-RCS-MP-Task-v2,30,logits,1787650362834303467,1787650362867591368,33.287491000000003,2,2,2,,0
Node1,Cloud-RCS-MP-Task-v2,round_03_position_2_Cloud-RCS-MP-Task-v2,31,logits,1787650362867591868,1787650362906164652,38.572364,2,2,2,,0
Node1,Cloud-RCS-MP-Task-v2,round_03_position_2_Cloud-RCS-MP-Task-v2,32,logits,1787650362906165172,1787650362936862844,30.697232,2,2,2,,0
Node1,Cloud-RCS-MP-Task-v2,round_03_position_2_Cloud-RCS-MP-Task-v2,33,logits,1787650362936863445,1787650362967964871,31.100695999999999,2,2,2,,0
Node1,Cloud-RCS-MP-Task-v2,round_03_position_2_Cloud-RCS-MP-Task-v2,34,logits,1787650362967965371,1787650363000537068,32.571286999999998,2,2,2,,0
Node1,Cloud-RCS-MP-Task-v2,round_03_position_2_Cloud-RCS-MP-Task-v2,35,logits,1787650363000537618,1787650363033881942,33.343913999999998,2,2,2,,0
Node1,Cloud-RCS-MP-Task-v2,round_03_position_2_Cloud-RCS-MP-Task-v2,36,logits,1787650363033882482,1787650363066915417,33.032215000000001,2,2,2,,0
Node1,Cloud-RCS-MP-Task-v2,round_03_position_2_Cloud-RCS-MP-Task-v2,37,logits,1787650363066915927,1787650363099864277,32.947890000000001,2,2,2,,0
Node1,Cloud-RCS-MP-Task-v2,round_03_position_2_Cloud-RCS-MP-Task-v2,38,logits,1787650363099864797,1787650363133122286,33.257078999999997,2,2,2,,0
Node1,Cloud-RCS-MP-Task-v2,round_03_position_2_Cloud-RCS-MP-Task-v2,39,logits,1787650363133122806,1787650363166531915,33.408648999999997,2,2,2,,0
Node1,Cloud-RCS-MP-Task-v2,round_03_position_2_Cloud-RCS-MP-Task-v2,40,logits,1787650363166532475,1787650363199722359,33.189304,2,2,2,,0
Node1,Cloud-RCS-MP-Task-v2,round_03_position_2_Cloud-RCS-MP-Task-v2,41,logits,1787650363199722789,1787650363231806446,32.083137000000001,2,2,2,,0
Node1,Cloud-RCS-MP-Task-v2,round_03_position_2_Cloud-RCS-MP-Task-v2,42,logits,1787650363231806876,1787650363267464132,35.656855999999998,2,2,2,,0
Node1,Cloud-RCS-MP-Task-v2,round_03_position_2_Cloud-RCS-MP-Task-v2,43,logits,1787650363267464672,1787650363301530461,34.065389000000003,2,2,2,,0
Node1,Cloud-RCS-MP-Task-v2,round_03_position_2_Cloud-RCS-MP-Task-v2,44,logits,1787650363301530961,1787650363338361749,36.830387999999999,2,2,2,,0
Node1,Cloud-RCS-MP-Task-v2,round_03_position_2_Cloud-RCS-MP-Task-v2,45,logits,1787650363338362019,1787650363372658701,34.296261999999999,2,2,2,,0
Node1,Cloud-RCS-MP-Task-v2,round_03_position_2_Cloud-RCS-MP-Task-v2,46,logits,1787650363372659241,1787650363405002314,32.342683000000001,2,2,2,,0
Node1,Cloud-RCS-MP-Task-v2,round_03_position_2_Cloud-RCS-MP-Task-v2,47,logits,1787650363405002694,1787650363436826536,31.823072,2,2,2,,0
Node1,Cloud-RCS-MP-Task-v2,round_03_position_2_Cloud-RCS-MP-Task-v2,48,logits,1787650363436827066,1787650363468929834,32.102347999999999,2,2,2,,0
Node1,Cloud-RCS-MP-Task-v2,round_03_position_2_Cloud-RCS-MP-Task-v2,49,logits,1787650363468930214,1787650363506603353,37.672688999999998,2,2,2,,0
Node1,Cloud-RCS-MP-Task-v2,round_03_position_2_Cloud-RCS-MP-Task-v2,50,logits,1787650363506603883,1787650363541422298,34.817995000000003,2,2,2,,0
Node1,Cloud-RCS-MP-Task-v2,round_03_position_2_Cloud-RCS-MP-Task-v2,51,logits,1787650363541422808,1787650363576590514,35.167306000000004,2,2,2,,0
Node1,Cloud-RCS-MP-Task-v2,round_03_position_2_Cloud-RCS-MP-Task-v2,52,logits,1787650363576591064,1787650363608642939,32.051475000000003,2,2,2,,0
Node1,Cloud-RCS-MP-Task-v2,round_03_position_2_Cloud-RCS-MP-Task-v2,53,logits,1787650363608643329,1787650363642838605,34.194885999999997,2,2,2,,0
Node1,Cloud-RCS-MP-Task-v2,round_03_position_2_Cloud-RCS-MP-Task-v2,54,logits,1787650363642839105,1787650363676983629,34.144094000000003,2,2,2,,0
Node1,Cloud-RCS-MP-Task-v2,round_03_position_2_Cloud-RCS-MP-Task-v2,55,logits,1787650363676984169,1787650363710668464,33.683875,2,2,2,,0
Node1,Cloud-RCS-MP-Task-v2,round_03_position_2_Cloud-RCS-MP-Task-v2,56,logits,1787650363710668994,1787650363744499498,33.829993999999999,2,2,2,,0
Node1,Cloud-RCS-MP-Task-v2,round_03_position_2_Cloud-RCS-MP-Task-v2,57,logits,1787650363744500039,1787650363778978382,34.477922999999997,2,2,2,,0
Node1,Cloud-RCS-MP-Task-v2,round_03_position_2_Cloud-RCS-MP-Task-v2,58,logits,1787650363778978912,1787650363813843089,34.863746999999996,2,2,2,,0
Node1,Cloud-RCS-MP-Task-v2,round_03_position_2_Cloud-RCS-MP-Task-v2,59,logits,1787650363813843640,1787650363848099200,34.254989999999999,2,2,2,,0
Node1,Cloud-RCS-MP-Task-v2,round_03_position_2_Cloud-RCS-MP-Task-v2,60,logits,1787650363848099720,1787650363880602523,32.502372999999999,2,2,2,,0
Node1,Cloud-RCS-MP-Task-v2,round_03_position_2_Cloud-RCS-MP-Task-v2,61,logits,1787650363880603083,1787650363925430201,44.826708000000004,2,2,2,,0
Node1,Cloud-RCS-MP-Task-v2,round_03_position_2_Cloud-RCS-MP-Task-v2,62,logits,1787650363925430731,1787650363960152920,34.721769000000002,2,2,2,,0
Node1,Cloud-RCS-MP-Task-v2,round_03_position_2_Cloud-RCS-MP-Task-v2,63,logits,1787650363960153440,1787650363992093118,31.939278000000002,2,2,2,,0
Node1,Cloud-RCS-MP-Task-v2,round_03_position_2_Cloud-RCS-MP-Task-v2,64,logits,1787650363992093658,1787650364024223398,32.129330000000003,2,2,2,,0
Node1,Cloud-RCS-MP-Task-v2,round_03_position_2_Cloud-RCS-MP-Task-v2,65,logits,1787650364024224048,1787650364058586015,34.361376999999997,2,2,2,,0
Node1,Cloud-RCS-MP-Task-v2,round_03_position_2_Cloud-RCS-MP-Task-v2,66,logits,1787650364058586525,1787650364090009001,31.422076000000001,2,2,2,,0
Node1,Cloud-RCS-MP-Task-v2,round_03_position_2_Cloud-RCS-MP-Task-v2,67,logits,1787650364090009501,1787650364121277648,31.267727000000001,2,2,2,,0
Node1,Cloud-RCS-MP-Task-v2,round_03_position_2_Cloud-RCS-MP-Task-v2,68,logits,1787650364121278208,1787650364153175924,31.897265999999998,2,2,2,,0
Node1,Cloud-RCS-MP-Task-v2,round_03_position_2_Cloud-RCS-MP-Task-v2,69,logits,1787650364153176294,1787650364185282643,32.105958999999999,2,2,2,,0
Node1,Cloud-RCS-MP-Task-v2,round_03_position_2_Cloud-RCS-MP-Task-v2,70,logits,1787650364185283023,1787650364217878972,32.595399,2,2,2,,0
Node1,Cloud-RCS-MP-Task-v2,round_03_position_2_Cloud-RCS-MP-Task-v2,71,logits,1787650364217879502,1787650364250382934,32.503022000000001,2,2,2,,0
Node1,Cloud-RCS-MP-Task-v2,round_03_position_2_Cloud-RCS-MP-Task-v2,72,logits,1787650364250383355,1787650364282213306,31.829550999999999,2,2,2,,0
Node1,Cloud-RCS-MP-Task-v2,round_03_position_2_Cloud-RCS-MP-Task-v2,73,logits,1787650364282213846,1787650364314400189,32.185943000000002,2,2,2,,0
Node1,Cloud-RCS-MP-Task-v2,round_03_position_2_Cloud-RCS-MP-Task-v2,74,logits,1787650364314400709,1787650364346098063,31.696954000000002,2,2,2,,0
Node1,Cloud-RCS-MP-Task-v2,round_03_position_2_Cloud-RCS-MP-Task-v2,75,logits,1787650364346098793,1787650364378584025,32.484822000000001,2,2,2,,0
Node1,Cloud-RCS-MP-Task-v2,round_03_position_2_Cloud-RCS-MP-Task-v2,76,logits,1787650364378584445,1787650364410471010,31.886154999999999,2,2,2,,0
Node1,Cloud-RCS-MP-Task-v2,round_03_position_2_Cloud-RCS-MP-Task-v2,77,logits,1787650364410471560,1787650364442527266,32.055306000000002,2,2,2,,0
Node1,Cloud-RCS-MP-Task-v2,round_03_position_2_Cloud-RCS-MP-Task-v2,78,logits,1787650364442527806,1787650364474927542,32.399256000000001,2,2,2,,0
Node1,Cloud-RCS-MP-Task-v2,round_03_position_2_Cloud-RCS-MP-Task-v2,79,logits,1787650364474928292,1787650364505862519,30.933837,2,2,2,,0
Node1,Cloud-RCS-MP-Task-v2,round_03_position_2_Cloud-RCS-MP-Task-v2,80,logits,1787650364505863059,1787650364536956125,31.092656000000002,2,2,2,,0
Node1,Cloud-RCS-MP-Task-v2,round_03_position_2_Cloud-RCS-MP-Task-v2,81,logits,1787650364536956655,1787650364569267356,32.310290999999999,2,2,2,,0
Node1,Cloud-RCS-MP-Task-v2,round_03_position_2_Cloud-RCS-MP-Task-v2,82,logits,1787650364569268236,1787650364617016564,47.747937999999998,2,2,2,,0
Node1,Cloud-RCS-MP-Task-v2,round_03_position_2_Cloud-RCS-MP-Task-v2,83,logits,1787650364617017104,1787650364650382500,33.364986000000002,2,2,2,,0
Node1,Cloud-RCS-MP-Task-v2,round_03_position_2_Cloud-RCS-MP-Task-v2,84,logits,1787650364650383030,1787650364683448927,33.065497000000001,2,2,2,,0
Node1,Cloud-RCS-MP-Task-v2,round_03_position_2_Cloud-RCS-MP-Task-v2,85,logits,1787650364683449537,1787650364715480531,32.030563999999998,2,2,2,,0
Node1,Cloud-RCS-MP-Task-v2,round_03_position_2_Cloud-RCS-MP-Task-v2,86,logits,1787650364715481082,1787650364748063689,32.582217,2,2,2,,0
Node1,Cloud-RCS-MP-Task-v2,round_03_position_2_Cloud-RCS-MP-Task-v2,87,logits,1787650364748064489,1787650364780055931,31.991022000000001,2,2,2,,0
Node1,Cloud-RCS-MP-Task-v2,round_03_position_2_Cloud-RCS-MP-Task-v2,88,logits,1787650364780056441,1787650364812164439,32.107588,2,2,2,,0
Node1,Cloud-RCS-MP-Task-v2,round_03_position_2_Cloud-RCS-MP-Task-v2,89,logits,1787650364812164949,1787650364843851782,31.686433000000001,2,2,2,,0
Node1,Cloud-RCS-MP-Task-v2,round_03_position_2_Cloud-RCS-MP-Task-v2,90,logits,1787650364843852172,1787650364876424849,32.572266999999997,2,2,2,,0
Node1,Cloud-RCS-MP-Task-v2,round_03_position_2_Cloud-RCS-MP-Task-v2,91,logits,1787650364876425379,1787650364908693888,32.268098999999999,2,2,2,,0
Node1,Cloud-RCS-MP-Task-v2,round_03_position_2_Cloud-RCS-MP-Task-v2,92,logits,1787650364908694398,1787650364940295896,31.601098,2,2,2,,0
Node1,Cloud-RCS-MP-Task-v2,round_03_position_2_Cloud-RCS-MP-Task-v2,93,logits,1787650364940296396,1787650364971494228,31.197392000000001,2,2,2,,0
Node1,Cloud-RCS-MP-Task-v2,round_03_position_2_Cloud-RCS-MP-Task-v2,94,logits,1787650364971494619,1787650365003208253,31.713034,2,2,2,,0
Node1,Cloud-RCS-MP-Task-v2,round_03_position_2_Cloud-RCS-MP-Task-v2,95,logits,1787650365003208753,1787650365035147161,31.937998,2,2,2,,0
Node1,Cloud-RCS-MP-Task-v2,round_03_position_2_Cloud-RCS-MP-Task-v2,96,logits,1787650365035147672,1787650365067054068,31.905965999999999,2,2,2,,0
Node1,Cloud-RCS-MP-Task-v2,round_03_position_2_Cloud-RCS-MP-Task-v2,97,logits,1787650365067054568,1787650365098338296,31.283328000000001,2,2,2,,0
Node1,Cloud-RCS-MP-Task-v2,round_03_position_2_Cloud-RCS-MP-Task-v2,98,logits,1787650365098338706,1787650365129459425,31.120308000000001,2,2,2,,0
Node1,Cloud-RCS-MP-Task-v2,round_03_position_2_Cloud-RCS-MP-Task-v2,99,logits,1787650365129459935,1787650365161698921,32.238585999999998,2,2,2,,0
Node1,Cloud-RCS-MP-Task-v2,round_03_position_2_Cloud-RCS-MP-Task-v2,100,logits,1787650365161699471,1787650365195120391,33.42051,2,2,2,,0
Node1,Cloud-RCS-MP-Task-v2,round_03_position_2_Cloud-RCS-MP-Task-v2,101,logits,1787650365195121051,1787650365227667106,32.545634999999997,2,2,2,,0
Node1,Cloud-RCS-MP-Task-v2,round_03_position_2_Cloud-RCS-MP-Task-v2,102,logits,1787650365227667746,1787650365258575292,30.907156000000001,2,2,2,,0
Node1,Cloud-RCS-MP-Task-v2,round_03_position_2_Cloud-RCS-MP-Task-v2,103,logits,1787650365258575812,1787650365289468366,30.892164000000001,2,2,2,,0
Node1,Cloud-RCS-MP-Task-v2,round_03_position_2_Cloud-RCS-MP-Task-v2,104,logits,1787650365289468886,1787650365319605504,30.136227999999999,2,2,2,,0
Node1,Cloud-RCS-MP-Task-v2,round_03_position_2_Cloud-RCS-MP-Task-v2,105,logits,1787650365319606244,1787650365349173127,29.566472999999998,2,2,2,,0
Node1,Cloud-RCS-MP-Task-v2,round_03_position_2_Cloud-RCS-MP-Task-v2,106,logits,1787650365349173627,1787650365380313637,31.139579999999999,2,2,2,,0
Node1,Cloud-RCS-MP-Task-v2,round_03_position_2_Cloud-RCS-MP-Task-v2,107,logits,1787650365380314067,1787650365410907163,30.592686,2,2,2,,0
Node1,Cloud-RCS-MP-Task-v2,round_03_position_2_Cloud-RCS-MP-Task-v2,108,logits,1787650365410907703,1787650365442259685,31.351582000000001,2,2,2,,0
Node1,Cloud-RCS-MP-Task-v2,round_03_position_2_Cloud-RCS-MP-Task-v2,109,logits,1787650365442260096,1787650365473784918,31.524432000000001,2,2,2,,0
Node1,Cloud-RCS-MP-Task-v2,round_03_position_2_Cloud-RCS-MP-Task-v2,110,logits,1787650365473785458,1787650365508290905,34.505046999999998,2,2,2,,0
Node1,Cloud-RCS-MP-Task-v2,round_03_position_2_Cloud-RCS-MP-Task-v2,111,logits,1787650365508291425,1787650365541313279,33.021444000000002,2,2,2,,0
Node1,Cloud-RCS-MP-Task-v2,round_03_position_2_Cloud-RCS-MP-Task-v2,112,logits,1787650365541313879,1787650365576173217,34.858938000000002,2,2,2,,0
Node1,Cloud-RCS-MP-Task-v2,round_03_position_2_Cloud-RCS-MP-Task-v2,113,logits,1787650365576173727,1787650365611088368,34.914251,2,2,2,,0
Node1,Cloud-RCS-MP-Task-v2,round_03_position_2_Cloud-RCS-MP-Task-v2,114,logits,1787650365611088968,1787650365643432252,32.342872999999997,2,2,2,,0
Node1,Cloud-RCS-MP-Task-v2,round_03_position_2_Cloud-RCS-MP-Task-v2,115,logits,1787650365643432652,1787650365678603048,35.169665999999999,2,2,2,,0
Node1,Cloud-RCS-MP-Task-v2,round_03_position_2_Cloud-RCS-MP-Task-v2,116,logits,1787650365678603568,1787650365712247981,33.643962999999999,2,2,2,,0
Node1,Cloud-RCS-MP-Task-v2,round_03_position_2_Cloud-RCS-MP-Task-v2,117,logits,1787650365712248491,1787650365745751175,33.502254000000001,2,2,2,,0
Node1,Cloud-RCS-MP-Task-v2,round_03_position_2_Cloud-RCS-MP-Task-v2,118,logits,1787650365745751716,1787650365778747649,32.995533000000002,2,2,2,,0
Node1,Cloud-RCS-MP-Task-v2,round_03_position_2_Cloud-RCS-MP-Task-v2,119,logits,1787650365778748029,1787650365811924163,33.175713999999999,2,2,2,,0
Node1,Cloud-RCS-MP-Task-v2,round_03_position_2_Cloud-RCS-MP-Task-v2,120,logits,1787650365811924673,1787650365844761427,32.836132999999997,2,2,2,,0
Node1,Cloud-RCS-MP-Task-v2,round_03_position_2_Cloud-RCS-MP-Task-v2,121,logits,1787650365844761937,1787650365877531856,32.769508999999999,2,2,2,,0
Node1,Cloud-RCS-MP-Task-v2,round_03_position_2_Cloud-RCS-MP-Task-v2,122,logits,1787650365877532276,1787650365909490646,31.95797,2,2,2,,0
Node1,Cloud-RCS-MP-Task-v2,round_03_position_2_Cloud-RCS-MP-Task-v2,123,logits,1787650365909491166,1787650365940672348,31.180592000000001,2,2,2,,0
Node1,Cloud-RCS-MP-Task-v2,round_03_position_2_Cloud-RCS-MP-Task-v2,124,logits,1787650365940672908,1787650365971416133,30.742825,2,2,2,,0
Node1,Cloud-RCS-MP-Task-v2,round_03_position_2_Cloud-RCS-MP-Task-v2,125,logits,1787650365971416503,1787650366001970847,30.553954000000001,2,2,2,,0
Node1,Cloud-RCS-MP-Task-v2,round_03_position_2_Cloud-RCS-MP-Task-v2,126,logits,1787650366001971617,1787650366033361722,31.389714999999999,2,2,2,,0
Node1,Cloud-RCS-MP-Task-v2,round_03_position_2_Cloud-RCS-MP-Task-v2,127,logits,1787650366033362382,1787650366064944408,31.581616,2,2,2,,0
Node1,Cloud-RCS-MP-Task-v2,round_03_position_2_Cloud-RCS-MP-Task-v2,128,logits,1787650366064944908,1787650366096734118,31.788810000000002,2,2,2,,0
Node1,Cloud-RCS-MP-Task-v2,round_03_position_2_Cloud-RCS-MP-Task-v2,129,logits,1787650366096734668,1787650366128280563,31.545494999999999,2,2,2,,0
Node1,Cloud-RCS-MP-Task-v2,round_03_position_2_Cloud-RCS-MP-Task-v2,130,logits,1787650366128281493,1787650366160462597,32.180692999999998,2,2,2,,0
Node1,Cloud-RCS-MP-Task-v2,round_03_position_2_Cloud-RCS-MP-Task-v2,131,logits,1787650366160463107,1787650366191922926,31.459339,2,2,2,,0
Node1,Cloud-RCS-MP-Task-v2,round_03_position_2_Cloud-RCS-MP-Task-v2,132,logits,1787650366191923786,1787650366223288389,31.364193,2,2,2,,0
Node1,Cloud-RCS-MP-Task-v2,round_03_position_2_Cloud-RCS-MP-Task-v2,133,logits,1787650366223288929,1787650366254496833,31.207484000000001,2,2,2,,0
Node1,Cloud-RCS-MP-Task-v2,round_03_position_2_Cloud-RCS-MP-Task-v2,134,logits,1787650366254497663,1787650366286471584,31.973500999999999,2,2,2,,0
Node1,Cloud-RCS-MP-Task-v2,round_03_position_2_Cloud-RCS-MP-Task-v2,135,logits,1787650366286471984,1787650366317884681,31.412306000000001,2,2,2,,0
Node1,Cloud-RCS-MP-Task-v2,round_03_position_2_Cloud-RCS-MP-Task-v2,136,logits,1787650366317885101,1787650366348791286,30.905774999999998,2,2,2,,0
Node1,Cloud-RCS-MP-Task-v2,round_03_position_2_Cloud-RCS-MP-Task-v2,137,logits,1787650366348791956,1787650366381113358,32.320942000000002,2,2,2,,0
Node1,Cloud-RCS-MP-Task-v2,round_03_position_2_Cloud-RCS-MP-Task-v2,138,logits,1787650366381113888,1787650366413027265,31.912977000000001,2,2,2,,0
Node1,Cloud-RCS-MP-Task-v2,round_03_position_2_Cloud-RCS-MP-Task-v2,139,logits,1787650366413027795,1787650366444879538,31.851343,2,2,2,,0
Node1,Cloud-RCS-MP-Task-v2,round_03_position_2_Cloud-RCS-MP-Task-v2,140,logits,1787650366444880048,1787650366475660356,30.779907999999999,2,2,2,,0
Node1,Cloud-RCS-MP-Task-v2,round_03_position_2_Cloud-RCS-MP-Task-v2,141,logits,1787650366475660866,1787650366505310725,29.649459,2,2,2,,0
Node1,Cloud-RCS-MP-Task-v2,round_03_position_2_Cloud-RCS-MP-Task-v2,142,logits,1787650366505311235,1787650366535686247,30.374631999999998,2,2,2,,0
Node1,Cloud-RCS-MP-Task-v2,round_03_position_2_Cloud-RCS-MP-Task-v2,143,logits,1787650366535686757,1787650366565740830,30.053673,2,2,2,,0
Node1,Cloud-RCS-MP-Task-v2,round_03_position_2_Cloud-RCS-MP-Task-v2,144,logits,1787650366565741340,1787650366596124364,30.382633999999999,2,2,2,,0
Node1,Cloud-RCS-MP-Task-v2,round_03_position_2_Cloud-RCS-MP-Task-v2,145,logits,1787650366596124864,1787650366626228290,30.103026,2,2,2,,0
Node1,Cloud-RCS-MP-Task-v2,round_03_position_2_Cloud-RCS-MP-Task-v2,146,logits,1787650366626228670,1787650366655978474,29.749403999999998,2,2,2,,0
Node1,Cloud-RCS-MP-Task-v2,round_03_position_2_Cloud-RCS-MP-Task-v2,147,logits,1787650366655979124,1787650366685960513,29.980989000000001,2,2,2,,0
Node1,Cloud-RCS-MP-Task-v2,round_03_position_2_Cloud-RCS-MP-Task-v2,148,logits,1787650366685961003,1787650366716141574,30.180150999999999,2,2,2,,0
Node1,Cloud-RCS-MP-Task-v2,round_03_position_2_Cloud-RCS-MP-Task-v2,149,logits,1787650366716142094,1787650366747156166,31.013672,2,2,2,,0
Node1,Cloud-RCS-MP-Task-v2,round_03_position_2_Cloud-RCS-MP-Task-v2,150,logits,1787650366747156546,1787650366778463836,31.306909999999998,2,2,2,,0
Node1,Cloud-RCS-MP-Task-v2,round_03_position_2_Cloud-RCS-MP-Task-v2,151,logits,1787650366778464366,1787650366809787697,31.322870999999999,2,2,2,,0
Node1,Cloud-RCS-MP-Task-v2,round_03_position_2_Cloud-RCS-MP-Task-v2,152,logits,1787650366809788207,1787650366840691912,30.903265000000001,2,2,2,,0
Node1,Cloud-RCS-MP-Task-v2,round_03_position_2_Cloud-RCS-MP-Task-v2,153,logits,1787650366840692292,1787650366873060157,32.367474999999999,2,2,2,,0
Node1,Cloud-RCS-MP-Task-v2,round_03_position_2_Cloud-RCS-MP-Task-v2,154,logits,1787650366873060707,1787650366904507085,31.445968000000001,2,2,2,,0
Node1,Cloud-RCS-MP-Task-v2,round_03_position_2_Cloud-RCS-MP-Task-v2,155,logits,1787650366904507655,1787650366935003456,30.495360999999999,2,2,2,,0
Node1,Cloud-RCS-MP-Task-v2,round_03_position_2_Cloud-RCS-MP-Task-v2,156,logits,1787650366935004006,1787650366968092635,33.088228999999998,2,2,2,,0
Node1,Cloud-RCS-MP-Task-v2,round_03_position_2_Cloud-RCS-MP-Task-v2,157,logits,1787650366968093165,1787650366999913637,31.820081999999999,2,2,2,,0
Node1,Cloud-RCS-MP-Task-v2,round_03_position_2_Cloud-RCS-MP-Task-v2,158,logits,1787650366999914137,1787650367034717942,34.803355000000003,2,2,2,,0
Node1,Cloud-RCS-MP-Task-v2,round_03_position_2_Cloud-RCS-MP-Task-v2,159,logits,1787650367034718362,1787650367068638072,33.919310000000003,2,2,2,,0
Node1,Cloud-RCS-MP-Task-v2,round_03_position_2_Cloud-RCS-MP-Task-v2,160,logits,1787650367068638522,1787650367102133646,33.494743999999997,2,2,2,,0
Node1,Cloud-RCS-MP-Task-v2,round_03_position_2_Cloud-RCS-MP-Task-v2,161,logits,1787650367102134036,1787650367137419450,35.285004000000001,2,2,2,,0
Node1,Cloud-RCS-MP-Task-v2,round_03_position_2_Cloud-RCS-MP-Task-v2,162,logits,1787650367137419700,1787650367170983279,33.563068999999999,2,2,2,,0
Node1,Cloud-RCS-MP-Task-v2,round_03_position_2_Cloud-RCS-MP-Task-v2,163,logits,1787650367170983579,1787650367205445642,34.461483000000001,2,2,2,,0
Node1,Cloud-RCS-MP-Task-v2,round_03_position_2_Cloud-RCS-MP-Task-v2,164,logits,1787650367205446162,1787650367239218894,33.772342000000002,2,2,2,,0
Node1,Cloud-RCS-MP-Task-v2,round_03_position_2_Cloud-RCS-MP-Task-v2,165,logits,1787650367239219414,1787650367273333736,34.113911999999999,2,2,2,,0
Node1,Cloud-RCS-MP-Task-v2,round_03_position_2_Cloud-RCS-MP-Task-v2,166,logits,1787650367273334256,1787650367308334823,35.000177000000001,2,2,2,,0
Node1,Cloud-RCS-MP-Task-v2,round_03_position_2_Cloud-RCS-MP-Task-v2,167,logits,1787650367308335483,1787650367345425848,37.089685000000003,2,2,2,,0
Node1,Cloud-RCS-MP-Task-v2,round_03_position_2_Cloud-RCS-MP-Task-v2,168,logits,1787650367345426258,1787650367393386369,47.959561000000001,2,2,2,,0
Node1,Cloud-RCS-MP-Task-v2,round_03_position_2_Cloud-RCS-MP-Task-v2,169,logits,1787650367393386869,1787650367429289501,35.902222000000002,2,2,2,,0
Node1,Cloud-RCS-MP-Task-v2,round_03_position_2_Cloud-RCS-MP-Task-v2,170,logits,1787650367429289811,1787650367462001827,32.711606000000003,2,2,2,,0
Node1,Cloud-RCS-MP-Task-v2,round_03_position_2_Cloud-RCS-MP-Task-v2,171,logits,1787650367462002207,1787650367495409856,33.407229000000001,2,2,2,,0
Node1,Cloud-RCS-MP-Task-v2,round_03_position_2_Cloud-RCS-MP-Task-v2,172,logits,1787650367495410416,1787650367528988206,33.577379999999998,2,2,2,,0
Node1,Cloud-RCS-MP-Task-v2,round_03_position_2_Cloud-RCS-MP-Task-v2,173,logits,1787650367528988726,1787650367562379284,33.390148000000003,2,2,2,,0
Node1,Cloud-RCS-MP-Task-v2,round_03_position_2_Cloud-RCS-MP-Task-v2,174,logits,1787650367562379784,1787650367595284042,32.903697999999999,2,2,2,,0
Node1,Cloud-RCS-MP-Task-v2,round_03_position_2_Cloud-RCS-MP-Task-v2,175,logits,1787650367595284562,1787650367628379472,33.094340000000003,2,2,2,,0
Node1,Cloud-RCS-MP-Task-v2,round_03_position_2_Cloud-RCS-MP-Task-v2,176,logits,1787650367628379832,1787650367663392789,35.012557000000001,2,2,2,,0
Node1,Cloud-RCS-MP-Task-v2,round_03_position_2_Cloud-RCS-MP-Task-v2,177,logits,1787650367663393299,1787650367697471139,34.07741,2,2,2,,0
Node1,Cloud-RCS-MP-Task-v2,round_03_position_2_Cloud-RCS-MP-Task-v2,178,logits,1787650367697471549,1787650367732348418,34.876458999999997,2,2,2,,0
Node1,Cloud-RCS-MP-Task-v2,round_03_position_2_Cloud-RCS-MP-Task-v2,179,logits,1787650367732348958,1787650367765548094,33.198695999999998,2,2,2,,0
Node1,Cloud-RCS-MP-Task-v2,round_03_position_2_Cloud-RCS-MP-Task-v2,180,logits,1787650367765548794,1787650367804595840,39.046626000000003,2,2,2,,0
Node1,Cloud-RCS-MP-Task-v2,round_03_position_2_Cloud-RCS-MP-Task-v2,181,logits,1787650367804596360,1787650367843475804,38.879044,2,2,2,,0
Node1,Cloud-RCS-MP-Task-v2,round_03_position_2_Cloud-RCS-MP-Task-v2,182,logits,1787650367843476374,1787650367878541465,35.064481000000001,2,2,2,,0
Node1,Cloud-RCS-MP-Task-v2,round_03_position_2_Cloud-RCS-MP-Task-v2,183,logits,1787650367878542035,1787650367920652697,42.110072000000002,2,2,2,,0
Node1,Cloud-RCS-MP-Task-v2,round_03_position_2_Cloud-RCS-MP-Task-v2,184,logits,1787650367920653097,1787650367953560376,32.906858999999997,2,2,2,,0
Node1,Cloud-RCS-MP-Task-v2,round_03_position_2_Cloud-RCS-MP-Task-v2,185,logits,1787650367953560896,1787650367986570450,33.009154000000002,2,2,2,,0
Node1,Cloud-RCS-MP-Task-v2,round_03_position_2_Cloud-RCS-MP-Task-v2,186,logits,1787650367986570970,1787650368019634908,33.063538000000001,2,2,2,,0
Node1,Cloud-RCS-MP-Task-v2,round_03_position_2_Cloud-RCS-MP-Task-v2,187,logits,1787650368019635308,1787650368056647548,37.011830000000003,2,2,2,,0
Node1,Cloud-RCS-MP-Task-v2,round_03_position_2_Cloud-RCS-MP-Task-v2,188,logits,1787650368056648048,1787650368090244389,33.595931,2,2,2,,0
Node1,Cloud-RCS-MP-Task-v2,round_03_position_2_Cloud-RCS-MP-Task-v2,189,logits,1787650368090244899,1787650368126199665,35.953656000000002,2,2,2,,0
Node1,Cloud-RCS-MP-Task-v2,round_03_position_2_Cloud-RCS-MP-Task-v2,190,logits,1787650368126200345,1787650368164716327,38.515552,2,2,2,,0
Node1,Cloud-RCS-MP-Task-v2,round_03_position_2_Cloud-RCS-MP-Task-v2,191,logits,1787650368164716827,1787650368198588945,33.871718000000001,2,2,2,,0
Node1,Cloud-RCS-MP-Task-v2,round_03_position_2_Cloud-RCS-MP-Task-v2,192,logits,1787650368198589445,1787650368232490094,33.900238999999999,2,2,2,,0
Node1,Cloud-RCS-MP-Task-v2,round_03_position_2_Cloud-RCS-MP-Task-v2,193,logits,1787650368232490624,1787650368268238997,35.747982999999998,2,2,2,,0
Node1,Cloud-RCS-MP-Task-v2,round_03_position_2_Cloud-RCS-MP-Task-v2,194,logits,1787650368268239567,1787650368302936655,34.696638,2,2,2,,0
Node1,Cloud-RCS-MP-Task-v2,round_03_position_2_Cloud-RCS-MP-Task-v2,195,logits,1787650368302937155,1787650368337588801,34.651226000000001,2,2,2,,0
Node1,Cloud-RCS-MP-Task-v2,round_03_position_2_Cloud-RCS-MP-Task-v2,196,logits,1787650368337589571,1787650368370842180,33.252198999999997,2,2,2,,0
Node1,Cloud-RCS-MP-Task-v2,round_03_position_2_Cloud-RCS-MP-Task-v2,197,logits,1787650368370842590,1787650368408078834,37.235734000000001,2,2,2,,0
Node1,Cloud-RCS-MP-Task-v2,round_03_position_2_Cloud-RCS-MP-Task-v2,198,logits,1787650368408079365,1787650368443266933,35.187178000000003,2,2,2,,0
Node1,Cloud-RCS-MP-Task-v2,round_03_position_2_Cloud-RCS-MP-Task-v2,199,logits,1787650368443267443,1787650368475993020,32.724927000000001,2,2,2,,0
Node1,Cloud-RCS-FP32-Compat,round_03_position_3_Cloud-RCS-FP32-Compat,0,logits,1787650398414752033,1787650398450957040,36.204487,2,2,2,,0
Node1,Cloud-RCS-FP32-Compat,round_03_position_3_Cloud-RCS-FP32-Compat,1,logits,1787650398450957430,1787650398504078407,53.120567000000001,2,2,2,,0
Node1,Cloud-RCS-FP32-Compat,round_03_position_3_Cloud-RCS-FP32-Compat,2,logits,1787650398504078897,1787650398541292957,37.213648999999997,2,2,2,,0
Node1,Cloud-RCS-FP32-Compat,round_03_position_3_Cloud-RCS-FP32-Compat,3,logits,1787650398541293347,1787650398578086770,36.792763000000001,2,2,2,,0
Node1,Cloud-RCS-FP32-Compat,round_03_position_3_Cloud-RCS-FP32-Compat,4,logits,1787650398578087270,1787650398613212370,35.124699999999997,2,2,2,,0
Node1,Cloud-RCS-FP32-Compat,round_03_position_3_Cloud-RCS-FP32-Compat,5,logits,1787650398613212740,1787650398648490050,35.277030000000003,2,2,2,,0
Node1,Cloud-RCS-FP32-Compat,round_03_position_3_Cloud-RCS-FP32-Compat,6,logits,1787650398648490610,1787650398684372668,35.881658000000002,2,2,2,,0
Node1,Cloud-RCS-FP32-Compat,round_03_position_3_Cloud-RCS-FP32-Compat,7,logits,1787650398684373128,1787650398719036490,34.662962,2,2,2,,0
Node1,Cloud-RCS-FP32-Compat,round_03_position_3_Cloud-RCS-FP32-Compat,8,logits,1787650398719036940,1787650398754145930,35.108499999999999,2,2,2,,0
Node1,Cloud-RCS-FP32-Compat,round_03_position_3_Cloud-RCS-FP32-Compat,9,logits,1787650398754146450,1787650398789871037,35.724167000000001,2,2,2,,0
Node1,Cloud-RCS-FP32-Compat,round_03_position_3_Cloud-RCS-FP32-Compat,10,logits,1787650398789871427,1787650398826395034,36.523197000000003,2,2,2,,0
Node1,Cloud-RCS-FP32-Compat,round_03_position_3_Cloud-RCS-FP32-Compat,11,logits,1787650398826395564,1787650398862992344,36.596380000000003,2,2,2,,0
Node1,Cloud-RCS-FP32-Compat,round_03_position_3_Cloud-RCS-FP32-Compat,12,logits,1787650398862992734,1787650398899964199,36.970965,2,2,2,,0
Node1,Cloud-RCS-FP32-Compat,round_03_position_3_Cloud-RCS-FP32-Compat,13,logits,1787650398899964599,1787650398938423095,38.458075999999998,2,2,2,,0
Node1,Cloud-RCS-FP32-Compat,round_03_position_3_Cloud-RCS-FP32-Compat,14,logits,1787650398938423645,1787650398978292127,39.867731999999997,2,2,2,,0
Node1,Cloud-RCS-FP32-Compat,round_03_position_3_Cloud-RCS-FP32-Compat,15,logits,1787650398978292587,1787650399017833579,39.540371999999998,2,2,2,,0
Node1,Cloud-RCS-FP32-Compat,round_03_position_3_Cloud-RCS-FP32-Compat,16,logits,1787650399017834259,1787650399056120154,38.285474999999998,2,2,2,,0
Node1,Cloud-RCS-FP32-Compat,round_03_position_3_Cloud-RCS-FP32-Compat,17,logits,1787650399056120694,1787650399093872497,37.751353000000002,2,2,2,,0
Node1,Cloud-RCS-FP32-Compat,round_03_position_3_Cloud-RCS-FP32-Compat,18,logits,1787650399093873167,1787650399131258136,37.384568999999999,2,2,2,,0
Node1,Cloud-RCS-FP32-Compat,round_03_position_3_Cloud-RCS-FP32-Compat,19,logits,1787650399131258676,1787650399169353490,38.094324,2,2,2,,0
Node1,Cloud-RCS-FP32-Compat,round_03_position_3_Cloud-RCS-FP32-Compat,20,logits,1787650399169354020,1787650399207154645,37.799914999999999,2,2,2,,0
Node1,Cloud-RCS-FP32-Compat,round_03_position_3_Cloud-RCS-FP32-Compat,21,logits,1787650399207155035,1787650399245052276,37.896701,2,2,2,,0
Node1,Cloud-RCS-FP32-Compat,round_03_position_3_Cloud-RCS-FP32-Compat,22,logits,1787650399245053126,1787650399283373664,38.320138,2,2,2,,0
Node1,Cloud-RCS-FP32-Compat,round_03_position_3_Cloud-RCS-FP32-Compat,23,logits,1787650399283374104,1787650399324705736,41.331221999999997,2,2,2,,0
Node1,Cloud-RCS-FP32-Compat,round_03_position_3_Cloud-RCS-FP32-Compat,24,logits,1787650399324706256,1787650399361680681,36.974024999999997,2,2,2,,0
Node1,Cloud-RCS-FP32-Compat,round_03_position_3_Cloud-RCS-FP32-Compat,25,logits,1787650399361681471,1787650399400183930,38.502009000000001,2,2,2,,0
Node1,Cloud-RCS-FP32-Compat,round_03_position_3_Cloud-RCS-FP32-Compat,26,logits,1787650399400184540,1787650399439087373,38.902363000000001,2,2,2,,0
Node1,Cloud-RCS-FP32-Compat,round_03_position_3_Cloud-RCS-FP32-Compat,27,logits,1787650399439087953,1787650399477074280,37.985926999999997,2,2,2,,0
Node1,Cloud-RCS-FP32-Compat,round_03_position_3_Cloud-RCS-FP32-Compat,28,logits,1787650399477074700,1787650399515764809,38.689509000000001,2,2,2,,0
Node1,Cloud-RCS-FP32-Compat,round_03_position_3_Cloud-RCS-FP32-Compat,29,logits,1787650399515765460,1787650399554169502,38.403632000000002,2,2,2,,0
Node1,Cloud-RCS-FP32-Compat,round_03_position_3_Cloud-RCS-FP32-Compat,30,logits,1787650399554169902,1787650399592679761,38.509428999999997,2,2,2,,0
Node1,Cloud-RCS-FP32-Compat,round_03_position_3_Cloud-RCS-FP32-Compat,31,logits,1787650399592680361,1787650399631092924,38.412022999999998,2,2,2,,0
Node1,Cloud-RCS-FP32-Compat,round_03_position_3_Cloud-RCS-FP32-Compat,32,logits,1787650399631093314,1787650399671351601,40.257897,2,2,2,,0
Node1,Cloud-RCS-FP32-Compat,round_03_position_3_Cloud-RCS-FP32-Compat,33,logits,1787650399671352161,1787650399711144029,39.791437999999999,2,2,2,,0
Node1,Cloud-RCS-FP32-Compat,round_03_position_3_Cloud-RCS-FP32-Compat,34,logits,1787650399711144529,1787650399751290968,40.146019000000003,2,2,2,,0
Node1,Cloud-RCS-FP32-Compat,round_03_position_3_Cloud-RCS-FP32-Compat,35,logits,1787650399751291558,1787650399791137570,39.845592000000003,2,2,2,,0
Node1,Cloud-RCS-FP32-Compat,round_03_position_3_Cloud-RCS-FP32-Compat,36,logits,1787650399791138150,1787650399830015531,38.876961000000001,2,2,2,,0
Node1,Cloud-RCS-FP32-Compat,round_03_position_3_Cloud-RCS-FP32-Compat,37,logits,1787650399830016071,1787650399868783816,38.767335000000003,2,2,2,,0
Node1,Cloud-RCS-FP32-Compat,round_03_position_3_Cloud-RCS-FP32-Compat,38,logits,1787650399868784686,1787650399905088469,36.303382999999997,2,2,2,,0
Node1,Cloud-RCS-FP32-Compat,round_03_position_3_Cloud-RCS-FP32-Compat,39,logits,1787650399905088989,1787650399944318132,39.227933,2,2,2,,0
Node1,Cloud-RCS-FP32-Compat,round_03_position_3_Cloud-RCS-FP32-Compat,40,logits,1787650399944319262,1787650399994359541,50.039839000000001,2,2,2,,0
Node1,Cloud-RCS-FP32-Compat,round_03_position_3_Cloud-RCS-FP32-Compat,41,logits,1787650399994360051,1787650400030637773,36.277312000000002,2,2,2,,0
Node1,Cloud-RCS-FP32-Compat,round_03_position_3_Cloud-RCS-FP32-Compat,42,logits,1787650400030638353,1787650400067180241,36.541387999999998,2,2,2,,0
Node1,Cloud-RCS-FP32-Compat,round_03_position_3_Cloud-RCS-FP32-Compat,43,logits,1787650400067180771,1787650400102931430,35.750248999999997,2,2,2,,0
Node1,Cloud-RCS-FP32-Compat,round_03_position_3_Cloud-RCS-FP32-Compat,44,logits,1787650400102931960,1787650400138434335,35.501665000000003,2,2,2,,0
Node1,Cloud-RCS-FP32-Compat,round_03_position_3_Cloud-RCS-FP32-Compat,45,logits,1787650400138434825,1787650400183713120,45.277855000000002,2,2,2,,0
Node1,Cloud-RCS-FP32-Compat,round_03_position_3_Cloud-RCS-FP32-Compat,46,logits,1787650400183713670,1787650400219671382,35.957301999999999,2,2,2,,0
Node1,Cloud-RCS-FP32-Compat,round_03_position_3_Cloud-RCS-FP32-Compat,47,logits,1787650400219671932,1787650400255470755,35.798392999999997,2,2,2,,0
Node1,Cloud-RCS-FP32-Compat,round_03_position_3_Cloud-RCS-FP32-Compat,48,logits,1787650400255471285,1787650400291475620,36.003824999999999,2,2,2,,0
Node1,Cloud-RCS-FP32-Compat,round_03_position_3_Cloud-RCS-FP32-Compat,49,logits,1787650400291476140,1787650400327804285,36.327635000000001,2,2,2,,0
Node1,Cloud-RCS-FP32-Compat,round_03_position_3_Cloud-RCS-FP32-Compat,50,logits,1787650400327804795,1787650400363726935,35.921709999999997,2,2,2,,0
Node1,Cloud-RCS-FP32-Compat,round_03_position_3_Cloud-RCS-FP32-Compat,51,logits,1787650400363727465,1787650400398993574,35.265698999999998,2,2,2,,0
Node1,Cloud-RCS-FP32-Compat,round_03_position_3_Cloud-RCS-FP32-Compat,52,logits,1787650400398994074,1787650400434807888,35.813364,2,2,2,,0
Node1,Cloud-RCS-FP32-Compat,round_03_position_3_Cloud-RCS-FP32-Compat,53,logits,1787650400434808408,1787650400469115859,34.307040999999998,2,2,2,,0
Node1,Cloud-RCS-FP32-Compat,round_03_position_3_Cloud-RCS-FP32-Compat,54,logits,1787650400469116359,1787650400504584110,35.467320999999998,2,2,2,,0
Node1,Cloud-RCS-FP32-Compat,round_03_position_3_Cloud-RCS-FP32-Compat,55,logits,1787650400504584930,1787650400539460386,34.875056000000001,2,2,2,,0
Node1,Cloud-RCS-FP32-Compat,round_03_position_3_Cloud-RCS-FP32-Compat,56,logits,1787650400539460766,1787650400574673023,35.211615999999999,2,2,2,,0
Node1,Cloud-RCS-FP32-Compat,round_03_position_3_Cloud-RCS-FP32-Compat,57,logits,1787650400574673523,1787650400608956002,34.282079000000003,2,2,2,,0
Node1,Cloud-RCS-FP32-Compat,round_03_position_3_Cloud-RCS-FP32-Compat,58,logits,1787650400608956512,1787650400642904440,33.947657999999997,2,2,2,,0
Node1,Cloud-RCS-FP32-Compat,round_03_position_3_Cloud-RCS-FP32-Compat,59,logits,1787650400642904940,1787650400676291614,33.386394000000003,2,2,2,,0
Node1,Cloud-RCS-FP32-Compat,round_03_position_3_Cloud-RCS-FP32-Compat,60,logits,1787650400676292124,1787650400711258145,34.965600999999999,2,2,2,,0
Node1,Cloud-RCS-FP32-Compat,round_03_position_3_Cloud-RCS-FP32-Compat,61,logits,1787650400711258665,1787650400745598878,34.339803000000003,2,2,2,,0
Node1,Cloud-RCS-FP32-Compat,round_03_position_3_Cloud-RCS-FP32-Compat,62,logits,1787650400745599378,1787650400781047819,35.448011000000001,2,2,2,,0
Node1,Cloud-RCS-FP32-Compat,round_03_position_3_Cloud-RCS-FP32-Compat,63,logits,1787650400781048379,1787650400818516084,37.467284999999997,2,2,2,,0
Node1,Cloud-RCS-FP32-Compat,round_03_position_3_Cloud-RCS-FP32-Compat,64,logits,1787650400818516584,1787650400858129631,39.612656999999999,2,2,2,,0
Node1,Cloud-RCS-FP32-Compat,round_03_position_3_Cloud-RCS-FP32-Compat,65,logits,1787650400858130131,1787650400894905844,36.775283000000002,2,2,2,,0
Node1,Cloud-RCS-FP32-Compat,round_03_position_3_Cloud-RCS-FP32-Compat,66,logits,1787650400894906244,1787650400932066300,37.159506,2,2,2,,0
Node1,Cloud-RCS-FP32-Compat,round_03_position_3_Cloud-RCS-FP32-Compat,67,logits,1787650400932066730,1787650400968068185,36.001055000000001,2,2,2,,0
Node1,Cloud-RCS-FP32-Compat,round_03_position_3_Cloud-RCS-FP32-Compat,68,logits,1787650400968068695,1787650401005408432,37.338987000000003,2,2,2,,0
Node1,Cloud-RCS-FP32-Compat,round_03_position_3_Cloud-RCS-FP32-Compat,69,logits,1787650401005409052,1787650401044700860,39.291367999999999,2,2,2,,0
Node1,Cloud-RCS-FP32-Compat,round_03_position_3_Cloud-RCS-FP32-Compat,70,logits,1787650401044701390,1787650401083602423,38.900483000000001,2,2,2,,0
Node1,Cloud-RCS-FP32-Compat,round_03_position_3_Cloud-RCS-FP32-Compat,71,logits,1787650401083602863,1787650401121961413,38.358069999999998,2,2,2,,0
Node1,Cloud-RCS-FP32-Compat,round_03_position_3_Cloud-RCS-FP32-Compat,72,logits,1787650401121961823,1787650401160703957,38.741644000000001,2,2,2,,0
Node1,Cloud-RCS-FP32-Compat,round_03_position_3_Cloud-RCS-FP32-Compat,73,logits,1787650401160704577,1787650401200012005,39.307017999999999,2,2,2,,0
Node1,Cloud-RCS-FP32-Compat,round_03_position_3_Cloud-RCS-FP32-Compat,74,logits,1787650401200012425,1787650401238490103,38.477137999999997,2,2,2,,0
Node1,Cloud-RCS-FP32-Compat,round_03_position_3_Cloud-RCS-FP32-Compat,75,logits,1787650401238490533,1787650401278414409,39.923476000000001,2,2,2,,0
Node1,Cloud-RCS-FP32-Compat,round_03_position_3_Cloud-RCS-FP32-Compat,76,logits,1787650401278414799,1787650401314651999,36.236750000000001,2,2,2,,0
Node1,Cloud-RCS-FP32-Compat,round_03_position_3_Cloud-RCS-FP32-Compat,77,logits,1787650401314652519,1787650401350772151,36.119222000000001,2,2,2,,0
Node1,Cloud-RCS-FP32-Compat,round_03_position_3_Cloud-RCS-FP32-Compat,78,logits,1787650401350772541,1787650401387739606,36.966664999999999,2,2,2,,0
Node1,Cloud-RCS-FP32-Compat,round_03_position_3_Cloud-RCS-FP32-Compat,79,logits,1787650401387740116,1787650401423294783,35.554107000000002,2,2,2,,0
Node1,Cloud-RCS-FP32-Compat,round_03_position_3_Cloud-RCS-FP32-Compat,80,logits,1787650401423295303,1787650401459406135,36.110432000000003,2,2,2,,0
Node1,Cloud-RCS-FP32-Compat,round_03_position_3_Cloud-RCS-FP32-Compat,81,logits,1787650401459406645,1787650401494400138,34.993082999999999,2,2,2,,0
Node1,Cloud-RCS-FP32-Compat,round_03_position_3_Cloud-RCS-FP32-Compat,82,logits,1787650401494400718,1787650401529625195,35.224077000000001,2,2,2,,0
Node1,Cloud-RCS-FP32-Compat,round_03_position_3_Cloud-RCS-FP32-Compat,83,logits,1787650401529625705,1787650401565369835,35.743699999999997,2,2,2,,0
Node1,Cloud-RCS-FP32-Compat,round_03_position_3_Cloud-RCS-FP32-Compat,84,logits,1787650401565370395,1787650401603209983,37.839157999999998,2,2,2,,0
Node1,Cloud-RCS-FP32-Compat,round_03_position_3_Cloud-RCS-FP32-Compat,85,logits,1787650401603210513,1787650401639988886,36.777963,2,2,2,,0
Node1,Cloud-RCS-FP32-Compat,round_03_position_3_Cloud-RCS-FP32-Compat,86,logits,1787650401639989396,1787650401676318921,36.329104999999998,2,2,2,,0
Node1,Cloud-RCS-FP32-Compat,round_03_position_3_Cloud-RCS-FP32-Compat,87,logits,1787650401676319351,1787650401713206911,36.887160000000002,2,2,2,,0
Node1,Cloud-RCS-FP32-Compat,round_03_position_3_Cloud-RCS-FP32-Compat,88,logits,1787650401713207421,1787650401749325983,36.117961999999999,2,2,2,,0
Node1,Cloud-RCS-FP32-Compat,round_03_position_3_Cloud-RCS-FP32-Compat,89,logits,1787650401749326483,1787650401782683956,33.356903000000003,2,2,2,,0
Node1,Cloud-RCS-FP32-Compat,round_03_position_3_Cloud-RCS-FP32-Compat,90,logits,1787650401782684486,1787650401815810764,33.125867999999997,2,2,2,,0
Node1,Cloud-RCS-FP32-Compat,round_03_position_3_Cloud-RCS-FP32-Compat,91,logits,1787650401815811144,1787650401848926891,33.115347,2,2,2,,0
Node1,Cloud-RCS-FP32-Compat,round_03_position_3_Cloud-RCS-FP32-Compat,92,logits,1787650401848927411,1787650401882402901,33.475230000000003,2,2,2,,0
Node1,Cloud-RCS-FP32-Compat,round_03_position_3_Cloud-RCS-FP32-Compat,93,logits,1787650401882403461,1787650401916114475,33.710743999999998,2,2,2,,0
Node1,Cloud-RCS-FP32-Compat,round_03_position_3_Cloud-RCS-FP32-Compat,94,logits,1787650401916114975,1787650401953039657,36.924402000000001,2,2,2,,0
Node1,Cloud-RCS-FP32-Compat,round_03_position_3_Cloud-RCS-FP32-Compat,95,logits,1787650401953040107,1787650401989033332,35.992815,2,2,2,,0
Node1,Cloud-RCS-FP32-Compat,round_03_position_3_Cloud-RCS-FP32-Compat,96,logits,1787650401989034072,1787650402024107660,35.073017999999998,2,2,2,,0
Node1,Cloud-RCS-FP32-Compat,round_03_position_3_Cloud-RCS-FP32-Compat,97,logits,1787650402024108060,1787650402059318986,35.210515999999998,2,2,2,,0
Node1,Cloud-RCS-FP32-Compat,round_03_position_3_Cloud-RCS-FP32-Compat,98,logits,1787650402059319386,1787650402094243835,34.924059,2,2,2,,0
Node1,Cloud-RCS-FP32-Compat,round_03_position_3_Cloud-RCS-FP32-Compat,99,logits,1787650402094244375,1787650402127956040,33.711275000000001,2,2,2,,0
Node1,Cloud-RCS-FP32-Compat,round_03_position_3_Cloud-RCS-FP32-Compat,100,logits,1787650402127956290,1787650402161784541,33.827551,2,2,2,,0
Node1,Cloud-RCS-FP32-Compat,round_03_position_3_Cloud-RCS-FP32-Compat,101,logits,1787650402161784931,1787650402195138604,33.353262999999998,2,2,2,,0
Node1,Cloud-RCS-FP32-Compat,round_03_position_3_Cloud-RCS-FP32-Compat,102,logits,1787650402195138984,1787650402228142354,33.003100000000003,2,2,2,,0
Node1,Cloud-RCS-FP32-Compat,round_03_position_3_Cloud-RCS-FP32-Compat,103,logits,1787650402228142604,1787650402260857827,32.714962999999997,2,2,2,,0
Node1,Cloud-RCS-FP32-Compat,round_03_position_3_Cloud-RCS-FP32-Compat,104,logits,1787650402260858207,1787650402293955534,33.097057,2,2,2,,0
Node1,Cloud-RCS-FP32-Compat,round_03_position_3_Cloud-RCS-FP32-Compat,105,logits,1787650402293955904,1787650402328042092,34.085788000000001,2,2,2,,0
Node1,Cloud-RCS-FP32-Compat,round_03_position_3_Cloud-RCS-FP32-Compat,106,logits,1787650402328042492,1787650402364577680,36.534748,2,2,2,,0
Node1,Cloud-RCS-FP32-Compat,round_03_position_3_Cloud-RCS-FP32-Compat,107,logits,1787650402364578210,1787650402404008946,39.430286000000002,2,2,2,,0
Node1,Cloud-RCS-FP32-Compat,round_03_position_3_Cloud-RCS-FP32-Compat,108,logits,1787650402404009326,1787650402450801646,46.791420000000002,2,2,2,,0
Node1,Cloud-RCS-FP32-Compat,round_03_position_3_Cloud-RCS-FP32-Compat,109,logits,1787650402450802346,1787650402494814014,44.011237999999999,2,2,2,,0
Node1,Cloud-RCS-FP32-Compat,round_03_position_3_Cloud-RCS-FP32-Compat,110,logits,1787650402494814594,1787650402530762266,35.947122,2,2,2,,0
Node1,Cloud-RCS-FP32-Compat,round_03_position_3_Cloud-RCS-FP32-Compat,111,logits,1787650402530762766,1787650402566785892,36.022705999999999,2,2,2,,0
Node1,Cloud-RCS-FP32-Compat,round_03_position_3_Cloud-RCS-FP32-Compat,112,logits,1787650402566786422,1787650402601884652,35.097859999999997,2,2,2,,0
Node1,Cloud-RCS-FP32-Compat,round_03_position_3_Cloud-RCS-FP32-Compat,113,logits,1787650402601885122,1787650402637380506,35.494964000000003,2,2,2,,0
Node1,Cloud-RCS-FP32-Compat,round_03_position_3_Cloud-RCS-FP32-Compat,114,logits,1787650402637381036,1787650402672488647,35.107191,2,2,2,,0
Node1,Cloud-RCS-FP32-Compat,round_03_position_3_Cloud-RCS-FP32-Compat,115,logits,1787650402672489157,1787650402708638511,36.148823999999998,2,2,2,,0
Node1,Cloud-RCS-FP32-Compat,round_03_position_3_Cloud-RCS-FP32-Compat,116,logits,1787650402708639041,1787650402745243343,36.603881999999999,2,2,2,,0
Node1,Cloud-RCS-FP32-Compat,round_03_position_3_Cloud-RCS-FP32-Compat,117,logits,1787650402745243893,1787650402784586304,39.342010999999999,2,2,2,,0
Node1,Cloud-RCS-FP32-Compat,round_03_position_3_Cloud-RCS-FP32-Compat,118,logits,1787650402784586864,1787650402824561594,39.974139999999998,2,2,2,,0
Node1,Cloud-RCS-FP32-Compat,round_03_position_3_Cloud-RCS-FP32-Compat,119,logits,1787650402824562134,1787650402863207442,38.644877999999999,2,2,2,,0
Node1,Cloud-RCS-FP32-Compat,round_03_position_3_Cloud-RCS-FP32-Compat,120,logits,1787650402863207992,1787650402900550500,37.342098,2,2,2,,0
Node1,Cloud-RCS-FP32-Compat,round_03_position_3_Cloud-RCS-FP32-Compat,121,logits,1787650402900551000,1787650402936671112,36.119562000000002,2,2,2,,0
Node1,Cloud-RCS-FP32-Compat,round_03_position_3_Cloud-RCS-FP32-Compat,122,logits,1787650402936671522,1787650402973318827,36.646884999999997,2,2,2,,0
Node1,Cloud-RCS-FP32-Compat,round_03_position_3_Cloud-RCS-FP32-Compat,123,logits,1787650402973319377,1787650403009755099,36.435111999999997,2,2,2,,0
Node1,Cloud-RCS-FP32-Compat,round_03_position_3_Cloud-RCS-FP32-Compat,124,logits,1787650403009755629,1787650403046604487,36.848398000000003,2,2,2,,0
Node1,Cloud-RCS-FP32-Compat,round_03_position_3_Cloud-RCS-FP32-Compat,125,logits,1787650403046604857,1787650403083891452,37.286115000000002,2,2,2,,0
Node1,Cloud-RCS-FP32-Compat,round_03_position_3_Cloud-RCS-FP32-Compat,126,logits,1787650403083891852,1787650403122756983,38.864671000000001,2,2,2,,0
Node1,Cloud-RCS-FP32-Compat,round_03_position_3_Cloud-RCS-FP32-Compat,127,logits,1787650403122757533,1787650403161951085,39.193122000000002,2,2,2,,0
Node1,Cloud-RCS-FP32-Compat,round_03_position_3_Cloud-RCS-FP32-Compat,128,logits,1787650403161951525,1787650403201947257,39.995291999999999,2,2,2,,0
Node1,Cloud-RCS-FP32-Compat,round_03_position_3_Cloud-RCS-FP32-Compat,129,logits,1787650403201947707,1787650403242663822,40.715665000000001,2,2,2,,0
Node1,Cloud-RCS-FP32-Compat,round_03_position_3_Cloud-RCS-FP32-Compat,130,logits,1787650403242664372,1787650403280369002,37.704360000000001,2,2,2,,0
Node1,Cloud-RCS-FP32-Compat,round_03_position_3_Cloud-RCS-FP32-Compat,131,logits,1787650403280369522,1787650403317414852,37.044910000000002,2,2,2,,0
Node1,Cloud-RCS-FP32-Compat,round_03_position_3_Cloud-RCS-FP32-Compat,132,logits,1787650403317415382,1787650403353712076,36.296273999999997,2,2,2,,0
Node1,Cloud-RCS-FP32-Compat,round_03_position_3_Cloud-RCS-FP32-Compat,133,logits,1787650403353712466,1787650403389886022,36.173116,2,2,2,,0
Node1,Cloud-RCS-FP32-Compat,round_03_position_3_Cloud-RCS-FP32-Compat,134,logits,1787650403389886522,1787650403426196486,36.309564000000002,2,2,2,,0
Node1,Cloud-RCS-FP32-Compat,round_03_position_3_Cloud-RCS-FP32-Compat,135,logits,1787650403426197006,1787650403463215654,37.018228000000001,2,2,2,,0
Node1,Cloud-RCS-FP32-Compat,round_03_position_3_Cloud-RCS-FP32-Compat,136,logits,1787650403463216214,1787650403504422490,41.205824999999997,2,2,2,,0
Node1,Cloud-RCS-FP32-Compat,round_03_position_3_Cloud-RCS-FP32-Compat,137,logits,1787650403504423370,1787650403559500660,55.076720000000002,2,2,2,,0
Node1,Cloud-RCS-FP32-Compat,round_03_position_3_Cloud-RCS-FP32-Compat,138,logits,1787650403559501060,1787650403602092091,42.590631000000002,2,2,2,,0
Node1,Cloud-RCS-FP32-Compat,round_03_position_3_Cloud-RCS-FP32-Compat,139,logits,1787650403602092661,1787650403641842707,39.749595999999997,2,2,2,,0
Node1,Cloud-RCS-FP32-Compat,round_03_position_3_Cloud-RCS-FP32-Compat,140,logits,1787650403641843117,1787650403681784485,39.940857999999999,2,2,2,,0
Node1,Cloud-RCS-FP32-Compat,round_03_position_3_Cloud-RCS-FP32-Compat,141,logits,1787650403681784965,1787650403724481032,42.695636999999998,2,2,2,,0
Node1,Cloud-RCS-FP32-Compat,round_03_position_3_Cloud-RCS-FP32-Compat,142,logits,1787650403724481532,1787650403760828979,36.347136999999996,2,2,2,,0
Node1,Cloud-RCS-FP32-Compat,round_03_position_3_Cloud-RCS-FP32-Compat,143,logits,1787650403760829369,1787650403795321152,34.491512999999998,2,2,2,,0
Node1,Cloud-RCS-FP32-Compat,round_03_position_3_Cloud-RCS-FP32-Compat,144,logits,1787650403795321542,1787650403831542471,36.220509,2,2,2,,0
Node1,Cloud-RCS-FP32-Compat,round_03_position_3_Cloud-RCS-FP32-Compat,145,logits,1787650403831542971,1787650403868130902,36.587501000000003,2,2,2,,0
Node1,Cloud-RCS-FP32-Compat,round_03_position_3_Cloud-RCS-FP32-Compat,146,logits,1787650403868131442,1787650403906113719,37.981856999999998,2,2,2,,0
Node1,Cloud-RCS-FP32-Compat,round_03_position_3_Cloud-RCS-FP32-Compat,147,logits,1787650403906114299,1787650403941833648,35.718879000000001,2,2,2,,0
Node1,Cloud-RCS-FP32-Compat,round_03_position_3_Cloud-RCS-FP32-Compat,148,logits,1787650403941834068,1787650403978756610,36.922032000000002,2,2,2,,0
Node1,Cloud-RCS-FP32-Compat,round_03_position_3_Cloud-RCS-FP32-Compat,149,logits,1787650403978757000,1787650404015468369,36.710968999999999,2,2,2,,0
Node1,Cloud-RCS-FP32-Compat,round_03_position_3_Cloud-RCS-FP32-Compat,150,logits,1787650404015468759,1787650404050414270,34.945101000000001,2,2,2,,0
Node1,Cloud-RCS-FP32-Compat,round_03_position_3_Cloud-RCS-FP32-Compat,151,logits,1787650404050414640,1787650404085336289,34.921228999999997,2,2,2,,0
Node1,Cloud-RCS-FP32-Compat,round_03_position_3_Cloud-RCS-FP32-Compat,152,logits,1787650404085336689,1787650404120383126,35.045937000000002,2,2,2,,0
Node1,Cloud-RCS-FP32-Compat,round_03_position_3_Cloud-RCS-FP32-Compat,153,logits,1787650404120383386,1787650404155450364,35.066718000000002,2,2,2,,0
Node1,Cloud-RCS-FP32-Compat,round_03_position_3_Cloud-RCS-FP32-Compat,154,logits,1787650404155450784,1787650404189664050,34.212966000000002,2,2,2,,0
Node1,Cloud-RCS-FP32-Compat,round_03_position_3_Cloud-RCS-FP32-Compat,155,logits,1787650404189664470,1787650404224550747,34.885787000000001,2,2,2,,0
Node1,Cloud-RCS-FP32-Compat,round_03_position_3_Cloud-RCS-FP32-Compat,156,logits,1787650404224551277,1787650404260520740,35.969062999999998,2,2,2,,0
Node1,Cloud-RCS-FP32-Compat,round_03_position_3_Cloud-RCS-FP32-Compat,157,logits,1787650404260521260,1787650404297545469,37.023789000000001,2,2,2,,0
Node1,Cloud-RCS-FP32-Compat,round_03_position_3_Cloud-RCS-FP32-Compat,158,logits,1787650404297545889,1787650404334410998,36.864699000000002,2,2,2,,0
Node1,Cloud-RCS-FP32-Compat,round_03_position_3_Cloud-RCS-FP32-Compat,159,logits,1787650404334411828,1787650404369540010,35.127912000000002,2,2,2,,0
Node1,Cloud-RCS-FP32-Compat,round_03_position_3_Cloud-RCS-FP32-Compat,160,logits,1787650404369540830,1787650404404670582,35.129342000000001,2,2,2,,0
Node1,Cloud-RCS-FP32-Compat,round_03_position_3_Cloud-RCS-FP32-Compat,161,logits,1787650404404671082,1787650404439890920,35.219268,2,2,2,,0
Node1,Cloud-RCS-FP32-Compat,round_03_position_3_Cloud-RCS-FP32-Compat,162,logits,1787650404439891430,1787650404475564065,35.672355000000003,2,2,2,,0
Node1,Cloud-RCS-FP32-Compat,round_03_position_3_Cloud-RCS-FP32-Compat,163,logits,1787650404475564575,1787650404510983805,35.418729999999996,2,2,2,,0
Node1,Cloud-RCS-FP32-Compat,round_03_position_3_Cloud-RCS-FP32-Compat,164,logits,1787650404510984295,1787650404548556897,37.572181999999998,2,2,2,,0
Node1,Cloud-RCS-FP32-Compat,round_03_position_3_Cloud-RCS-FP32-Compat,165,logits,1787650404548557417,1787650404583827828,35.270001000000001,2,2,2,,0
Node1,Cloud-RCS-FP32-Compat,round_03_position_3_Cloud-RCS-FP32-Compat,166,logits,1787650404583828328,1787650404618987002,35.158244000000003,2,2,2,,0
Node1,Cloud-RCS-FP32-Compat,round_03_position_3_Cloud-RCS-FP32-Compat,167,logits,1787650404618987522,1787650404653975495,34.987703000000003,2,2,2,,0
Node1,Cloud-RCS-FP32-Compat,round_03_position_3_Cloud-RCS-FP32-Compat,168,logits,1787650404653975755,1787650404689057844,35.081828999999999,2,2,2,,0
Node1,Cloud-RCS-FP32-Compat,round_03_position_3_Cloud-RCS-FP32-Compat,169,logits,1787650404689058214,1787650404724363037,35.304282999999998,2,2,2,,0
Node1,Cloud-RCS-FP32-Compat,round_03_position_3_Cloud-RCS-FP32-Compat,170,logits,1787650404724363777,1787650404760946689,36.582501999999998,2,2,2,,0
Node1,Cloud-RCS-FP32-Compat,round_03_position_3_Cloud-RCS-FP32-Compat,171,logits,1787650404760947219,1787650404798876263,37.928643999999998,2,2,2,,0
Node1,Cloud-RCS-FP32-Compat,round_03_position_3_Cloud-RCS-FP32-Compat,172,logits,1787650404798876663,1787650404837068954,38.191861000000003,2,2,2,,0
Node1,Cloud-RCS-FP32-Compat,round_03_position_3_Cloud-RCS-FP32-Compat,173,logits,1787650404837069414,1787650404875189390,38.119585999999998,2,2,2,,0
Node1,Cloud-RCS-FP32-Compat,round_03_position_3_Cloud-RCS-FP32-Compat,174,logits,1787650404875189800,1787650404913265503,38.075282999999999,2,2,2,,0
Node1,Cloud-RCS-FP32-Compat,round_03_position_3_Cloud-RCS-FP32-Compat,175,logits,1787650404913265903,1787650404951801034,38.534371,2,2,2,,0
Node1,Cloud-RCS-FP32-Compat,round_03_position_3_Cloud-RCS-FP32-Compat,176,logits,1787650404951801645,1787650404987869324,36.067228999999998,2,2,2,,0
Node1,Cloud-RCS-FP32-Compat,round_03_position_3_Cloud-RCS-FP32-Compat,177,logits,1787650404987869744,1787650405023830528,35.960343000000002,2,2,2,,0
Node1,Cloud-RCS-FP32-Compat,round_03_position_3_Cloud-RCS-FP32-Compat,178,logits,1787650405023831068,1787650405060004724,36.173256000000002,2,2,2,,0
Node1,Cloud-RCS-FP32-Compat,round_03_position_3_Cloud-RCS-FP32-Compat,179,logits,1787650405060005234,1787650405097182162,37.176378,2,2,2,,0
Node1,Cloud-RCS-FP32-Compat,round_03_position_3_Cloud-RCS-FP32-Compat,180,logits,1787650405097182562,1787650405135681852,38.498860000000001,2,2,2,,0
Node1,Cloud-RCS-FP32-Compat,round_03_position_3_Cloud-RCS-FP32-Compat,181,logits,1787650405135682362,1787650405174088726,38.405914000000003,2,2,2,,0
Node1,Cloud-RCS-FP32-Compat,round_03_position_3_Cloud-RCS-FP32-Compat,182,logits,1787650405174089356,1787650405209958144,35.868397000000002,2,2,2,,0
Node1,Cloud-RCS-FP32-Compat,round_03_position_3_Cloud-RCS-FP32-Compat,183,logits,1787650405209958644,1787650405246112899,36.153815000000002,2,2,2,,0
Node1,Cloud-RCS-FP32-Compat,round_03_position_3_Cloud-RCS-FP32-Compat,184,logits,1787650405246113529,1787650405283461628,37.347678999999999,2,2,2,,0
Node1,Cloud-RCS-FP32-Compat,round_03_position_3_Cloud-RCS-FP32-Compat,185,logits,1787650405283462368,1787650405320148796,36.685887999999998,2,2,2,,0
Node1,Cloud-RCS-FP32-Compat,round_03_position_3_Cloud-RCS-FP32-Compat,186,logits,1787650405320149336,1787650405357070088,36.920361999999997,2,2,2,,0
Node1,Cloud-RCS-FP32-Compat,round_03_position_3_Cloud-RCS-FP32-Compat,187,logits,1787650405357070638,1787650405393855492,36.784453999999997,2,2,2,,0
Node1,Cloud-RCS-FP32-Compat,round_03_position_3_Cloud-RCS-FP32-Compat,188,logits,1787650405393856002,1787650405430605024,36.748601999999998,2,2,2,,0
Node1,Cloud-RCS-FP32-Compat,round_03_position_3_Cloud-RCS-FP32-Compat,189,logits,1787650405430605414,1787650405486582160,55.976315999999997,2,2,2,,0
Node1,Cloud-RCS-FP32-Compat,round_03_position_3_Cloud-RCS-FP32-Compat,190,logits,1787650405486583220,1787650405534638788,48.054758,2,2,2,,0
Node1,Cloud-RCS-FP32-Compat,round_03_position_3_Cloud-RCS-FP32-Compat,191,logits,1787650405534639288,1787650405579008928,44.369100000000003,2,2,2,,0
Node1,Cloud-RCS-FP32-Compat,round_03_position_3_Cloud-RCS-FP32-Compat,192,logits,1787650405579009388,1787650405619572945,40.563136999999998,2,2,2,,0
Node1,Cloud-RCS-FP32-Compat,round_03_position_3_Cloud-RCS-FP32-Compat,193,logits,1787650405619573475,1787650405659159491,39.585596000000002,2,2,2,,0
Node1,Cloud-RCS-FP32-Compat,round_03_position_3_Cloud-RCS-FP32-Compat,194,logits,1787650405659160021,1787650405697844983,38.684401999999999,2,2,2,,0
Node1,Cloud-RCS-FP32-Compat,round_03_position_3_Cloud-RCS-FP32-Compat,195,logits,1787650405697845623,1787650405736345242,38.499189000000001,2,2,2,,0
Node1,Cloud-RCS-FP32-Compat,round_03_position_3_Cloud-RCS-FP32-Compat,196,logits,1787650405736345612,1787650405773755435,37.409402999999998,2,2,2,,0
Node1,Cloud-RCS-FP32-Compat,round_03_position_3_Cloud-RCS-FP32-Compat,197,logits,1787650405773755965,1787650405810270763,36.514338000000002,2,2,2,,0
Node1,Cloud-RCS-FP32-Compat,round_03_position_3_Cloud-RCS-FP32-Compat,198,logits,1787650405810271613,1787650405845459658,35.187764999999999,2,2,2,,0
Node1,Cloud-RCS-FP32-Compat,round_03_position_3_Cloud-RCS-FP32-Compat,199,logits,1787650405845460178,1787650405879896338,34.435760000000002,2,2,2,,0
Node1,Cloud-RCS-FP32-Compat,round_04_position_1_Cloud-RCS-FP32-Compat,0,logits,1787650434658067994,1787650434694516093,36.447439000000003,2,2,2,,0
Node1,Cloud-RCS-FP32-Compat,round_04_position_1_Cloud-RCS-FP32-Compat,1,logits,1787650434694516603,1787650434729769208,35.252195,2,2,2,,0
Node1,Cloud-RCS-FP32-Compat,round_04_position_1_Cloud-RCS-FP32-Compat,2,logits,1787650434729769658,1787650434764730885,34.960796999999999,2,2,2,,0
Node1,Cloud-RCS-FP32-Compat,round_04_position_1_Cloud-RCS-FP32-Compat,3,logits,1787650434764731395,1787650434800676753,35.944958,2,2,2,,0
Node1,Cloud-RCS-FP32-Compat,round_04_position_1_Cloud-RCS-FP32-Compat,4,logits,1787650434800677163,1787650434837013316,36.335563,2,2,2,,0
Node1,Cloud-RCS-FP32-Compat,round_04_position_1_Cloud-RCS-FP32-Compat,5,logits,1787650434837013856,1787650434873363578,36.349322000000001,2,2,2,,0
Node1,Cloud-RCS-FP32-Compat,round_04_position_1_Cloud-RCS-FP32-Compat,6,logits,1787650434873364108,1787650434912712097,39.347588999999999,2,2,2,,0
Node1,Cloud-RCS-FP32-Compat,round_04_position_1_Cloud-RCS-FP32-Compat,7,logits,1787650434912712657,1787650434953275820,40.562672999999997,2,2,2,,0
Node1,Cloud-RCS-FP32-Compat,round_04_position_1_Cloud-RCS-FP32-Compat,8,logits,1787650434953276270,1787650435000434939,47.158268999999997,2,2,2,,0
Node1,Cloud-RCS-FP32-Compat,round_04_position_1_Cloud-RCS-FP32-Compat,9,logits,1787650435000435519,1787650435047292931,46.856991999999998,2,2,2,,0
Node1,Cloud-RCS-FP32-Compat,round_04_position_1_Cloud-RCS-FP32-Compat,10,logits,1787650435047293461,1787650435087654332,40.360430999999998,2,2,2,,0
Node1,Cloud-RCS-FP32-Compat,round_04_position_1_Cloud-RCS-FP32-Compat,11,logits,1787650435087654882,1787650435127939028,40.283715999999998,2,2,2,,0
Node1,Cloud-RCS-FP32-Compat,round_04_position_1_Cloud-RCS-FP32-Compat,12,logits,1787650435127939558,1787650435168287028,40.347050000000003,2,2,2,,0
Node1,Cloud-RCS-FP32-Compat,round_04_position_1_Cloud-RCS-FP32-Compat,13,logits,1787650435168287728,1787650435206663896,38.375748000000002,2,2,2,,0
Node1,Cloud-RCS-FP32-Compat,round_04_position_1_Cloud-RCS-FP32-Compat,14,logits,1787650435206664426,1787650435244759167,38.094330999999997,2,2,2,,0
Node1,Cloud-RCS-FP32-Compat,round_04_position_1_Cloud-RCS-FP32-Compat,15,logits,1787650435244759547,1787650435283764364,39.004396999999997,2,2,2,,0
Node1,Cloud-RCS-FP32-Compat,round_04_position_1_Cloud-RCS-FP32-Compat,16,logits,1787650435283764914,1787650435322259019,38.493675000000003,2,2,2,,0
Node1,Cloud-RCS-FP32-Compat,round_04_position_1_Cloud-RCS-FP32-Compat,17,logits,1787650435322259579,1787650435361612708,39.352719,2,2,2,,0
Node1,Cloud-RCS-FP32-Compat,round_04_position_1_Cloud-RCS-FP32-Compat,18,logits,1787650435361613098,1787650435399336996,37.723497999999999,2,2,2,,0
Node1,Cloud-RCS-FP32-Compat,round_04_position_1_Cloud-RCS-FP32-Compat,19,logits,1787650435399337506,1787650435436668479,37.330542999999999,2,2,2,,0
Node1,Cloud-RCS-FP32-Compat,round_04_position_1_Cloud-RCS-FP32-Compat,20,logits,1787650435436669039,1787650435474024785,37.355316000000002,2,2,2,,0
Node1,Cloud-RCS-FP32-Compat,round_04_position_1_Cloud-RCS-FP32-Compat,21,logits,1787650435474025295,1787650435514223875,40.198120000000003,2,2,2,,0
Node1,Cloud-RCS-FP32-Compat,round_04_position_1_Cloud-RCS-FP32-Compat,22,logits,1787650435514224485,1787650435554043542,39.818626999999999,2,2,2,,0
Node1,Cloud-RCS-FP32-Compat,round_04_position_1_Cloud-RCS-FP32-Compat,23,logits,1787650435554043972,1787650435595685123,41.640641000000002,2,2,2,,0
Node1,Cloud-RCS-FP32-Compat,round_04_position_1_Cloud-RCS-FP32-Compat,24,logits,1787650435595685663,1787650435641056442,45.370499000000002,2,2,2,,0
Node1,Cloud-RCS-FP32-Compat,round_04_position_1_Cloud-RCS-FP32-Compat,25,logits,1787650435641056882,1787650435687938335,46.881062999999997,2,2,2,,0
Node1,Cloud-RCS-FP32-Compat,round_04_position_1_Cloud-RCS-FP32-Compat,26,logits,1787650435687938925,1787650435732398579,44.459243999999998,2,2,2,,0
Node1,Cloud-RCS-FP32-Compat,round_04_position_1_Cloud-RCS-FP32-Compat,27,logits,1787650435732399529,1787650435788286078,55.886108999999998,2,2,2,,0
Node1,Cloud-RCS-FP32-Compat,round_04_position_1_Cloud-RCS-FP32-Compat,28,logits,1787650435788286628,1787650435830465761,42.178722999999998,2,2,2,,0
Node1,Cloud-RCS-FP32-Compat,round_04_position_1_Cloud-RCS-FP32-Compat,29,logits,1787650435830466261,1787650435869297197,38.830495999999997,2,2,2,,0
Node1,Cloud-RCS-FP32-Compat,round_04_position_1_Cloud-RCS-FP32-Compat,30,logits,1787650435869297707,1787650435906899887,37.601770000000002,2,2,2,,0
Node1,Cloud-RCS-FP32-Compat,round_04_position_1_Cloud-RCS-FP32-Compat,31,logits,1787650435906900397,1787650435943301234,36.400427000000001,2,2,2,,0
Node1,Cloud-RCS-FP32-Compat,round_04_position_1_Cloud-RCS-FP32-Compat,32,logits,1787650435943301794,1787650435979084382,35.782167999999999,2,2,2,,0
Node1,Cloud-RCS-FP32-Compat,round_04_position_1_Cloud-RCS-FP32-Compat,33,logits,1787650435979085062,1787650436015098974,36.013421999999998,2,2,2,,0
Node1,Cloud-RCS-FP32-Compat,round_04_position_1_Cloud-RCS-FP32-Compat,34,logits,1787650436015099534,1787650436062353201,47.253227000000003,2,2,2,,0
Node1,Cloud-RCS-FP32-Compat,round_04_position_1_Cloud-RCS-FP32-Compat,35,logits,1787650436062353701,1787650436101374459,39.020057999999999,2,2,2,,0
Node1,Cloud-RCS-FP32-Compat,round_04_position_1_Cloud-RCS-FP32-Compat,36,logits,1787650436101374969,1787650436136884271,35.508901999999999,2,2,2,,0
Node1,Cloud-RCS-FP32-Compat,round_04_position_1_Cloud-RCS-FP32-Compat,37,logits,1787650436136884661,1787650436172066582,35.181520999999996,2,2,2,,0
Node1,Cloud-RCS-FP32-Compat,round_04_position_1_Cloud-RCS-FP32-Compat,38,logits,1787650436172067132,1787650436206958595,34.891063000000003,2,2,2,,0
Node1,Cloud-RCS-FP32-Compat,round_04_position_1_Cloud-RCS-FP32-Compat,39,logits,1787650436206959005,1787650436241965526,35.006020999999997,2,2,2,,0
Node1,Cloud-RCS-FP32-Compat,round_04_position_1_Cloud-RCS-FP32-Compat,40,logits,1787650436241965836,1787650436277355960,35.389463999999997,2,2,2,,0
Node1,Cloud-RCS-FP32-Compat,round_04_position_1_Cloud-RCS-FP32-Compat,41,logits,1787650436277356490,1787650436335223541,57.866621000000002,2,2,2,,0
Node1,Cloud-RCS-FP32-Compat,round_04_position_1_Cloud-RCS-FP32-Compat,42,logits,1787650436335224401,1787650436375292204,40.067283000000003,2,2,2,,0
Node1,Cloud-RCS-FP32-Compat,round_04_position_1_Cloud-RCS-FP32-Compat,43,logits,1787650436375292764,1787650436410397511,35.104317000000002,2,2,2,,0
Node1,Cloud-RCS-FP32-Compat,round_04_position_1_Cloud-RCS-FP32-Compat,44,logits,1787650436410398021,1787650436445301925,34.903523999999997,2,2,2,,0
Node1,Cloud-RCS-FP32-Compat,round_04_position_1_Cloud-RCS-FP32-Compat,45,logits,1787650436445302295,1787650436479366317,34.063622000000002,2,2,2,,0
Node1,Cloud-RCS-FP32-Compat,round_04_position_1_Cloud-RCS-FP32-Compat,46,logits,1787650436479366687,1787650436514338435,34.971347999999999,2,2,2,,0
Node1,Cloud-RCS-FP32-Compat,round_04_position_1_Cloud-RCS-FP32-Compat,47,logits,1787650436514338935,1787650436550043799,35.704444000000002,2,2,2,,0
Node1,Cloud-RCS-FP32-Compat,round_04_position_1_Cloud-RCS-FP32-Compat,48,logits,1787650436550044209,1787650436585489106,35.444626999999997,2,2,2,,0
Node1,Cloud-RCS-FP32-Compat,round_04_position_1_Cloud-RCS-FP32-Compat,49,logits,1787650436585489616,1787650436619810114,34.320087999999998,2,2,2,,0
Node1,Cloud-RCS-FP32-Compat,round_04_position_1_Cloud-RCS-FP32-Compat,50,logits,1787650436619810614,1787650436654935352,35.124327999999998,2,2,2,,0
Node1,Cloud-RCS-FP32-Compat,round_04_position_1_Cloud-RCS-FP32-Compat,51,logits,1787650436654935882,1787650436689414020,34.477738000000002,2,2,2,,0
Node1,Cloud-RCS-FP32-Compat,round_04_position_1_Cloud-RCS-FP32-Compat,52,logits,1787650436689414400,1787650436723292521,33.877721000000001,2,2,2,,0
Node1,Cloud-RCS-FP32-Compat,round_04_position_1_Cloud-RCS-FP32-Compat,53,logits,1787650436723293041,1787650436756865393,33.571961999999999,2,2,2,,0
Node1,Cloud-RCS-FP32-Compat,round_04_position_1_Cloud-RCS-FP32-Compat,54,logits,1787650436756865773,1787650436790227632,33.361449,2,2,2,,0
Node1,Cloud-RCS-FP32-Compat,round_04_position_1_Cloud-RCS-FP32-Compat,55,logits,1787650436790228002,1787650436824369609,34.141187000000002,2,2,2,,0
Node1,Cloud-RCS-FP32-Compat,round_04_position_1_Cloud-RCS-FP32-Compat,56,logits,1787650436824370169,1787650436858308914,33.938353999999997,2,2,2,,0
Node1,Cloud-RCS-FP32-Compat,round_04_position_1_Cloud-RCS-FP32-Compat,57,logits,1787650436858309284,1787650436891780959,33.471085000000002,2,2,2,,0
Node1,Cloud-RCS-FP32-Compat,round_04_position_1_Cloud-RCS-FP32-Compat,58,logits,1787650436891781469,1787650436925515201,33.733262000000003,2,2,2,,0
Node1,Cloud-RCS-FP32-Compat,round_04_position_1_Cloud-RCS-FP32-Compat,59,logits,1787650436925515701,1787650436962184514,36.668382999999999,2,2,2,,0
Node1,Cloud-RCS-FP32-Compat,round_04_position_1_Cloud-RCS-FP32-Compat,60,logits,1787650436962185194,1787650436999556380,37.370786000000003,2,2,2,,0
Node1,Cloud-RCS-FP32-Compat,round_04_position_1_Cloud-RCS-FP32-Compat,61,logits,1787650436999556790,1787650437039623483,40.066293000000002,2,2,2,,0
Node1,Cloud-RCS-FP32-Compat,round_04_position_1_Cloud-RCS-FP32-Compat,62,logits,1787650437039623883,1787650437078055806,38.431463000000001,2,2,2,,0
Node1,Cloud-RCS-FP32-Compat,round_04_position_1_Cloud-RCS-FP32-Compat,63,logits,1787650437078056346,1787650437114205196,36.148400000000002,2,2,2,,0
Node1,Cloud-RCS-FP32-Compat,round_04_position_1_Cloud-RCS-FP32-Compat,64,logits,1787650437114205696,1787650437150036638,35.830522000000002,2,2,2,,0
Node1,Cloud-RCS-FP32-Compat,round_04_position_1_Cloud-RCS-FP32-Compat,65,logits,1787650437150037158,1787650437185814026,35.776468000000001,2,2,2,,0
Node1,Cloud-RCS-FP32-Compat,round_04_position_1_Cloud-RCS-FP32-Compat,66,logits,1787650437185814526,1787650437221740484,35.925268000000003,2,2,2,,0
Node1,Cloud-RCS-FP32-Compat,round_04_position_1_Cloud-RCS-FP32-Compat,67,logits,1787650437221741014,1787650437257730225,35.988801000000002,2,2,2,,0
Node1,Cloud-RCS-FP32-Compat,round_04_position_1_Cloud-RCS-FP32-Compat,68,logits,1787650437257730725,1787650437293292180,35.561055000000003,2,2,2,,0
Node1,Cloud-RCS-FP32-Compat,round_04_position_1_Cloud-RCS-FP32-Compat,69,logits,1787650437293292680,1787650437328665073,35.371772999999997,2,2,2,,0
Node1,Cloud-RCS-FP32-Compat,round_04_position_1_Cloud-RCS-FP32-Compat,70,logits,1787650437328665493,1787650437364051257,35.385373999999999,2,2,2,,0
Node1,Cloud-RCS-FP32-Compat,round_04_position_1_Cloud-RCS-FP32-Compat,71,logits,1787650437364051757,1787650437399172595,35.120438,2,2,2,,0
Node1,Cloud-RCS-FP32-Compat,round_04_position_1_Cloud-RCS-FP32-Compat,72,logits,1787650437399173125,1787650437434636264,35.462549000000003,2,2,2,,0
Node1,Cloud-RCS-FP32-Compat,round_04_position_1_Cloud-RCS-FP32-Compat,73,logits,1787650437434636814,1787650437469941503,35.304288999999997,2,2,2,,0
Node1,Cloud-RCS-FP32-Compat,round_04_position_1_Cloud-RCS-FP32-Compat,74,logits,1787650437469942023,1787650437504970235,35.027771999999999,2,2,2,,0
Node1,Cloud-RCS-FP32-Compat,round_04_position_1_Cloud-RCS-FP32-Compat,75,logits,1787650437504970735,1787650437543250918,38.279781999999997,2,2,2,,0
Node1,Cloud-RCS-FP32-Compat,round_04_position_1_Cloud-RCS-FP32-Compat,76,logits,1787650437543251438,1787650437577741156,34.489317999999997,2,2,2,,0
Node1,Cloud-RCS-FP32-Compat,round_04_position_1_Cloud-RCS-FP32-Compat,77,logits,1787650437577741986,1787650437613785991,36.043475000000001,2,2,2,,0
Node1,Cloud-RCS-FP32-Compat,round_04_position_1_Cloud-RCS-FP32-Compat,78,logits,1787650437613786491,1787650437651461646,37.674765000000001,2,2,2,,0
Node1,Cloud-RCS-FP32-Compat,round_04_position_1_Cloud-RCS-FP32-Compat,79,logits,1787650437651462186,1787650437686896913,35.433956999999999,2,2,2,,0
Node1,Cloud-RCS-FP32-Compat,round_04_position_1_Cloud-RCS-FP32-Compat,80,logits,1787650437686897463,1787650437722784818,35.886955,2,2,2,,0
Node1,Cloud-RCS-FP32-Compat,round_04_position_1_Cloud-RCS-FP32-Compat,81,logits,1787650437722785338,1787650437758301941,35.516202999999997,2,2,2,,0
Node1,Cloud-RCS-FP32-Compat,round_04_position_1_Cloud-RCS-FP32-Compat,82,logits,1787650437758302491,1787650437793729507,35.426575999999997,2,2,2,,0
Node1,Cloud-RCS-FP32-Compat,round_04_position_1_Cloud-RCS-FP32-Compat,83,logits,1787650437793729917,1787650437828801972,35.071655,2,2,2,,0
Node1,Cloud-RCS-FP32-Compat,round_04_position_1_Cloud-RCS-FP32-Compat,84,logits,1787650437828802492,1787650437864076309,35.273426999999998,2,2,2,,0
Node1,Cloud-RCS-FP32-Compat,round_04_position_1_Cloud-RCS-FP32-Compat,85,logits,1787650437864076829,1787650437899278832,35.201602999999999,2,2,2,,0
Node1,Cloud-RCS-FP32-Compat,round_04_position_1_Cloud-RCS-FP32-Compat,86,logits,1787650437899279382,1787650437932997903,33.718131,2,2,2,,0
Node1,Cloud-RCS-FP32-Compat,round_04_position_1_Cloud-RCS-FP32-Compat,87,logits,1787650437932998423,1787650437966899095,33.900272000000001,2,2,2,,0
Node1,Cloud-RCS-FP32-Compat,round_04_position_1_Cloud-RCS-FP32-Compat,88,logits,1787650437966899635,1787650438000936066,34.036020999999998,2,2,2,,0
Node1,Cloud-RCS-FP32-Compat,round_04_position_1_Cloud-RCS-FP32-Compat,89,logits,1787650438000936596,1787650438035986530,35.049484,2,2,2,,0
Node1,Cloud-RCS-FP32-Compat,round_04_position_1_Cloud-RCS-FP32-Compat,90,logits,1787650438035987030,1787650438071017542,35.030101999999999,2,2,2,,0
Node1,Cloud-RCS-FP32-Compat,round_04_position_1_Cloud-RCS-FP32-Compat,91,logits,1787650438071018042,1787650438107449700,36.431258,2,2,2,,0
Node1,Cloud-RCS-FP32-Compat,round_04_position_1_Cloud-RCS-FP32-Compat,92,logits,1787650438107450240,1787650438143891730,36.441070000000003,2,2,2,,0
Node1,Cloud-RCS-FP32-Compat,round_04_position_1_Cloud-RCS-FP32-Compat,93,logits,1787650438143892290,1787650438179362399,35.469709000000002,2,2,2,,0
Node1,Cloud-RCS-FP32-Compat,round_04_position_1_Cloud-RCS-FP32-Compat,94,logits,1787650438179362899,1787650438214883552,35.520263,2,2,2,,0
Node1,Cloud-RCS-FP32-Compat,round_04_position_1_Cloud-RCS-FP32-Compat,95,logits,1787650438214884112,1787650438249682350,34.797848000000002,2,2,2,,0
Node1,Cloud-RCS-FP32-Compat,round_04_position_1_Cloud-RCS-FP32-Compat,96,logits,1787650438249682870,1787650438284523010,34.839739999999999,2,2,2,,0
Node1,Cloud-RCS-FP32-Compat,round_04_position_1_Cloud-RCS-FP32-Compat,97,logits,1787650438284523530,1787650438319548502,35.024571999999999,2,2,2,,0
Node1,Cloud-RCS-FP32-Compat,round_04_position_1_Cloud-RCS-FP32-Compat,98,logits,1787650438319549012,1787650438362866636,43.317224000000003,2,2,2,,0
Node1,Cloud-RCS-FP32-Compat,round_04_position_1_Cloud-RCS-FP32-Compat,99,logits,1787650438362867216,1787650438408446820,45.579194000000001,2,2,2,,0
Node1,Cloud-RCS-FP32-Compat,round_04_position_1_Cloud-RCS-FP32-Compat,100,logits,1787650438408447220,1787650438446589054,38.141373999999999,2,2,2,,0
Node1,Cloud-RCS-FP32-Compat,round_04_position_1_Cloud-RCS-FP32-Compat,101,logits,1787650438446589504,1787650438484389947,37.799762999999999,2,2,2,,0
Node1,Cloud-RCS-FP32-Compat,round_04_position_1_Cloud-RCS-FP32-Compat,102,logits,1787650438484390497,1787650438525128622,40.737544999999997,2,2,2,,0
Node1,Cloud-RCS-FP32-Compat,round_04_position_1_Cloud-RCS-FP32-Compat,103,logits,1787650438525129012,1787650438565366756,40.237304000000002,2,2,2,,0
Node1,Cloud-RCS-FP32-Compat,round_04_position_1_Cloud-RCS-FP32-Compat,104,logits,1787650438565367456,1787650438604801410,39.433543999999998,2,2,2,,0
Node1,Cloud-RCS-FP32-Compat,round_04_position_1_Cloud-RCS-FP32-Compat,105,logits,1787650438604801930,1787650438643370531,38.568161000000003,2,2,2,,0
Node1,Cloud-RCS-FP32-Compat,round_04_position_1_Cloud-RCS-FP32-Compat,106,logits,1787650438643371061,1787650438683035509,39.664008000000003,2,2,2,,0
Node1,Cloud-RCS-FP32-Compat,round_04_position_1_Cloud-RCS-FP32-Compat,107,logits,1787650438683036059,1787650438723737911,40.701402000000002,2,2,2,,0
Node1,Cloud-RCS-FP32-Compat,round_04_position_1_Cloud-RCS-FP32-Compat,108,logits,1787650438723738341,1787650438760792808,37.054057,2,2,2,,0
Node1,Cloud-RCS-FP32-Compat,round_04_position_1_Cloud-RCS-FP32-Compat,109,logits,1787650438760793319,1787650438796823783,36.030054,2,2,2,,0
Node1,Cloud-RCS-FP32-Compat,round_04_position_1_Cloud-RCS-FP32-Compat,110,logits,1787650438796824643,1787650438833490666,36.665263000000003,2,2,2,,0
Node1,Cloud-RCS-FP32-Compat,round_04_position_1_Cloud-RCS-FP32-Compat,111,logits,1787650438833491206,1787650438869334868,35.843262000000003,2,2,2,,0
Node1,Cloud-RCS-FP32-Compat,round_04_position_1_Cloud-RCS-FP32-Compat,112,logits,1787650438869335379,1787650438905135958,35.800189000000003,2,2,2,,0
Node1,Cloud-RCS-FP32-Compat,round_04_position_1_Cloud-RCS-FP32-Compat,113,logits,1787650438905136538,1787650438941773210,36.636062000000003,2,2,2,,0
Node1,Cloud-RCS-FP32-Compat,round_04_position_1_Cloud-RCS-FP32-Compat,114,logits,1787650438941773800,1787650438977929711,36.155450999999999,2,2,2,,0
Node1,Cloud-RCS-FP32-Compat,round_04_position_1_Cloud-RCS-FP32-Compat,115,logits,1787650438977930561,1787650439014303956,36.372805,2,2,2,,0
Node1,Cloud-RCS-FP32-Compat,round_04_position_1_Cloud-RCS-FP32-Compat,116,logits,1787650439014304486,1787650439050940918,36.635942,2,2,2,,0
Node1,Cloud-RCS-FP32-Compat,round_04_position_1_Cloud-RCS-FP32-Compat,117,logits,1787650439050941518,1787650439086571078,35.62914,2,2,2,,0
Node1,Cloud-RCS-FP32-Compat,round_04_position_1_Cloud-RCS-FP32-Compat,118,logits,1787650439086571618,1787650439123935264,37.363236000000001,2,2,2,,0
Node1,Cloud-RCS-FP32-Compat,round_04_position_1_Cloud-RCS-FP32-Compat,119,logits,1787650439123935844,1787650439165086065,41.149800999999997,2,2,2,,0
Node1,Cloud-RCS-FP32-Compat,round_04_position_1_Cloud-RCS-FP32-Compat,120,logits,1787650439165086455,1787650439203171686,38.084811000000002,2,2,2,,0
Node1,Cloud-RCS-FP32-Compat,round_04_position_1_Cloud-RCS-FP32-Compat,121,logits,1787650439203172186,1787650439240099145,36.926569000000001,2,2,2,,0
Node1,Cloud-RCS-FP32-Compat,round_04_position_1_Cloud-RCS-FP32-Compat,122,logits,1787650439240099715,1787650439277122591,37.022455999999998,2,2,2,,0
Node1,Cloud-RCS-FP32-Compat,round_04_position_1_Cloud-RCS-FP32-Compat,123,logits,1787650439277123211,1787650439315422755,38.299134000000002,2,2,2,,0
Node1,Cloud-RCS-FP32-Compat,round_04_position_1_Cloud-RCS-FP32-Compat,124,logits,1787650439315423275,1787650439353928072,38.504367000000002,2,2,2,,0
Node1,Cloud-RCS-FP32-Compat,round_04_position_1_Cloud-RCS-FP32-Compat,125,logits,1787650439353928672,1787650439393424850,39.495758000000002,2,2,2,,0
Node1,Cloud-RCS-FP32-Compat,round_04_position_1_Cloud-RCS-FP32-Compat,126,logits,1787650439393425420,1787650439434598012,41.172162,2,2,2,,0
Node1,Cloud-RCS-FP32-Compat,round_04_position_1_Cloud-RCS-FP32-Compat,127,logits,1787650439434598662,1787650439476524540,41.925427999999997,2,2,2,,0
Node1,Cloud-RCS-FP32-Compat,round_04_position_1_Cloud-RCS-FP32-Compat,128,logits,1787650439476524940,1787650439516549261,40.023910999999998,2,2,2,,0
Node1,Cloud-RCS-FP32-Compat,round_04_position_1_Cloud-RCS-FP32-Compat,129,logits,1787650439516549791,1787650439556184657,39.634466000000003,2,2,2,,0
Node1,Cloud-RCS-FP32-Compat,round_04_position_1_Cloud-RCS-FP32-Compat,130,logits,1787650439556185167,1787650439594083107,37.897489999999998,2,2,2,,0
Node1,Cloud-RCS-FP32-Compat,round_04_position_1_Cloud-RCS-FP32-Compat,131,logits,1787650439594083677,1787650439632293276,38.208818000000001,2,2,2,,0
Node1,Cloud-RCS-FP32-Compat,round_04_position_1_Cloud-RCS-FP32-Compat,132,logits,1787650439632293766,1787650439671454693,39.160397000000003,2,2,2,,0
Node1,Cloud-RCS-FP32-Compat,round_04_position_1_Cloud-RCS-FP32-Compat,133,logits,1787650439671455103,1787650439710767990,39.312486999999997,2,2,2,,0
Node1,Cloud-RCS-FP32-Compat,round_04_position_1_Cloud-RCS-FP32-Compat,134,logits,1787650439710768400,1787650439749255016,38.486226000000002,2,2,2,,0
Node1,Cloud-RCS-FP32-Compat,round_04_position_1_Cloud-RCS-FP32-Compat,135,logits,1787650439749255646,1787650439792028136,42.772089999999999,2,2,2,,0
Node1,Cloud-RCS-FP32-Compat,round_04_position_1_Cloud-RCS-FP32-Compat,136,logits,1787650439792028686,1787650439831081337,39.052160999999998,2,2,2,,0
Node1,Cloud-RCS-FP32-Compat,round_04_position_1_Cloud-RCS-FP32-Compat,137,logits,1787650439831081907,1787650439868272063,37.189746,2,2,2,,0
Node1,Cloud-RCS-FP32-Compat,round_04_position_1_Cloud-RCS-FP32-Compat,138,logits,1787650439868272573,1787650439904878472,36.605499000000002,2,2,2,,0
Node1,Cloud-RCS-FP32-Compat,round_04_position_1_Cloud-RCS-FP32-Compat,139,logits,1787650439904878972,1787650439941520524,36.641162000000001,2,2,2,,0
Node1,Cloud-RCS-FP32-Compat,round_04_position_1_Cloud-RCS-FP32-Compat,140,logits,1787650439941521044,1787650439976818864,35.297420000000002,2,2,2,,0
Node1,Cloud-RCS-FP32-Compat,round_04_position_1_Cloud-RCS-FP32-Compat,141,logits,1787650439976819264,1787650440011671385,34.851401000000003,2,2,2,,0
Node1,Cloud-RCS-FP32-Compat,round_04_position_1_Cloud-RCS-FP32-Compat,142,logits,1787650440011671885,1787650440047699869,36.027594000000001,2,2,2,,0
Node1,Cloud-RCS-FP32-Compat,round_04_position_1_Cloud-RCS-FP32-Compat,143,logits,1787650440047700399,1787650440082902382,35.201573000000003,2,2,2,,0
Node1,Cloud-RCS-FP32-Compat,round_04_position_1_Cloud-RCS-FP32-Compat,144,logits,1787650440082903032,1787650440117856360,34.952917999999997,2,2,2,,0
Node1,Cloud-RCS-FP32-Compat,round_04_position_1_Cloud-RCS-FP32-Compat,145,logits,1787650440117856860,1787650440152462037,34.604787000000002,2,2,2,,0
Node1,Cloud-RCS-FP32-Compat,round_04_position_1_Cloud-RCS-FP32-Compat,146,logits,1787650440152462557,1787650440187405754,34.942807000000002,2,2,2,,0
Node1,Cloud-RCS-FP32-Compat,round_04_position_1_Cloud-RCS-FP32-Compat,147,logits,1787650440187406264,1787650440222458638,35.051974000000001,2,2,2,,0
Node1,Cloud-RCS-FP32-Compat,round_04_position_1_Cloud-RCS-FP32-Compat,148,logits,1787650440222459168,1787650440258748808,36.288609999999998,2,2,2,,0
Node1,Cloud-RCS-FP32-Compat,round_04_position_1_Cloud-RCS-FP32-Compat,149,logits,1787650440258749398,1787650440294346316,35.596418,2,2,2,,0
Node1,Cloud-RCS-FP32-Compat,round_04_position_1_Cloud-RCS-FP32-Compat,150,logits,1787650440294346936,1787650440331125086,36.777740000000001,2,2,2,,0
Node1,Cloud-RCS-FP32-Compat,round_04_position_1_Cloud-RCS-FP32-Compat,151,logits,1787650440331125596,1787650440368692116,37.566079999999999,2,2,2,,0
Node1,Cloud-RCS-FP32-Compat,round_04_position_1_Cloud-RCS-FP32-Compat,152,logits,1787650440368692666,1787650440405717942,37.024886000000002,2,2,2,,0
Node1,Cloud-RCS-FP32-Compat,round_04_position_1_Cloud-RCS-FP32-Compat,153,logits,1787650440405718642,1787650440447148599,41.429546999999999,2,2,2,,0
Node1,Cloud-RCS-FP32-Compat,round_04_position_1_Cloud-RCS-FP32-Compat,154,logits,1787650440447149119,1787650440487940478,40.790928999999998,2,2,2,,0
Node1,Cloud-RCS-FP32-Compat,round_04_position_1_Cloud-RCS-FP32-Compat,155,logits,1787650440487940908,1787650440528835623,40.894305000000003,2,2,2,,0
Node1,Cloud-RCS-FP32-Compat,round_04_position_1_Cloud-RCS-FP32-Compat,156,logits,1787650440528836133,1787650440568961460,40.124937000000003,2,2,2,,0
Node1,Cloud-RCS-FP32-Compat,round_04_position_1_Cloud-RCS-FP32-Compat,157,logits,1787650440568961970,1787650440605638244,36.675884000000003,2,2,2,,0
Node1,Cloud-RCS-FP32-Compat,round_04_position_1_Cloud-RCS-FP32-Compat,158,logits,1787650440605638794,1787650440641143406,35.504192000000003,2,2,2,,0
Node1,Cloud-RCS-FP32-Compat,round_04_position_1_Cloud-RCS-FP32-Compat,159,logits,1787650440641143906,1787650440680545228,39.400922000000001,2,2,2,,0
Node1,Cloud-RCS-FP32-Compat,round_04_position_1_Cloud-RCS-FP32-Compat,160,logits,1787650440680545748,1787650440719207755,38.661606999999997,2,2,2,,0
Node1,Cloud-RCS-FP32-Compat,round_04_position_1_Cloud-RCS-FP32-Compat,161,logits,1787650440719208435,1787650440756874521,37.665666000000002,2,2,2,,0
Node1,Cloud-RCS-FP32-Compat,round_04_position_1_Cloud-RCS-FP32-Compat,162,logits,1787650440756875061,1787650440795893600,39.018129000000002,2,2,2,,0
Node1,Cloud-RCS-FP32-Compat,round_04_position_1_Cloud-RCS-FP32-Compat,163,logits,1787650440795894120,1787650440833336901,37.442250999999999,2,2,2,,0
Node1,Cloud-RCS-FP32-Compat,round_04_position_1_Cloud-RCS-FP32-Compat,164,logits,1787650440833337441,1787650440869576249,36.238388,2,2,2,,0
Node1,Cloud-RCS-FP32-Compat,round_04_position_1_Cloud-RCS-FP32-Compat,165,logits,1787650440869576759,1787650440906746313,37.169134,2,2,2,,0
Node1,Cloud-RCS-FP32-Compat,round_04_position_1_Cloud-RCS-FP32-Compat,166,logits,1787650440906746833,1787650440945668366,38.921103000000002,2,2,2,,0
Node1,Cloud-RCS-FP32-Compat,round_04_position_1_Cloud-RCS-FP32-Compat,167,logits,1787650440945668756,1787650440985636454,39.967148000000002,2,2,2,,0
Node1,Cloud-RCS-FP32-Compat,round_04_position_1_Cloud-RCS-FP32-Compat,168,logits,1787650440985636934,1787650441024535045,38.897700999999998,2,2,2,,0
Node1,Cloud-RCS-FP32-Compat,round_04_position_1_Cloud-RCS-FP32-Compat,169,logits,1787650441024535565,1787650441066357487,41.821502000000002,2,2,2,,0
Node1,Cloud-RCS-FP32-Compat,round_04_position_1_Cloud-RCS-FP32-Compat,170,logits,1787650441066357887,1787650441109445247,43.08661,2,2,2,,0
Node1,Cloud-RCS-FP32-Compat,round_04_position_1_Cloud-RCS-FP32-Compat,171,logits,1787650441109445787,1787650441148825189,39.378971999999997,2,2,2,,0
Node1,Cloud-RCS-FP32-Compat,round_04_position_1_Cloud-RCS-FP32-Compat,172,logits,1787650441148825749,1787650441188047840,39.221611000000003,2,2,2,,0
Node1,Cloud-RCS-FP32-Compat,round_04_position_1_Cloud-RCS-FP32-Compat,173,logits,1787650441188048350,1787650441228618695,40.569584999999996,2,2,2,,0
Node1,Cloud-RCS-FP32-Compat,round_04_position_1_Cloud-RCS-FP32-Compat,174,logits,1787650441228619225,1787650441269688031,41.068226000000003,2,2,2,,0
Node1,Cloud-RCS-FP32-Compat,round_04_position_1_Cloud-RCS-FP32-Compat,175,logits,1787650441269688601,1787650441307849827,38.160826,2,2,2,,0
Node1,Cloud-RCS-FP32-Compat,round_04_position_1_Cloud-RCS-FP32-Compat,176,logits,1787650441307850367,1787650441347486074,39.635306999999997,2,2,2,,0
Node1,Cloud-RCS-FP32-Compat,round_04_position_1_Cloud-RCS-FP32-Compat,177,logits,1787650441347486454,1787650441385534674,38.047800000000002,2,2,2,,0
Node1,Cloud-RCS-FP32-Compat,round_04_position_1_Cloud-RCS-FP32-Compat,178,logits,1787650441385535064,1787650441423751983,38.216509000000002,2,2,2,,0
Node1,Cloud-RCS-FP32-Compat,round_04_position_1_Cloud-RCS-FP32-Compat,179,logits,1787650441423752493,1787650441462088130,38.335227000000003,2,2,2,,0
Node1,Cloud-RCS-FP32-Compat,round_04_position_1_Cloud-RCS-FP32-Compat,180,logits,1787650441462088640,1787650441500942239,38.852949000000002,2,2,2,,0
Node1,Cloud-RCS-FP32-Compat,round_04_position_1_Cloud-RCS-FP32-Compat,181,logits,1787650441500942769,1787650441539303988,38.360798000000003,2,2,2,,0
Node1,Cloud-RCS-FP32-Compat,round_04_position_1_Cloud-RCS-FP32-Compat,182,logits,1787650441539304648,1787650441575673613,36.368555000000001,2,2,2,,0
Node1,Cloud-RCS-FP32-Compat,round_04_position_1_Cloud-RCS-FP32-Compat,183,logits,1787650441575674143,1787650441612651766,36.977003000000003,2,2,2,,0
Node1,Cloud-RCS-FP32-Compat,round_04_position_1_Cloud-RCS-FP32-Compat,184,logits,1787650441612652196,1787650441651444651,38.791764999999998,2,2,2,,0
Node1,Cloud-RCS-FP32-Compat,round_04_position_1_Cloud-RCS-FP32-Compat,185,logits,1787650441651445101,1787650441704127854,52.682262999999999,2,2,2,,0
Node1,Cloud-RCS-FP32-Compat,round_04_position_1_Cloud-RCS-FP32-Compat,186,logits,1787650441704128244,1787650441745170097,41.041452999999997,2,2,2,,0
Node1,Cloud-RCS-FP32-Compat,round_04_position_1_Cloud-RCS-FP32-Compat,187,logits,1787650441745170488,1787650441782580307,37.409278999999998,2,2,2,,0
Node1,Cloud-RCS-FP32-Compat,round_04_position_1_Cloud-RCS-FP32-Compat,188,logits,1787650441782580817,1787650441819143745,36.562538000000004,2,2,2,,0
Node1,Cloud-RCS-FP32-Compat,round_04_position_1_Cloud-RCS-FP32-Compat,189,logits,1787650441819144295,1787650441855320709,36.175994000000003,2,2,2,,0
Node1,Cloud-RCS-FP32-Compat,round_04_position_1_Cloud-RCS-FP32-Compat,190,logits,1787650441855321339,1787650441890989271,35.667521999999998,2,2,2,,0
Node1,Cloud-RCS-FP32-Compat,round_04_position_1_Cloud-RCS-FP32-Compat,191,logits,1787650441890989781,1787650441926399017,35.408816000000002,2,2,2,,0
Node1,Cloud-RCS-FP32-Compat,round_04_position_1_Cloud-RCS-FP32-Compat,192,logits,1787650441926399547,1787650441962631614,36.231627000000003,2,2,2,,0
Node1,Cloud-RCS-FP32-Compat,round_04_position_1_Cloud-RCS-FP32-Compat,193,logits,1787650441962632164,1787650441998576243,35.943679000000003,2,2,2,,0
Node1,Cloud-RCS-FP32-Compat,round_04_position_1_Cloud-RCS-FP32-Compat,194,logits,1787650441998576753,1787650442038978158,40.400995000000002,2,2,2,,0
Node1,Cloud-RCS-FP32-Compat,round_04_position_1_Cloud-RCS-FP32-Compat,195,logits,1787650442038978778,1787650442076933791,37.954593000000003,2,2,2,,0
Node1,Cloud-RCS-FP32-Compat,round_04_position_1_Cloud-RCS-FP32-Compat,196,logits,1787650442076934311,1787650442112816397,35.881436000000001,2,2,2,,0
Node1,Cloud-RCS-FP32-Compat,round_04_position_1_Cloud-RCS-FP32-Compat,197,logits,1787650442112816927,1787650442147751014,34.933667,2,2,2,,0
Node1,Cloud-RCS-FP32-Compat,round_04_position_1_Cloud-RCS-FP32-Compat,198,logits,1787650442147751524,1787650442183790189,36.038145,2,2,2,,0
Node1,Cloud-RCS-FP32-Compat,round_04_position_1_Cloud-RCS-FP32-Compat,199,logits,1787650442183790600,1787650442224507234,40.716194000000002,2,2,2,,0
Node1,Cloud-RCS-MP-Task-v2,round_04_position_2_Cloud-RCS-MP-Task-v2,0,logits,1787650468463309979,1787650468502740199,39.429769999999998,2,2,2,,0
Node1,Cloud-RCS-MP-Task-v2,round_04_position_2_Cloud-RCS-MP-Task-v2,1,logits,1787650468502740649,1787650468538098407,35.357317999999999,2,2,2,,0
Node1,Cloud-RCS-MP-Task-v2,round_04_position_2_Cloud-RCS-MP-Task-v2,2,logits,1787650468538099037,1787650468572050698,33.951241000000003,2,2,2,,0
Node1,Cloud-RCS-MP-Task-v2,round_04_position_2_Cloud-RCS-MP-Task-v2,3,logits,1787650468572051228,1787650468605686869,33.635201000000002,2,2,2,,0
Node1,Cloud-RCS-MP-Task-v2,round_04_position_2_Cloud-RCS-MP-Task-v2,4,logits,1787650468605687349,1787650468638974898,33.287139000000003,2,2,2,,0
Node1,Cloud-RCS-MP-Task-v2,round_04_position_2_Cloud-RCS-MP-Task-v2,5,logits,1787650468638975458,1787650468674473195,35.497337000000002,2,2,2,,0
Node1,Cloud-RCS-MP-Task-v2,round_04_position_2_Cloud-RCS-MP-Task-v2,6,logits,1787650468674473715,1787650468708176570,33.702395000000003,2,2,2,,0
Node1,Cloud-RCS-MP-Task-v2,round_04_position_2_Cloud-RCS-MP-Task-v2,7,logits,1787650468708177080,1787650468741143550,32.966079999999998,2,2,2,,0
Node1,Cloud-RCS-MP-Task-v2,round_04_position_2_Cloud-RCS-MP-Task-v2,8,logits,1787650468741144410,1787650468772578095,31.433285000000001,2,2,2,,0
Node1,Cloud-RCS-MP-Task-v2,round_04_position_2_Cloud-RCS-MP-Task-v2,9,logits,1787650468772578635,1787650468806398218,33.819203000000002,2,2,2,,0
Node1,Cloud-RCS-MP-Task-v2,round_04_position_2_Cloud-RCS-MP-Task-v2,10,logits,1787650468806398718,1787650468838966243,32.567075000000003,2,2,2,,0
Node1,Cloud-RCS-MP-Task-v2,round_04_position_2_Cloud-RCS-MP-Task-v2,11,logits,1787650468838966643,1787650468871864579,32.897336000000003,2,2,2,,0
Node1,Cloud-RCS-MP-Task-v2,round_04_position_2_Cloud-RCS-MP-Task-v2,12,logits,1787650468871865089,1787650468904939945,33.074466000000001,2,2,2,,0
Node1,Cloud-RCS-MP-Task-v2,round_04_position_2_Cloud-RCS-MP-Task-v2,13,logits,1787650468904940465,1787650468938410177,33.469261000000003,2,2,2,,0
Node1,Cloud-RCS-MP-Task-v2,round_04_position_2_Cloud-RCS-MP-Task-v2,14,logits,1787650468938410727,1787650468973010847,34.599690000000002,2,2,2,,0
Node1,Cloud-RCS-MP-Task-v2,round_04_position_2_Cloud-RCS-MP-Task-v2,15,logits,1787650468973011428,1787650469005741173,32.729284999999997,2,2,2,,0
Node1,Cloud-RCS-MP-Task-v2,round_04_position_2_Cloud-RCS-MP-Task-v2,16,logits,1787650469005741743,1787650469037038269,31.296116000000001,2,2,2,,0
Node1,Cloud-RCS-MP-Task-v2,round_04_position_2_Cloud-RCS-MP-Task-v2,17,logits,1787650469037038819,1787650469068305034,31.265815,2,2,2,,0
Node1,Cloud-RCS-MP-Task-v2,round_04_position_2_Cloud-RCS-MP-Task-v2,18,logits,1787650469068305534,1787650469099899739,31.593715,2,2,2,,0
Node1,Cloud-RCS-MP-Task-v2,round_04_position_2_Cloud-RCS-MP-Task-v2,19,logits,1787650469099900249,1787650469130657593,30.756903999999999,2,2,2,,0
Node1,Cloud-RCS-MP-Task-v2,round_04_position_2_Cloud-RCS-MP-Task-v2,20,logits,1787650469130658093,1787650469159982327,29.323823999999998,2,2,2,,0
Node1,Cloud-RCS-MP-Task-v2,round_04_position_2_Cloud-RCS-MP-Task-v2,21,logits,1787650469159982827,1787650469189837344,29.854106999999999,2,2,2,,0
Node1,Cloud-RCS-MP-Task-v2,round_04_position_2_Cloud-RCS-MP-Task-v2,22,logits,1787650469189837734,1787650469220075836,30.237662,2,2,2,,0
Node1,Cloud-RCS-MP-Task-v2,round_04_position_2_Cloud-RCS-MP-Task-v2,23,logits,1787650469220076216,1787650469249384230,29.307623,2,2,2,,0
Node1,Cloud-RCS-MP-Task-v2,round_04_position_2_Cloud-RCS-MP-Task-v2,24,logits,1787650469249384470,1787650469279380726,29.995836000000001,2,2,2,,0
Node1,Cloud-RCS-MP-Task-v2,round_04_position_2_Cloud-RCS-MP-Task-v2,25,logits,1787650469279381236,1787650469309181690,29.800053999999999,2,2,2,,0
Node1,Cloud-RCS-MP-Task-v2,round_04_position_2_Cloud-RCS-MP-Task-v2,26,logits,1787650469309182190,1787650469338851946,29.669305999999999,2,2,2,,0
Node1,Cloud-RCS-MP-Task-v2,round_04_position_2_Cloud-RCS-MP-Task-v2,27,logits,1787650469338852356,1787650469368785688,29.932932000000001,2,2,2,,0
Node1,Cloud-RCS-MP-Task-v2,round_04_position_2_Cloud-RCS-MP-Task-v2,28,logits,1787650469368786078,1787650469399085013,30.298545000000001,2,2,2,,0
Node1,Cloud-RCS-MP-Task-v2,round_04_position_2_Cloud-RCS-MP-Task-v2,29,logits,1787650469399085153,1787650469429006695,29.921132,2,2,2,,0
Node1,Cloud-RCS-MP-Task-v2,round_04_position_2_Cloud-RCS-MP-Task-v2,30,logits,1787650469429007115,1787650469458826700,29.819044999999999,2,2,2,,0
Node1,Cloud-RCS-MP-Task-v2,round_04_position_2_Cloud-RCS-MP-Task-v2,31,logits,1787650469458826950,1787650469489148086,30.320736,2,2,2,,0
Node1,Cloud-RCS-MP-Task-v2,round_04_position_2_Cloud-RCS-MP-Task-v2,32,logits,1787650469489148476,1787650469518631901,29.483025000000001,2,2,2,,0
Node1,Cloud-RCS-MP-Task-v2,round_04_position_2_Cloud-RCS-MP-Task-v2,33,logits,1787650469518632041,1787650469547627475,28.995024000000001,2,2,2,,0
Node1,Cloud-RCS-MP-Task-v2,round_04_position_2_Cloud-RCS-MP-Task-v2,34,logits,1787650469547627625,1787650469577389817,29.761602,2,2,2,,0
Node1,Cloud-RCS-MP-Task-v2,round_04_position_2_Cloud-RCS-MP-Task-v2,35,logits,1787650469577390077,1787650469606825278,29.434811,2,2,2,,0
Node1,Cloud-RCS-MP-Task-v2,round_04_position_2_Cloud-RCS-MP-Task-v2,36,logits,1787650469606825708,1787650469637660056,30.833938,2,2,2,,0
Node1,Cloud-RCS-MP-Task-v2,round_04_position_2_Cloud-RCS-MP-Task-v2,37,logits,1787650469637660626,1787650469668533247,30.872221,2,2,2,,0
Node1,Cloud-RCS-MP-Task-v2,round_04_position_2_Cloud-RCS-MP-Task-v2,38,logits,1787650469668533747,1787650469700103160,31.568673,2,2,2,,0
Node1,Cloud-RCS-MP-Task-v2,round_04_position_2_Cloud-RCS-MP-Task-v2,39,logits,1787650469700103670,1787650469732114561,32.010471000000003,2,2,2,,0
Node1,Cloud-RCS-MP-Task-v2,round_04_position_2_Cloud-RCS-MP-Task-v2,40,logits,1787650469732115141,1787650469763521485,31.405944000000002,2,2,2,,0
Node1,Cloud-RCS-MP-Task-v2,round_04_position_2_Cloud-RCS-MP-Task-v2,41,logits,1787650469763522095,1787650469795478942,31.956457,2,2,2,,0
Node1,Cloud-RCS-MP-Task-v2,round_04_position_2_Cloud-RCS-MP-Task-v2,42,logits,1787650469795479452,1787650469829826648,34.346766000000002,2,2,2,,0
Node1,Cloud-RCS-MP-Task-v2,round_04_position_2_Cloud-RCS-MP-Task-v2,43,logits,1787650469829827038,1787650469859888838,30.06138,2,2,2,,0
Node1,Cloud-RCS-MP-Task-v2,round_04_position_2_Cloud-RCS-MP-Task-v2,44,logits,1787650469859889408,1787650469891513255,31.623446999999999,2,2,2,,0
Node1,Cloud-RCS-MP-Task-v2,round_04_position_2_Cloud-RCS-MP-Task-v2,45,logits,1787650469891513635,1787650469921720964,30.207069000000001,2,2,2,,0
Node1,Cloud-RCS-MP-Task-v2,round_04_position_2_Cloud-RCS-MP-Task-v2,46,logits,1787650469921721544,1787650469953212173,31.490219,2,2,2,,0
Node1,Cloud-RCS-MP-Task-v2,round_04_position_2_Cloud-RCS-MP-Task-v2,47,logits,1787650469953212563,1787650469983964866,30.751892999999999,2,2,2,,0
Node1,Cloud-RCS-MP-Task-v2,round_04_position_2_Cloud-RCS-MP-Task-v2,48,logits,1787650469983965246,1787650470013712597,29.746721000000001,2,2,2,,0
Node1,Cloud-RCS-MP-Task-v2,round_04_position_2_Cloud-RCS-MP-Task-v2,49,logits,1787650470013713097,1787650470043321809,29.608291999999999,2,2,2,,0
Node1,Cloud-RCS-MP-Task-v2,round_04_position_2_Cloud-RCS-MP-Task-v2,50,logits,1787650470043322309,1787650470073364458,30.041748999999999,2,2,2,,0
Node1,Cloud-RCS-MP-Task-v2,round_04_position_2_Cloud-RCS-MP-Task-v2,51,logits,1787650470073364828,1787650470103055626,29.690408000000001,2,2,2,,0
Node1,Cloud-RCS-MP-Task-v2,round_04_position_2_Cloud-RCS-MP-Task-v2,52,logits,1787650470103056026,1787650470135423759,32.367333000000002,2,2,2,,0
Node1,Cloud-RCS-MP-Task-v2,round_04_position_2_Cloud-RCS-MP-Task-v2,53,logits,1787650470135424269,1787650470166386265,30.961525999999999,2,2,2,,0
Node1,Cloud-RCS-MP-Task-v2,round_04_position_2_Cloud-RCS-MP-Task-v2,54,logits,1787650470166386675,1787650470198081747,31.694672000000001,2,2,2,,0
Node1,Cloud-RCS-MP-Task-v2,round_04_position_2_Cloud-RCS-MP-Task-v2,55,logits,1787650470198082277,1787650470229569636,31.486768999999999,2,2,2,,0
Node1,Cloud-RCS-MP-Task-v2,round_04_position_2_Cloud-RCS-MP-Task-v2,56,logits,1787650470229570166,1787650470262000323,32.429676999999998,2,2,2,,0
Node1,Cloud-RCS-MP-Task-v2,round_04_position_2_Cloud-RCS-MP-Task-v2,57,logits,1787650470262000953,1787650470296153836,34.152343000000002,2,2,2,,0
Node1,Cloud-RCS-MP-Task-v2,round_04_position_2_Cloud-RCS-MP-Task-v2,58,logits,1787650470296154326,1787650470331607830,35.452804,2,2,2,,0
Node1,Cloud-RCS-MP-Task-v2,round_04_position_2_Cloud-RCS-MP-Task-v2,59,logits,1787650470331608360,1787650470363838345,32.229574999999997,2,2,2,,0
Node1,Cloud-RCS-MP-Task-v2,round_04_position_2_Cloud-RCS-MP-Task-v2,60,logits,1787650470363838885,1787650470397476087,33.636781999999997,2,2,2,,0
Node1,Cloud-RCS-MP-Task-v2,round_04_position_2_Cloud-RCS-MP-Task-v2,61,logits,1787650470397476497,1787650470432680925,35.204017999999998,2,2,2,,0
Node1,Cloud-RCS-MP-Task-v2,round_04_position_2_Cloud-RCS-MP-Task-v2,62,logits,1787650470432681335,1787650470465428552,32.746536999999996,2,2,2,,0
Node1,Cloud-RCS-MP-Task-v2,round_04_position_2_Cloud-RCS-MP-Task-v2,63,logits,1787650470465428992,1787650470498965047,33.535404999999997,2,2,2,,0
Node1,Cloud-RCS-MP-Task-v2,round_04_position_2_Cloud-RCS-MP-Task-v2,64,logits,1787650470498965467,1787650470532193224,33.227327000000002,2,2,2,,0
Node1,Cloud-RCS-MP-Task-v2,round_04_position_2_Cloud-RCS-MP-Task-v2,65,logits,1787650470532193804,1787650470566685888,34.491683999999999,2,2,2,,0
Node1,Cloud-RCS-MP-Task-v2,round_04_position_2_Cloud-RCS-MP-Task-v2,66,logits,1787650470566686388,1787650470599989549,33.302771,2,2,2,,0
Node1,Cloud-RCS-MP-Task-v2,round_04_position_2_Cloud-RCS-MP-Task-v2,67,logits,1787650470599990109,1787650470633413388,33.422879000000002,2,2,2,,0
Node1,Cloud-RCS-MP-Task-v2,round_04_position_2_Cloud-RCS-MP-Task-v2,68,logits,1787650470633413778,1787650470665849415,32.435217000000002,2,2,2,,0
Node1,Cloud-RCS-MP-Task-v2,round_04_position_2_Cloud-RCS-MP-Task-v2,69,logits,1787650470665849945,1787650470698479345,32.628988999999997,2,2,2,,0
Node1,Cloud-RCS-MP-Task-v2,round_04_position_2_Cloud-RCS-MP-Task-v2,70,logits,1787650470698479895,1787650470732190671,33.710106000000003,2,2,2,,0
Node1,Cloud-RCS-MP-Task-v2,round_04_position_2_Cloud-RCS-MP-Task-v2,71,logits,1787650470732191241,1787650470768341728,36.149906999999999,2,2,2,,0
Node1,Cloud-RCS-MP-Task-v2,round_04_position_2_Cloud-RCS-MP-Task-v2,72,logits,1787650470768342348,1787650470803821384,35.478166000000002,2,2,2,,0
Node1,Cloud-RCS-MP-Task-v2,round_04_position_2_Cloud-RCS-MP-Task-v2,73,logits,1787650470803821894,1787650470837082192,33.259908000000003,2,2,2,,0
Node1,Cloud-RCS-MP-Task-v2,round_04_position_2_Cloud-RCS-MP-Task-v2,74,logits,1787650470837082702,1787650470870397824,33.314722000000003,2,2,2,,0
Node1,Cloud-RCS-MP-Task-v2,round_04_position_2_Cloud-RCS-MP-Task-v2,75,logits,1787650470870398324,1787650470905127193,34.728419000000002,2,2,2,,0
Node1,Cloud-RCS-MP-Task-v2,round_04_position_2_Cloud-RCS-MP-Task-v2,76,logits,1787650470905127773,1787650470941413819,36.285606000000001,2,2,2,,0
Node1,Cloud-RCS-MP-Task-v2,round_04_position_2_Cloud-RCS-MP-Task-v2,77,logits,1787650470941414489,1787650470979977915,38.563035999999997,2,2,2,,0
Node1,Cloud-RCS-MP-Task-v2,round_04_position_2_Cloud-RCS-MP-Task-v2,78,logits,1787650470979978415,1787650471012921554,32.942729,2,2,2,,0
Node1,Cloud-RCS-MP-Task-v2,round_04_position_2_Cloud-RCS-MP-Task-v2,79,logits,1787650471012922014,1787650471048987056,36.064542000000003,2,2,2,,0
Node1,Cloud-RCS-MP-Task-v2,round_04_position_2_Cloud-RCS-MP-Task-v2,80,logits,1787650471048987556,1787650471082029551,33.041584999999998,2,2,2,,0
Node1,Cloud-RCS-MP-Task-v2,round_04_position_2_Cloud-RCS-MP-Task-v2,81,logits,1787650471082029941,1787650471114962759,32.932417999999998,2,2,2,,0
Node1,Cloud-RCS-MP-Task-v2,round_04_position_2_Cloud-RCS-MP-Task-v2,82,logits,1787650471114963169,1787650471147525705,32.562125999999999,2,2,2,,0
Node1,Cloud-RCS-MP-Task-v2,round_04_position_2_Cloud-RCS-MP-Task-v2,83,logits,1787650471147526255,1787650471180365407,32.838771999999999,2,2,2,,0
Node1,Cloud-RCS-MP-Task-v2,round_04_position_2_Cloud-RCS-MP-Task-v2,84,logits,1787650471180365917,1787650471213422443,33.056086000000001,2,2,2,,0
Node1,Cloud-RCS-MP-Task-v2,round_04_position_2_Cloud-RCS-MP-Task-v2,85,logits,1787650471213422913,1787650471245227682,31.804359000000002,2,2,2,,0
Node1,Cloud-RCS-MP-Task-v2,round_04_position_2_Cloud-RCS-MP-Task-v2,86,logits,1787650471245228072,1787650471276937314,31.708791999999999,2,2,2,,0
Node1,Cloud-RCS-MP-Task-v2,round_04_position_2_Cloud-RCS-MP-Task-v2,87,logits,1787650471276937864,1787650471316490542,39.552218000000003,2,2,2,,0
Node1,Cloud-RCS-MP-Task-v2,round_04_position_2_Cloud-RCS-MP-Task-v2,88,logits,1787650471316491092,1787650471357134358,40.642885999999997,2,2,2,,0
Node1,Cloud-RCS-MP-Task-v2,round_04_position_2_Cloud-RCS-MP-Task-v2,89,logits,1787650471357134758,1787650471389579496,32.444287000000003,2,2,2,,0
Node1,Cloud-RCS-MP-Task-v2,round_04_position_2_Cloud-RCS-MP-Task-v2,90,logits,1787650471389580046,1787650471421504411,31.923905000000001,2,2,2,,0
Node1,Cloud-RCS-MP-Task-v2,round_04_position_2_Cloud-RCS-MP-Task-v2,91,logits,1787650471421505221,1787650471454045966,32.540325000000003,2,2,2,,0
Node1,Cloud-RCS-MP-Task-v2,round_04_position_2_Cloud-RCS-MP-Task-v2,92,logits,1787650471454046696,1787650471485909628,31.862521999999998,2,2,2,,0
Node1,Cloud-RCS-MP-Task-v2,round_04_position_2_Cloud-RCS-MP-Task-v2,93,logits,1787650471485910138,1787650471517915469,32.004930999999999,2,2,2,,0
Node1,Cloud-RCS-MP-Task-v2,round_04_position_2_Cloud-RCS-MP-Task-v2,94,logits,1787650471517915969,1787650471549950361,32.033942000000003,2,2,2,,0
Node1,Cloud-RCS-MP-Task-v2,round_04_position_2_Cloud-RCS-MP-Task-v2,95,logits,1787650471549951091,1787650471582041197,32.089405999999997,2,2,2,,0
Node1,Cloud-RCS-MP-Task-v2,round_04_position_2_Cloud-RCS-MP-Task-v2,96,logits,1787650471582041697,1787650471613110380,31.068283000000001,2,2,2,,0
Node1,Cloud-RCS-MP-Task-v2,round_04_position_2_Cloud-RCS-MP-Task-v2,97,logits,1787650471613110900,1787650471644003722,30.892422,2,2,2,,0
Node1,Cloud-RCS-MP-Task-v2,round_04_position_2_Cloud-RCS-MP-Task-v2,98,logits,1787650471644004222,1787650471675635550,31.630938,2,2,2,,0
Node1,Cloud-RCS-MP-Task-v2,round_04_position_2_Cloud-RCS-MP-Task-v2,99,logits,1787650471675636050,1787650471706335790,30.699349999999999,2,2,2,,0
Node1,Cloud-RCS-MP-Task-v2,round_04_position_2_Cloud-RCS-MP-Task-v2,100,logits,1787650471706336310,1787650471737634777,31.297906999999999,2,2,2,,0
Node1,Cloud-RCS-MP-Task-v2,round_04_position_2_Cloud-RCS-MP-Task-v2,101,logits,1787650471737635177,1787650471769856901,32.221324000000003,2,2,2,,0
Node1,Cloud-RCS-MP-Task-v2,round_04_position_2_Cloud-RCS-MP-Task-v2,102,logits,1787650471769857311,1787650471801888174,32.030422999999999,2,2,2,,0
Node1,Cloud-RCS-MP-Task-v2,round_04_position_2_Cloud-RCS-MP-Task-v2,103,logits,1787650471801888764,1787650471833545833,31.656499,2,2,2,,0
Node1,Cloud-RCS-MP-Task-v2,round_04_position_2_Cloud-RCS-MP-Task-v2,104,logits,1787650471833546473,1787650471865326550,31.779686999999999,2,2,2,,0
Node1,Cloud-RCS-MP-Task-v2,round_04_position_2_Cloud-RCS-MP-Task-v2,105,logits,1787650471865327010,1787650471897089936,31.762536000000001,2,2,2,,0
Node1,Cloud-RCS-MP-Task-v2,round_04_position_2_Cloud-RCS-MP-Task-v2,106,logits,1787650471897090366,1787650471928340470,31.249673999999999,2,2,2,,0
Node1,Cloud-RCS-MP-Task-v2,round_04_position_2_Cloud-RCS-MP-Task-v2,107,logits,1787650471928340770,1787650471959576773,31.235603000000001,2,2,2,,0
Node1,Cloud-RCS-MP-Task-v2,round_04_position_2_Cloud-RCS-MP-Task-v2,108,logits,1787650471959577273,1787650471990836518,31.258845000000001,2,2,2,,0
Node1,Cloud-RCS-MP-Task-v2,round_04_position_2_Cloud-RCS-MP-Task-v2,109,logits,1787650471990836948,1787650472021590302,30.752943999999999,2,2,2,,0
Node1,Cloud-RCS-MP-Task-v2,round_04_position_2_Cloud-RCS-MP-Task-v2,110,logits,1787650472021590832,1787650472052808194,31.216951999999999,2,2,2,,0
Node1,Cloud-RCS-MP-Task-v2,round_04_position_2_Cloud-RCS-MP-Task-v2,111,logits,1787650472052808704,1787650472084364607,31.555492999999998,2,2,2,,0
Node1,Cloud-RCS-MP-Task-v2,round_04_position_2_Cloud-RCS-MP-Task-v2,112,logits,1787650472084365167,1787650472115701296,31.335739,2,2,2,,0
Node1,Cloud-RCS-MP-Task-v2,round_04_position_2_Cloud-RCS-MP-Task-v2,113,logits,1787650472115701666,1787650472147988915,32.286828999999997,2,2,2,,0
Node1,Cloud-RCS-MP-Task-v2,round_04_position_2_Cloud-RCS-MP-Task-v2,114,logits,1787650472147989755,1787650472179918221,31.928066000000001,2,2,2,,0
Node1,Cloud-RCS-MP-Task-v2,round_04_position_2_Cloud-RCS-MP-Task-v2,115,logits,1787650472179918741,1787650472212687759,32.768617999999996,2,2,2,,0
Node1,Cloud-RCS-MP-Task-v2,round_04_position_2_Cloud-RCS-MP-Task-v2,116,logits,1787650472212688329,1787650472244542441,31.853722000000001,2,2,2,,0
Node1,Cloud-RCS-MP-Task-v2,round_04_position_2_Cloud-RCS-MP-Task-v2,117,logits,1787650472244542831,1787650472276196750,31.653509,2,2,2,,0
Node1,Cloud-RCS-MP-Task-v2,round_04_position_2_Cloud-RCS-MP-Task-v2,118,logits,1787650472276197450,1787650472310981523,34.783673,2,2,2,,0
Node1,Cloud-RCS-MP-Task-v2,round_04_position_2_Cloud-RCS-MP-Task-v2,119,logits,1787650472310982253,1787650472345248595,34.265962000000002,2,2,2,,0
Node1,Cloud-RCS-MP-Task-v2,round_04_position_2_Cloud-RCS-MP-Task-v2,120,logits,1787650472345249105,1787650472379967764,34.718248000000003,2,2,2,,0
Node1,Cloud-RCS-MP-Task-v2,round_04_position_2_Cloud-RCS-MP-Task-v2,121,logits,1787650472379968264,1787650472412321806,32.353121999999999,2,2,2,,0
Node1,Cloud-RCS-MP-Task-v2,round_04_position_2_Cloud-RCS-MP-Task-v2,122,logits,1787650472412322326,1787650472444624156,32.301409999999997,2,2,2,,0
Node1,Cloud-RCS-MP-Task-v2,round_04_position_2_Cloud-RCS-MP-Task-v2,123,logits,1787650472444624716,1787650472476607855,31.982679000000001,2,2,2,,0
Node1,Cloud-RCS-MP-Task-v2,round_04_position_2_Cloud-RCS-MP-Task-v2,124,logits,1787650472476608715,1787650472512615714,36.006608999999997,2,2,2,,0
Node1,Cloud-RCS-MP-Task-v2,round_04_position_2_Cloud-RCS-MP-Task-v2,125,logits,1787650472512616234,1787650472545752025,33.135390999999998,2,2,2,,0
Node1,Cloud-RCS-MP-Task-v2,round_04_position_2_Cloud-RCS-MP-Task-v2,126,logits,1787650472545752595,1787650472577560824,31.807849000000001,2,2,2,,0
Node1,Cloud-RCS-MP-Task-v2,round_04_position_2_Cloud-RCS-MP-Task-v2,127,logits,1787650472577561324,1787650472609420855,31.859120999999998,2,2,2,,0
Node1,Cloud-RCS-MP-Task-v2,round_04_position_2_Cloud-RCS-MP-Task-v2,128,logits,1787650472609421365,1787650472640975029,31.553243999999999,2,2,2,,0
Node1,Cloud-RCS-MP-Task-v2,round_04_position_2_Cloud-RCS-MP-Task-v2,129,logits,1787650472640975569,1787650472672254475,31.278516,2,2,2,,0
Node1,Cloud-RCS-MP-Task-v2,round_04_position_2_Cloud-RCS-MP-Task-v2,130,logits,1787650472672254995,1787650472703855031,31.599646,2,2,2,,0
Node1,Cloud-RCS-MP-Task-v2,round_04_position_2_Cloud-RCS-MP-Task-v2,131,logits,1787650472703855401,1787650472735029930,31.174129000000001,2,2,2,,0
Node1,Cloud-RCS-MP-Task-v2,round_04_position_2_Cloud-RCS-MP-Task-v2,132,logits,1787650472735030440,1787650472767153339,32.122458999999999,2,2,2,,0
Node1,Cloud-RCS-MP-Task-v2,round_04_position_2_Cloud-RCS-MP-Task-v2,133,logits,1787650472767153909,1787650472799069254,31.914925,2,2,2,,0
Node1,Cloud-RCS-MP-Task-v2,round_04_position_2_Cloud-RCS-MP-Task-v2,134,logits,1787650472799069824,1787650472830816099,31.745464999999999,2,2,2,,0
Node1,Cloud-RCS-MP-Task-v2,round_04_position_2_Cloud-RCS-MP-Task-v2,135,logits,1787650472830816609,1787650472862857722,32.040723,2,2,2,,0
Node1,Cloud-RCS-MP-Task-v2,round_04_position_2_Cloud-RCS-MP-Task-v2,136,logits,1787650472862858232,1787650472897412511,34.553849,2,2,2,,0
Node1,Cloud-RCS-MP-Task-v2,round_04_position_2_Cloud-RCS-MP-Task-v2,137,logits,1787650472897413091,1787650472929156426,31.742934999999999,2,2,2,,0
Node1,Cloud-RCS-MP-Task-v2,round_04_position_2_Cloud-RCS-MP-Task-v2,138,logits,1787650472929156956,1787650472962592966,33.435630000000003,2,2,2,,0
Node1,Cloud-RCS-MP-Task-v2,round_04_position_2_Cloud-RCS-MP-Task-v2,139,logits,1787650472962593486,1787650472994780098,32.186211999999998,2,2,2,,0
Node1,Cloud-RCS-MP-Task-v2,round_04_position_2_Cloud-RCS-MP-Task-v2,140,logits,1787650472994780608,1787650473028299083,33.518084999999999,2,2,2,,0
Node1,Cloud-RCS-MP-Task-v2,round_04_position_2_Cloud-RCS-MP-Task-v2,141,logits,1787650473028299613,1787650473060684857,32.384844000000001,2,2,2,,0
Node1,Cloud-RCS-MP-Task-v2,round_04_position_2_Cloud-RCS-MP-Task-v2,142,logits,1787650473060685367,1787650473091718078,31.032301,2,2,2,,0
Node1,Cloud-RCS-MP-Task-v2,round_04_position_2_Cloud-RCS-MP-Task-v2,143,logits,1787650473091718648,1787650473123079960,31.360921999999999,2,2,2,,0
Node1,Cloud-RCS-MP-Task-v2,round_04_position_2_Cloud-RCS-MP-Task-v2,144,logits,1787650473123080350,1787650473153691514,30.610764,2,2,2,,0
Node1,Cloud-RCS-MP-Task-v2,round_04_position_2_Cloud-RCS-MP-Task-v2,145,logits,1787650473153691924,1787650473183916595,30.224260999999998,2,2,2,,0
Node1,Cloud-RCS-MP-Task-v2,round_04_position_2_Cloud-RCS-MP-Task-v2,146,logits,1787650473183916715,1787650473214275595,30.358478999999999,2,2,2,,0
Node1,Cloud-RCS-MP-Task-v2,round_04_position_2_Cloud-RCS-MP-Task-v2,147,logits,1787650473214276125,1787650473245258813,30.982298,2,2,2,,0
Node1,Cloud-RCS-MP-Task-v2,round_04_position_2_Cloud-RCS-MP-Task-v2,148,logits,1787650473245259183,1787650473276014756,30.755182999999999,2,2,2,,0
Node1,Cloud-RCS-MP-Task-v2,round_04_position_2_Cloud-RCS-MP-Task-v2,149,logits,1787650473276014876,1787650473306184474,30.169208000000001,2,2,2,,0
Node1,Cloud-RCS-MP-Task-v2,round_04_position_2_Cloud-RCS-MP-Task-v2,150,logits,1787650473306184614,1787650473335830939,29.645924999999998,2,2,2,,0
Node1,Cloud-RCS-MP-Task-v2,round_04_position_2_Cloud-RCS-MP-Task-v2,151,logits,1787650473335831059,1787650473366546700,30.715240999999999,2,2,2,,0
Node1,Cloud-RCS-MP-Task-v2,round_04_position_2_Cloud-RCS-MP-Task-v2,152,logits,1787650473366546840,1787650473396819144,30.271923999999999,2,2,2,,0
Node1,Cloud-RCS-MP-Task-v2,round_04_position_2_Cloud-RCS-MP-Task-v2,153,logits,1787650473396819264,1787650473426598647,29.778983,2,2,2,,0
Node1,Cloud-RCS-MP-Task-v2,round_04_position_2_Cloud-RCS-MP-Task-v2,154,logits,1787650473426598807,1787650473457006470,30.407263,2,2,2,,0
Node1,Cloud-RCS-MP-Task-v2,round_04_position_2_Cloud-RCS-MP-Task-v2,155,logits,1787650473457006730,1787650473488357940,31.350770000000001,2,2,2,,0
Node1,Cloud-RCS-MP-Task-v2,round_04_position_2_Cloud-RCS-MP-Task-v2,156,logits,1787650473488358530,1787650473519559282,31.200351999999999,2,2,2,,0
Node1,Cloud-RCS-MP-Task-v2,round_04_position_2_Cloud-RCS-MP-Task-v2,157,logits,1787650473519559792,1787650473551126346,31.566154000000001,2,2,2,,0
Node1,Cloud-RCS-MP-Task-v2,round_04_position_2_Cloud-RCS-MP-Task-v2,158,logits,1787650473551126936,1787650473583220052,32.092716000000003,2,2,2,,0
Node1,Cloud-RCS-MP-Task-v2,round_04_position_2_Cloud-RCS-MP-Task-v2,159,logits,1787650473583220572,1787650473615040452,31.81962,2,2,2,,0
Node1,Cloud-RCS-MP-Task-v2,round_04_position_2_Cloud-RCS-MP-Task-v2,160,logits,1787650473615040952,1787650473646175989,31.134637000000001,2,2,2,,0
Node1,Cloud-RCS-MP-Task-v2,round_04_position_2_Cloud-RCS-MP-Task-v2,161,logits,1787650473646176489,1787650473677027139,30.850239999999999,2,2,2,,0
Node1,Cloud-RCS-MP-Task-v2,round_04_position_2_Cloud-RCS-MP-Task-v2,162,logits,1787650473677027639,1787650473708971446,31.943407000000001,2,2,2,,0
Node1,Cloud-RCS-MP-Task-v2,round_04_position_2_Cloud-RCS-MP-Task-v2,163,logits,1787650473708972096,1787650473740317137,31.344631,2,2,2,,0
Node1,Cloud-RCS-MP-Task-v2,round_04_position_2_Cloud-RCS-MP-Task-v2,164,logits,1787650473740317657,1787650473771601593,31.283536000000002,2,2,2,,0
Node1,Cloud-RCS-MP-Task-v2,round_04_position_2_Cloud-RCS-MP-Task-v2,165,logits,1787650473771602113,1787650473803672538,32.070034999999997,2,2,2,,0
Node1,Cloud-RCS-MP-Task-v2,round_04_position_2_Cloud-RCS-MP-Task-v2,166,logits,1787650473803673048,1787650473835919875,32.246437,2,2,2,,0
Node1,Cloud-RCS-MP-Task-v2,round_04_position_2_Cloud-RCS-MP-Task-v2,167,logits,1787650473835920495,1787650473868365353,32.444448000000001,2,2,2,,0
Node1,Cloud-RCS-MP-Task-v2,round_04_position_2_Cloud-RCS-MP-Task-v2,168,logits,1787650473868365853,1787650473899858152,31.491889,2,2,2,,0
Node1,Cloud-RCS-MP-Task-v2,round_04_position_2_Cloud-RCS-MP-Task-v2,169,logits,1787650473899858422,1787650473930959188,31.100376000000001,2,2,2,,0
Node1,Cloud-RCS-MP-Task-v2,round_04_position_2_Cloud-RCS-MP-Task-v2,170,logits,1787650473930959438,1787650473962315819,31.355991,2,2,2,,0
Node1,Cloud-RCS-MP-Task-v2,round_04_position_2_Cloud-RCS-MP-Task-v2,171,logits,1787650473962316189,1787650473993362350,31.045741,2,2,2,,0
Node1,Cloud-RCS-MP-Task-v2,round_04_position_2_Cloud-RCS-MP-Task-v2,172,logits,1787650473993362850,1787650474024437064,31.073803999999999,2,2,2,,0
Node1,Cloud-RCS-MP-Task-v2,round_04_position_2_Cloud-RCS-MP-Task-v2,173,logits,1787650474024437454,1787650474056061302,31.623448,2,2,2,,0
Node1,Cloud-RCS-MP-Task-v2,round_04_position_2_Cloud-RCS-MP-Task-v2,174,logits,1787650474056062062,1787650474088951988,32.889406000000001,2,2,2,,0
Node1,Cloud-RCS-MP-Task-v2,round_04_position_2_Cloud-RCS-MP-Task-v2,175,logits,1787650474088952408,1787650474121948140,32.995311999999998,2,2,2,,0
Node1,Cloud-RCS-MP-Task-v2,round_04_position_2_Cloud-RCS-MP-Task-v2,176,logits,1787650474121948560,1787650474154837237,32.888235999999999,2,2,2,,0
Node1,Cloud-RCS-MP-Task-v2,round_04_position_2_Cloud-RCS-MP-Task-v2,177,logits,1787650474154837737,1787650474188580856,33.742738000000003,2,2,2,,0
Node1,Cloud-RCS-MP-Task-v2,round_04_position_2_Cloud-RCS-MP-Task-v2,178,logits,1787650474188581626,1787650474221324573,32.742536999999999,2,2,2,,0
Node1,Cloud-RCS-MP-Task-v2,round_04_position_2_Cloud-RCS-MP-Task-v2,179,logits,1787650474221325113,1787650474253585519,32.259956000000003,2,2,2,,0
Node1,Cloud-RCS-MP-Task-v2,round_04_position_2_Cloud-RCS-MP-Task-v2,180,logits,1787650474253586079,1787650474286448624,32.862135000000002,2,2,2,,0
Node1,Cloud-RCS-MP-Task-v2,round_04_position_2_Cloud-RCS-MP-Task-v2,181,logits,1787650474286449144,1787650474319228823,32.778948999999997,2,2,2,,0
Node1,Cloud-RCS-MP-Task-v2,round_04_position_2_Cloud-RCS-MP-Task-v2,182,logits,1787650474319229333,1787650474352081937,32.852213999999996,2,2,2,,0
Node1,Cloud-RCS-MP-Task-v2,round_04_position_2_Cloud-RCS-MP-Task-v2,183,logits,1787650474352082327,1787650474387189900,35.107182999999999,2,2,2,,0
Node1,Cloud-RCS-MP-Task-v2,round_04_position_2_Cloud-RCS-MP-Task-v2,184,logits,1787650474387190410,1787650474426114750,38.923909999999999,2,2,2,,0
Node1,Cloud-RCS-MP-Task-v2,round_04_position_2_Cloud-RCS-MP-Task-v2,185,logits,1787650474426115260,1787650474458518366,32.402715999999998,2,2,2,,0
Node1,Cloud-RCS-MP-Task-v2,round_04_position_2_Cloud-RCS-MP-Task-v2,186,logits,1787650474458518786,1787650474490165605,31.646408999999998,2,2,2,,0
Node1,Cloud-RCS-MP-Task-v2,round_04_position_2_Cloud-RCS-MP-Task-v2,187,logits,1787650474490166105,1787650474522353597,32.186991999999996,2,2,2,,0
Node1,Cloud-RCS-MP-Task-v2,round_04_position_2_Cloud-RCS-MP-Task-v2,188,logits,1787650474522354217,1787650474553788323,31.433416000000001,2,2,2,,0
Node1,Cloud-RCS-MP-Task-v2,round_04_position_2_Cloud-RCS-MP-Task-v2,189,logits,1787650474553788843,1787650474586587364,32.798121000000002,2,2,2,,0
Node1,Cloud-RCS-MP-Task-v2,round_04_position_2_Cloud-RCS-MP-Task-v2,190,logits,1787650474586587754,1787650474619177951,32.589776999999998,2,2,2,,0
Node1,Cloud-RCS-MP-Task-v2,round_04_position_2_Cloud-RCS-MP-Task-v2,191,logits,1787650474619178512,1787650474650279357,31.100415000000002,2,2,2,,0
Node1,Cloud-RCS-MP-Task-v2,round_04_position_2_Cloud-RCS-MP-Task-v2,192,logits,1787650474650280137,1787650474682874375,32.593828000000002,2,2,2,,0
Node1,Cloud-RCS-MP-Task-v2,round_04_position_2_Cloud-RCS-MP-Task-v2,193,logits,1787650474682875215,1787650474717355709,34.479433999999998,2,2,2,,0
Node1,Cloud-RCS-MP-Task-v2,round_04_position_2_Cloud-RCS-MP-Task-v2,194,logits,1787650474717356429,1787650474762030885,44.673706000000003,2,2,2,,0
Node1,Cloud-RCS-MP-Task-v2,round_04_position_2_Cloud-RCS-MP-Task-v2,195,logits,1787650474762031555,1787650474798858115,36.826149999999998,2,2,2,,0
Node1,Cloud-RCS-MP-Task-v2,round_04_position_2_Cloud-RCS-MP-Task-v2,196,logits,1787650474798858635,1787650474833746805,34.887680000000003,2,2,2,,0
Node1,Cloud-RCS-MP-Task-v2,round_04_position_2_Cloud-RCS-MP-Task-v2,197,logits,1787650474833747305,1787650474867215797,33.468021999999998,2,2,2,,0
Node1,Cloud-RCS-MP-Task-v2,round_04_position_2_Cloud-RCS-MP-Task-v2,198,logits,1787650474867216227,1787650474899197696,31.981079000000001,2,2,2,,0
Node1,Cloud-RCS-MP-Task-v2,round_04_position_2_Cloud-RCS-MP-Task-v2,199,logits,1787650474899198206,1787650474931729370,32.530783999999997,2,2,2,,0
Node1,Cloud-RCS-FP16-Opt-v2,round_04_position_3_Cloud-RCS-FP16-Opt-v2,0,logits,1787650500996490350,1787650501028430302,31.939522,2,2,2,,0
Node1,Cloud-RCS-FP16-Opt-v2,round_04_position_3_Cloud-RCS-FP16-Opt-v2,1,logits,1787650501028430892,1787650501060738986,32.307533999999997,2,2,2,,0
Node1,Cloud-RCS-FP16-Opt-v2,round_04_position_3_Cloud-RCS-FP16-Opt-v2,2,logits,1787650501060739536,1787650501094084804,33.344588000000002,2,2,2,,0
Node1,Cloud-RCS-FP16-Opt-v2,round_04_position_3_Cloud-RCS-FP16-Opt-v2,3,logits,1787650501094085324,1787650501126192476,32.106692000000002,2,2,2,,0
Node1,Cloud-RCS-FP16-Opt-v2,round_04_position_3_Cloud-RCS-FP16-Opt-v2,4,logits,1787650501126192996,1787650501157734412,31.540986,2,2,2,,0
Node1,Cloud-RCS-FP16-Opt-v2,round_04_position_3_Cloud-RCS-FP16-Opt-v2,5,logits,1787650501157734962,1787650501189081777,31.346415,2,2,2,,0
Node1,Cloud-RCS-FP16-Opt-v2,round_04_position_3_Cloud-RCS-FP16-Opt-v2,6,logits,1787650501189082297,1787650501221179928,32.097191000000002,2,2,2,,0
Node1,Cloud-RCS-FP16-Opt-v2,round_04_position_3_Cloud-RCS-FP16-Opt-v2,7,logits,1787650501221180508,1787650501252498731,31.317793000000002,2,2,2,,0
Node1,Cloud-RCS-FP16-Opt-v2,round_04_position_3_Cloud-RCS-FP16-Opt-v2,8,logits,1787650501252499261,1787650501283799373,31.299641999999999,2,2,2,,0
Node1,Cloud-RCS-FP16-Opt-v2,round_04_position_3_Cloud-RCS-FP16-Opt-v2,9,logits,1787650501283799923,1787650501315398203,31.597740000000002,2,2,2,,0
Node1,Cloud-RCS-FP16-Opt-v2,round_04_position_3_Cloud-RCS-FP16-Opt-v2,10,logits,1787650501315398733,1787650501347298152,31.899028000000001,2,2,2,,0
Node1,Cloud-RCS-FP16-Opt-v2,round_04_position_3_Cloud-RCS-FP16-Opt-v2,11,logits,1787650501347298792,1787650501379223102,31.923770000000001,2,2,2,,0
Node1,Cloud-RCS-FP16-Opt-v2,round_04_position_3_Cloud-RCS-FP16-Opt-v2,12,logits,1787650501379223622,1787650501410372604,31.148582000000001,2,2,2,,0
Node1,Cloud-RCS-FP16-Opt-v2,round_04_position_3_Cloud-RCS-FP16-Opt-v2,13,logits,1787650501410373124,1787650501441833226,31.459561999999998,2,2,2,,0
Node1,Cloud-RCS-FP16-Opt-v2,round_04_position_3_Cloud-RCS-FP16-Opt-v2,14,logits,1787650501441833766,1787650501473363552,31.529095999999999,2,2,2,,0
Node1,Cloud-RCS-FP16-Opt-v2,round_04_position_3_Cloud-RCS-FP16-Opt-v2,15,logits,1787650501473364512,1787650501506250822,32.8857,2,2,2,,0
Node1,Cloud-RCS-FP16-Opt-v2,round_04_position_3_Cloud-RCS-FP16-Opt-v2,16,logits,1787650501506251362,1787650501537159969,30.908187000000002,2,2,2,,0
Node1,Cloud-RCS-FP16-Opt-v2,round_04_position_3_Cloud-RCS-FP16-Opt-v2,17,logits,1787650501537160509,1787650501569086199,31.925280000000001,2,2,2,,0
Node1,Cloud-RCS-FP16-Opt-v2,round_04_position_3_Cloud-RCS-FP16-Opt-v2,18,logits,1787650501569086719,1787650501600616275,31.529146000000001,2,2,2,,0
Node1,Cloud-RCS-FP16-Opt-v2,round_04_position_3_Cloud-RCS-FP16-Opt-v2,19,logits,1787650501600617835,1787650501631766388,31.148122999999998,2,2,2,,0
Node1,Cloud-RCS-FP16-Opt-v2,round_04_position_3_Cloud-RCS-FP16-Opt-v2,20,logits,1787650501631766918,1787650501663486055,31.718717000000002,2,2,2,,0
Node1,Cloud-RCS-FP16-Opt-v2,round_04_position_3_Cloud-RCS-FP16-Opt-v2,21,logits,1787650501663486565,1787650501694821979,31.334993999999998,2,2,2,,0
Node1,Cloud-RCS-FP16-Opt-v2,round_04_position_3_Cloud-RCS-FP16-Opt-v2,22,logits,1787650501694822499,1787650501725876505,31.053576,2,2,2,,0
Node1,Cloud-RCS-FP16-Opt-v2,round_04_position_3_Cloud-RCS-FP16-Opt-v2,23,logits,1787650501725876945,1787650501757122374,31.244889000000001,2,2,2,,0
Node1,Cloud-RCS-FP16-Opt-v2,round_04_position_3_Cloud-RCS-FP16-Opt-v2,24,logits,1787650501757122894,1787650501789379425,32.256110999999997,2,2,2,,0
Node1,Cloud-RCS-FP16-Opt-v2,round_04_position_3_Cloud-RCS-FP16-Opt-v2,25,logits,1787650501789379945,1787650501822596625,33.216230000000003,2,2,2,,0
Node1,Cloud-RCS-FP16-Opt-v2,round_04_position_3_Cloud-RCS-FP16-Opt-v2,26,logits,1787650501822597145,1787650501855683238,33.085653000000001,2,2,2,,0
Node1,Cloud-RCS-FP16-Opt-v2,round_04_position_3_Cloud-RCS-FP16-Opt-v2,27,logits,1787650501855683758,1787650501889285422,33.601244000000001,2,2,2,,0
Node1,Cloud-RCS-FP16-Opt-v2,round_04_position_3_Cloud-RCS-FP16-Opt-v2,28,logits,1787650501889285952,1787650501929753963,40.467610999999998,2,2,2,,0
Node1,Cloud-RCS-FP16-Opt-v2,round_04_position_3_Cloud-RCS-FP16-Opt-v2,29,logits,1787650501929754403,1787650501968752952,38.998058999999998,2,2,2,,0
Node1,Cloud-RCS-FP16-Opt-v2,round_04_position_3_Cloud-RCS-FP16-Opt-v2,30,logits,1787650501968753632,1787650502005238395,36.484343000000003,2,2,2,,0
Node1,Cloud-RCS-FP16-Opt-v2,round_04_position_3_Cloud-RCS-FP16-Opt-v2,31,logits,1787650502005238925,1787650502039143818,33.904463,2,2,2,,0
Node1,Cloud-RCS-FP16-Opt-v2,round_04_position_3_Cloud-RCS-FP16-Opt-v2,32,logits,1787650502039144408,1787650502073130937,33.985709,2,2,2,,0
Node1,Cloud-RCS-FP16-Opt-v2,round_04_position_3_Cloud-RCS-FP16-Opt-v2,33,logits,1787650502073131467,1787650502106681598,33.549740999999997,2,2,2,,0
Node1,Cloud-RCS-FP16-Opt-v2,round_04_position_3_Cloud-RCS-FP16-Opt-v2,34,logits,1787650502106682158,1787650502138520893,31.837994999999999,2,2,2,,0
Node1,Cloud-RCS-FP16-Opt-v2,round_04_position_3_Cloud-RCS-FP16-Opt-v2,35,logits,1787650502138521523,1787650502171435405,32.913471999999999,2,2,2,,0
Node1,Cloud-RCS-FP16-Opt-v2,round_04_position_3_Cloud-RCS-FP16-Opt-v2,36,logits,1787650502171435925,1787650502203837335,32.400979999999997,2,2,2,,0
Node1,Cloud-RCS-FP16-Opt-v2,round_04_position_3_Cloud-RCS-FP16-Opt-v2,37,logits,1787650502203837836,1787650502237758420,33.920084000000003,2,2,2,,0
Node1,Cloud-RCS-FP16-Opt-v2,round_04_position_3_Cloud-RCS-FP16-Opt-v2,38,logits,1787650502237758960,1787650502269920895,32.161484999999999,2,2,2,,0
Node1,Cloud-RCS-FP16-Opt-v2,round_04_position_3_Cloud-RCS-FP16-Opt-v2,39,logits,1787650502269921425,1787650502303236962,33.315086999999998,2,2,2,,0
Node1,Cloud-RCS-FP16-Opt-v2,round_04_position_3_Cloud-RCS-FP16-Opt-v2,40,logits,1787650502303237502,1787650502337176667,33.938775,2,2,2,,0
Node1,Cloud-RCS-FP16-Opt-v2,round_04_position_3_Cloud-RCS-FP16-Opt-v2,41,logits,1787650502337177197,1787650502371101942,33.924345000000002,2,2,2,,0
Node1,Cloud-RCS-FP16-Opt-v2,round_04_position_3_Cloud-RCS-FP16-Opt-v2,42,logits,1787650502371102462,1787650502406876961,35.774059000000001,2,2,2,,0
Node1,Cloud-RCS-FP16-Opt-v2,round_04_position_3_Cloud-RCS-FP16-Opt-v2,43,logits,1787650502406877361,1787650502443217176,36.339354999999998,2,2,2,,0
Node1,Cloud-RCS-FP16-Opt-v2,round_04_position_3_Cloud-RCS-FP16-Opt-v2,44,logits,1787650502443217886,1787650502480456676,37.238250000000001,2,2,2,,0
Node1,Cloud-RCS-FP16-Opt-v2,round_04_position_3_Cloud-RCS-FP16-Opt-v2,45,logits,1787650502480457326,1787650502514751103,34.292606999999997,2,2,2,,0
Node1,Cloud-RCS-FP16-Opt-v2,round_04_position_3_Cloud-RCS-FP16-Opt-v2,46,logits,1787650502514751633,1787650502549979249,35.227215999999999,2,2,2,,0
Node1,Cloud-RCS-FP16-Opt-v2,round_04_position_3_Cloud-RCS-FP16-Opt-v2,47,logits,1787650502549979809,1787650502585098478,35.118268999999998,2,2,2,,0
Node1,Cloud-RCS-FP16-Opt-v2,round_04_position_3_Cloud-RCS-FP16-Opt-v2,48,logits,1787650502585099038,1787650502622059040,36.959522,2,2,2,,0
Node1,Cloud-RCS-FP16-Opt-v2,round_04_position_3_Cloud-RCS-FP16-Opt-v2,49,logits,1787650502622059930,1787650502659779121,37.718760000000003,2,2,2,,0
Node1,Cloud-RCS-FP16-Opt-v2,round_04_position_3_Cloud-RCS-FP16-Opt-v2,50,logits,1787650502659779641,1787650502695842768,36.062736999999998,2,2,2,,0
Node1,Cloud-RCS-FP16-Opt-v2,round_04_position_3_Cloud-RCS-FP16-Opt-v2,51,logits,1787650502695843308,1787650502730116404,34.272486000000001,2,2,2,,0
Node1,Cloud-RCS-FP16-Opt-v2,round_04_position_3_Cloud-RCS-FP16-Opt-v2,52,logits,1787650502730117034,1787650502763919971,33.802517000000002,2,2,2,,0
Node1,Cloud-RCS-FP16-Opt-v2,round_04_position_3_Cloud-RCS-FP16-Opt-v2,53,logits,1787650502763920501,1787650502797680375,33.759444000000002,2,2,2,,0
Node1,Cloud-RCS-FP16-Opt-v2,round_04_position_3_Cloud-RCS-FP16-Opt-v2,54,logits,1787650502797680905,1787650502831625651,33.944325999999997,2,2,2,,0
Node1,Cloud-RCS-FP16-Opt-v2,round_04_position_3_Cloud-RCS-FP16-Opt-v2,55,logits,1787650502831626171,1787650502865545996,33.919274999999999,2,2,2,,0
Node1,Cloud-RCS-FP16-Opt-v2,round_04_position_3_Cloud-RCS-FP16-Opt-v2,56,logits,1787650502865546546,1787650502898704543,33.157597000000003,2,2,2,,0
Node1,Cloud-RCS-FP16-Opt-v2,round_04_position_3_Cloud-RCS-FP16-Opt-v2,57,logits,1787650502898705073,1787650502930819975,32.114502000000002,2,2,2,,0
Node1,Cloud-RCS-FP16-Opt-v2,round_04_position_3_Cloud-RCS-FP16-Opt-v2,58,logits,1787650502930820495,1787650502963646922,32.826047000000003,2,2,2,,0
Node1,Cloud-RCS-FP16-Opt-v2,round_04_position_3_Cloud-RCS-FP16-Opt-v2,59,logits,1787650502963647442,1787650502994399309,30.751456999999998,2,2,2,,0
Node1,Cloud-RCS-FP16-Opt-v2,round_04_position_3_Cloud-RCS-FP16-Opt-v2,60,logits,1787650502994399839,1787650503026545634,32.145375000000001,2,2,2,,0
Node1,Cloud-RCS-FP16-Opt-v2,round_04_position_3_Cloud-RCS-FP16-Opt-v2,61,logits,1787650503026546134,1787650503058647195,32.100670999999998,2,2,2,,0
Node1,Cloud-RCS-FP16-Opt-v2,round_04_position_3_Cloud-RCS-FP16-Opt-v2,62,logits,1787650503058647735,1787650503090332241,31.684066000000001,2,2,2,,0
Node1,Cloud-RCS-FP16-Opt-v2,round_04_position_3_Cloud-RCS-FP16-Opt-v2,63,logits,1787650503090332781,1787650503122964946,32.631754999999998,2,2,2,,0
Node1,Cloud-RCS-FP16-Opt-v2,round_04_position_3_Cloud-RCS-FP16-Opt-v2,64,logits,1787650503122965466,1787650503154369834,31.403938,2,2,2,,0
Node1,Cloud-RCS-FP16-Opt-v2,round_04_position_3_Cloud-RCS-FP16-Opt-v2,65,logits,1787650503154370224,1787650503187158318,32.787683999999999,2,2,2,,0
Node1,Cloud-RCS-FP16-Opt-v2,round_04_position_3_Cloud-RCS-FP16-Opt-v2,66,logits,1787650503187158828,1787650503223702695,36.543467,2,2,2,,0
Node1,Cloud-RCS-FP16-Opt-v2,round_04_position_3_Cloud-RCS-FP16-Opt-v2,67,logits,1787650503223703476,1787650503255122205,31.418319,2,2,2,,0
Node1,Cloud-RCS-FP16-Opt-v2,round_04_position_3_Cloud-RCS-FP16-Opt-v2,68,logits,1787650503255122735,1787650503286404335,31.281189999999999,2,2,2,,0
Node1,Cloud-RCS-FP16-Opt-v2,round_04_position_3_Cloud-RCS-FP16-Opt-v2,69,logits,1787650503286404865,1787650503318577252,32.171967000000002,2,2,2,,0
Node1,Cloud-RCS-FP16-Opt-v2,round_04_position_3_Cloud-RCS-FP16-Opt-v2,70,logits,1787650503318577752,1787650503350218315,31.640073000000001,2,2,2,,0
Node1,Cloud-RCS-FP16-Opt-v2,round_04_position_3_Cloud-RCS-FP16-Opt-v2,71,logits,1787650503350218845,1787650503381378298,31.159053,2,2,2,,0
Node1,Cloud-RCS-FP16-Opt-v2,round_04_position_3_Cloud-RCS-FP16-Opt-v2,72,logits,1787650503381378808,1787650503412568523,31.189195000000002,2,2,2,,0
Node1,Cloud-RCS-FP16-Opt-v2,round_04_position_3_Cloud-RCS-FP16-Opt-v2,73,logits,1787650503412569043,1787650503444120191,31.550878000000001,2,2,2,,0
Node1,Cloud-RCS-FP16-Opt-v2,round_04_position_3_Cloud-RCS-FP16-Opt-v2,74,logits,1787650503444120571,1787650503475175347,31.054376000000001,2,2,2,,0
Node1,Cloud-RCS-FP16-Opt-v2,round_04_position_3_Cloud-RCS-FP16-Opt-v2,75,logits,1787650503475175737,1787650503507399076,32.222839,2,2,2,,0
Node1,Cloud-RCS-FP16-Opt-v2,round_04_position_3_Cloud-RCS-FP16-Opt-v2,76,logits,1787650503507399456,1787650503542377286,34.977440000000001,2,2,2,,0
Node1,Cloud-RCS-FP16-Opt-v2,round_04_position_3_Cloud-RCS-FP16-Opt-v2,77,logits,1787650503542377816,1787650503573275603,30.897397000000002,2,2,2,,0
Node1,Cloud-RCS-FP16-Opt-v2,round_04_position_3_Cloud-RCS-FP16-Opt-v2,78,logits,1787650503573276003,1787650503605726127,32.449654000000002,2,2,2,,0
Node1,Cloud-RCS-FP16-Opt-v2,round_04_position_3_Cloud-RCS-FP16-Opt-v2,79,logits,1787650503605726637,1787650503636492505,30.765388000000002,2,2,2,,0
Node1,Cloud-RCS-FP16-Opt-v2,round_04_position_3_Cloud-RCS-FP16-Opt-v2,80,logits,1787650503636492915,1787650503666880861,30.387556,2,2,2,,0
Node1,Cloud-RCS-FP16-Opt-v2,round_04_position_3_Cloud-RCS-FP16-Opt-v2,81,logits,1787650503666881261,1787650503697378403,30.496732000000002,2,2,2,,0
Node1,Cloud-RCS-FP16-Opt-v2,round_04_position_3_Cloud-RCS-FP16-Opt-v2,82,logits,1787650503697378993,1787650503728212266,30.832843,2,2,2,,0
Node1,Cloud-RCS-FP16-Opt-v2,round_04_position_3_Cloud-RCS-FP16-Opt-v2,83,logits,1787650503728212776,1787650503758883279,30.670093000000001,2,2,2,,0
Node1,Cloud-RCS-FP16-Opt-v2,round_04_position_3_Cloud-RCS-FP16-Opt-v2,84,logits,1787650503758883789,1787650503789999099,31.11505,2,2,2,,0
Node1,Cloud-RCS-FP16-Opt-v2,round_04_position_3_Cloud-RCS-FP16-Opt-v2,85,logits,1787650503789999629,1787650503819518141,29.518242000000001,2,2,2,,0
Node1,Cloud-RCS-FP16-Opt-v2,round_04_position_3_Cloud-RCS-FP16-Opt-v2,86,logits,1787650503819518411,1787650503850113509,30.594688000000001,2,2,2,,0
Node1,Cloud-RCS-FP16-Opt-v2,round_04_position_3_Cloud-RCS-FP16-Opt-v2,87,logits,1787650503850113929,1787650503881982166,31.867697,2,2,2,,0
Node1,Cloud-RCS-FP16-Opt-v2,round_04_position_3_Cloud-RCS-FP16-Opt-v2,88,logits,1787650503881982566,1787650503914154702,32.171745999999999,2,2,2,,0
Node1,Cloud-RCS-FP16-Opt-v2,round_04_position_3_Cloud-RCS-FP16-Opt-v2,89,logits,1787650503914155252,1787650503947569965,33.414262999999998,2,2,2,,0
Node1,Cloud-RCS-FP16-Opt-v2,round_04_position_3_Cloud-RCS-FP16-Opt-v2,90,logits,1787650503947570485,1787650503978996275,31.425380000000001,2,2,2,,0
Node1,Cloud-RCS-FP16-Opt-v2,round_04_position_3_Cloud-RCS-FP16-Opt-v2,91,logits,1787650503978996815,1787650504013197067,34.199862000000003,2,2,2,,0
Node1,Cloud-RCS-FP16-Opt-v2,round_04_position_3_Cloud-RCS-FP16-Opt-v2,92,logits,1787650504013197607,1787650504047999006,34.800389000000003,2,2,2,,0
Node1,Cloud-RCS-FP16-Opt-v2,round_04_position_3_Cloud-RCS-FP16-Opt-v2,93,logits,1787650504047999706,1787650504082356628,34.356402000000003,2,2,2,,0
Node1,Cloud-RCS-FP16-Opt-v2,round_04_position_3_Cloud-RCS-FP16-Opt-v2,94,logits,1787650504082357288,1787650504114904137,32.546429000000003,2,2,2,,0
Node1,Cloud-RCS-FP16-Opt-v2,round_04_position_3_Cloud-RCS-FP16-Opt-v2,95,logits,1787650504114904657,1787650504146153666,31.248608999999998,2,2,2,,0
Node1,Cloud-RCS-FP16-Opt-v2,round_04_position_3_Cloud-RCS-FP16-Opt-v2,96,logits,1787650504146154216,1787650504178663523,32.508916999999997,2,2,2,,0
Node1,Cloud-RCS-FP16-Opt-v2,round_04_position_3_Cloud-RCS-FP16-Opt-v2,97,logits,1787650504178664033,1787650504210513749,31.849326000000001,2,2,2,,0
Node1,Cloud-RCS-FP16-Opt-v2,round_04_position_3_Cloud-RCS-FP16-Opt-v2,98,logits,1787650504210514259,1787650504241863204,31.348524999999999,2,2,2,,0
Node1,Cloud-RCS-FP16-Opt-v2,round_04_position_3_Cloud-RCS-FP16-Opt-v2,99,logits,1787650504241863724,1787650504274236703,32.372588999999998,2,2,2,,0
Node1,Cloud-RCS-FP16-Opt-v2,round_04_position_3_Cloud-RCS-FP16-Opt-v2,100,logits,1787650504274237203,1787650504306089869,31.852136000000002,2,2,2,,0
Node1,Cloud-RCS-FP16-Opt-v2,round_04_position_3_Cloud-RCS-FP16-Opt-v2,101,logits,1787650504306090379,1787650504338263705,32.172916000000001,2,2,2,,0
Node1,Cloud-RCS-FP16-Opt-v2,round_04_position_3_Cloud-RCS-FP16-Opt-v2,102,logits,1787650504338264235,1787650504369924930,31.660274999999999,2,2,2,,0
Node1,Cloud-RCS-FP16-Opt-v2,round_04_position_3_Cloud-RCS-FP16-Opt-v2,103,logits,1787650504369925450,1787650504401751685,31.825775,2,2,2,,0
Node1,Cloud-RCS-FP16-Opt-v2,round_04_position_3_Cloud-RCS-FP16-Opt-v2,104,logits,1787650504401752425,1787650504433302412,31.549586999999999,2,2,2,,0
Node1,Cloud-RCS-FP16-Opt-v2,round_04_position_3_Cloud-RCS-FP16-Opt-v2,105,logits,1787650504433302953,1787650504466600378,33.297015000000002,2,2,2,,0
Node1,Cloud-RCS-FP16-Opt-v2,round_04_position_3_Cloud-RCS-FP16-Opt-v2,106,logits,1787650504466600918,1787650504498535990,31.934472,2,2,2,,0
Node1,Cloud-RCS-FP16-Opt-v2,round_04_position_3_Cloud-RCS-FP16-Opt-v2,107,logits,1787650504498536620,1787650504542147176,43.609946000000001,2,2,2,,0
Node1,Cloud-RCS-FP16-Opt-v2,round_04_position_3_Cloud-RCS-FP16-Opt-v2,108,logits,1787650504542147706,1787650504575799294,33.651198000000001,2,2,2,,0
Node1,Cloud-RCS-FP16-Opt-v2,round_04_position_3_Cloud-RCS-FP16-Opt-v2,109,logits,1787650504575799894,1787650504608406427,32.606122999999997,2,2,2,,0
Node1,Cloud-RCS-FP16-Opt-v2,round_04_position_3_Cloud-RCS-FP16-Opt-v2,110,logits,1787650504608407257,1787650504640292325,31.884678000000001,2,2,2,,0
Node1,Cloud-RCS-FP16-Opt-v2,round_04_position_3_Cloud-RCS-FP16-Opt-v2,111,logits,1787650504640292825,1787650504672565978,32.272742999999998,2,2,2,,0
Node1,Cloud-RCS-FP16-Opt-v2,round_04_position_3_Cloud-RCS-FP16-Opt-v2,112,logits,1787650504672566538,1787650504704219842,31.652794,2,2,2,,0
Node1,Cloud-RCS-FP16-Opt-v2,round_04_position_3_Cloud-RCS-FP16-Opt-v2,113,logits,1787650504704220392,1787650504740625950,36.405138000000001,2,2,2,,0
Node1,Cloud-RCS-FP16-Opt-v2,round_04_position_3_Cloud-RCS-FP16-Opt-v2,114,logits,1787650504740626480,1787650504775410099,34.783208999999999,2,2,2,,0
Node1,Cloud-RCS-FP16-Opt-v2,round_04_position_3_Cloud-RCS-FP16-Opt-v2,115,logits,1787650504775410899,1787650504810186637,34.775328000000002,2,2,2,,0
Node1,Cloud-RCS-FP16-Opt-v2,round_04_position_3_Cloud-RCS-FP16-Opt-v2,116,logits,1787650504810187167,1787650504843593399,33.405802000000001,2,2,2,,0
Node1,Cloud-RCS-FP16-Opt-v2,round_04_position_3_Cloud-RCS-FP16-Opt-v2,117,logits,1787650504843594109,1787650504876076865,32.482205999999998,2,2,2,,0
Node1,Cloud-RCS-FP16-Opt-v2,round_04_position_3_Cloud-RCS-FP16-Opt-v2,118,logits,1787650504876077425,1787650504909346719,33.268684,2,2,2,,0
Node1,Cloud-RCS-FP16-Opt-v2,round_04_position_3_Cloud-RCS-FP16-Opt-v2,119,logits,1787650504909347519,1787650504941372866,32.024797,2,2,2,,0
Node1,Cloud-RCS-FP16-Opt-v2,round_04_position_3_Cloud-RCS-FP16-Opt-v2,120,logits,1787650504941373456,1787650504973828250,32.454383999999997,2,2,2,,0
Node1,Cloud-RCS-FP16-Opt-v2,round_04_position_3_Cloud-RCS-FP16-Opt-v2,121,logits,1787650504973828760,1787650505006459264,32.630063999999997,2,2,2,,0
Node1,Cloud-RCS-FP16-Opt-v2,round_04_position_3_Cloud-RCS-FP16-Opt-v2,122,logits,1787650505006459794,1787650505037764837,31.304642999999999,2,2,2,,0
Node1,Cloud-RCS-FP16-Opt-v2,round_04_position_3_Cloud-RCS-FP16-Opt-v2,123,logits,1787650505037765357,1787650505071791198,34.025430999999998,2,2,2,,0
Node1,Cloud-RCS-FP16-Opt-v2,round_04_position_3_Cloud-RCS-FP16-Opt-v2,124,logits,1787650505071791748,1787650505103393219,31.601040999999999,2,2,2,,0
Node1,Cloud-RCS-FP16-Opt-v2,round_04_position_3_Cloud-RCS-FP16-Opt-v2,125,logits,1787650505103393879,1787650505135638960,32.244601000000003,2,2,2,,0
Node1,Cloud-RCS-FP16-Opt-v2,round_04_position_3_Cloud-RCS-FP16-Opt-v2,126,logits,1787650505135639480,1787650505167875980,32.236089999999997,2,2,2,,0
Node1,Cloud-RCS-FP16-Opt-v2,round_04_position_3_Cloud-RCS-FP16-Opt-v2,127,logits,1787650505167876560,1787650505199879156,32.001806000000002,2,2,2,,0
Node1,Cloud-RCS-FP16-Opt-v2,round_04_position_3_Cloud-RCS-FP16-Opt-v2,128,logits,1787650505199879686,1787650505231582583,31.702507000000001,2,2,2,,0
Node1,Cloud-RCS-FP16-Opt-v2,round_04_position_3_Cloud-RCS-FP16-Opt-v2,129,logits,1787650505231583093,1787650505263500694,31.917171,2,2,2,,0
Node1,Cloud-RCS-FP16-Opt-v2,round_04_position_3_Cloud-RCS-FP16-Opt-v2,130,logits,1787650505263501214,1787650505295883703,32.382078999999997,2,2,2,,0
Node1,Cloud-RCS-FP16-Opt-v2,round_04_position_3_Cloud-RCS-FP16-Opt-v2,131,logits,1787650505295884233,1787650505328563481,32.678837999999999,2,2,2,,0
Node1,Cloud-RCS-FP16-Opt-v2,round_04_position_3_Cloud-RCS-FP16-Opt-v2,132,logits,1787650505328563981,1787650505361008424,32.444023000000001,2,2,2,,0
Node1,Cloud-RCS-FP16-Opt-v2,round_04_position_3_Cloud-RCS-FP16-Opt-v2,133,logits,1787650505361008984,1787650505392563052,31.553508000000001,2,2,2,,0
Node1,Cloud-RCS-FP16-Opt-v2,round_04_position_3_Cloud-RCS-FP16-Opt-v2,134,logits,1787650505392563852,1787650505425636234,33.071981999999998,2,2,2,,0
Node1,Cloud-RCS-FP16-Opt-v2,round_04_position_3_Cloud-RCS-FP16-Opt-v2,135,logits,1787650505425636754,1787650505458561257,32.924083000000003,2,2,2,,0
Node1,Cloud-RCS-FP16-Opt-v2,round_04_position_3_Cloud-RCS-FP16-Opt-v2,136,logits,1787650505458561987,1787650505491844913,33.282446,2,2,2,,0
Node1,Cloud-RCS-FP16-Opt-v2,round_04_position_3_Cloud-RCS-FP16-Opt-v2,137,logits,1787650505491845453,1787650505529189540,37.343696999999999,2,2,2,,0
Node1,Cloud-RCS-FP16-Opt-v2,round_04_position_3_Cloud-RCS-FP16-Opt-v2,138,logits,1787650505529190070,1787650505566961404,37.770744000000001,2,2,2,,0
Node1,Cloud-RCS-FP16-Opt-v2,round_04_position_3_Cloud-RCS-FP16-Opt-v2,139,logits,1787650505566962074,1787650505605913701,38.951087000000001,2,2,2,,0
Node1,Cloud-RCS-FP16-Opt-v2,round_04_position_3_Cloud-RCS-FP16-Opt-v2,140,logits,1787650505605914251,1787650505640952445,35.037744000000004,2,2,2,,0
Node1,Cloud-RCS-FP16-Opt-v2,round_04_position_3_Cloud-RCS-FP16-Opt-v2,141,logits,1787650505640952995,1787650505675493108,34.539603,2,2,2,,0
Node1,Cloud-RCS-FP16-Opt-v2,round_04_position_3_Cloud-RCS-FP16-Opt-v2,142,logits,1787650505675493628,1787650505710485549,34.991430999999999,2,2,2,,0
Node1,Cloud-RCS-FP16-Opt-v2,round_04_position_3_Cloud-RCS-FP16-Opt-v2,143,logits,1787650505710486380,1787650505745858435,35.371645000000001,2,2,2,,0
Node1,Cloud-RCS-FP16-Opt-v2,round_04_position_3_Cloud-RCS-FP16-Opt-v2,144,logits,1787650505745858835,1787650505781305524,35.446139000000002,2,2,2,,0
Node1,Cloud-RCS-FP16-Opt-v2,round_04_position_3_Cloud-RCS-FP16-Opt-v2,145,logits,1787650505781306134,1787650505815832856,34.526311999999997,2,2,2,,0
Node1,Cloud-RCS-FP16-Opt-v2,round_04_position_3_Cloud-RCS-FP16-Opt-v2,146,logits,1787650505815833486,1787650505850310105,34.476069000000003,2,2,2,,0
Node1,Cloud-RCS-FP16-Opt-v2,round_04_position_3_Cloud-RCS-FP16-Opt-v2,147,logits,1787650505850310855,1787650505887099638,36.788083,2,2,2,,0
Node1,Cloud-RCS-FP16-Opt-v2,round_04_position_3_Cloud-RCS-FP16-Opt-v2,148,logits,1787650505887100199,1787650505927219908,40.119159000000003,2,2,2,,0
Node1,Cloud-RCS-FP16-Opt-v2,round_04_position_3_Cloud-RCS-FP16-Opt-v2,149,logits,1787650505927220488,1787650505964085766,36.864587999999998,2,2,2,,0
Node1,Cloud-RCS-FP16-Opt-v2,round_04_position_3_Cloud-RCS-FP16-Opt-v2,150,logits,1787650505964086476,1787650506001318226,37.231209999999997,2,2,2,,0
Node1,Cloud-RCS-FP16-Opt-v2,round_04_position_3_Cloud-RCS-FP16-Opt-v2,151,logits,1787650506001318776,1787650506036379331,35.060144999999999,2,2,2,,0
Node1,Cloud-RCS-FP16-Opt-v2,round_04_position_3_Cloud-RCS-FP16-Opt-v2,152,logits,1787650506036379861,1787650506070539681,34.159379999999999,2,2,2,,0
Node1,Cloud-RCS-FP16-Opt-v2,round_04_position_3_Cloud-RCS-FP16-Opt-v2,153,logits,1787650506070540221,1787650506105127848,34.587226999999999,2,2,2,,0
Node1,Cloud-RCS-FP16-Opt-v2,round_04_position_3_Cloud-RCS-FP16-Opt-v2,154,logits,1787650506105128388,1787650506139010310,33.881222000000001,2,2,2,,0
Node1,Cloud-RCS-FP16-Opt-v2,round_04_position_3_Cloud-RCS-FP16-Opt-v2,155,logits,1787650506139010900,1787650506173092705,34.081004999999998,2,2,2,,0
Node1,Cloud-RCS-FP16-Opt-v2,round_04_position_3_Cloud-RCS-FP16-Opt-v2,156,logits,1787650506173093225,1787650506206632646,33.539000999999999,2,2,2,,0
Node1,Cloud-RCS-FP16-Opt-v2,round_04_position_3_Cloud-RCS-FP16-Opt-v2,157,logits,1787650506206633186,1787650506241457467,34.823900999999999,2,2,2,,0
Node1,Cloud-RCS-FP16-Opt-v2,round_04_position_3_Cloud-RCS-FP16-Opt-v2,158,logits,1787650506241458257,1787650506275240464,33.781717,2,2,2,,0
Node1,Cloud-RCS-FP16-Opt-v2,round_04_position_3_Cloud-RCS-FP16-Opt-v2,159,logits,1787650506275240974,1787650506307981106,32.739590999999997,2,2,2,,0
Node1,Cloud-RCS-FP16-Opt-v2,round_04_position_3_Cloud-RCS-FP16-Opt-v2,160,logits,1787650506307981666,1787650506340899488,32.917211999999999,2,2,2,,0
Node1,Cloud-RCS-FP16-Opt-v2,round_04_position_3_Cloud-RCS-FP16-Opt-v2,161,logits,1787650506340900268,1787650506374303631,33.402833000000001,2,2,2,,0
Node1,Cloud-RCS-FP16-Opt-v2,round_04_position_3_Cloud-RCS-FP16-Opt-v2,162,logits,1787650506374304021,1787650506407856203,33.551782000000003,2,2,2,,0
Node1,Cloud-RCS-FP16-Opt-v2,round_04_position_3_Cloud-RCS-FP16-Opt-v2,163,logits,1787650506407856783,1787650506440600755,32.743152000000002,2,2,2,,0
Node1,Cloud-RCS-FP16-Opt-v2,round_04_position_3_Cloud-RCS-FP16-Opt-v2,164,logits,1787650506440601365,1787650506472401239,31.799374,2,2,2,,0
Node1,Cloud-RCS-FP16-Opt-v2,round_04_position_3_Cloud-RCS-FP16-Opt-v2,165,logits,1787650506472401769,1787650506505206785,32.804375999999998,2,2,2,,0
Node1,Cloud-RCS-FP16-Opt-v2,round_04_position_3_Cloud-RCS-FP16-Opt-v2,166,logits,1787650506505207305,1787650506537860901,32.653106000000001,2,2,2,,0
Node1,Cloud-RCS-FP16-Opt-v2,round_04_position_3_Cloud-RCS-FP16-Opt-v2,167,logits,1787650506537861411,1787650506570622174,32.760373000000001,2,2,2,,0
Node1,Cloud-RCS-FP16-Opt-v2,round_04_position_3_Cloud-RCS-FP16-Opt-v2,168,logits,1787650506570622724,1787650506607264767,36.641632999999999,2,2,2,,0
Node1,Cloud-RCS-FP16-Opt-v2,round_04_position_3_Cloud-RCS-FP16-Opt-v2,169,logits,1787650506607265307,1787650506640333830,33.068092999999998,2,2,2,,0
Node1,Cloud-RCS-FP16-Opt-v2,round_04_position_3_Cloud-RCS-FP16-Opt-v2,170,logits,1787650506640334330,1787650506672980725,32.645555000000002,2,2,2,,0
Node1,Cloud-RCS-FP16-Opt-v2,round_04_position_3_Cloud-RCS-FP16-Opt-v2,171,logits,1787650506672981126,1787650506705578068,32.596552000000003,2,2,2,,0
Node1,Cloud-RCS-FP16-Opt-v2,round_04_position_3_Cloud-RCS-FP16-Opt-v2,172,logits,1787650506705578658,1787650506738040173,32.461084999999997,2,2,2,,0
Node1,Cloud-RCS-FP16-Opt-v2,round_04_position_3_Cloud-RCS-FP16-Opt-v2,173,logits,1787650506738040683,1787650506770685169,32.643965999999999,2,2,2,,0
Node1,Cloud-RCS-FP16-Opt-v2,round_04_position_3_Cloud-RCS-FP16-Opt-v2,174,logits,1787650506770685679,1787650506802573477,31.887128000000001,2,2,2,,0
Node1,Cloud-RCS-FP16-Opt-v2,round_04_position_3_Cloud-RCS-FP16-Opt-v2,175,logits,1787650506802574028,1787650506835401835,32.826847000000001,2,2,2,,0
Node1,Cloud-RCS-FP16-Opt-v2,round_04_position_3_Cloud-RCS-FP16-Opt-v2,176,logits,1787650506835402345,1787650506865866545,30.463629999999998,2,2,2,,0
Node1,Cloud-RCS-FP16-Opt-v2,round_04_position_3_Cloud-RCS-FP16-Opt-v2,177,logits,1787650506865867075,1787650506897996119,32.128613999999999,2,2,2,,0
Node1,Cloud-RCS-FP16-Opt-v2,round_04_position_3_Cloud-RCS-FP16-Opt-v2,178,logits,1787650506897996659,1787650506933673513,35.676414000000001,2,2,2,,0
Node1,Cloud-RCS-FP16-Opt-v2,round_04_position_3_Cloud-RCS-FP16-Opt-v2,179,logits,1787650506933674393,1787650506964934553,31.25976,2,2,2,,0
Node1,Cloud-RCS-FP16-Opt-v2,round_04_position_3_Cloud-RCS-FP16-Opt-v2,180,logits,1787650506964934973,1787650506995491569,30.556186,2,2,2,,0
Node1,Cloud-RCS-FP16-Opt-v2,round_04_position_3_Cloud-RCS-FP16-Opt-v2,181,logits,1787650506995491959,1787650507026679215,31.186865999999998,2,2,2,,0
Node1,Cloud-RCS-FP16-Opt-v2,round_04_position_3_Cloud-RCS-FP16-Opt-v2,182,logits,1787650507026679625,1787650507057560411,30.880506,2,2,2,,0
Node1,Cloud-RCS-FP16-Opt-v2,round_04_position_3_Cloud-RCS-FP16-Opt-v2,183,logits,1787650507057560931,1787650507088745246,31.183924999999999,2,2,2,,0
Node1,Cloud-RCS-FP16-Opt-v2,round_04_position_3_Cloud-RCS-FP16-Opt-v2,184,logits,1787650507088745636,1787650507119567519,30.821493,2,2,2,,0
Node1,Cloud-RCS-FP16-Opt-v2,round_04_position_3_Cloud-RCS-FP16-Opt-v2,185,logits,1787650507119568029,1787650507150521960,30.953531000000002,2,2,2,,0
Node1,Cloud-RCS-FP16-Opt-v2,round_04_position_3_Cloud-RCS-FP16-Opt-v2,186,logits,1787650507150522360,1787650507181531865,31.009125000000001,2,2,2,,0
Node1,Cloud-RCS-FP16-Opt-v2,round_04_position_3_Cloud-RCS-FP16-Opt-v2,187,logits,1787650507181532395,1787650507211805533,30.272728000000001,2,2,2,,0
Node1,Cloud-RCS-FP16-Opt-v2,round_04_position_3_Cloud-RCS-FP16-Opt-v2,188,logits,1787650507211805783,1787650507243063903,31.257709999999999,2,2,2,,0
Node1,Cloud-RCS-FP16-Opt-v2,round_04_position_3_Cloud-RCS-FP16-Opt-v2,189,logits,1787650507243064303,1787650507273874265,30.809552,2,2,2,,0
Node1,Cloud-RCS-FP16-Opt-v2,round_04_position_3_Cloud-RCS-FP16-Opt-v2,190,logits,1787650507273874655,1787650507317624860,43.749825000000001,2,2,2,,0
Node1,Cloud-RCS-FP16-Opt-v2,round_04_position_3_Cloud-RCS-FP16-Opt-v2,191,logits,1787650507317625370,1787650507349765235,32.139465000000001,2,2,2,,0
Node1,Cloud-RCS-FP16-Opt-v2,round_04_position_3_Cloud-RCS-FP16-Opt-v2,192,logits,1787650507349765745,1787650507380785420,31.019275,2,2,2,,0
Node1,Cloud-RCS-FP16-Opt-v2,round_04_position_3_Cloud-RCS-FP16-Opt-v2,193,logits,1787650507380786300,1787650507412941066,32.154496000000002,2,2,2,,0
Node1,Cloud-RCS-FP16-Opt-v2,round_04_position_3_Cloud-RCS-FP16-Opt-v2,194,logits,1787650507412941566,1787650507443646501,30.704535,2,2,2,,0
Node1,Cloud-RCS-FP16-Opt-v2,round_04_position_3_Cloud-RCS-FP16-Opt-v2,195,logits,1787650507443646751,1787650507475221130,31.573989000000001,2,2,2,,0
Node1,Cloud-RCS-FP16-Opt-v2,round_04_position_3_Cloud-RCS-FP16-Opt-v2,196,logits,1787650507475221380,1787650507505772117,30.550346999999999,2,2,2,,0
Node1,Cloud-RCS-FP16-Opt-v2,round_04_position_3_Cloud-RCS-FP16-Opt-v2,197,logits,1787650507505772617,1787650507535788999,30.015851999999999,2,2,2,,0
Node1,Cloud-RCS-FP16-Opt-v2,round_04_position_3_Cloud-RCS-FP16-Opt-v2,198,logits,1787650507535789249,1787650507567269763,31.480063999999999,2,2,2,,0
Node1,Cloud-RCS-FP16-Opt-v2,round_04_position_3_Cloud-RCS-FP16-Opt-v2,199,logits,1787650507567270133,1787650507598197542,30.927139,2,2,2,,0
Node1,Cloud-RCS-FP16-Opt-v2,round_05_position_1_Cloud-RCS-FP16-Opt-v2,0,logits,1787650533649543621,1787650533682089665,32.545603999999997,2,2,2,,0
Node1,Cloud-RCS-FP16-Opt-v2,round_05_position_1_Cloud-RCS-FP16-Opt-v2,1,logits,1787650533682090255,1787650533715638040,33.547395000000002,2,2,2,,0
Node1,Cloud-RCS-FP16-Opt-v2,round_05_position_1_Cloud-RCS-FP16-Opt-v2,2,logits,1787650533715638601,1787650533747646241,32.00723,2,2,2,,0
Node1,Cloud-RCS-FP16-Opt-v2,round_05_position_1_Cloud-RCS-FP16-Opt-v2,3,logits,1787650533747646761,1787650533780700686,33.053525,2,2,2,,0
Node1,Cloud-RCS-FP16-Opt-v2,round_05_position_1_Cloud-RCS-FP16-Opt-v2,4,logits,1787650533780701216,1787650533813231648,32.530031999999999,2,2,2,,0
Node1,Cloud-RCS-FP16-Opt-v2,round_05_position_1_Cloud-RCS-FP16-Opt-v2,5,logits,1787650533813232188,1787650533846332586,33.099988000000003,2,2,2,,0
Node1,Cloud-RCS-FP16-Opt-v2,round_05_position_1_Cloud-RCS-FP16-Opt-v2,6,logits,1787650533846333106,1787650533879611695,33.278179000000002,2,2,2,,0
Node1,Cloud-RCS-FP16-Opt-v2,round_05_position_1_Cloud-RCS-FP16-Opt-v2,7,logits,1787650533879612245,1787650533912800879,33.187843999999998,2,2,2,,0
Node1,Cloud-RCS-FP16-Opt-v2,round_05_position_1_Cloud-RCS-FP16-Opt-v2,8,logits,1787650533912801289,1787650533945944230,33.142541000000001,2,2,2,,0
Node1,Cloud-RCS-FP16-Opt-v2,round_05_position_1_Cloud-RCS-FP16-Opt-v2,9,logits,1787650533945944770,1787650533979627384,33.682203999999999,2,2,2,,0
Node1,Cloud-RCS-FP16-Opt-v2,round_05_position_1_Cloud-RCS-FP16-Opt-v2,10,logits,1787650533979627924,1787650534011645895,32.017460999999997,2,2,2,,0
Node1,Cloud-RCS-FP16-Opt-v2,round_05_position_1_Cloud-RCS-FP16-Opt-v2,11,logits,1787650534011646435,1787650534043453992,31.807137000000001,2,2,2,,0
Node1,Cloud-RCS-FP16-Opt-v2,round_05_position_1_Cloud-RCS-FP16-Opt-v2,12,logits,1787650534043454392,1787650534076488687,33.033895000000001,2,2,2,,0
Node1,Cloud-RCS-FP16-Opt-v2,round_05_position_1_Cloud-RCS-FP16-Opt-v2,13,logits,1787650534076489367,1787650534109583374,33.093426999999998,2,2,2,,0
Node1,Cloud-RCS-FP16-Opt-v2,round_05_position_1_Cloud-RCS-FP16-Opt-v2,14,logits,1787650534109583794,1787650534141868992,32.284798000000002,2,2,2,,0
Node1,Cloud-RCS-FP16-Opt-v2,round_05_position_1_Cloud-RCS-FP16-Opt-v2,15,logits,1787650534141869502,1787650534174168620,32.298687999999999,2,2,2,,0
Node1,Cloud-RCS-FP16-Opt-v2,round_05_position_1_Cloud-RCS-FP16-Opt-v2,16,logits,1787650534174169120,1787650534208347515,34.177835000000002,2,2,2,,0
Node1,Cloud-RCS-FP16-Opt-v2,round_05_position_1_Cloud-RCS-FP16-Opt-v2,17,logits,1787650534208347945,1787650534238978020,30.629375,2,2,2,,0
Node1,Cloud-RCS-FP16-Opt-v2,round_05_position_1_Cloud-RCS-FP16-Opt-v2,18,logits,1787650534238978550,1787650534269816517,30.837236999999998,2,2,2,,0
Node1,Cloud-RCS-FP16-Opt-v2,round_05_position_1_Cloud-RCS-FP16-Opt-v2,19,logits,1787650534269817027,1787650534300705588,30.888161,2,2,2,,0
Node1,Cloud-RCS-FP16-Opt-v2,round_05_position_1_Cloud-RCS-FP16-Opt-v2,20,logits,1787650534300706118,1787650534331720046,31.013528000000001,2,2,2,,0
Node1,Cloud-RCS-FP16-Opt-v2,round_05_position_1_Cloud-RCS-FP16-Opt-v2,21,logits,1787650534331720566,1787650534362638179,30.917193000000001,2,2,2,,0
Node1,Cloud-RCS-FP16-Opt-v2,round_05_position_1_Cloud-RCS-FP16-Opt-v2,22,logits,1787650534362638679,1787650534394095115,31.456036000000001,2,2,2,,0
Node1,Cloud-RCS-FP16-Opt-v2,round_05_position_1_Cloud-RCS-FP16-Opt-v2,23,logits,1787650534394095635,1787650534425018857,30.922802000000001,2,2,2,,0
Node1,Cloud-RCS-FP16-Opt-v2,round_05_position_1_Cloud-RCS-FP16-Opt-v2,24,logits,1787650534425019397,1787650534455812022,30.792104999999999,2,2,2,,0
Node1,Cloud-RCS-FP16-Opt-v2,round_05_position_1_Cloud-RCS-FP16-Opt-v2,25,logits,1787650534455812592,1787650534486890755,31.077742000000001,2,2,2,,0
Node1,Cloud-RCS-FP16-Opt-v2,round_05_position_1_Cloud-RCS-FP16-Opt-v2,26,logits,1787650534486891275,1787650534517802116,30.910321,2,2,2,,0
Node1,Cloud-RCS-FP16-Opt-v2,round_05_position_1_Cloud-RCS-FP16-Opt-v2,27,logits,1787650534517802526,1787650534548781283,30.978356999999999,2,2,2,,0
Node1,Cloud-RCS-FP16-Opt-v2,round_05_position_1_Cloud-RCS-FP16-Opt-v2,28,logits,1787650534548781813,1787650534581978067,33.195734000000002,2,2,2,,0
Node1,Cloud-RCS-FP16-Opt-v2,round_05_position_1_Cloud-RCS-FP16-Opt-v2,29,logits,1787650534581978657,1787650534616671324,34.692236999999999,2,2,2,,0
Node1,Cloud-RCS-FP16-Opt-v2,round_05_position_1_Cloud-RCS-FP16-Opt-v2,30,logits,1787650534616671834,1787650534652690154,36.017910000000001,2,2,2,,0
Node1,Cloud-RCS-FP16-Opt-v2,round_05_position_1_Cloud-RCS-FP16-Opt-v2,31,logits,1787650534652690684,1787650534687234852,34.543618000000002,2,2,2,,0
Node1,Cloud-RCS-FP16-Opt-v2,round_05_position_1_Cloud-RCS-FP16-Opt-v2,32,logits,1787650534687235262,1787650534723991537,36.755845000000001,2,2,2,,0
Node1,Cloud-RCS-FP16-Opt-v2,round_05_position_1_Cloud-RCS-FP16-Opt-v2,33,logits,1787650534723991957,1787650534761953407,37.961039999999997,2,2,2,,0
Node1,Cloud-RCS-FP16-Opt-v2,round_05_position_1_Cloud-RCS-FP16-Opt-v2,34,logits,1787650534761953918,1787650534798434106,36.479778000000003,2,2,2,,0
Node1,Cloud-RCS-FP16-Opt-v2,round_05_position_1_Cloud-RCS-FP16-Opt-v2,35,logits,1787650534798434686,1787650534843094913,44.659816999999997,2,2,2,,0
Node1,Cloud-RCS-FP16-Opt-v2,round_05_position_1_Cloud-RCS-FP16-Opt-v2,36,logits,1787650534843095433,1787650534876998191,33.902368000000003,2,2,2,,0
Node1,Cloud-RCS-FP16-Opt-v2,round_05_position_1_Cloud-RCS-FP16-Opt-v2,37,logits,1787650534876998701,1787650534909419357,32.420105999999997,2,2,2,,0
Node1,Cloud-RCS-FP16-Opt-v2,round_05_position_1_Cloud-RCS-FP16-Opt-v2,38,logits,1787650534909419897,1787650534941080505,31.660157999999999,2,2,2,,0
Node1,Cloud-RCS-FP16-Opt-v2,round_05_position_1_Cloud-RCS-FP16-Opt-v2,39,logits,1787650534941081325,1787650534975698078,34.616312999999998,2,2,2,,0
Node1,Cloud-RCS-FP16-Opt-v2,round_05_position_1_Cloud-RCS-FP16-Opt-v2,40,logits,1787650534975698628,1787650535008622035,32.922947000000001,2,2,2,,0
Node1,Cloud-RCS-FP16-Opt-v2,round_05_position_1_Cloud-RCS-FP16-Opt-v2,41,logits,1787650535008622595,1787650535043213156,34.590141000000003,2,2,2,,0
Node1,Cloud-RCS-FP16-Opt-v2,round_05_position_1_Cloud-RCS-FP16-Opt-v2,42,logits,1787650535043213676,1787650535078306948,35.092861999999997,2,2,2,,0
Node1,Cloud-RCS-FP16-Opt-v2,round_05_position_1_Cloud-RCS-FP16-Opt-v2,43,logits,1787650535078307478,1787650535112061307,33.753149000000001,2,2,2,,0
Node1,Cloud-RCS-FP16-Opt-v2,round_05_position_1_Cloud-RCS-FP16-Opt-v2,44,logits,1787650535112061837,1787650535148251157,36.188510000000001,2,2,2,,0
Node1,Cloud-RCS-FP16-Opt-v2,round_05_position_1_Cloud-RCS-FP16-Opt-v2,45,logits,1787650535148251657,1787650535181541327,33.289279999999998,2,2,2,,0
Node1,Cloud-RCS-FP16-Opt-v2,round_05_position_1_Cloud-RCS-FP16-Opt-v2,46,logits,1787650535181541717,1787650535214574181,33.032074000000001,2,2,2,,0
Node1,Cloud-RCS-FP16-Opt-v2,round_05_position_1_Cloud-RCS-FP16-Opt-v2,47,logits,1787650535214574681,1787650535246665547,32.090296000000002,2,2,2,,0
Node1,Cloud-RCS-FP16-Opt-v2,round_05_position_1_Cloud-RCS-FP16-Opt-v2,48,logits,1787650535246666007,1787650535279466077,32.79965,2,2,2,,0
Node1,Cloud-RCS-FP16-Opt-v2,round_05_position_1_Cloud-RCS-FP16-Opt-v2,49,logits,1787650535279466587,1787650535312254845,32.787858,2,2,2,,0
Node1,Cloud-RCS-FP16-Opt-v2,round_05_position_1_Cloud-RCS-FP16-Opt-v2,50,logits,1787650535312255416,1787650535345058595,32.802788999999997,2,2,2,,0
Node1,Cloud-RCS-FP16-Opt-v2,round_05_position_1_Cloud-RCS-FP16-Opt-v2,51,logits,1787650535345059135,1787650535377487372,32.427827000000001,2,2,2,,0
Node1,Cloud-RCS-FP16-Opt-v2,round_05_position_1_Cloud-RCS-FP16-Opt-v2,52,logits,1787650535377487922,1787650535410017935,32.529452999999997,2,2,2,,0
Node1,Cloud-RCS-FP16-Opt-v2,round_05_position_1_Cloud-RCS-FP16-Opt-v2,53,logits,1787650535410018465,1787650535442625972,32.607117000000002,2,2,2,,0
Node1,Cloud-RCS-FP16-Opt-v2,round_05_position_1_Cloud-RCS-FP16-Opt-v2,54,logits,1787650535442626482,1787650535474875198,32.248294999999999,2,2,2,,0
Node1,Cloud-RCS-FP16-Opt-v2,round_05_position_1_Cloud-RCS-FP16-Opt-v2,55,logits,1787650535474875738,1787650535508122365,33.246206999999998,2,2,2,,0
Node1,Cloud-RCS-FP16-Opt-v2,round_05_position_1_Cloud-RCS-FP16-Opt-v2,56,logits,1787650535508122905,1787650535542765299,34.641984000000001,2,2,2,,0
Node1,Cloud-RCS-FP16-Opt-v2,round_05_position_1_Cloud-RCS-FP16-Opt-v2,57,logits,1787650535542765809,1787650535578411396,35.644976999999997,2,2,2,,0
Node1,Cloud-RCS-FP16-Opt-v2,round_05_position_1_Cloud-RCS-FP16-Opt-v2,58,logits,1787650535578411946,1787650535613548861,35.135475,2,2,2,,0
Node1,Cloud-RCS-FP16-Opt-v2,round_05_position_1_Cloud-RCS-FP16-Opt-v2,59,logits,1787650535613549391,1787650535646151018,32.601216999999998,2,2,2,,0
Node1,Cloud-RCS-FP16-Opt-v2,round_05_position_1_Cloud-RCS-FP16-Opt-v2,60,logits,1787650535646151518,1787650535678273425,32.121476999999999,2,2,2,,0
Node1,Cloud-RCS-FP16-Opt-v2,round_05_position_1_Cloud-RCS-FP16-Opt-v2,61,logits,1787650535678273955,1787650535711722255,33.447800000000001,2,2,2,,0
Node1,Cloud-RCS-FP16-Opt-v2,round_05_position_1_Cloud-RCS-FP16-Opt-v2,62,logits,1787650535711722755,1787650535746224331,34.501055999999998,2,2,2,,0
Node1,Cloud-RCS-FP16-Opt-v2,round_05_position_1_Cloud-RCS-FP16-Opt-v2,63,logits,1787650535746224881,1787650535778008647,31.783366000000001,2,2,2,,0
Node1,Cloud-RCS-FP16-Opt-v2,round_05_position_1_Cloud-RCS-FP16-Opt-v2,64,logits,1787650535778009147,1787650535809776612,31.767064999999999,2,2,2,,0
Node1,Cloud-RCS-FP16-Opt-v2,round_05_position_1_Cloud-RCS-FP16-Opt-v2,65,logits,1787650535809777143,1787650535841721729,31.944156,2,2,2,,0
Node1,Cloud-RCS-FP16-Opt-v2,round_05_position_1_Cloud-RCS-FP16-Opt-v2,66,logits,1787650535841722239,1787650535873524957,31.802318,2,2,2,,0
Node1,Cloud-RCS-FP16-Opt-v2,round_05_position_1_Cloud-RCS-FP16-Opt-v2,67,logits,1787650535873525347,1787650535905920801,32.395054000000002,2,2,2,,0
Node1,Cloud-RCS-FP16-Opt-v2,round_05_position_1_Cloud-RCS-FP16-Opt-v2,68,logits,1787650535905921201,1787650535938667137,32.745525999999998,2,2,2,,0
Node1,Cloud-RCS-FP16-Opt-v2,round_05_position_1_Cloud-RCS-FP16-Opt-v2,69,logits,1787650535938667647,1787650535974137963,35.469915999999998,2,2,2,,0
Node1,Cloud-RCS-FP16-Opt-v2,round_05_position_1_Cloud-RCS-FP16-Opt-v2,70,logits,1787650535974138473,1787650536010625012,36.486128999999998,2,2,2,,0
Node1,Cloud-RCS-FP16-Opt-v2,round_05_position_1_Cloud-RCS-FP16-Opt-v2,71,logits,1787650536010625532,1787650536043582551,32.956459000000002,2,2,2,,0
Node1,Cloud-RCS-FP16-Opt-v2,round_05_position_1_Cloud-RCS-FP16-Opt-v2,72,logits,1787650536043583402,1787650536077048872,33.464660000000002,2,2,2,,0
Node1,Cloud-RCS-FP16-Opt-v2,round_05_position_1_Cloud-RCS-FP16-Opt-v2,73,logits,1787650536077049662,1787650536120967334,43.917282,2,2,2,,0
Node1,Cloud-RCS-FP16-Opt-v2,round_05_position_1_Cloud-RCS-FP16-Opt-v2,74,logits,1787650536120967844,1787650536153226780,32.258546000000003,2,2,2,,0
Node1,Cloud-RCS-FP16-Opt-v2,round_05_position_1_Cloud-RCS-FP16-Opt-v2,75,logits,1787650536153227300,1787650536185085651,31.857941,2,2,2,,0
Node1,Cloud-RCS-FP16-Opt-v2,round_05_position_1_Cloud-RCS-FP16-Opt-v2,76,logits,1787650536185086161,1787650536217592393,32.505822000000002,2,2,2,,0
Node1,Cloud-RCS-FP16-Opt-v2,round_05_position_1_Cloud-RCS-FP16-Opt-v2,77,logits,1787650536217592903,1787650536249104612,31.511258999999999,2,2,2,,0
Node1,Cloud-RCS-FP16-Opt-v2,round_05_position_1_Cloud-RCS-FP16-Opt-v2,78,logits,1787650536249105032,1787650536280836226,31.730784,2,2,2,,0
Node1,Cloud-RCS-FP16-Opt-v2,round_05_position_1_Cloud-RCS-FP16-Opt-v2,79,logits,1787650536280836636,1787650536312590820,31.753644000000001,2,2,2,,0
Node1,Cloud-RCS-FP16-Opt-v2,round_05_position_1_Cloud-RCS-FP16-Opt-v2,80,logits,1787650536312591480,1787650536344243349,31.651458999999999,2,2,2,,0
Node1,Cloud-RCS-FP16-Opt-v2,round_05_position_1_Cloud-RCS-FP16-Opt-v2,81,logits,1787650536344243869,1787650536375556846,31.312307000000001,2,2,2,,0
Node1,Cloud-RCS-FP16-Opt-v2,round_05_position_1_Cloud-RCS-FP16-Opt-v2,82,logits,1787650536375557436,1787650536407544175,31.986319000000002,2,2,2,,0
Node1,Cloud-RCS-FP16-Opt-v2,round_05_position_1_Cloud-RCS-FP16-Opt-v2,83,logits,1787650536407544615,1787650536438839811,31.294626000000001,2,2,2,,0
Node1,Cloud-RCS-FP16-Opt-v2,round_05_position_1_Cloud-RCS-FP16-Opt-v2,84,logits,1787650536438840711,1787650536470174480,31.333318999999999,2,2,2,,0
Node1,Cloud-RCS-FP16-Opt-v2,round_05_position_1_Cloud-RCS-FP16-Opt-v2,85,logits,1787650536470175000,1787650536501223771,31.04832,2,2,2,,0
Node1,Cloud-RCS-FP16-Opt-v2,round_05_position_1_Cloud-RCS-FP16-Opt-v2,86,logits,1787650536501224301,1787650536533497347,32.272635999999999,2,2,2,,0
Node1,Cloud-RCS-FP16-Opt-v2,round_05_position_1_Cloud-RCS-FP16-Opt-v2,87,logits,1787650536533497867,1787650536564869058,31.370761000000002,2,2,2,,0
Node1,Cloud-RCS-FP16-Opt-v2,round_05_position_1_Cloud-RCS-FP16-Opt-v2,88,logits,1787650536564869698,1787650536596624603,31.754484999999999,2,2,2,,0
Node1,Cloud-RCS-FP16-Opt-v2,round_05_position_1_Cloud-RCS-FP16-Opt-v2,89,logits,1787650536596625113,1787650536627833664,31.208161,2,2,2,,0
Node1,Cloud-RCS-FP16-Opt-v2,round_05_position_1_Cloud-RCS-FP16-Opt-v2,90,logits,1787650536627834184,1787650536659147801,31.313206999999998,2,2,2,,0
Node1,Cloud-RCS-FP16-Opt-v2,round_05_position_1_Cloud-RCS-FP16-Opt-v2,91,logits,1787650536659148311,1787650536690790489,31.641777999999999,2,2,2,,0
Node1,Cloud-RCS-FP16-Opt-v2,round_05_position_1_Cloud-RCS-FP16-Opt-v2,92,logits,1787650536690790879,1787650536721613136,30.821857000000001,2,2,2,,0
Node1,Cloud-RCS-FP16-Opt-v2,round_05_position_1_Cloud-RCS-FP16-Opt-v2,93,logits,1787650536721613646,1787650536752367459,30.753412000000001,2,2,2,,0
Node1,Cloud-RCS-FP16-Opt-v2,round_05_position_1_Cloud-RCS-FP16-Opt-v2,94,logits,1787650536752367999,1787650536783704497,31.336088,2,2,2,,0
Node1,Cloud-RCS-FP16-Opt-v2,round_05_position_1_Cloud-RCS-FP16-Opt-v2,95,logits,1787650536783705007,1787650536814568616,30.863219000000001,2,2,2,,0
Node1,Cloud-RCS-FP16-Opt-v2,round_05_position_1_Cloud-RCS-FP16-Opt-v2,96,logits,1787650536814569047,1787650536845284917,30.715160000000001,2,2,2,,0
Node1,Cloud-RCS-FP16-Opt-v2,round_05_position_1_Cloud-RCS-FP16-Opt-v2,97,logits,1787650536845285417,1787650536876699880,31.414052999999999,2,2,2,,0
Node1,Cloud-RCS-FP16-Opt-v2,round_05_position_1_Cloud-RCS-FP16-Opt-v2,98,logits,1787650536876700600,1787650536908038139,31.336808999999999,2,2,2,,0
Node1,Cloud-RCS-FP16-Opt-v2,round_05_position_1_Cloud-RCS-FP16-Opt-v2,99,logits,1787650536908038659,1787650536939299313,31.260254,2,2,2,,0
Node1,Cloud-RCS-FP16-Opt-v2,round_05_position_1_Cloud-RCS-FP16-Opt-v2,100,logits,1787650536939299823,1787650536970319342,31.019099000000001,2,2,2,,0
Node1,Cloud-RCS-FP16-Opt-v2,round_05_position_1_Cloud-RCS-FP16-Opt-v2,101,logits,1787650536970319842,1787650537001613288,31.293016000000001,2,2,2,,0
Node1,Cloud-RCS-FP16-Opt-v2,round_05_position_1_Cloud-RCS-FP16-Opt-v2,102,logits,1787650537001614049,1787650537033249156,31.634687,2,2,2,,0
Node1,Cloud-RCS-FP16-Opt-v2,round_05_position_1_Cloud-RCS-FP16-Opt-v2,103,logits,1787650537033249766,1787650537064184219,30.934052999999999,2,2,2,,0
Node1,Cloud-RCS-FP16-Opt-v2,round_05_position_1_Cloud-RCS-FP16-Opt-v2,104,logits,1787650537064184820,1787650537095112553,30.927302999999998,2,2,2,,0
Node1,Cloud-RCS-FP16-Opt-v2,round_05_position_1_Cloud-RCS-FP16-Opt-v2,105,logits,1787650537095113063,1787650537127245272,32.131359000000003,2,2,2,,0
Node1,Cloud-RCS-FP16-Opt-v2,round_05_position_1_Cloud-RCS-FP16-Opt-v2,106,logits,1787650537127245802,1787650537161710995,34.464382999999998,2,2,2,,0
Node1,Cloud-RCS-FP16-Opt-v2,round_05_position_1_Cloud-RCS-FP16-Opt-v2,107,logits,1787650537161711445,1787650537197352471,35.640625999999997,2,2,2,,0
Node1,Cloud-RCS-FP16-Opt-v2,round_05_position_1_Cloud-RCS-FP16-Opt-v2,108,logits,1787650537197352992,1787650537230391616,33.038103999999997,2,2,2,,0
Node1,Cloud-RCS-FP16-Opt-v2,round_05_position_1_Cloud-RCS-FP16-Opt-v2,109,logits,1787650537230392156,1787650537264748553,34.355916999999998,2,2,2,,0
Node1,Cloud-RCS-FP16-Opt-v2,round_05_position_1_Cloud-RCS-FP16-Opt-v2,110,logits,1787650537264749083,1787650537298024023,33.274549999999998,2,2,2,,0
Node1,Cloud-RCS-FP16-Opt-v2,round_05_position_1_Cloud-RCS-FP16-Opt-v2,111,logits,1787650537298024483,1787650537330693494,32.668430999999998,2,2,2,,0
Node1,Cloud-RCS-FP16-Opt-v2,round_05_position_1_Cloud-RCS-FP16-Opt-v2,112,logits,1787650537330694034,1787650537362821382,32.126927999999999,2,2,2,,0
Node1,Cloud-RCS-FP16-Opt-v2,round_05_position_1_Cloud-RCS-FP16-Opt-v2,113,logits,1787650537362821912,1787650537394860285,32.037973000000001,2,2,2,,0
Node1,Cloud-RCS-FP16-Opt-v2,round_05_position_1_Cloud-RCS-FP16-Opt-v2,114,logits,1787650537394860825,1787650537426825853,31.964618000000002,2,2,2,,0
Node1,Cloud-RCS-FP16-Opt-v2,round_05_position_1_Cloud-RCS-FP16-Opt-v2,115,logits,1787650537426826263,1787650537460101292,33.274639000000001,2,2,2,,0
Node1,Cloud-RCS-FP16-Opt-v2,round_05_position_1_Cloud-RCS-FP16-Opt-v2,116,logits,1787650537460101822,1787650537491814074,31.711842000000001,2,2,2,,0
Node1,Cloud-RCS-FP16-Opt-v2,round_05_position_1_Cloud-RCS-FP16-Opt-v2,117,logits,1787650537491814584,1787650537524395290,32.580306,2,2,2,,0
Node1,Cloud-RCS-FP16-Opt-v2,round_05_position_1_Cloud-RCS-FP16-Opt-v2,118,logits,1787650537524395670,1787650537557547472,33.151381999999998,2,2,2,,0
Node1,Cloud-RCS-FP16-Opt-v2,round_05_position_1_Cloud-RCS-FP16-Opt-v2,119,logits,1787650537557547992,1787650537590073255,32.524813000000002,2,2,2,,0
Node1,Cloud-RCS-FP16-Opt-v2,round_05_position_1_Cloud-RCS-FP16-Opt-v2,120,logits,1787650537590073875,1787650537624084350,34.010075000000001,2,2,2,,0
Node1,Cloud-RCS-FP16-Opt-v2,round_05_position_1_Cloud-RCS-FP16-Opt-v2,121,logits,1787650537624084881,1787650537658388284,34.303023000000003,2,2,2,,0
Node1,Cloud-RCS-FP16-Opt-v2,round_05_position_1_Cloud-RCS-FP16-Opt-v2,122,logits,1787650537658388804,1787650537690275057,31.885763000000001,2,2,2,,0
Node1,Cloud-RCS-FP16-Opt-v2,round_05_position_1_Cloud-RCS-FP16-Opt-v2,123,logits,1787650537690275937,1787650537722360042,32.083694999999999,2,2,2,,0
Node1,Cloud-RCS-FP16-Opt-v2,round_05_position_1_Cloud-RCS-FP16-Opt-v2,124,logits,1787650537722360592,1787650537754257106,31.896104000000001,2,2,2,,0
Node1,Cloud-RCS-FP16-Opt-v2,round_05_position_1_Cloud-RCS-FP16-Opt-v2,125,logits,1787650537754257606,1787650537785804998,31.546831999999998,2,2,2,,0
Node1,Cloud-RCS-FP16-Opt-v2,round_05_position_1_Cloud-RCS-FP16-Opt-v2,126,logits,1787650537785805518,1787650537818227834,32.421756000000002,2,2,2,,0
Node1,Cloud-RCS-FP16-Opt-v2,round_05_position_1_Cloud-RCS-FP16-Opt-v2,127,logits,1787650537818228374,1787650537851733458,33.504654000000002,2,2,2,,0
Node1,Cloud-RCS-FP16-Opt-v2,round_05_position_1_Cloud-RCS-FP16-Opt-v2,128,logits,1787650537851733978,1787650537887254177,35.519789000000003,2,2,2,,0
Node1,Cloud-RCS-FP16-Opt-v2,round_05_position_1_Cloud-RCS-FP16-Opt-v2,129,logits,1787650537887254717,1787650537922265335,35.010007999999999,2,2,2,,0
Node1,Cloud-RCS-FP16-Opt-v2,round_05_position_1_Cloud-RCS-FP16-Opt-v2,130,logits,1787650537922265875,1787650537956709147,34.442861999999998,2,2,2,,0
Node1,Cloud-RCS-FP16-Opt-v2,round_05_position_1_Cloud-RCS-FP16-Opt-v2,131,logits,1787650537956709687,1787650537991432076,34.721949000000002,2,2,2,,0
Node1,Cloud-RCS-FP16-Opt-v2,round_05_position_1_Cloud-RCS-FP16-Opt-v2,132,logits,1787650537991432676,1787650538025105930,33.672843999999998,2,2,2,,0
Node1,Cloud-RCS-FP16-Opt-v2,round_05_position_1_Cloud-RCS-FP16-Opt-v2,133,logits,1787650538025106480,1787650538056880237,31.773357000000001,2,2,2,,0
Node1,Cloud-RCS-FP16-Opt-v2,round_05_position_1_Cloud-RCS-FP16-Opt-v2,134,logits,1787650538056880747,1787650538088725827,31.844660000000001,2,2,2,,0
Node1,Cloud-RCS-FP16-Opt-v2,round_05_position_1_Cloud-RCS-FP16-Opt-v2,135,logits,1787650538088726387,1787650538119002430,30.275652999999998,2,2,2,,0
Node1,Cloud-RCS-FP16-Opt-v2,round_05_position_1_Cloud-RCS-FP16-Opt-v2,136,logits,1787650538119002820,1787650538150411504,31.408283999999998,2,2,2,,0
Node1,Cloud-RCS-FP16-Opt-v2,round_05_position_1_Cloud-RCS-FP16-Opt-v2,137,logits,1787650538150411884,1787650538180260410,29.847926000000001,2,2,2,,0
Node1,Cloud-RCS-FP16-Opt-v2,round_05_position_1_Cloud-RCS-FP16-Opt-v2,138,logits,1787650538180260800,1787650538211915459,31.654268999999999,2,2,2,,0
Node1,Cloud-RCS-FP16-Opt-v2,round_05_position_1_Cloud-RCS-FP16-Opt-v2,139,logits,1787650538211915989,1787650538242451918,30.535488999999998,2,2,2,,0
Node1,Cloud-RCS-FP16-Opt-v2,round_05_position_1_Cloud-RCS-FP16-Opt-v2,140,logits,1787650538242452358,1787650538272902102,30.449354,2,2,2,,0
Node1,Cloud-RCS-FP16-Opt-v2,round_05_position_1_Cloud-RCS-FP16-Opt-v2,141,logits,1787650538272902632,1787650538302944481,30.041419000000001,2,2,2,,0
Node1,Cloud-RCS-FP16-Opt-v2,round_05_position_1_Cloud-RCS-FP16-Opt-v2,142,logits,1787650538302945021,1787650538332890853,29.945422000000001,2,2,2,,0
Node1,Cloud-RCS-FP16-Opt-v2,round_05_position_1_Cloud-RCS-FP16-Opt-v2,143,logits,1787650538332891353,1787650538363221949,30.330196000000001,2,2,2,,0
Node1,Cloud-RCS-FP16-Opt-v2,round_05_position_1_Cloud-RCS-FP16-Opt-v2,144,logits,1787650538363222449,1787650538393779230,30.556380000000001,2,2,2,,0
Node1,Cloud-RCS-FP16-Opt-v2,round_05_position_1_Cloud-RCS-FP16-Opt-v2,145,logits,1787650538393779750,1787650538424562315,30.782145,2,2,2,,0
Node1,Cloud-RCS-FP16-Opt-v2,round_05_position_1_Cloud-RCS-FP16-Opt-v2,146,logits,1787650538424563055,1787650538474545783,49.982188000000001,2,2,2,,0
Node1,Cloud-RCS-FP16-Opt-v2,round_05_position_1_Cloud-RCS-FP16-Opt-v2,147,logits,1787650538474546413,1787650538510652409,36.105345999999997,2,2,2,,0
Node1,Cloud-RCS-FP16-Opt-v2,round_05_position_1_Cloud-RCS-FP16-Opt-v2,148,logits,1787650538510652909,1787650538542371152,31.717853000000002,2,2,2,,0
Node1,Cloud-RCS-FP16-Opt-v2,round_05_position_1_Cloud-RCS-FP16-Opt-v2,149,logits,1787650538542371532,1787650538574144178,31.772226,2,2,2,,0
Node1,Cloud-RCS-FP16-Opt-v2,round_05_position_1_Cloud-RCS-FP16-Opt-v2,150,logits,1787650538574144688,1787650538604544839,30.399621,2,2,2,,0
Node1,Cloud-RCS-FP16-Opt-v2,round_05_position_1_Cloud-RCS-FP16-Opt-v2,151,logits,1787650538604545419,1787650538636119843,31.574034000000001,2,2,2,,0
Node1,Cloud-RCS-FP16-Opt-v2,round_05_position_1_Cloud-RCS-FP16-Opt-v2,152,logits,1787650538636120263,1787650538667721798,31.601134999999999,2,2,2,,0
Node1,Cloud-RCS-FP16-Opt-v2,round_05_position_1_Cloud-RCS-FP16-Opt-v2,153,logits,1787650538667722358,1787650538699025135,31.302377,2,2,2,,0
Node1,Cloud-RCS-FP16-Opt-v2,round_05_position_1_Cloud-RCS-FP16-Opt-v2,154,logits,1787650538699025545,1787650538730769479,31.743524000000001,2,2,2,,0
Node1,Cloud-RCS-FP16-Opt-v2,round_05_position_1_Cloud-RCS-FP16-Opt-v2,155,logits,1787650538730769989,1787650538762329652,31.559242999999999,2,2,2,,0
Node1,Cloud-RCS-FP16-Opt-v2,round_05_position_1_Cloud-RCS-FP16-Opt-v2,156,logits,1787650538762330182,1787650538798446639,36.116056999999998,2,2,2,,0
Node1,Cloud-RCS-FP16-Opt-v2,round_05_position_1_Cloud-RCS-FP16-Opt-v2,157,logits,1787650538798447239,1787650538830532454,32.084784999999997,2,2,2,,0
Node1,Cloud-RCS-FP16-Opt-v2,round_05_position_1_Cloud-RCS-FP16-Opt-v2,158,logits,1787650538830532954,1787650538861587976,31.054642000000001,2,2,2,,0
Node1,Cloud-RCS-FP16-Opt-v2,round_05_position_1_Cloud-RCS-FP16-Opt-v2,159,logits,1787650538861588506,1787650538894171422,32.582526000000001,2,2,2,,0
Node1,Cloud-RCS-FP16-Opt-v2,round_05_position_1_Cloud-RCS-FP16-Opt-v2,160,logits,1787650538894171812,1787650538925010330,30.837928000000002,2,2,2,,0
Node1,Cloud-RCS-FP16-Opt-v2,round_05_position_1_Cloud-RCS-FP16-Opt-v2,161,logits,1787650538925010950,1787650538956144196,31.132846000000001,2,2,2,,0
Node1,Cloud-RCS-FP16-Opt-v2,round_05_position_1_Cloud-RCS-FP16-Opt-v2,162,logits,1787650538956144776,1787650538987162456,31.017289999999999,2,2,2,,0
Node1,Cloud-RCS-FP16-Opt-v2,round_05_position_1_Cloud-RCS-FP16-Opt-v2,163,logits,1787650538987162966,1787650539018924881,31.761485,2,2,2,,0
Node1,Cloud-RCS-FP16-Opt-v2,round_05_position_1_Cloud-RCS-FP16-Opt-v2,164,logits,1787650539018925481,1787650539050723189,31.797298000000001,2,2,2,,0
Node1,Cloud-RCS-FP16-Opt-v2,round_05_position_1_Cloud-RCS-FP16-Opt-v2,165,logits,1787650539050723739,1787650539083243512,32.519373000000002,2,2,2,,0
Node1,Cloud-RCS-FP16-Opt-v2,round_05_position_1_Cloud-RCS-FP16-Opt-v2,166,logits,1787650539083243902,1787650539115856371,32.611949000000003,2,2,2,,0
Node1,Cloud-RCS-FP16-Opt-v2,round_05_position_1_Cloud-RCS-FP16-Opt-v2,167,logits,1787650539115856881,1787650539152455907,36.598626000000003,2,2,2,,0
Node1,Cloud-RCS-FP16-Opt-v2,round_05_position_1_Cloud-RCS-FP16-Opt-v2,168,logits,1787650539152456417,1787650539188539191,36.082374000000002,2,2,2,,0
Node1,Cloud-RCS-FP16-Opt-v2,round_05_position_1_Cloud-RCS-FP16-Opt-v2,169,logits,1787650539188539721,1787650539222347404,33.807143000000003,2,2,2,,0
Node1,Cloud-RCS-FP16-Opt-v2,round_05_position_1_Cloud-RCS-FP16-Opt-v2,170,logits,1787650539222347914,1787650539253996423,31.647959,2,2,2,,0
Node1,Cloud-RCS-FP16-Opt-v2,round_05_position_1_Cloud-RCS-FP16-Opt-v2,171,logits,1787650539253996833,1787650539288135326,34.137953000000003,2,2,2,,0
Node1,Cloud-RCS-FP16-Opt-v2,round_05_position_1_Cloud-RCS-FP16-Opt-v2,172,logits,1787650539288135876,1787650539324032429,35.896143000000002,2,2,2,,0
Node1,Cloud-RCS-FP16-Opt-v2,round_05_position_1_Cloud-RCS-FP16-Opt-v2,173,logits,1787650539324032989,1787650539357752706,33.719096999999998,2,2,2,,0
Node1,Cloud-RCS-FP16-Opt-v2,round_05_position_1_Cloud-RCS-FP16-Opt-v2,174,logits,1787650539357753336,1787650539395335544,37.581767999999997,2,2,2,,0
Node1,Cloud-RCS-FP16-Opt-v2,round_05_position_1_Cloud-RCS-FP16-Opt-v2,175,logits,1787650539395336164,1787650539432461483,37.124889000000003,2,2,2,,0
Node1,Cloud-RCS-FP16-Opt-v2,round_05_position_1_Cloud-RCS-FP16-Opt-v2,176,logits,1787650539432462053,1787650539467303850,34.840826999999997,2,2,2,,0
Node1,Cloud-RCS-FP16-Opt-v2,round_05_position_1_Cloud-RCS-FP16-Opt-v2,177,logits,1787650539467304410,1787650539501698700,34.393880000000003,2,2,2,,0
Node1,Cloud-RCS-FP16-Opt-v2,round_05_position_1_Cloud-RCS-FP16-Opt-v2,178,logits,1787650539501699390,1787650539538347159,36.647348999999998,2,2,2,,0
Node1,Cloud-RCS-FP16-Opt-v2,round_05_position_1_Cloud-RCS-FP16-Opt-v2,179,logits,1787650539538347739,1787650539573525397,35.176997999999998,2,2,2,,0
Node1,Cloud-RCS-FP16-Opt-v2,round_05_position_1_Cloud-RCS-FP16-Opt-v2,180,logits,1787650539573525967,1787650539611401923,37.875526000000001,2,2,2,,0
Node1,Cloud-RCS-FP16-Opt-v2,round_05_position_1_Cloud-RCS-FP16-Opt-v2,181,logits,1787650539611402443,1787650539650729749,39.326495999999999,2,2,2,,0
Node1,Cloud-RCS-FP16-Opt-v2,round_05_position_1_Cloud-RCS-FP16-Opt-v2,182,logits,1787650539650730399,1787650539698981220,48.249890999999998,2,2,2,,0
Node1,Cloud-RCS-FP16-Opt-v2,round_05_position_1_Cloud-RCS-FP16-Opt-v2,183,logits,1787650539698981640,1787650539738598545,39.616304999999997,2,2,2,,0
Node1,Cloud-RCS-FP16-Opt-v2,round_05_position_1_Cloud-RCS-FP16-Opt-v2,184,logits,1787650539738599325,1787650539779708322,41.108547000000002,2,2,2,,0
Node1,Cloud-RCS-FP16-Opt-v2,round_05_position_1_Cloud-RCS-FP16-Opt-v2,185,logits,1787650539779708842,1787650539817241537,37.532164999999999,2,2,2,,0
Node1,Cloud-RCS-FP16-Opt-v2,round_05_position_1_Cloud-RCS-FP16-Opt-v2,186,logits,1787650539817242097,1787650539851127494,33.884937000000001,2,2,2,,0
Node1,Cloud-RCS-FP16-Opt-v2,round_05_position_1_Cloud-RCS-FP16-Opt-v2,187,logits,1787650539851128024,1787650539884641969,33.513545000000001,2,2,2,,0
Node1,Cloud-RCS-FP16-Opt-v2,round_05_position_1_Cloud-RCS-FP16-Opt-v2,188,logits,1787650539884642479,1787650539917800631,33.156911999999998,2,2,2,,0
Node1,Cloud-RCS-FP16-Opt-v2,round_05_position_1_Cloud-RCS-FP16-Opt-v2,189,logits,1787650539917801221,1787650539951613394,33.811753000000003,2,2,2,,0
Node1,Cloud-RCS-FP16-Opt-v2,round_05_position_1_Cloud-RCS-FP16-Opt-v2,190,logits,1787650539951613924,1787650539985611729,33.997394999999997,2,2,2,,0
Node1,Cloud-RCS-FP16-Opt-v2,round_05_position_1_Cloud-RCS-FP16-Opt-v2,191,logits,1787650539985612309,1787650540018945822,33.333123000000001,2,2,2,,0
Node1,Cloud-RCS-FP16-Opt-v2,round_05_position_1_Cloud-RCS-FP16-Opt-v2,192,logits,1787650540018946382,1787650540052636668,33.689846000000003,2,2,2,,0
Node1,Cloud-RCS-FP16-Opt-v2,round_05_position_1_Cloud-RCS-FP16-Opt-v2,193,logits,1787650540052637198,1787650540088486518,35.848860000000002,2,2,2,,0
Node1,Cloud-RCS-FP16-Opt-v2,round_05_position_1_Cloud-RCS-FP16-Opt-v2,194,logits,1787650540088487028,1787650540123706339,35.218871,2,2,2,,0
Node1,Cloud-RCS-FP16-Opt-v2,round_05_position_1_Cloud-RCS-FP16-Opt-v2,195,logits,1787650540123707189,1787650540159009595,35.301836000000002,2,2,2,,0
Node1,Cloud-RCS-FP16-Opt-v2,round_05_position_1_Cloud-RCS-FP16-Opt-v2,196,logits,1787650540159010125,1787650540194174262,35.163736999999998,2,2,2,,0
Node1,Cloud-RCS-FP16-Opt-v2,round_05_position_1_Cloud-RCS-FP16-Opt-v2,197,logits,1787650540194174782,1787650540227214177,33.038894999999997,2,2,2,,0
Node1,Cloud-RCS-FP16-Opt-v2,round_05_position_1_Cloud-RCS-FP16-Opt-v2,198,logits,1787650540227214838,1787650540265168208,37.952979999999997,2,2,2,,0
Node1,Cloud-RCS-FP16-Opt-v2,round_05_position_1_Cloud-RCS-FP16-Opt-v2,199,logits,1787650540265168718,1787650540301412463,36.243315000000003,2,2,2,,0
Node1,Cloud-RCS-FP32-Compat,round_05_position_2_Cloud-RCS-FP32-Compat,0,logits,1787650569849029037,1787650569892704139,43.674661999999998,2,2,2,,0
Node1,Cloud-RCS-FP32-Compat,round_05_position_2_Cloud-RCS-FP32-Compat,1,logits,1787650569892704539,1787650569926364577,33.659647999999997,2,2,2,,0
Node1,Cloud-RCS-FP32-Compat,round_05_position_2_Cloud-RCS-FP32-Compat,2,logits,1787650569926364947,1787650569959636280,33.270943000000003,2,2,2,,0
Node1,Cloud-RCS-FP32-Compat,round_05_position_2_Cloud-RCS-FP32-Compat,3,logits,1787650569959636680,1787650569993486230,33.849170000000001,2,2,2,,0
Node1,Cloud-RCS-FP32-Compat,round_05_position_2_Cloud-RCS-FP32-Compat,4,logits,1787650569993486600,1787650570026957136,33.470126,2,2,2,,0
Node1,Cloud-RCS-FP32-Compat,round_05_position_2_Cloud-RCS-FP32-Compat,5,logits,1787650570026957406,1787650570060567541,33.609645,2,2,2,,0
Node1,Cloud-RCS-FP32-Compat,round_05_position_2_Cloud-RCS-FP32-Compat,6,logits,1787650570060567811,1787650570095447835,34.879593999999997,2,2,2,,0
Node1,Cloud-RCS-FP32-Compat,round_05_position_2_Cloud-RCS-FP32-Compat,7,logits,1787650570095448235,1787650570130079343,34.630698000000002,2,2,2,,0
Node1,Cloud-RCS-FP32-Compat,round_05_position_2_Cloud-RCS-FP32-Compat,8,logits,1787650570130079603,1787650570164269874,34.189881,2,2,2,,0
Node1,Cloud-RCS-FP32-Compat,round_05_position_2_Cloud-RCS-FP32-Compat,9,logits,1787650570164270244,1787650570197651735,33.373700999999997,2,2,2,,0
Node1,Cloud-RCS-FP32-Compat,round_05_position_2_Cloud-RCS-FP32-Compat,10,logits,1787650570197652035,1787650570231495294,33.842879000000003,2,2,2,,0
Node1,Cloud-RCS-FP32-Compat,round_05_position_2_Cloud-RCS-FP32-Compat,11,logits,1787650570231495534,1787650570265275379,33.779544999999999,2,2,2,,0
Node1,Cloud-RCS-FP32-Compat,round_05_position_2_Cloud-RCS-FP32-Compat,12,logits,1787650570265275629,1787650570298819770,33.543731000000001,2,2,2,,0
Node1,Cloud-RCS-FP32-Compat,round_05_position_2_Cloud-RCS-FP32-Compat,13,logits,1787650570298820010,1787650570332784277,33.963856999999997,2,2,2,,0
Node1,Cloud-RCS-FP32-Compat,round_05_position_2_Cloud-RCS-FP32-Compat,14,logits,1787650570332784677,1787650570366508739,33.723792000000003,2,2,2,,0
Node1,Cloud-RCS-FP32-Compat,round_05_position_2_Cloud-RCS-FP32-Compat,15,logits,1787650570366509109,1787650570399983525,33.474145999999998,2,2,2,,0
Node1,Cloud-RCS-FP32-Compat,round_05_position_2_Cloud-RCS-FP32-Compat,16,logits,1787650570399983915,1787650570433622152,33.637796999999999,2,2,2,,0
Node1,Cloud-RCS-FP32-Compat,round_05_position_2_Cloud-RCS-FP32-Compat,17,logits,1787650570433622512,1787650570466737236,33.114463999999998,2,2,2,,0
Node1,Cloud-RCS-FP32-Compat,round_05_position_2_Cloud-RCS-FP32-Compat,18,logits,1787650570466737606,1787650570503740993,37.002456000000002,2,2,2,,0
Node1,Cloud-RCS-FP32-Compat,round_05_position_2_Cloud-RCS-FP32-Compat,19,logits,1787650570503741513,1787650570539740986,35.999063,2,2,2,,0
Node1,Cloud-RCS-FP32-Compat,round_05_position_2_Cloud-RCS-FP32-Compat,20,logits,1787650570539741236,1787650570576801866,37.060180000000003,2,2,2,,0
Node1,Cloud-RCS-FP32-Compat,round_05_position_2_Cloud-RCS-FP32-Compat,21,logits,1787650570576802266,1787650570612426936,35.624290000000002,2,2,2,,0
Node1,Cloud-RCS-FP32-Compat,round_05_position_2_Cloud-RCS-FP32-Compat,22,logits,1787650570612427236,1787650570648021025,35.593259000000003,2,2,2,,0
Node1,Cloud-RCS-FP32-Compat,round_05_position_2_Cloud-RCS-FP32-Compat,23,logits,1787650570648021395,1787650570684044730,36.022934999999997,2,2,2,,0
Node1,Cloud-RCS-FP32-Compat,round_05_position_2_Cloud-RCS-FP32-Compat,24,logits,1787650570684045110,1787650570719164399,35.118879,2,2,2,,0
Node1,Cloud-RCS-FP32-Compat,round_05_position_2_Cloud-RCS-FP32-Compat,25,logits,1787650570719164809,1787650570754133569,34.968350000000001,2,2,2,,0
Node1,Cloud-RCS-FP32-Compat,round_05_position_2_Cloud-RCS-FP32-Compat,26,logits,1787650570754133829,1787650570790616413,36.482134000000002,2,2,2,,0
Node1,Cloud-RCS-FP32-Compat,round_05_position_2_Cloud-RCS-FP32-Compat,27,logits,1787650570790616913,1787650570827551175,36.933832000000002,2,2,2,,0
Node1,Cloud-RCS-FP32-Compat,round_05_position_2_Cloud-RCS-FP32-Compat,28,logits,1787650570827551455,1787650570864649667,37.097811999999998,2,2,2,,0
Node1,Cloud-RCS-FP32-Compat,round_05_position_2_Cloud-RCS-FP32-Compat,29,logits,1787650570864650077,1787650570903422253,38.771756000000003,2,2,2,,0
Node1,Cloud-RCS-FP32-Compat,round_05_position_2_Cloud-RCS-FP32-Compat,30,logits,1787650570903422683,1787650570942296946,38.873823000000002,2,2,2,,0
Node1,Cloud-RCS-FP32-Compat,round_05_position_2_Cloud-RCS-FP32-Compat,31,logits,1787650570942297356,1787650570983093029,40.795113000000001,2,2,2,,0
Node1,Cloud-RCS-FP32-Compat,round_05_position_2_Cloud-RCS-FP32-Compat,32,logits,1787650570983093309,1787650571023979087,40.885368,2,2,2,,0
Node1,Cloud-RCS-FP32-Compat,round_05_position_2_Cloud-RCS-FP32-Compat,33,logits,1787650571023979508,1787650571063757337,39.777428999999998,2,2,2,,0
Node1,Cloud-RCS-FP32-Compat,round_05_position_2_Cloud-RCS-FP32-Compat,34,logits,1787650571063757577,1787650571101877263,38.119286000000002,2,2,2,,0
Node1,Cloud-RCS-FP32-Compat,round_05_position_2_Cloud-RCS-FP32-Compat,35,logits,1787650571101877663,1787650571140238994,38.360931000000001,2,2,2,,0
Node1,Cloud-RCS-FP32-Compat,round_05_position_2_Cloud-RCS-FP32-Compat,36,logits,1787650571140239404,1787650571176814874,36.574930000000002,2,2,2,,0
Node1,Cloud-RCS-FP32-Compat,round_05_position_2_Cloud-RCS-FP32-Compat,37,logits,1787650571176815274,1787650571212930825,36.115181,2,2,2,,0
Node1,Cloud-RCS-FP32-Compat,round_05_position_2_Cloud-RCS-FP32-Compat,38,logits,1787650571212931215,1787650571248717846,35.786191000000002,2,2,2,,0
Node1,Cloud-RCS-FP32-Compat,round_05_position_2_Cloud-RCS-FP32-Compat,39,logits,1787650571248718236,1787650571285340398,36.621662000000001,2,2,2,,0
Node1,Cloud-RCS-FP32-Compat,round_05_position_2_Cloud-RCS-FP32-Compat,40,logits,1787650571285340829,1787650571321912768,36.571519000000002,2,2,2,,0
Node1,Cloud-RCS-FP32-Compat,round_05_position_2_Cloud-RCS-FP32-Compat,41,logits,1787650571321913178,1787650571359531453,37.617885000000001,2,2,2,,0
Node1,Cloud-RCS-FP32-Compat,round_05_position_2_Cloud-RCS-FP32-Compat,42,logits,1787650571359531823,1787650571409184898,49.652655000000003,2,2,2,,0
Node1,Cloud-RCS-FP32-Compat,round_05_position_2_Cloud-RCS-FP32-Compat,43,logits,1787650571409185318,1787650571451086350,41.900441999999998,2,2,2,,0
Node1,Cloud-RCS-FP32-Compat,round_05_position_2_Cloud-RCS-FP32-Compat,44,logits,1787650571451086730,1787650571488934519,37.847019000000003,2,2,2,,0
Node1,Cloud-RCS-FP32-Compat,round_05_position_2_Cloud-RCS-FP32-Compat,45,logits,1787650571488934909,1787650571525218971,36.283631999999997,2,2,2,,0
Node1,Cloud-RCS-FP32-Compat,round_05_position_2_Cloud-RCS-FP32-Compat,46,logits,1787650571525219351,1787650571561534414,36.314563,2,2,2,,0
Node1,Cloud-RCS-FP32-Compat,round_05_position_2_Cloud-RCS-FP32-Compat,47,logits,1787650571561534824,1787650571597476975,35.941741,2,2,2,,0
Node1,Cloud-RCS-FP32-Compat,round_05_position_2_Cloud-RCS-FP32-Compat,48,logits,1787650571597477505,1787650571633320178,35.842272999999999,2,2,2,,0
Node1,Cloud-RCS-FP32-Compat,round_05_position_2_Cloud-RCS-FP32-Compat,49,logits,1787650571633320449,1787650571678310243,44.989373999999998,2,2,2,,0
Node1,Cloud-RCS-FP32-Compat,round_05_position_2_Cloud-RCS-FP32-Compat,50,logits,1787650571678310743,1787650571713362128,35.050995,2,2,2,,0
Node1,Cloud-RCS-FP32-Compat,round_05_position_2_Cloud-RCS-FP32-Compat,51,logits,1787650571713362378,1787650571747476654,34.113875999999998,2,2,2,,0
Node1,Cloud-RCS-FP32-Compat,round_05_position_2_Cloud-RCS-FP32-Compat,52,logits,1787650571747477044,1787650571781540697,34.063253000000003,2,2,2,,0
Node1,Cloud-RCS-FP32-Compat,round_05_position_2_Cloud-RCS-FP32-Compat,53,logits,1787650571781540967,1787650571815120220,33.578873000000002,2,2,2,,0
Node1,Cloud-RCS-FP32-Compat,round_05_position_2_Cloud-RCS-FP32-Compat,54,logits,1787650571815120481,1787650571848754427,33.633676000000001,2,2,2,,0
Node1,Cloud-RCS-FP32-Compat,round_05_position_2_Cloud-RCS-FP32-Compat,55,logits,1787650571848754707,1787650571883101398,34.346431000000003,2,2,2,,0
Node1,Cloud-RCS-FP32-Compat,round_05_position_2_Cloud-RCS-FP32-Compat,56,logits,1787650571883101668,1787650571917547045,34.445067000000002,2,2,2,,0
Node1,Cloud-RCS-FP32-Compat,round_05_position_2_Cloud-RCS-FP32-Compat,57,logits,1787650571917547455,1787650571952368455,34.820549999999997,2,2,2,,0
Node1,Cloud-RCS-FP32-Compat,round_05_position_2_Cloud-RCS-FP32-Compat,58,logits,1787650571952368935,1787650571986790531,34.421286000000002,2,2,2,,0
Node1,Cloud-RCS-FP32-Compat,round_05_position_2_Cloud-RCS-FP32-Compat,59,logits,1787650571986790801,1787650572021349995,34.558804000000002,2,2,2,,0
Node1,Cloud-RCS-FP32-Compat,round_05_position_2_Cloud-RCS-FP32-Compat,60,logits,1787650572021350275,1787650572056467974,35.117398999999999,2,2,2,,0
Node1,Cloud-RCS-FP32-Compat,round_05_position_2_Cloud-RCS-FP32-Compat,61,logits,1787650572056468244,1787650572091195379,34.726875,2,2,2,,0
Node1,Cloud-RCS-FP32-Compat,round_05_position_2_Cloud-RCS-FP32-Compat,62,logits,1787650572091195799,1787650572125599954,34.403745000000001,2,2,2,,0
Node1,Cloud-RCS-FP32-Compat,round_05_position_2_Cloud-RCS-FP32-Compat,63,logits,1787650572125600324,1787650572160998300,35.397585999999997,2,2,2,,0
Node1,Cloud-RCS-FP32-Compat,round_05_position_2_Cloud-RCS-FP32-Compat,64,logits,1787650572160998550,1787650572196729947,35.730977000000003,2,2,2,,0
Node1,Cloud-RCS-FP32-Compat,round_05_position_2_Cloud-RCS-FP32-Compat,65,logits,1787650572196730207,1787650572231543788,34.813121000000002,2,2,2,,0
Node1,Cloud-RCS-FP32-Compat,round_05_position_2_Cloud-RCS-FP32-Compat,66,logits,1787650572231544188,1787650572266563730,35.019131999999999,2,2,2,,0
Node1,Cloud-RCS-FP32-Compat,round_05_position_2_Cloud-RCS-FP32-Compat,67,logits,1787650572266563990,1787650572301439185,34.874783999999998,2,2,2,,0
Node1,Cloud-RCS-FP32-Compat,round_05_position_2_Cloud-RCS-FP32-Compat,68,logits,1787650572301439565,1787650572335883842,34.443886999999997,2,2,2,,0
Node1,Cloud-RCS-FP32-Compat,round_05_position_2_Cloud-RCS-FP32-Compat,69,logits,1787650572335884122,1787650572370590615,34.706063,2,2,2,,0
Node1,Cloud-RCS-FP32-Compat,round_05_position_2_Cloud-RCS-FP32-Compat,70,logits,1787650572370591195,1787650572405022042,34.430577,2,2,2,,0
Node1,Cloud-RCS-FP32-Compat,round_05_position_2_Cloud-RCS-FP32-Compat,71,logits,1787650572405022322,1787650572439665551,34.642819000000003,2,2,2,,0
Node1,Cloud-RCS-FP32-Compat,round_05_position_2_Cloud-RCS-FP32-Compat,72,logits,1787650572439665971,1787650572474660562,34.994191000000001,2,2,2,,0
Node1,Cloud-RCS-FP32-Compat,round_05_position_2_Cloud-RCS-FP32-Compat,73,logits,1787650572474660932,1787650572513304281,38.642879000000001,2,2,2,,0
Node1,Cloud-RCS-FP32-Compat,round_05_position_2_Cloud-RCS-FP32-Compat,74,logits,1787650572513304911,1787650572550412194,37.106703000000003,2,2,2,,0
Node1,Cloud-RCS-FP32-Compat,round_05_position_2_Cloud-RCS-FP32-Compat,75,logits,1787650572550412715,1787650572587414421,37.001266000000001,2,2,2,,0
Node1,Cloud-RCS-FP32-Compat,round_05_position_2_Cloud-RCS-FP32-Compat,76,logits,1787650572587414701,1787650572623019540,35.604399000000001,2,2,2,,0
Node1,Cloud-RCS-FP32-Compat,round_05_position_2_Cloud-RCS-FP32-Compat,77,logits,1787650572623019800,1787650572659003224,35.983002999999997,2,2,2,,0
Node1,Cloud-RCS-FP32-Compat,round_05_position_2_Cloud-RCS-FP32-Compat,78,logits,1787650572659003594,1787650572695704441,36.700367,2,2,2,,0
Node1,Cloud-RCS-FP32-Compat,round_05_position_2_Cloud-RCS-FP32-Compat,79,logits,1787650572695704701,1787650572732319343,36.614381999999999,2,2,2,,0
Node1,Cloud-RCS-FP32-Compat,round_05_position_2_Cloud-RCS-FP32-Compat,80,logits,1787650572732319873,1787650572768950197,36.630063999999997,2,2,2,,0
Node1,Cloud-RCS-FP32-Compat,round_05_position_2_Cloud-RCS-FP32-Compat,81,logits,1787650572768950607,1787650572805224908,36.273851000000001,2,2,2,,0
Node1,Cloud-RCS-FP32-Compat,round_05_position_2_Cloud-RCS-FP32-Compat,82,logits,1787650572805225308,1787650572841728773,36.503025000000001,2,2,2,,0
Node1,Cloud-RCS-FP32-Compat,round_05_position_2_Cloud-RCS-FP32-Compat,83,logits,1787650572841729043,1787650572878077889,36.348436,2,2,2,,0
Node1,Cloud-RCS-FP32-Compat,round_05_position_2_Cloud-RCS-FP32-Compat,84,logits,1787650572878078319,1787650572913745353,35.666744000000001,2,2,2,,0
Node1,Cloud-RCS-FP32-Compat,round_05_position_2_Cloud-RCS-FP32-Compat,85,logits,1787650572913745723,1787650572949894166,36.148043000000001,2,2,2,,0
Node1,Cloud-RCS-FP32-Compat,round_05_position_2_Cloud-RCS-FP32-Compat,86,logits,1787650572949894546,1787650572986364629,36.469673,2,2,2,,0
Node1,Cloud-RCS-FP32-Compat,round_05_position_2_Cloud-RCS-FP32-Compat,87,logits,1787650572986365039,1787650573023226307,36.860748000000001,2,2,2,,0
Node1,Cloud-RCS-FP32-Compat,round_05_position_2_Cloud-RCS-FP32-Compat,88,logits,1787650573023226937,1787650573061215396,37.987938999999997,2,2,2,,0
Node1,Cloud-RCS-FP32-Compat,round_05_position_2_Cloud-RCS-FP32-Compat,89,logits,1787650573061215786,1787650573097397291,36.181075,2,2,2,,0
Node1,Cloud-RCS-FP32-Compat,round_05_position_2_Cloud-RCS-FP32-Compat,90,logits,1787650573097397661,1787650573134799463,37.401381999999998,2,2,2,,0
Node1,Cloud-RCS-FP32-Compat,round_05_position_2_Cloud-RCS-FP32-Compat,91,logits,1787650573134799743,1787650573172047635,37.247452000000003,2,2,2,,0
Node1,Cloud-RCS-FP32-Compat,round_05_position_2_Cloud-RCS-FP32-Compat,92,logits,1787650573172048015,1787650573209372732,37.324257000000003,2,2,2,,0
Node1,Cloud-RCS-FP32-Compat,round_05_position_2_Cloud-RCS-FP32-Compat,93,logits,1787650573209373122,1787650573246484865,37.111302999999999,2,2,2,,0
Node1,Cloud-RCS-FP32-Compat,round_05_position_2_Cloud-RCS-FP32-Compat,94,logits,1787650573246485235,1787650573286031061,39.545416000000003,2,2,2,,0
Node1,Cloud-RCS-FP32-Compat,round_05_position_2_Cloud-RCS-FP32-Compat,95,logits,1787650573286031481,1787650573322641243,36.609372,2,2,2,,0
Node1,Cloud-RCS-FP32-Compat,round_05_position_2_Cloud-RCS-FP32-Compat,96,logits,1787650573322641513,1787650573359662531,37.020578,2,2,2,,0
Node1,Cloud-RCS-FP32-Compat,round_05_position_2_Cloud-RCS-FP32-Compat,97,logits,1787650573359663171,1787650573396836048,37.172207,2,2,2,,0
Node1,Cloud-RCS-FP32-Compat,round_05_position_2_Cloud-RCS-FP32-Compat,98,logits,1787650573396836438,1787650573436246545,39.409657000000003,2,2,2,,0
Node1,Cloud-RCS-FP32-Compat,round_05_position_2_Cloud-RCS-FP32-Compat,99,logits,1787650573436246865,1787650573476598210,40.350805000000001,2,2,2,,0
Node1,Cloud-RCS-FP32-Compat,round_05_position_2_Cloud-RCS-FP32-Compat,100,logits,1787650573476598590,1787650573514270639,37.671629000000003,2,2,2,,0
Node1,Cloud-RCS-FP32-Compat,round_05_position_2_Cloud-RCS-FP32-Compat,101,logits,1787650573514271079,1787650573550537890,36.266390999999999,2,2,2,,0
Node1,Cloud-RCS-FP32-Compat,round_05_position_2_Cloud-RCS-FP32-Compat,102,logits,1787650573550538280,1787650573588419641,37.880960999999999,2,2,2,,0
Node1,Cloud-RCS-FP32-Compat,round_05_position_2_Cloud-RCS-FP32-Compat,103,logits,1787650573588420041,1787650573625573977,37.153516000000003,2,2,2,,0
Node1,Cloud-RCS-FP32-Compat,round_05_position_2_Cloud-RCS-FP32-Compat,104,logits,1787650573625574357,1787650573662449696,36.874929000000002,2,2,2,,0
Node1,Cloud-RCS-FP32-Compat,round_05_position_2_Cloud-RCS-FP32-Compat,105,logits,1787650573662450096,1787650573699733420,37.282893999999999,2,2,2,,0
Node1,Cloud-RCS-FP32-Compat,round_05_position_2_Cloud-RCS-FP32-Compat,106,logits,1787650573699733740,1787650573737578809,37.844518999999998,2,2,2,,0
Node1,Cloud-RCS-FP32-Compat,round_05_position_2_Cloud-RCS-FP32-Compat,107,logits,1787650573737579189,1787650573774299228,36.719608999999998,2,2,2,,0
Node1,Cloud-RCS-FP32-Compat,round_05_position_2_Cloud-RCS-FP32-Compat,108,logits,1787650573774299608,1787650573810384198,36.08417,2,2,2,,0
Node1,Cloud-RCS-FP32-Compat,round_05_position_2_Cloud-RCS-FP32-Compat,109,logits,1787650573810384568,1787650573846356120,35.971271999999999,2,2,2,,0
Node1,Cloud-RCS-FP32-Compat,round_05_position_2_Cloud-RCS-FP32-Compat,110,logits,1787650573846356500,1787650573882003623,35.646732999999998,2,2,2,,0
Node1,Cloud-RCS-FP32-Compat,round_05_position_2_Cloud-RCS-FP32-Compat,111,logits,1787650573882003903,1787650573917604052,35.599729000000004,2,2,2,,0
Node1,Cloud-RCS-FP32-Compat,round_05_position_2_Cloud-RCS-FP32-Compat,112,logits,1787650573917604452,1787650573952772814,35.167952,2,2,2,,0
Node1,Cloud-RCS-FP32-Compat,round_05_position_2_Cloud-RCS-FP32-Compat,113,logits,1787650573952773064,1787650573987593745,34.820281000000001,2,2,2,,0
Node1,Cloud-RCS-FP32-Compat,round_05_position_2_Cloud-RCS-FP32-Compat,114,logits,1787650573987594155,1787650574021730734,34.135919000000001,2,2,2,,0
Node1,Cloud-RCS-FP32-Compat,round_05_position_2_Cloud-RCS-FP32-Compat,115,logits,1787650574021731104,1787650574058727030,36.995496000000003,2,2,2,,0
Node1,Cloud-RCS-FP32-Compat,round_05_position_2_Cloud-RCS-FP32-Compat,116,logits,1787650574058727480,1787650574092762762,34.034902000000002,2,2,2,,0
Node1,Cloud-RCS-FP32-Compat,round_05_position_2_Cloud-RCS-FP32-Compat,117,logits,1787650574092763132,1787650574126984495,34.220922999999999,2,2,2,,0
Node1,Cloud-RCS-FP32-Compat,round_05_position_2_Cloud-RCS-FP32-Compat,118,logits,1787650574126985075,1787650574161730091,34.744616000000001,2,2,2,,0
Node1,Cloud-RCS-FP32-Compat,round_05_position_2_Cloud-RCS-FP32-Compat,119,logits,1787650574161730502,1787650574196875462,35.144559999999998,2,2,2,,0
Node1,Cloud-RCS-FP32-Compat,round_05_position_2_Cloud-RCS-FP32-Compat,120,logits,1787650574196876192,1787650574231775038,34.898406000000001,2,2,2,,0
Node1,Cloud-RCS-FP32-Compat,round_05_position_2_Cloud-RCS-FP32-Compat,121,logits,1787650574231775428,1787650574267415230,35.639532000000003,2,2,2,,0
Node1,Cloud-RCS-FP32-Compat,round_05_position_2_Cloud-RCS-FP32-Compat,122,logits,1787650574267415910,1787650574303192171,35.775860999999999,2,2,2,,0
Node1,Cloud-RCS-FP32-Compat,round_05_position_2_Cloud-RCS-FP32-Compat,123,logits,1787650574303192571,1787650574337989430,34.796438999999999,2,2,2,,0
Node1,Cloud-RCS-FP32-Compat,round_05_position_2_Cloud-RCS-FP32-Compat,124,logits,1787650574337989940,1787650574372789439,34.799228999999997,2,2,2,,0
Node1,Cloud-RCS-FP32-Compat,round_05_position_2_Cloud-RCS-FP32-Compat,125,logits,1787650574372789809,1787650574407705726,34.915517000000001,2,2,2,,0
Node1,Cloud-RCS-FP32-Compat,round_05_position_2_Cloud-RCS-FP32-Compat,126,logits,1787650574407706096,1787650574442606572,34.900075999999999,2,2,2,,0
Node1,Cloud-RCS-FP32-Compat,round_05_position_2_Cloud-RCS-FP32-Compat,127,logits,1787650574442607212,1787650574479575867,36.968265000000002,2,2,2,,0
Node1,Cloud-RCS-FP32-Compat,round_05_position_2_Cloud-RCS-FP32-Compat,128,logits,1787650574479576137,1787650574515355268,35.778711000000001,2,2,2,,0
Node1,Cloud-RCS-FP32-Compat,round_05_position_2_Cloud-RCS-FP32-Compat,129,logits,1787650574515355638,1787650574551399155,36.043126999999998,2,2,2,,0
Node1,Cloud-RCS-FP32-Compat,round_05_position_2_Cloud-RCS-FP32-Compat,130,logits,1787650574551399525,1787650574586981013,35.581068000000002,2,2,2,,0
Node1,Cloud-RCS-FP32-Compat,round_05_position_2_Cloud-RCS-FP32-Compat,131,logits,1787650574586981273,1787650574623030460,36.048746999999999,2,2,2,,0
Node1,Cloud-RCS-FP32-Compat,round_05_position_2_Cloud-RCS-FP32-Compat,132,logits,1787650574623031320,1787650574659505224,36.473044000000002,2,2,2,,0
Node1,Cloud-RCS-FP32-Compat,round_05_position_2_Cloud-RCS-FP32-Compat,133,logits,1787650574659505664,1787650574697962162,38.456068000000002,2,2,2,,0
Node1,Cloud-RCS-FP32-Compat,round_05_position_2_Cloud-RCS-FP32-Compat,134,logits,1787650574697962572,1787650574738372201,40.409179000000002,2,2,2,,0
Node1,Cloud-RCS-FP32-Compat,round_05_position_2_Cloud-RCS-FP32-Compat,135,logits,1787650574738372581,1787650574773912617,35.539625999999998,2,2,2,,0
Node1,Cloud-RCS-FP32-Compat,round_05_position_2_Cloud-RCS-FP32-Compat,136,logits,1787650574773913017,1787650574813704248,39.790470999999997,2,2,2,,0
Node1,Cloud-RCS-FP32-Compat,round_05_position_2_Cloud-RCS-FP32-Compat,137,logits,1787650574813704548,1787650574852066319,38.361361000000002,2,2,2,,0
Node1,Cloud-RCS-FP32-Compat,round_05_position_2_Cloud-RCS-FP32-Compat,138,logits,1787650574852066699,1787650574889473811,37.406682000000004,2,2,2,,0
Node1,Cloud-RCS-FP32-Compat,round_05_position_2_Cloud-RCS-FP32-Compat,139,logits,1787650574889474191,1787650574933498066,44.023474999999998,2,2,2,,0
Node1,Cloud-RCS-FP32-Compat,round_05_position_2_Cloud-RCS-FP32-Compat,140,logits,1787650574933498626,1787650574977878653,44.379637000000002,2,2,2,,0
Node1,Cloud-RCS-FP32-Compat,round_05_position_2_Cloud-RCS-FP32-Compat,141,logits,1787650574977879093,1787650575014412290,36.532936999999997,2,2,2,,0
Node1,Cloud-RCS-FP32-Compat,round_05_position_2_Cloud-RCS-FP32-Compat,142,logits,1787650575014412680,1787650575051262708,36.849628000000003,2,2,2,,0
Node1,Cloud-RCS-FP32-Compat,round_05_position_2_Cloud-RCS-FP32-Compat,143,logits,1787650575051263118,1787650575087223590,35.960011999999999,2,2,2,,0
Node1,Cloud-RCS-FP32-Compat,round_05_position_2_Cloud-RCS-FP32-Compat,144,logits,1787650575087223960,1787650575122884743,35.660392999999999,2,2,2,,0
Node1,Cloud-RCS-FP32-Compat,round_05_position_2_Cloud-RCS-FP32-Compat,145,logits,1787650575122885113,1787650575159104722,36.219078000000003,2,2,2,,0
Node1,Cloud-RCS-FP32-Compat,round_05_position_2_Cloud-RCS-FP32-Compat,146,logits,1787650575159105262,1787650575195073414,35.967731999999998,2,2,2,,0
Node1,Cloud-RCS-FP32-Compat,round_05_position_2_Cloud-RCS-FP32-Compat,147,logits,1787650575195073714,1787650575236865590,41.791435999999997,2,2,2,,0
Node1,Cloud-RCS-FP32-Compat,round_05_position_2_Cloud-RCS-FP32-Compat,148,logits,1787650575236865980,1787650575272480270,35.613869999999999,2,2,2,,0
Node1,Cloud-RCS-FP32-Compat,round_05_position_2_Cloud-RCS-FP32-Compat,149,logits,1787650575272480690,1787650575308442262,35.961162000000002,2,2,2,,0
Node1,Cloud-RCS-FP32-Compat,round_05_position_2_Cloud-RCS-FP32-Compat,150,logits,1787650575308442652,1787650575343959277,35.516224999999999,2,2,2,,0
Node1,Cloud-RCS-FP32-Compat,round_05_position_2_Cloud-RCS-FP32-Compat,151,logits,1787650575343959547,1787650575379251017,35.291049999999998,2,2,2,,0
Node1,Cloud-RCS-FP32-Compat,round_05_position_2_Cloud-RCS-FP32-Compat,152,logits,1787650575379251427,1787650575415277503,36.025675999999997,2,2,2,,0
Node1,Cloud-RCS-FP32-Compat,round_05_position_2_Cloud-RCS-FP32-Compat,153,logits,1787650575415277883,1787650575452614961,37.336677999999999,2,2,2,,0
Node1,Cloud-RCS-FP32-Compat,round_05_position_2_Cloud-RCS-FP32-Compat,154,logits,1787650575452615351,1787650575487181876,34.566085000000001,2,2,2,,0
Node1,Cloud-RCS-FP32-Compat,round_05_position_2_Cloud-RCS-FP32-Compat,155,logits,1787650575487182246,1787650575523474649,36.291952999999999,2,2,2,,0
Node1,Cloud-RCS-FP32-Compat,round_05_position_2_Cloud-RCS-FP32-Compat,156,logits,1787650575523475049,1787650575557539313,34.063834,2,2,2,,0
Node1,Cloud-RCS-FP32-Compat,round_05_position_2_Cloud-RCS-FP32-Compat,157,logits,1787650575557539583,1787650575594998148,37.458015000000003,2,2,2,,0
Node1,Cloud-RCS-FP32-Compat,round_05_position_2_Cloud-RCS-FP32-Compat,158,logits,1787650575594998528,1787650575628883631,33.884842999999996,2,2,2,,0
Node1,Cloud-RCS-FP32-Compat,round_05_position_2_Cloud-RCS-FP32-Compat,159,logits,1787650575628884021,1787650575662301775,33.417344,2,2,2,,0
Node1,Cloud-RCS-FP32-Compat,round_05_position_2_Cloud-RCS-FP32-Compat,160,logits,1787650575662302145,1787650575696220399,33.917994,2,2,2,,0
Node1,Cloud-RCS-FP32-Compat,round_05_position_2_Cloud-RCS-FP32-Compat,161,logits,1787650575696220769,1787650575729288131,33.067101999999998,2,2,2,,0
Node1,Cloud-RCS-FP32-Compat,round_05_position_2_Cloud-RCS-FP32-Compat,162,logits,1787650575729288651,1787650575762294738,33.005826999999996,2,2,2,,0
Node1,Cloud-RCS-FP32-Compat,round_05_position_2_Cloud-RCS-FP32-Compat,163,logits,1787650575762295128,1787650575795159328,32.863900000000001,2,2,2,,0
Node1,Cloud-RCS-FP32-Compat,round_05_position_2_Cloud-RCS-FP32-Compat,164,logits,1787650575795159698,1787650575828185147,33.025199000000001,2,2,2,,0
Node1,Cloud-RCS-FP32-Compat,round_05_position_2_Cloud-RCS-FP32-Compat,165,logits,1787650575828185527,1787650575861362925,33.177148000000003,2,2,2,,0
Node1,Cloud-RCS-FP32-Compat,round_05_position_2_Cloud-RCS-FP32-Compat,166,logits,1787650575861363645,1787650575894535334,33.171429000000003,2,2,2,,0
Node1,Cloud-RCS-FP32-Compat,round_05_position_2_Cloud-RCS-FP32-Compat,167,logits,1787650575894535854,1787650575928461429,33.925314999999998,2,2,2,,0
Node1,Cloud-RCS-FP32-Compat,round_05_position_2_Cloud-RCS-FP32-Compat,168,logits,1787650575928462099,1787650575963220196,34.757826999999999,2,2,2,,0
Node1,Cloud-RCS-FP32-Compat,round_05_position_2_Cloud-RCS-FP32-Compat,169,logits,1787650575963220466,1787650575997627171,34.406314999999999,2,2,2,,0
Node1,Cloud-RCS-FP32-Compat,round_05_position_2_Cloud-RCS-FP32-Compat,170,logits,1787650575997627811,1787650576031838964,34.210723000000002,2,2,2,,0
Node1,Cloud-RCS-FP32-Compat,round_05_position_2_Cloud-RCS-FP32-Compat,171,logits,1787650576031839234,1787650576066967244,35.127589999999998,2,2,2,,0
Node1,Cloud-RCS-FP32-Compat,round_05_position_2_Cloud-RCS-FP32-Compat,172,logits,1787650576066967694,1787650576101733032,34.764918000000002,2,2,2,,0
Node1,Cloud-RCS-FP32-Compat,round_05_position_2_Cloud-RCS-FP32-Compat,173,logits,1787650576101733322,1787650576136127297,34.393363999999998,2,2,2,,0
Node1,Cloud-RCS-FP32-Compat,round_05_position_2_Cloud-RCS-FP32-Compat,174,logits,1787650576136127707,1787650576170446706,34.318609000000002,2,2,2,,0
Node1,Cloud-RCS-FP32-Compat,round_05_position_2_Cloud-RCS-FP32-Compat,175,logits,1787650576170446966,1787650576205355013,34.907747000000001,2,2,2,,0
Node1,Cloud-RCS-FP32-Compat,round_05_position_2_Cloud-RCS-FP32-Compat,176,logits,1787650576205355273,1787650576240296032,34.940368999999997,2,2,2,,0
Node1,Cloud-RCS-FP32-Compat,round_05_position_2_Cloud-RCS-FP32-Compat,177,logits,1787650576240296452,1787650576275601803,35.304901000000001,2,2,2,,0
Node1,Cloud-RCS-FP32-Compat,round_05_position_2_Cloud-RCS-FP32-Compat,178,logits,1787650576275602203,1787650576310789647,35.187004000000002,2,2,2,,0
Node1,Cloud-RCS-FP32-Compat,round_05_position_2_Cloud-RCS-FP32-Compat,179,logits,1787650576310790137,1787650576346168383,35.377955999999998,2,2,2,,0
Node1,Cloud-RCS-FP32-Compat,round_05_position_2_Cloud-RCS-FP32-Compat,180,logits,1787650576346168773,1787650576381354247,35.185063999999997,2,2,2,,0
Node1,Cloud-RCS-FP32-Compat,round_05_position_2_Cloud-RCS-FP32-Compat,181,logits,1787650576381354977,1787650576415885160,34.529733,2,2,2,,0
Node1,Cloud-RCS-FP32-Compat,round_05_position_2_Cloud-RCS-FP32-Compat,182,logits,1787650576415885420,1787650576450740203,34.854343,2,2,2,,0
Node1,Cloud-RCS-FP32-Compat,round_05_position_2_Cloud-RCS-FP32-Compat,183,logits,1787650576450740573,1787650576487268691,36.527818000000003,2,2,2,,0
Node1,Cloud-RCS-FP32-Compat,round_05_position_2_Cloud-RCS-FP32-Compat,184,logits,1787650576487269191,1787650576523706843,36.437092,2,2,2,,0
Node1,Cloud-RCS-FP32-Compat,round_05_position_2_Cloud-RCS-FP32-Compat,185,logits,1787650576523707253,1787650576560065939,36.357965999999998,2,2,2,,0
Node1,Cloud-RCS-FP32-Compat,round_05_position_2_Cloud-RCS-FP32-Compat,186,logits,1787650576560066489,1787650576596390014,36.323084999999999,2,2,2,,0
Node1,Cloud-RCS-FP32-Compat,round_05_position_2_Cloud-RCS-FP32-Compat,187,logits,1787650576596390894,1787650576635717867,39.326543000000001,2,2,2,,0
Node1,Cloud-RCS-FP32-Compat,round_05_position_2_Cloud-RCS-FP32-Compat,188,logits,1787650576635718137,1787650576673844864,38.126306999999997,2,2,2,,0
Node1,Cloud-RCS-FP32-Compat,round_05_position_2_Cloud-RCS-FP32-Compat,189,logits,1787650576673845254,1787650576713449313,39.603599000000003,2,2,2,,0
Node1,Cloud-RCS-FP32-Compat,round_05_position_2_Cloud-RCS-FP32-Compat,190,logits,1787650576713449713,1787650576752407372,38.957248999999997,2,2,2,,0
Node1,Cloud-RCS-FP32-Compat,round_05_position_2_Cloud-RCS-FP32-Compat,191,logits,1787650576752407742,1787650576790589653,38.181460999999999,2,2,2,,0
Node1,Cloud-RCS-FP32-Compat,round_05_position_2_Cloud-RCS-FP32-Compat,192,logits,1787650576790589913,1787650576830145340,39.554977000000001,2,2,2,,0
Node1,Cloud-RCS-FP32-Compat,round_05_position_2_Cloud-RCS-FP32-Compat,193,logits,1787650576830145740,1787650576870148293,40.002142999999997,2,2,2,,0
Node1,Cloud-RCS-FP32-Compat,round_05_position_2_Cloud-RCS-FP32-Compat,194,logits,1787650576870148723,1787650576909640716,39.491103000000003,2,2,2,,0
Node1,Cloud-RCS-FP32-Compat,round_05_position_2_Cloud-RCS-FP32-Compat,195,logits,1787650576909641026,1787650576949106247,39.464820000000003,2,2,2,,0
Node1,Cloud-RCS-FP32-Compat,round_05_position_2_Cloud-RCS-FP32-Compat,196,logits,1787650576949106617,1787650576988644382,39.537365000000001,2,2,2,,0
Node1,Cloud-RCS-FP32-Compat,round_05_position_2_Cloud-RCS-FP32-Compat,197,logits,1787650576988644772,1787650577025307958,36.662446000000003,2,2,2,,0
Node1,Cloud-RCS-FP32-Compat,round_05_position_2_Cloud-RCS-FP32-Compat,198,logits,1787650577025308358,1787650577062315626,37.006858000000001,2,2,2,,0
Node1,Cloud-RCS-FP32-Compat,round_05_position_2_Cloud-RCS-FP32-Compat,199,logits,1787650577062316016,1787650577100522828,38.206392000000001,2,2,2,,0
Node1,Cloud-RCS-MP-Task-v2,round_05_position_3_Cloud-RCS-MP-Task-v2,0,logits,1787650602219881111,1787650602253347461,33.465600000000002,2,2,2,,0
Node1,Cloud-RCS-MP-Task-v2,round_05_position_3_Cloud-RCS-MP-Task-v2,1,logits,1787650602253347951,1787650602287155002,33.806610999999997,2,2,2,,0
Node1,Cloud-RCS-MP-Task-v2,round_05_position_3_Cloud-RCS-MP-Task-v2,2,logits,1787650602287155492,1787650602320718528,33.562606000000002,2,2,2,,0
Node1,Cloud-RCS-MP-Task-v2,round_05_position_3_Cloud-RCS-MP-Task-v2,3,logits,1787650602320719028,1787650602353731980,33.012371000000002,2,2,2,,0
Node1,Cloud-RCS-MP-Task-v2,round_05_position_3_Cloud-RCS-MP-Task-v2,4,logits,1787650602353732490,1787650602386513057,32.780166999999999,2,2,2,,0
Node1,Cloud-RCS-MP-Task-v2,round_05_position_3_Cloud-RCS-MP-Task-v2,5,logits,1787650602386513447,1787650602420034681,33.520594000000003,2,2,2,,0
Node1,Cloud-RCS-MP-Task-v2,round_05_position_3_Cloud-RCS-MP-Task-v2,6,logits,1787650602420035071,1787650602455111671,35.076180000000001,2,2,2,,0
Node1,Cloud-RCS-MP-Task-v2,round_05_position_3_Cloud-RCS-MP-Task-v2,7,logits,1787650602455112221,1787650602488950845,33.837544000000001,2,2,2,,0
Node1,Cloud-RCS-MP-Task-v2,round_05_position_3_Cloud-RCS-MP-Task-v2,8,logits,1787650602488951755,1787650602521850489,32.898344000000002,2,2,2,,0
Node1,Cloud-RCS-MP-Task-v2,round_05_position_3_Cloud-RCS-MP-Task-v2,9,logits,1787650602521850999,1787650602553908522,32.057113000000001,2,2,2,,0
Node1,Cloud-RCS-MP-Task-v2,round_05_position_3_Cloud-RCS-MP-Task-v2,10,logits,1787650602553908942,1787650602585526086,31.616734000000001,2,2,2,,0
Node1,Cloud-RCS-MP-Task-v2,round_05_position_3_Cloud-RCS-MP-Task-v2,11,logits,1787650602585526466,1787650602619127755,33.600898999999998,2,2,2,,0
Node1,Cloud-RCS-MP-Task-v2,round_05_position_3_Cloud-RCS-MP-Task-v2,12,logits,1787650602619128155,1787650602652843980,33.715314999999997,2,2,2,,0
Node1,Cloud-RCS-MP-Task-v2,round_05_position_3_Cloud-RCS-MP-Task-v2,13,logits,1787650602652844370,1787650602683360856,30.516086000000001,2,2,2,,0
Node1,Cloud-RCS-MP-Task-v2,round_05_position_3_Cloud-RCS-MP-Task-v2,14,logits,1787650602683361366,1787650602714935958,31.574172000000001,2,2,2,,0
Node1,Cloud-RCS-MP-Task-v2,round_05_position_3_Cloud-RCS-MP-Task-v2,15,logits,1787650602714936408,1787650602746359400,31.422091999999999,2,2,2,,0
Node1,Cloud-RCS-MP-Task-v2,round_05_position_3_Cloud-RCS-MP-Task-v2,16,logits,1787650602746360210,1787650602778678499,32.317878999999998,2,2,2,,0
Node1,Cloud-RCS-MP-Task-v2,round_05_position_3_Cloud-RCS-MP-Task-v2,17,logits,1787650602778679059,1787650602811201910,32.522281,2,2,2,,0
Node1,Cloud-RCS-MP-Task-v2,round_05_position_3_Cloud-RCS-MP-Task-v2,18,logits,1787650602811202450,1787650602843260902,32.058011999999998,2,2,2,,0
Node1,Cloud-RCS-MP-Task-v2,round_05_position_3_Cloud-RCS-MP-Task-v2,19,logits,1787650602843261322,1787650602874207715,30.945972999999999,2,2,2,,0
Node1,Cloud-RCS-MP-Task-v2,round_05_position_3_Cloud-RCS-MP-Task-v2,20,logits,1787650602874208225,1787650602905537701,31.329056000000001,2,2,2,,0
Node1,Cloud-RCS-MP-Task-v2,round_05_position_3_Cloud-RCS-MP-Task-v2,21,logits,1787650602905537921,1787650602936521686,30.983374999999999,2,2,2,,0
Node1,Cloud-RCS-MP-Task-v2,round_05_position_3_Cloud-RCS-MP-Task-v2,22,logits,1787650602936522066,1787650602967913967,31.391380999999999,2,2,2,,0
Node1,Cloud-RCS-MP-Task-v2,round_05_position_3_Cloud-RCS-MP-Task-v2,23,logits,1787650602967914317,1787650602999086393,31.171586000000001,2,2,2,,0
Node1,Cloud-RCS-MP-Task-v2,round_05_position_3_Cloud-RCS-MP-Task-v2,24,logits,1787650602999086783,1787650603030293382,31.206199000000002,2,2,2,,0
Node1,Cloud-RCS-MP-Task-v2,round_05_position_3_Cloud-RCS-MP-Task-v2,25,logits,1787650603030293653,1787650603061468249,31.173846000000001,2,2,2,,0
Node1,Cloud-RCS-MP-Task-v2,round_05_position_3_Cloud-RCS-MP-Task-v2,26,logits,1787650603061468629,1787650603092090852,30.621722999999999,2,2,2,,0
Node1,Cloud-RCS-MP-Task-v2,round_05_position_3_Cloud-RCS-MP-Task-v2,27,logits,1787650603092091102,1787650603134598427,42.506905000000003,2,2,2,,0
Node1,Cloud-RCS-MP-Task-v2,round_05_position_3_Cloud-RCS-MP-Task-v2,28,logits,1787650603134598947,1787650603169970036,35.370668999999999,2,2,2,,0
Node1,Cloud-RCS-MP-Task-v2,round_05_position_3_Cloud-RCS-MP-Task-v2,29,logits,1787650603169970266,1787650603200902258,30.931591999999998,2,2,2,,0
Node1,Cloud-RCS-MP-Task-v2,round_05_position_3_Cloud-RCS-MP-Task-v2,30,logits,1787650603200902618,1787650603231409383,30.506315000000001,2,2,2,,0
Node1,Cloud-RCS-MP-Task-v2,round_05_position_3_Cloud-RCS-MP-Task-v2,31,logits,1787650603231410093,1787650603262512016,31.101503000000001,2,2,2,,0
Node1,Cloud-RCS-MP-Task-v2,round_05_position_3_Cloud-RCS-MP-Task-v2,32,logits,1787650603262512546,1787650603292971008,30.458082000000001,2,2,2,,0
Node1,Cloud-RCS-MP-Task-v2,round_05_position_3_Cloud-RCS-MP-Task-v2,33,logits,1787650603292971348,1787650603323256399,30.284651,2,2,2,,0
Node1,Cloud-RCS-MP-Task-v2,round_05_position_3_Cloud-RCS-MP-Task-v2,34,logits,1787650603323256869,1787650603355131560,31.874141000000002,2,2,2,,0
Node1,Cloud-RCS-MP-Task-v2,round_05_position_3_Cloud-RCS-MP-Task-v2,35,logits,1787650603355131930,1787650603385294794,30.162454,2,2,2,,0
Node1,Cloud-RCS-MP-Task-v2,round_05_position_3_Cloud-RCS-MP-Task-v2,36,logits,1787650603385295144,1787650603416120789,30.825254999999999,2,2,2,,0
Node1,Cloud-RCS-MP-Task-v2,round_05_position_3_Cloud-RCS-MP-Task-v2,37,logits,1787650603416121169,1787650603446450293,30.328683999999999,2,2,2,,0
Node1,Cloud-RCS-MP-Task-v2,round_05_position_3_Cloud-RCS-MP-Task-v2,38,logits,1787650603446450553,1787650603477920859,31.469856,2,2,2,,0
Node1,Cloud-RCS-MP-Task-v2,round_05_position_3_Cloud-RCS-MP-Task-v2,39,logits,1787650603477921479,1787650603511698258,33.776378999999999,2,2,2,,0
Node1,Cloud-RCS-MP-Task-v2,round_05_position_3_Cloud-RCS-MP-Task-v2,40,logits,1787650603511698819,1787650603544000586,32.301377000000002,2,2,2,,0
Node1,Cloud-RCS-MP-Task-v2,round_05_position_3_Cloud-RCS-MP-Task-v2,41,logits,1787650603544001166,1787650603574134178,30.132221999999999,2,2,2,,0
Node1,Cloud-RCS-MP-Task-v2,round_05_position_3_Cloud-RCS-MP-Task-v2,42,logits,1787650603574134398,1787650603604756741,30.621953000000001,2,2,2,,0
Node1,Cloud-RCS-MP-Task-v2,round_05_position_3_Cloud-RCS-MP-Task-v2,43,logits,1787650603604756971,1787650603636055875,31.298504000000001,2,2,2,,0
Node1,Cloud-RCS-MP-Task-v2,round_05_position_3_Cloud-RCS-MP-Task-v2,44,logits,1787650603636056405,1787650603668768708,32.711883,2,2,2,,0
Node1,Cloud-RCS-MP-Task-v2,round_05_position_3_Cloud-RCS-MP-Task-v2,45,logits,1787650603668769208,1787650603699553281,30.783663000000001,2,2,2,,0
Node1,Cloud-RCS-MP-Task-v2,round_05_position_3_Cloud-RCS-MP-Task-v2,46,logits,1787650603699553801,1787650603731231409,31.677178000000001,2,2,2,,0
Node1,Cloud-RCS-MP-Task-v2,round_05_position_3_Cloud-RCS-MP-Task-v2,47,logits,1787650603731231970,1787650603762591588,31.359207999999999,2,2,2,,0
Node1,Cloud-RCS-MP-Task-v2,round_05_position_3_Cloud-RCS-MP-Task-v2,48,logits,1787650603762591968,1787650603794913017,32.320628999999997,2,2,2,,0
Node1,Cloud-RCS-MP-Task-v2,round_05_position_3_Cloud-RCS-MP-Task-v2,49,logits,1787650603794913437,1787650603828465772,33.551805000000002,2,2,2,,0
Node1,Cloud-RCS-MP-Task-v2,round_05_position_3_Cloud-RCS-MP-Task-v2,50,logits,1787650603828466182,1787650603860774000,32.307437999999998,2,2,2,,0
Node1,Cloud-RCS-MP-Task-v2,round_05_position_3_Cloud-RCS-MP-Task-v2,51,logits,1787650603860774500,1787650603892618639,31.843558999999999,2,2,2,,0
Node1,Cloud-RCS-MP-Task-v2,round_05_position_3_Cloud-RCS-MP-Task-v2,52,logits,1787650603892619059,1787650603925699335,33.079506000000002,2,2,2,,0
Node1,Cloud-RCS-MP-Task-v2,round_05_position_3_Cloud-RCS-MP-Task-v2,53,logits,1787650603925699705,1787650603957727545,32.027140000000003,2,2,2,,0
Node1,Cloud-RCS-MP-Task-v2,round_05_position_3_Cloud-RCS-MP-Task-v2,54,logits,1787650603957728105,1787650603989900995,32.1721,2,2,2,,0
Node1,Cloud-RCS-MP-Task-v2,round_05_position_3_Cloud-RCS-MP-Task-v2,55,logits,1787650603989901415,1787650604022014650,32.112625000000001,2,2,2,,0
Node1,Cloud-RCS-MP-Task-v2,round_05_position_3_Cloud-RCS-MP-Task-v2,56,logits,1787650604022015170,1787650604053147925,31.132325000000002,2,2,2,,0
Node1,Cloud-RCS-MP-Task-v2,round_05_position_3_Cloud-RCS-MP-Task-v2,57,logits,1787650604053148465,1787650604091986081,38.836945999999998,2,2,2,,0
Node1,Cloud-RCS-MP-Task-v2,round_05_position_3_Cloud-RCS-MP-Task-v2,58,logits,1787650604091986531,1787650604131981909,39.994607999999999,2,2,2,,0
Node1,Cloud-RCS-MP-Task-v2,round_05_position_3_Cloud-RCS-MP-Task-v2,59,logits,1787650604131982289,1787650604164253344,32.270605000000003,2,2,2,,0
Node1,Cloud-RCS-MP-Task-v2,round_05_position_3_Cloud-RCS-MP-Task-v2,60,logits,1787650604164253864,1787650604197044513,32.790249000000003,2,2,2,,0
Node1,Cloud-RCS-MP-Task-v2,round_05_position_3_Cloud-RCS-MP-Task-v2,61,logits,1787650604197045023,1787650604228862830,31.817297,2,2,2,,0
Node1,Cloud-RCS-MP-Task-v2,round_05_position_3_Cloud-RCS-MP-Task-v2,62,logits,1787650604228863400,1787650604260039277,31.175287000000001,2,2,2,,0
Node1,Cloud-RCS-MP-Task-v2,round_05_position_3_Cloud-RCS-MP-Task-v2,63,logits,1787650604260039547,1787650604293575122,33.535145,2,2,2,,0
Node1,Cloud-RCS-MP-Task-v2,round_05_position_3_Cloud-RCS-MP-Task-v2,64,logits,1787650604293575512,1787650604326668128,33.092106000000001,2,2,2,,0
Node1,Cloud-RCS-MP-Task-v2,round_05_position_3_Cloud-RCS-MP-Task-v2,65,logits,1787650604326668809,1787650604360315350,33.646011000000001,2,2,2,,0
Node1,Cloud-RCS-MP-Task-v2,round_05_position_3_Cloud-RCS-MP-Task-v2,66,logits,1787650604360315730,1787650604394181285,33.865105,2,2,2,,0
Node1,Cloud-RCS-MP-Task-v2,round_05_position_3_Cloud-RCS-MP-Task-v2,67,logits,1787650604394181685,1787650604428284115,34.102020000000003,2,2,2,,0
Node1,Cloud-RCS-MP-Task-v2,round_05_position_3_Cloud-RCS-MP-Task-v2,68,logits,1787650604428284625,1787650604461231663,32.946477999999999,2,2,2,,0
Node1,Cloud-RCS-MP-Task-v2,round_05_position_3_Cloud-RCS-MP-Task-v2,69,logits,1787650604461232073,1787650604494317420,33.084916999999997,2,2,2,,0
Node1,Cloud-RCS-MP-Task-v2,round_05_position_3_Cloud-RCS-MP-Task-v2,70,logits,1787650604494317920,1787650604527987483,33.669252999999998,2,2,2,,0
Node1,Cloud-RCS-MP-Task-v2,round_05_position_3_Cloud-RCS-MP-Task-v2,71,logits,1787650604527987903,1787650604560324982,32.336519000000003,2,2,2,,0
Node1,Cloud-RCS-MP-Task-v2,round_05_position_3_Cloud-RCS-MP-Task-v2,72,logits,1787650604560325512,1787650604591302877,30.976965,2,2,2,,0
Node1,Cloud-RCS-MP-Task-v2,round_05_position_3_Cloud-RCS-MP-Task-v2,73,logits,1787650604591303227,1787650604620994902,29.691285000000001,2,2,2,,0
Node1,Cloud-RCS-MP-Task-v2,round_05_position_3_Cloud-RCS-MP-Task-v2,74,logits,1787650604620995252,1787650604651354098,30.358205999999999,2,2,2,,0
Node1,Cloud-RCS-MP-Task-v2,round_05_position_3_Cloud-RCS-MP-Task-v2,75,logits,1787650604651354358,1787650604682282630,30.927692,2,2,2,,0
Node1,Cloud-RCS-MP-Task-v2,round_05_position_3_Cloud-RCS-MP-Task-v2,76,logits,1787650604682283300,1787650604717839441,35.555421000000003,2,2,2,,0
Node1,Cloud-RCS-MP-Task-v2,round_05_position_3_Cloud-RCS-MP-Task-v2,77,logits,1787650604717839871,1787650604751174823,33.334552000000002,2,2,2,,0
Node1,Cloud-RCS-MP-Task-v2,round_05_position_3_Cloud-RCS-MP-Task-v2,78,logits,1787650604751175343,1787650604785965686,34.789763000000001,2,2,2,,0
Node1,Cloud-RCS-MP-Task-v2,round_05_position_3_Cloud-RCS-MP-Task-v2,79,logits,1787650604785966256,1787650604819755706,33.788800000000002,2,2,2,,0
Node1,Cloud-RCS-MP-Task-v2,round_05_position_3_Cloud-RCS-MP-Task-v2,80,logits,1787650604819756236,1787650604852952930,33.196314000000001,2,2,2,,0
Node1,Cloud-RCS-MP-Task-v2,round_05_position_3_Cloud-RCS-MP-Task-v2,81,logits,1787650604852953340,1787650604886116161,33.162201000000003,2,2,2,,0
Node1,Cloud-RCS-MP-Task-v2,round_05_position_3_Cloud-RCS-MP-Task-v2,82,logits,1787650604886116691,1787650604920476217,34.358835999999997,2,2,2,,0
Node1,Cloud-RCS-MP-Task-v2,round_05_position_3_Cloud-RCS-MP-Task-v2,83,logits,1787650604920476597,1787650604952528109,32.050992000000001,2,2,2,,0
Node1,Cloud-RCS-MP-Task-v2,round_05_position_3_Cloud-RCS-MP-Task-v2,84,logits,1787650604952528489,1787650604983486373,30.957343000000002,2,2,2,,0
Node1,Cloud-RCS-MP-Task-v2,round_05_position_3_Cloud-RCS-MP-Task-v2,85,logits,1787650604983486753,1787650605013954886,30.467573000000002,2,2,2,,0
Node1,Cloud-RCS-MP-Task-v2,round_05_position_3_Cloud-RCS-MP-Task-v2,86,logits,1787650605013955416,1787650605045673687,31.717580999999999,2,2,2,,0
Node1,Cloud-RCS-MP-Task-v2,round_05_position_3_Cloud-RCS-MP-Task-v2,87,logits,1787650605045674207,1787650605076142960,30.468233000000001,2,2,2,,0
Node1,Cloud-RCS-MP-Task-v2,round_05_position_3_Cloud-RCS-MP-Task-v2,88,logits,1787650605076143460,1787650605107050261,30.906331000000002,2,2,2,,0
Node1,Cloud-RCS-MP-Task-v2,round_05_position_3_Cloud-RCS-MP-Task-v2,89,logits,1787650605107050661,1787650605137805212,30.754270999999999,2,2,2,,0
Node1,Cloud-RCS-MP-Task-v2,round_05_position_3_Cloud-RCS-MP-Task-v2,90,logits,1787650605137805602,1787650605169249295,31.443142999999999,2,2,2,,0
Node1,Cloud-RCS-MP-Task-v2,round_05_position_3_Cloud-RCS-MP-Task-v2,91,logits,1787650605169249695,1787650605200928914,31.678688999999999,2,2,2,,0
Node1,Cloud-RCS-MP-Task-v2,round_05_position_3_Cloud-RCS-MP-Task-v2,92,logits,1787650605200929434,1787650605231535186,30.605222000000001,2,2,2,,0
Node1,Cloud-RCS-MP-Task-v2,round_05_position_3_Cloud-RCS-MP-Task-v2,93,logits,1787650605231535726,1787650605262191811,30.655674999999999,2,2,2,,0
Node1,Cloud-RCS-MP-Task-v2,round_05_position_3_Cloud-RCS-MP-Task-v2,94,logits,1787650605262192321,1787650605293038998,30.846277000000001,2,2,2,,0
Node1,Cloud-RCS-MP-Task-v2,round_05_position_3_Cloud-RCS-MP-Task-v2,95,logits,1787650605293039508,1787650605324260688,31.220759999999999,2,2,2,,0
Node1,Cloud-RCS-MP-Task-v2,round_05_position_3_Cloud-RCS-MP-Task-v2,96,logits,1787650605324261058,1787650605355165058,30.903580000000002,2,2,2,,0
Node1,Cloud-RCS-MP-Task-v2,round_05_position_3_Cloud-RCS-MP-Task-v2,97,logits,1787650605355165448,1787650605386436142,31.270264000000001,2,2,2,,0
Node1,Cloud-RCS-MP-Task-v2,round_05_position_3_Cloud-RCS-MP-Task-v2,98,logits,1787650605386436692,1787650605418593570,32.156488000000003,2,2,2,,0
Node1,Cloud-RCS-MP-Task-v2,round_05_position_3_Cloud-RCS-MP-Task-v2,99,logits,1787650605418593960,1787650605461874104,43.279603999999999,2,2,2,,0
Node1,Cloud-RCS-MP-Task-v2,round_05_position_3_Cloud-RCS-MP-Task-v2,100,logits,1787650605461874524,1787650605498754627,36.879663000000001,2,2,2,,0
Node1,Cloud-RCS-MP-Task-v2,round_05_position_3_Cloud-RCS-MP-Task-v2,101,logits,1787650605498755167,1787650605533552901,34.797204000000001,2,2,2,,0
Node1,Cloud-RCS-MP-Task-v2,round_05_position_3_Cloud-RCS-MP-Task-v2,102,logits,1787650605533553291,1787650605567960030,34.406339000000003,2,2,2,,0
Node1,Cloud-RCS-MP-Task-v2,round_05_position_3_Cloud-RCS-MP-Task-v2,103,logits,1787650605567960600,1787650605602153526,34.192315999999998,2,2,2,,0
Node1,Cloud-RCS-MP-Task-v2,round_05_position_3_Cloud-RCS-MP-Task-v2,104,logits,1787650605602154186,1787650605637324493,35.169767,2,2,2,,0
Node1,Cloud-RCS-MP-Task-v2,round_05_position_3_Cloud-RCS-MP-Task-v2,105,logits,1787650605637325033,1787650605671409542,34.084108999999998,2,2,2,,0
Node1,Cloud-RCS-MP-Task-v2,round_05_position_3_Cloud-RCS-MP-Task-v2,106,logits,1787650605671409942,1787650605704674459,33.264116999999999,2,2,2,,0
Node1,Cloud-RCS-MP-Task-v2,round_05_position_3_Cloud-RCS-MP-Task-v2,107,logits,1787650605704675679,1787650605736953066,32.276957000000003,2,2,2,,0
Node1,Cloud-RCS-MP-Task-v2,round_05_position_3_Cloud-RCS-MP-Task-v2,108,logits,1787650605736953466,1787650605769044910,32.090954000000004,2,2,2,,0
Node1,Cloud-RCS-MP-Task-v2,round_05_position_3_Cloud-RCS-MP-Task-v2,109,logits,1787650605769045410,1787650605801884162,32.838352,2,2,2,,0
Node1,Cloud-RCS-MP-Task-v2,round_05_position_3_Cloud-RCS-MP-Task-v2,110,logits,1787650605801884572,1787650605834351430,32.466437999999997,2,2,2,,0
Node1,Cloud-RCS-MP-Task-v2,round_05_position_3_Cloud-RCS-MP-Task-v2,111,logits,1787650605834351820,1787650605866847469,32.494838999999999,2,2,2,,0
Node1,Cloud-RCS-MP-Task-v2,round_05_position_3_Cloud-RCS-MP-Task-v2,112,logits,1787650605866847849,1787650605899434985,32.586706,2,2,2,,0
Node1,Cloud-RCS-MP-Task-v2,round_05_position_3_Cloud-RCS-MP-Task-v2,113,logits,1787650605899435385,1787650605932691722,33.255907000000001,2,2,2,,0
Node1,Cloud-RCS-MP-Task-v2,round_05_position_3_Cloud-RCS-MP-Task-v2,114,logits,1787650605932692262,1787650605965182882,32.490189999999998,2,2,2,,0
Node1,Cloud-RCS-MP-Task-v2,round_05_position_3_Cloud-RCS-MP-Task-v2,115,logits,1787650605965183382,1787650605997815150,32.631338,2,2,2,,0
Node1,Cloud-RCS-MP-Task-v2,round_05_position_3_Cloud-RCS-MP-Task-v2,116,logits,1787650605997815650,1787650606030224025,32.407373999999997,2,2,2,,0
Node1,Cloud-RCS-MP-Task-v2,round_05_position_3_Cloud-RCS-MP-Task-v2,117,logits,1787650606030224585,1787650606062754296,32.529271000000001,2,2,2,,0
Node1,Cloud-RCS-MP-Task-v2,round_05_position_3_Cloud-RCS-MP-Task-v2,118,logits,1787650606062754677,1787650606096712258,33.957189999999997,2,2,2,,0
Node1,Cloud-RCS-MP-Task-v2,round_05_position_3_Cloud-RCS-MP-Task-v2,119,logits,1787650606096712638,1787650606128978603,32.265445,2,2,2,,0
Node1,Cloud-RCS-MP-Task-v2,round_05_position_3_Cloud-RCS-MP-Task-v2,120,logits,1787650606128978983,1787650606162033338,33.053964999999998,2,2,2,,0
Node1,Cloud-RCS-MP-Task-v2,round_05_position_3_Cloud-RCS-MP-Task-v2,121,logits,1787650606162033848,1787650606195680960,33.646582000000002,2,2,2,,0
Node1,Cloud-RCS-MP-Task-v2,round_05_position_3_Cloud-RCS-MP-Task-v2,122,logits,1787650606195681480,1787650606229833293,34.151223000000002,2,2,2,,0
Node1,Cloud-RCS-MP-Task-v2,round_05_position_3_Cloud-RCS-MP-Task-v2,123,logits,1787650606229833683,1787650606262681065,32.846972000000001,2,2,2,,0
Node1,Cloud-RCS-MP-Task-v2,round_05_position_3_Cloud-RCS-MP-Task-v2,124,logits,1787650606262681475,1787650606300575102,37.893357000000002,2,2,2,,0
Node1,Cloud-RCS-MP-Task-v2,round_05_position_3_Cloud-RCS-MP-Task-v2,125,logits,1787650606300575642,1787650606336550579,35.974527000000002,2,2,2,,0
Node1,Cloud-RCS-MP-Task-v2,round_05_position_3_Cloud-RCS-MP-Task-v2,126,logits,1787650606336550979,1787650606372405939,35.85427,2,2,2,,0
Node1,Cloud-RCS-MP-Task-v2,round_05_position_3_Cloud-RCS-MP-Task-v2,127,logits,1787650606372406679,1787650606407229714,34.822654999999997,2,2,2,,0
Node1,Cloud-RCS-MP-Task-v2,round_05_position_3_Cloud-RCS-MP-Task-v2,128,logits,1787650606407230094,1787650606439749026,32.518532,2,2,2,,0
Node1,Cloud-RCS-MP-Task-v2,round_05_position_3_Cloud-RCS-MP-Task-v2,129,logits,1787650606439749526,1787650606472385174,32.635058000000001,2,2,2,,0
Node1,Cloud-RCS-MP-Task-v2,round_05_position_3_Cloud-RCS-MP-Task-v2,130,logits,1787650606472385584,1787650606505482252,33.096147999999999,2,2,2,,0
Node1,Cloud-RCS-MP-Task-v2,round_05_position_3_Cloud-RCS-MP-Task-v2,131,logits,1787650606505482762,1787650606540241023,34.757851000000002,2,2,2,,0
Node1,Cloud-RCS-MP-Task-v2,round_05_position_3_Cloud-RCS-MP-Task-v2,132,logits,1787650606540241443,1787650606574208155,33.966262,2,2,2,,0
Node1,Cloud-RCS-MP-Task-v2,round_05_position_3_Cloud-RCS-MP-Task-v2,133,logits,1787650606574208995,1787650606606888896,32.679400999999999,2,2,2,,0
Node1,Cloud-RCS-MP-Task-v2,round_05_position_3_Cloud-RCS-MP-Task-v2,134,logits,1787650606606889526,1787650606639314792,32.424826000000003,2,2,2,,0
Node1,Cloud-RCS-MP-Task-v2,round_05_position_3_Cloud-RCS-MP-Task-v2,135,logits,1787650606639315292,1787650606670309578,30.993846000000001,2,2,2,,0
Node1,Cloud-RCS-MP-Task-v2,round_05_position_3_Cloud-RCS-MP-Task-v2,136,logits,1787650606670309928,1787650606701235140,30.924802,2,2,2,,0
Node1,Cloud-RCS-MP-Task-v2,round_05_position_3_Cloud-RCS-MP-Task-v2,137,logits,1787650606701235390,1787650606731158119,29.922319000000002,2,2,2,,0
Node1,Cloud-RCS-MP-Task-v2,round_05_position_3_Cloud-RCS-MP-Task-v2,138,logits,1787650606731158469,1787650606762107032,30.948163000000001,2,2,2,,0
Node1,Cloud-RCS-MP-Task-v2,round_05_position_3_Cloud-RCS-MP-Task-v2,139,logits,1787650606762107372,1787650606792915137,30.807365000000001,2,2,2,,0
Node1,Cloud-RCS-MP-Task-v2,round_05_position_3_Cloud-RCS-MP-Task-v2,140,logits,1787650606792915647,1787650606823733142,30.817074999999999,2,2,2,,0
Node1,Cloud-RCS-MP-Task-v2,round_05_position_3_Cloud-RCS-MP-Task-v2,141,logits,1787650606823733662,1787650606854270549,30.536497000000001,2,2,2,,0
Node1,Cloud-RCS-MP-Task-v2,round_05_position_3_Cloud-RCS-MP-Task-v2,142,logits,1787650606854270899,1787650606886034263,31.762803999999999,2,2,2,,0
Node1,Cloud-RCS-MP-Task-v2,round_05_position_3_Cloud-RCS-MP-Task-v2,143,logits,1787650606886034793,1787650606917441175,31.405812000000001,2,2,2,,0
Node1,Cloud-RCS-MP-Task-v2,round_05_position_3_Cloud-RCS-MP-Task-v2,144,logits,1787650606917441575,1787650606947976703,30.534728000000001,2,2,2,,0
Node1,Cloud-RCS-MP-Task-v2,round_05_position_3_Cloud-RCS-MP-Task-v2,145,logits,1787650606947976943,1787650606977866770,29.889367,2,2,2,,0
Node1,Cloud-RCS-MP-Task-v2,round_05_position_3_Cloud-RCS-MP-Task-v2,146,logits,1787650606977867000,1787650607007907136,30.039535999999998,2,2,2,,0
Node1,Cloud-RCS-MP-Task-v2,round_05_position_3_Cloud-RCS-MP-Task-v2,147,logits,1787650607007907656,1787650607038234881,30.326705,2,2,2,,0
Node1,Cloud-RCS-MP-Task-v2,round_05_position_3_Cloud-RCS-MP-Task-v2,148,logits,1787650607038235111,1787650607068417587,30.182206000000001,2,2,2,,0
Node1,Cloud-RCS-MP-Task-v2,round_05_position_3_Cloud-RCS-MP-Task-v2,149,logits,1787650607068417827,1787650607098318754,29.900656999999999,2,2,2,,0
Node1,Cloud-RCS-MP-Task-v2,round_05_position_3_Cloud-RCS-MP-Task-v2,150,logits,1787650607098319404,1787650607128768286,30.448581999999998,2,2,2,,0
Node1,Cloud-RCS-MP-Task-v2,round_05_position_3_Cloud-RCS-MP-Task-v2,151,logits,1787650607128768536,1787650607159154435,30.385518999999999,2,2,2,,0
Node1,Cloud-RCS-MP-Task-v2,round_05_position_3_Cloud-RCS-MP-Task-v2,152,logits,1787650607159154655,1787650607189537733,30.382688000000002,2,2,2,,0
Node1,Cloud-RCS-MP-Task-v2,round_05_position_3_Cloud-RCS-MP-Task-v2,153,logits,1787650607189537963,1787650607219392188,29.853835,2,2,2,,0
Node1,Cloud-RCS-MP-Task-v2,round_05_position_3_Cloud-RCS-MP-Task-v2,154,logits,1787650607219392418,1787650607249219471,29.826782999999999,2,2,2,,0
Node1,Cloud-RCS-MP-Task-v2,round_05_position_3_Cloud-RCS-MP-Task-v2,155,logits,1787650607249219691,1787650607278701813,29.481701999999999,2,2,2,,0
Node1,Cloud-RCS-MP-Task-v2,round_05_position_3_Cloud-RCS-MP-Task-v2,156,logits,1787650607278702033,1787650607308868818,30.166384000000001,2,2,2,,0
Node1,Cloud-RCS-MP-Task-v2,round_05_position_3_Cloud-RCS-MP-Task-v2,157,logits,1787650607308869168,1787650607338436104,29.566435999999999,2,2,2,,0
Node1,Cloud-RCS-MP-Task-v2,round_05_position_3_Cloud-RCS-MP-Task-v2,158,logits,1787650607338436354,1787650607368190573,29.753829,2,2,2,,0
Node1,Cloud-RCS-MP-Task-v2,round_05_position_3_Cloud-RCS-MP-Task-v2,159,logits,1787650607368190923,1787650607397659364,29.468050999999999,2,2,2,,0
Node1,Cloud-RCS-MP-Task-v2,round_05_position_3_Cloud-RCS-MP-Task-v2,160,logits,1787650607397659714,1787650607428165720,30.505606,2,2,2,,0
Node1,Cloud-RCS-MP-Task-v2,round_05_position_3_Cloud-RCS-MP-Task-v2,161,logits,1787650607428165940,1787650607457892847,29.726517000000001,2,2,2,,0
Node1,Cloud-RCS-MP-Task-v2,round_05_position_3_Cloud-RCS-MP-Task-v2,162,logits,1787650607457893077,1787650607487973706,30.080228999999999,2,2,2,,0
Node1,Cloud-RCS-MP-Task-v2,round_05_position_3_Cloud-RCS-MP-Task-v2,163,logits,1787650607487973956,1787650607518670804,30.696438000000001,2,2,2,,0
Node1,Cloud-RCS-MP-Task-v2,round_05_position_3_Cloud-RCS-MP-Task-v2,164,logits,1787650607518671144,1787650607549096394,30.424849999999999,2,2,2,,0
Node1,Cloud-RCS-MP-Task-v2,round_05_position_3_Cloud-RCS-MP-Task-v2,165,logits,1787650607549096754,1787650607579493083,30.395789000000001,2,2,2,,0
Node1,Cloud-RCS-MP-Task-v2,round_05_position_3_Cloud-RCS-MP-Task-v2,166,logits,1787650607579493303,1787650607609827118,30.333285,2,2,2,,0
Node1,Cloud-RCS-MP-Task-v2,round_05_position_3_Cloud-RCS-MP-Task-v2,167,logits,1787650607609827368,1787650607640641293,30.813645000000001,2,2,2,,0
Node1,Cloud-RCS-MP-Task-v2,round_05_position_3_Cloud-RCS-MP-Task-v2,168,logits,1787650607640641813,1787650607671811990,31.169397,2,2,2,,0
Node1,Cloud-RCS-MP-Task-v2,round_05_position_3_Cloud-RCS-MP-Task-v2,169,logits,1787650607671812380,1787650607702672908,30.860118,2,2,2,,0
Node1,Cloud-RCS-MP-Task-v2,round_05_position_3_Cloud-RCS-MP-Task-v2,170,logits,1787650607702673128,1787650607732776399,30.102871,2,2,2,,0
Node1,Cloud-RCS-MP-Task-v2,round_05_position_3_Cloud-RCS-MP-Task-v2,171,logits,1787650607732776749,1787650607771223621,38.446482000000003,2,2,2,,0
Node1,Cloud-RCS-MP-Task-v2,round_05_position_3_Cloud-RCS-MP-Task-v2,172,logits,1787650607771224121,1787650607801460919,30.236388000000002,2,2,2,,0
Node1,Cloud-RCS-MP-Task-v2,round_05_position_3_Cloud-RCS-MP-Task-v2,173,logits,1787650607801461159,1787650607831220059,29.758500000000002,2,2,2,,0
Node1,Cloud-RCS-MP-Task-v2,round_05_position_3_Cloud-RCS-MP-Task-v2,174,logits,1787650607831220399,1787650607861024030,29.803231,2,2,2,,0
Node1,Cloud-RCS-MP-Task-v2,round_05_position_3_Cloud-RCS-MP-Task-v2,175,logits,1787650607861024390,1787650607890838493,29.813832999999999,2,2,2,,0
Node1,Cloud-RCS-MP-Task-v2,round_05_position_3_Cloud-RCS-MP-Task-v2,176,logits,1787650607890838893,1787650607920638535,29.799251999999999,2,2,2,,0
Node1,Cloud-RCS-MP-Task-v2,round_05_position_3_Cloud-RCS-MP-Task-v2,177,logits,1787650607920638895,1787650607950709523,30.070238,2,2,2,,0
Node1,Cloud-RCS-MP-Task-v2,round_05_position_3_Cloud-RCS-MP-Task-v2,178,logits,1787650607950709913,1787650607980566048,29.855734999999999,2,2,2,,0
Node1,Cloud-RCS-MP-Task-v2,round_05_position_3_Cloud-RCS-MP-Task-v2,179,logits,1787650607980566418,1787650608010587204,30.020375999999999,2,2,2,,0
Node1,Cloud-RCS-MP-Task-v2,round_05_position_3_Cloud-RCS-MP-Task-v2,180,logits,1787650608010587424,1787650608040899508,30.311803999999999,2,2,2,,0
Node1,Cloud-RCS-MP-Task-v2,round_05_position_3_Cloud-RCS-MP-Task-v2,181,logits,1787650608040899728,1787650608071589485,30.689367000000001,2,2,2,,0
Node1,Cloud-RCS-MP-Task-v2,round_05_position_3_Cloud-RCS-MP-Task-v2,182,logits,1787650608071589725,1787650608102008175,30.418060000000001,2,2,2,,0
Node1,Cloud-RCS-MP-Task-v2,round_05_position_3_Cloud-RCS-MP-Task-v2,183,logits,1787650608102008535,1787650608132052792,30.043856999999999,2,2,2,,0
Node1,Cloud-RCS-MP-Task-v2,round_05_position_3_Cloud-RCS-MP-Task-v2,184,logits,1787650608132053142,1787650608162609861,30.556329000000002,2,2,2,,0
Node1,Cloud-RCS-MP-Task-v2,round_05_position_3_Cloud-RCS-MP-Task-v2,185,logits,1787650608162610221,1787650608192907774,30.297153000000002,2,2,2,,0
Node1,Cloud-RCS-MP-Task-v2,round_05_position_3_Cloud-RCS-MP-Task-v2,186,logits,1787650608192908024,1787650608223332275,30.423840999999999,2,2,2,,0
Node1,Cloud-RCS-MP-Task-v2,round_05_position_3_Cloud-RCS-MP-Task-v2,187,logits,1787650608223332685,1787650608253877103,30.543997999999998,2,2,2,,0
Node1,Cloud-RCS-MP-Task-v2,round_05_position_3_Cloud-RCS-MP-Task-v2,188,logits,1787650608253877713,1787650608284166805,30.288692000000001,2,2,2,,0
Node1,Cloud-RCS-MP-Task-v2,round_05_position_3_Cloud-RCS-MP-Task-v2,189,logits,1787650608284167305,1787650608314536383,30.368697999999998,2,2,2,,0
Node1,Cloud-RCS-MP-Task-v2,round_05_position_3_Cloud-RCS-MP-Task-v2,190,logits,1787650608314536733,1787650608345025357,30.488223999999999,2,2,2,,0
Node1,Cloud-RCS-MP-Task-v2,round_05_position_3_Cloud-RCS-MP-Task-v2,191,logits,1787650608345025717,1787650608375855223,30.828976000000001,2,2,2,,0
Node1,Cloud-RCS-MP-Task-v2,round_05_position_3_Cloud-RCS-MP-Task-v2,192,logits,1787650608375855573,1787650608408359734,32.503601000000003,2,2,2,,0
Node1,Cloud-RCS-MP-Task-v2,round_05_position_3_Cloud-RCS-MP-Task-v2,193,logits,1787650608408360254,1787650608441257869,32.897075000000001,2,2,2,,0
Node1,Cloud-RCS-MP-Task-v2,round_05_position_3_Cloud-RCS-MP-Task-v2,194,logits,1787650608441258369,1787650608472007460,30.748681000000001,2,2,2,,0
Node1,Cloud-RCS-MP-Task-v2,round_05_position_3_Cloud-RCS-MP-Task-v2,195,logits,1787650608472008090,1787650608507143415,35.134925000000003,2,2,2,,0
Node1,Cloud-RCS-MP-Task-v2,round_05_position_3_Cloud-RCS-MP-Task-v2,196,logits,1787650608507143765,1787650608540565043,33.420836999999999,2,2,2,,0
Node1,Cloud-RCS-MP-Task-v2,round_05_position_3_Cloud-RCS-MP-Task-v2,197,logits,1787650608540565844,1787650608575985896,35.419662000000002,2,2,2,,0
Node1,Cloud-RCS-MP-Task-v2,round_05_position_3_Cloud-RCS-MP-Task-v2,198,logits,1787650608575986406,1787650608609790308,33.803502000000002,2,2,2,,0
Node1,Cloud-RCS-MP-Task-v2,round_05_position_3_Cloud-RCS-MP-Task-v2,199,logits,1787650608609790828,1787650608651536666,41.745358000000003,2,2,2,,0
Node3,Cloud-RCS-FP32-Compat,round_01_position_1_Cloud-RCS-FP32-Compat,0,logits,1787658723752224592,1787658723785736193,33.511181000000001,2,2,2,,0
Node3,Cloud-RCS-FP32-Compat,round_01_position_1_Cloud-RCS-FP32-Compat,1,logits,1787658723785736723,1787658723819245413,33.508420000000001,2,2,2,,0
Node3,Cloud-RCS-FP32-Compat,round_01_position_1_Cloud-RCS-FP32-Compat,2,logits,1787658723819246043,1787658723852453678,33.207234999999997,2,2,2,,0
Node3,Cloud-RCS-FP32-Compat,round_01_position_1_Cloud-RCS-FP32-Compat,3,logits,1787658723852453938,1787658723886014981,33.560502999999997,2,2,2,,0
Node3,Cloud-RCS-FP32-Compat,round_01_position_1_Cloud-RCS-FP32-Compat,4,logits,1787658723886015361,1787658723919684630,33.668759000000001,2,2,2,,0
Node3,Cloud-RCS-FP32-Compat,round_01_position_1_Cloud-RCS-FP32-Compat,5,logits,1787658723919685150,1787658723954131688,34.446268000000003,2,2,2,,0
Node3,Cloud-RCS-FP32-Compat,round_01_position_1_Cloud-RCS-FP32-Compat,6,logits,1787658723954132088,1787658723987679380,33.547021999999998,2,2,2,,0
Node3,Cloud-RCS-FP32-Compat,round_01_position_1_Cloud-RCS-FP32-Compat,7,logits,1787658723987679880,1787658724021607872,33.927382000000001,2,2,2,,0
Node3,Cloud-RCS-FP32-Compat,round_01_position_1_Cloud-RCS-FP32-Compat,8,logits,1787658724021608372,1787658724055370106,33.761313999999999,2,2,2,,0
Node3,Cloud-RCS-FP32-Compat,round_01_position_1_Cloud-RCS-FP32-Compat,9,logits,1787658724055370616,1787658724089454335,34.083008999999997,2,2,2,,0
Node3,Cloud-RCS-FP32-Compat,round_01_position_1_Cloud-RCS-FP32-Compat,10,logits,1787658724089454875,1787658724123599998,34.144373000000002,2,2,2,,0
Node3,Cloud-RCS-FP32-Compat,round_01_position_1_Cloud-RCS-FP32-Compat,11,logits,1787658724123600258,1787658724157480058,33.879379999999998,2,2,2,,0
Node3,Cloud-RCS-FP32-Compat,round_01_position_1_Cloud-RCS-FP32-Compat,12,logits,1787658724157480648,1787658724191319055,33.837876999999999,2,2,2,,0
Node3,Cloud-RCS-FP32-Compat,round_01_position_1_Cloud-RCS-FP32-Compat,13,logits,1787658724191319455,1787658724237190776,45.870860999999998,2,2,2,,0
Node3,Cloud-RCS-FP32-Compat,round_01_position_1_Cloud-RCS-FP32-Compat,14,logits,1787658724237191276,1787658724273866079,36.673822999999999,2,2,2,,0
Node3,Cloud-RCS-FP32-Compat,round_01_position_1_Cloud-RCS-FP32-Compat,15,logits,1787658724273866529,1787658724308750019,34.883220000000001,2,2,2,,0
Node3,Cloud-RCS-FP32-Compat,round_01_position_1_Cloud-RCS-FP32-Compat,16,logits,1787658724308750539,1787658724343190077,34.439127999999997,2,2,2,,0
Node3,Cloud-RCS-FP32-Compat,round_01_position_1_Cloud-RCS-FP32-Compat,17,logits,1787658724343190597,1787658724376807593,33.616736000000003,2,2,2,,0
Node3,Cloud-RCS-FP32-Compat,round_01_position_1_Cloud-RCS-FP32-Compat,18,logits,1787658724376808013,1787658724410520773,33.712499999999999,2,2,2,,0
Node3,Cloud-RCS-FP32-Compat,round_01_position_1_Cloud-RCS-FP32-Compat,19,logits,1787658724410521283,1787658724444170121,33.648558000000001,2,2,2,,0
Node3,Cloud-RCS-FP32-Compat,round_01_position_1_Cloud-RCS-FP32-Compat,20,logits,1787658724444170541,1787658724478196968,34.026046999999998,2,2,2,,0
Node3,Cloud-RCS-FP32-Compat,round_01_position_1_Cloud-RCS-FP32-Compat,21,logits,1787658724478197478,1787658724512315610,34.117682000000002,2,2,2,,0
Node3,Cloud-RCS-FP32-Compat,round_01_position_1_Cloud-RCS-FP32-Compat,22,logits,1787658724512316140,1787658724546010409,33.693998999999998,2,2,2,,0
Node3,Cloud-RCS-FP32-Compat,round_01_position_1_Cloud-RCS-FP32-Compat,23,logits,1787658724546010699,1787658724580555963,34.544994000000003,2,2,2,,0
Node3,Cloud-RCS-FP32-Compat,round_01_position_1_Cloud-RCS-FP32-Compat,24,logits,1787658724580556333,1787658724614756779,34.200116000000001,2,2,2,,0
Node3,Cloud-RCS-FP32-Compat,round_01_position_1_Cloud-RCS-FP32-Compat,25,logits,1787658724614757049,1787658724648432517,33.675058,2,2,2,,0
Node3,Cloud-RCS-FP32-Compat,round_01_position_1_Cloud-RCS-FP32-Compat,26,logits,1787658724648432917,1787658724682875726,34.442289000000002,2,2,2,,0
Node3,Cloud-RCS-FP32-Compat,round_01_position_1_Cloud-RCS-FP32-Compat,27,logits,1787658724682876116,1787658724716724334,33.847817999999997,2,2,2,,0
Node3,Cloud-RCS-FP32-Compat,round_01_position_1_Cloud-RCS-FP32-Compat,28,logits,1787658724716724714,1787658724751163521,34.437866999999997,2,2,2,,0
Node3,Cloud-RCS-FP32-Compat,round_01_position_1_Cloud-RCS-FP32-Compat,29,logits,1787658724751164071,1787658724789322519,38.158057999999997,2,2,2,,0
Node3,Cloud-RCS-FP32-Compat,round_01_position_1_Cloud-RCS-FP32-Compat,30,logits,1787658724789323089,1787658724824286454,34.963075000000003,2,2,2,,0
Node3,Cloud-RCS-FP32-Compat,round_01_position_1_Cloud-RCS-FP32-Compat,31,logits,1787658724824286744,1787658724858297880,34.010855999999997,2,2,2,,0
Node3,Cloud-RCS-FP32-Compat,round_01_position_1_Cloud-RCS-FP32-Compat,32,logits,1787658724858298280,1787658724892547498,34.248818,2,2,2,,0
Node3,Cloud-RCS-FP32-Compat,round_01_position_1_Cloud-RCS-FP32-Compat,33,logits,1787658724892548008,1787658724927321823,34.773415,2,2,2,,0
Node3,Cloud-RCS-FP32-Compat,round_01_position_1_Cloud-RCS-FP32-Compat,34,logits,1787658724927322353,1787658724961691278,34.368535000000001,2,2,2,,0
Node3,Cloud-RCS-FP32-Compat,round_01_position_1_Cloud-RCS-FP32-Compat,35,logits,1787658724961691788,1787658724995687512,33.995434000000003,2,2,2,,0
Node3,Cloud-RCS-FP32-Compat,round_01_position_1_Cloud-RCS-FP32-Compat,36,logits,1787658724995688033,1787658725029595503,33.907200000000003,2,2,2,,0
Node3,Cloud-RCS-FP32-Compat,round_01_position_1_Cloud-RCS-FP32-Compat,37,logits,1787658725029596053,1787658725063080463,33.48415,2,2,2,,0
Node3,Cloud-RCS-FP32-Compat,round_01_position_1_Cloud-RCS-FP32-Compat,38,logits,1787658725063080973,1787658725098313281,35.231867999999999,2,2,2,,0
Node3,Cloud-RCS-FP32-Compat,round_01_position_1_Cloud-RCS-FP32-Compat,39,logits,1787658725098313831,1787658725134263046,35.948835000000003,2,2,2,,0
Node3,Cloud-RCS-FP32-Compat,round_01_position_1_Cloud-RCS-FP32-Compat,40,logits,1787658725134263566,1787658725169355507,35.091661000000002,2,2,2,,0
Node3,Cloud-RCS-FP32-Compat,round_01_position_1_Cloud-RCS-FP32-Compat,41,logits,1787658725169356037,1787658725203588875,34.232427999999999,2,2,2,,0
Node3,Cloud-RCS-FP32-Compat,round_01_position_1_Cloud-RCS-FP32-Compat,42,logits,1787658725203589405,1787658725239955401,36.365595999999996,2,2,2,,0
Node3,Cloud-RCS-FP32-Compat,round_01_position_1_Cloud-RCS-FP32-Compat,43,logits,1787658725239955931,1787658725275390060,35.433509000000001,2,2,2,,0
Node3,Cloud-RCS-FP32-Compat,round_01_position_1_Cloud-RCS-FP32-Compat,44,logits,1787658725275390570,1787658725312712155,37.321174999999997,2,2,2,,0
Node3,Cloud-RCS-FP32-Compat,round_01_position_1_Cloud-RCS-FP32-Compat,45,logits,1787658725312712695,1787658725346725741,34.012656,2,2,2,,0
Node3,Cloud-RCS-FP32-Compat,round_01_position_1_Cloud-RCS-FP32-Compat,46,logits,1787658725346726341,1787658725380366008,33.639277,2,2,2,,0
Node3,Cloud-RCS-FP32-Compat,round_01_position_1_Cloud-RCS-FP32-Compat,47,logits,1787658725380366398,1787658725431359361,50.992693000000003,2,2,2,,0
Node3,Cloud-RCS-FP32-Compat,round_01_position_1_Cloud-RCS-FP32-Compat,48,logits,1787658725431359891,1787658725468248154,36.887842999999997,2,2,2,,0
Node3,Cloud-RCS-FP32-Compat,round_01_position_1_Cloud-RCS-FP32-Compat,49,logits,1787658725468248684,1787658725502717713,34.468778999999998,2,2,2,,0
Node3,Cloud-RCS-FP32-Compat,round_01_position_1_Cloud-RCS-FP32-Compat,50,logits,1787658725502718443,1787658725536495208,33.776494999999997,2,2,2,,0
Node3,Cloud-RCS-FP32-Compat,round_01_position_1_Cloud-RCS-FP32-Compat,51,logits,1787658725536495718,1787658725570659722,34.163594000000003,2,2,2,,0
Node3,Cloud-RCS-FP32-Compat,round_01_position_1_Cloud-RCS-FP32-Compat,52,logits,1787658725570660232,1787658725605359473,34.698861000000001,2,2,2,,0
Node3,Cloud-RCS-FP32-Compat,round_01_position_1_Cloud-RCS-FP32-Compat,53,logits,1787658725605359993,1787658725638896285,33.535891999999997,2,2,2,,0
Node3,Cloud-RCS-FP32-Compat,round_01_position_1_Cloud-RCS-FP32-Compat,54,logits,1787658725638896675,1787658725672517351,33.620266000000001,2,2,2,,0
Node3,Cloud-RCS-FP32-Compat,round_01_position_1_Cloud-RCS-FP32-Compat,55,logits,1787658725672518151,1787658725705978919,33.460248,2,2,2,,0
Node3,Cloud-RCS-FP32-Compat,round_01_position_1_Cloud-RCS-FP32-Compat,56,logits,1787658725705979429,1787658725739706730,33.727041,2,2,2,,0
Node3,Cloud-RCS-FP32-Compat,round_01_position_1_Cloud-RCS-FP32-Compat,57,logits,1787658725739707141,1787658725773495405,33.787863999999999,2,2,2,,0
Node3,Cloud-RCS-FP32-Compat,round_01_position_1_Cloud-RCS-FP32-Compat,58,logits,1787658725773496425,1787658725807294930,33.798115000000003,2,2,2,,0
Node3,Cloud-RCS-FP32-Compat,round_01_position_1_Cloud-RCS-FP32-Compat,59,logits,1787658725807295481,1787658725840530357,33.234616000000003,2,2,2,,0
Node3,Cloud-RCS-FP32-Compat,round_01_position_1_Cloud-RCS-FP32-Compat,60,logits,1787658725840531177,1787658725874013196,33.481628999999998,2,2,2,,0
Node3,Cloud-RCS-FP32-Compat,round_01_position_1_Cloud-RCS-FP32-Compat,61,logits,1787658725874014026,1787658725907444362,33.429915999999999,2,2,2,,0
Node3,Cloud-RCS-FP32-Compat,round_01_position_1_Cloud-RCS-FP32-Compat,62,logits,1787658725907444882,1787658725941693041,34.247739000000003,2,2,2,,0
Node3,Cloud-RCS-FP32-Compat,round_01_position_1_Cloud-RCS-FP32-Compat,63,logits,1787658725941693561,1787658725982479643,40.785671999999998,2,2,2,,0
Node3,Cloud-RCS-FP32-Compat,round_01_position_1_Cloud-RCS-FP32-Compat,64,logits,1787658725982480203,1787658726018177385,35.696772000000003,2,2,2,,0
Node3,Cloud-RCS-FP32-Compat,round_01_position_1_Cloud-RCS-FP32-Compat,65,logits,1787658726018177905,1787658726052680666,34.502481000000003,2,2,2,,0
Node3,Cloud-RCS-FP32-Compat,round_01_position_1_Cloud-RCS-FP32-Compat,66,logits,1787658726052681186,1787658726086875362,34.193776,2,2,2,,0
Node3,Cloud-RCS-FP32-Compat,round_01_position_1_Cloud-RCS-FP32-Compat,67,logits,1787658726086876162,1787658726121174072,34.297499999999999,2,2,2,,0
Node3,Cloud-RCS-FP32-Compat,round_01_position_1_Cloud-RCS-FP32-Compat,68,logits,1787658726121174602,1787658726154929845,33.754832999999998,2,2,2,,0
Node3,Cloud-RCS-FP32-Compat,round_01_position_1_Cloud-RCS-FP32-Compat,69,logits,1787658726154930365,1787658726188651086,33.720281,2,2,2,,0
Node3,Cloud-RCS-FP32-Compat,round_01_position_1_Cloud-RCS-FP32-Compat,70,logits,1787658726188651606,1787658726222745207,34.093091000000001,2,2,2,,0
Node3,Cloud-RCS-FP32-Compat,round_01_position_1_Cloud-RCS-FP32-Compat,71,logits,1787658726222745747,1787658726256891370,34.145243000000001,2,2,2,,0
Node3,Cloud-RCS-FP32-Compat,round_01_position_1_Cloud-RCS-FP32-Compat,72,logits,1787658726256891880,1787658726291459325,34.567045,2,2,2,,0
Node3,Cloud-RCS-FP32-Compat,round_01_position_1_Cloud-RCS-FP32-Compat,73,logits,1787658726291459835,1787658726330748430,39.288184999999999,2,2,2,,0
Node3,Cloud-RCS-FP32-Compat,round_01_position_1_Cloud-RCS-FP32-Compat,74,logits,1787658726330748950,1787658726366060422,35.311051999999997,2,2,2,,0
Node3,Cloud-RCS-FP32-Compat,round_01_position_1_Cloud-RCS-FP32-Compat,75,logits,1787658726366060992,1787658726400372414,34.311022000000001,2,2,2,,0
Node3,Cloud-RCS-FP32-Compat,round_01_position_1_Cloud-RCS-FP32-Compat,76,logits,1787658726400373164,1787658726434804762,34.431317999999997,2,2,2,,0
Node3,Cloud-RCS-FP32-Compat,round_01_position_1_Cloud-RCS-FP32-Compat,77,logits,1787658726434805282,1787658726468748704,33.942892000000001,2,2,2,,0
Node3,Cloud-RCS-FP32-Compat,round_01_position_1_Cloud-RCS-FP32-Compat,78,logits,1787658726468749224,1787658726503126939,34.377454999999998,2,2,2,,0
Node3,Cloud-RCS-FP32-Compat,round_01_position_1_Cloud-RCS-FP32-Compat,79,logits,1787658726503127449,1787658726537840191,34.712352000000003,2,2,2,,0
Node3,Cloud-RCS-FP32-Compat,round_01_position_1_Cloud-RCS-FP32-Compat,80,logits,1787658726537840711,1787658726571506120,33.665019000000001,2,2,2,,0
Node3,Cloud-RCS-FP32-Compat,round_01_position_1_Cloud-RCS-FP32-Compat,81,logits,1787658726571506950,1787658726606272004,34.764654,2,2,2,,0
Node3,Cloud-RCS-FP32-Compat,round_01_position_1_Cloud-RCS-FP32-Compat,82,logits,1787658726606272394,1787658726641093981,34.821187000000002,2,2,2,,0
Node3,Cloud-RCS-FP32-Compat,round_01_position_1_Cloud-RCS-FP32-Compat,83,logits,1787658726641094571,1787658726675491897,34.397066000000002,2,2,2,,0
Node3,Cloud-RCS-FP32-Compat,round_01_position_1_Cloud-RCS-FP32-Compat,84,logits,1787658726675492417,1787658726709437680,33.944882999999997,2,2,2,,0
Node3,Cloud-RCS-FP32-Compat,round_01_position_1_Cloud-RCS-FP32-Compat,85,logits,1787658726709438200,1787658726743655087,34.216487000000001,2,2,2,,0
Node3,Cloud-RCS-FP32-Compat,round_01_position_1_Cloud-RCS-FP32-Compat,86,logits,1787658726743655597,1787658726778254823,34.598815999999999,2,2,2,,0
Node3,Cloud-RCS-FP32-Compat,round_01_position_1_Cloud-RCS-FP32-Compat,87,logits,1787658726778255343,1787658726812981305,34.725651999999997,2,2,2,,0
Node3,Cloud-RCS-FP32-Compat,round_01_position_1_Cloud-RCS-FP32-Compat,88,logits,1787658726812981845,1787658726847327159,34.345044000000001,2,2,2,,0
Node3,Cloud-RCS-FP32-Compat,round_01_position_1_Cloud-RCS-FP32-Compat,89,logits,1787658726847327699,1787658726881130344,33.802374999999998,2,2,2,,0
Node3,Cloud-RCS-FP32-Compat,round_01_position_1_Cloud-RCS-FP32-Compat,90,logits,1787658726881131004,1787658726915674707,34.543443000000003,2,2,2,,0
Node3,Cloud-RCS-FP32-Compat,round_01_position_1_Cloud-RCS-FP32-Compat,91,logits,1787658726915675217,1787658726950289994,34.614356999999998,2,2,2,,0
Node3,Cloud-RCS-FP32-Compat,round_01_position_1_Cloud-RCS-FP32-Compat,92,logits,1787658726950290504,1787658726984324472,34.033548000000003,2,2,2,,0
Node3,Cloud-RCS-FP32-Compat,round_01_position_1_Cloud-RCS-FP32-Compat,93,logits,1787658726984325022,1787658727018258584,33.933171999999999,2,2,2,,0
Node3,Cloud-RCS-FP32-Compat,round_01_position_1_Cloud-RCS-FP32-Compat,94,logits,1787658727018259104,1787658727051608786,33.349282000000002,2,2,2,,0
Node3,Cloud-RCS-FP32-Compat,round_01_position_1_Cloud-RCS-FP32-Compat,95,logits,1787658727051609326,1787658727085463664,33.853928000000003,2,2,2,,0
Node3,Cloud-RCS-FP32-Compat,round_01_position_1_Cloud-RCS-FP32-Compat,96,logits,1787658727085464184,1787658727118988975,33.524391000000001,2,2,2,,0
Node3,Cloud-RCS-FP32-Compat,round_01_position_1_Cloud-RCS-FP32-Compat,97,logits,1787658727118989496,1787658727152806622,33.816726000000003,2,2,2,,0
Node3,Cloud-RCS-FP32-Compat,round_01_position_1_Cloud-RCS-FP32-Compat,98,logits,1787658727152807132,1787658727187929955,35.122103000000003,2,2,2,,0
Node3,Cloud-RCS-FP32-Compat,round_01_position_1_Cloud-RCS-FP32-Compat,99,logits,1787658727187930485,1787658727224885811,36.954895999999998,2,2,2,,0
Node3,Cloud-RCS-FP32-Compat,round_01_position_1_Cloud-RCS-FP32-Compat,100,logits,1787658727224886321,1787658727264113284,39.226562999999999,2,2,2,,0
Node3,Cloud-RCS-FP32-Compat,round_01_position_1_Cloud-RCS-FP32-Compat,101,logits,1787658727264113794,1787658727300117251,36.003047000000002,2,2,2,,0
Node3,Cloud-RCS-FP32-Compat,round_01_position_1_Cloud-RCS-FP32-Compat,102,logits,1787658727300117751,1787658727337238386,37.120215000000002,2,2,2,,0
Node3,Cloud-RCS-FP32-Compat,round_01_position_1_Cloud-RCS-FP32-Compat,103,logits,1787658727337238896,1787658727374156261,36.916964999999998,2,2,2,,0
Node3,Cloud-RCS-FP32-Compat,round_01_position_1_Cloud-RCS-FP32-Compat,104,logits,1787658727374156791,1787658727410594281,36.437100000000001,2,2,2,,0
Node3,Cloud-RCS-FP32-Compat,round_01_position_1_Cloud-RCS-FP32-Compat,105,logits,1787658727410594801,1787658727446278193,35.682932000000001,2,2,2,,0
Node3,Cloud-RCS-FP32-Compat,round_01_position_1_Cloud-RCS-FP32-Compat,106,logits,1787658727446278703,1787658727481515311,35.236207999999998,2,2,2,,0
Node3,Cloud-RCS-FP32-Compat,round_01_position_1_Cloud-RCS-FP32-Compat,107,logits,1787658727481515811,1787658727515389880,33.873669,2,2,2,,0
Node3,Cloud-RCS-FP32-Compat,round_01_position_1_Cloud-RCS-FP32-Compat,108,logits,1787658727515390410,1787658727549834208,34.443528000000001,2,2,2,,0
Node3,Cloud-RCS-FP32-Compat,round_01_position_1_Cloud-RCS-FP32-Compat,109,logits,1787658727549834748,1787658727585077718,35.242570000000001,2,2,2,,0
Node3,Cloud-RCS-FP32-Compat,round_01_position_1_Cloud-RCS-FP32-Compat,110,logits,1787658727585078598,1787658727621754150,36.675162,2,2,2,,0
Node3,Cloud-RCS-FP32-Compat,round_01_position_1_Cloud-RCS-FP32-Compat,111,logits,1787658727621754680,1787658727655839019,34.083928999999998,2,2,2,,0
Node3,Cloud-RCS-FP32-Compat,round_01_position_1_Cloud-RCS-FP32-Compat,112,logits,1787658727655839529,1787658727690291048,34.451109000000002,2,2,2,,0
Node3,Cloud-RCS-FP32-Compat,round_01_position_1_Cloud-RCS-FP32-Compat,113,logits,1787658727690291598,1787658727724541816,34.249817999999998,2,2,2,,0
Node3,Cloud-RCS-FP32-Compat,round_01_position_1_Cloud-RCS-FP32-Compat,114,logits,1787658727724542466,1787658727758727542,34.184655999999997,2,2,2,,0
Node3,Cloud-RCS-FP32-Compat,round_01_position_1_Cloud-RCS-FP32-Compat,115,logits,1787658727758728142,1787658727792913387,34.184835,2,2,2,,0
Node3,Cloud-RCS-FP32-Compat,round_01_position_1_Cloud-RCS-FP32-Compat,116,logits,1787658727792913977,1787658727827590957,34.676699999999997,2,2,2,,0
Node3,Cloud-RCS-FP32-Compat,round_01_position_1_Cloud-RCS-FP32-Compat,117,logits,1787658727827591327,1787658727864347133,36.755535999999999,2,2,2,,0
Node3,Cloud-RCS-FP32-Compat,round_01_position_1_Cloud-RCS-FP32-Compat,118,logits,1787658727864347503,1787658727898107086,33.759253000000001,2,2,2,,0
Node3,Cloud-RCS-FP32-Compat,round_01_position_1_Cloud-RCS-FP32-Compat,119,logits,1787658727898107736,1787658727932431748,34.323721999999997,2,2,2,,0
Node3,Cloud-RCS-FP32-Compat,round_01_position_1_Cloud-RCS-FP32-Compat,120,logits,1787658727932432478,1787658727967246646,34.813898000000002,2,2,2,,0
Node3,Cloud-RCS-FP32-Compat,round_01_position_1_Cloud-RCS-FP32-Compat,121,logits,1787658727967247166,1787658728001233371,33.985925000000002,2,2,2,,0
Node3,Cloud-RCS-FP32-Compat,round_01_position_1_Cloud-RCS-FP32-Compat,122,logits,1787658728001233781,1787658728036847418,35.613227000000002,2,2,2,,0
Node3,Cloud-RCS-FP32-Compat,round_01_position_1_Cloud-RCS-FP32-Compat,123,logits,1787658728036847928,1787658728071601842,34.753523999999999,2,2,2,,0
Node3,Cloud-RCS-FP32-Compat,round_01_position_1_Cloud-RCS-FP32-Compat,124,logits,1787658728071602352,1787658728106415859,34.813077,2,2,2,,0
Node3,Cloud-RCS-FP32-Compat,round_01_position_1_Cloud-RCS-FP32-Compat,125,logits,1787658728106416379,1787658728140539091,34.122321999999997,2,2,2,,0
Node3,Cloud-RCS-FP32-Compat,round_01_position_1_Cloud-RCS-FP32-Compat,126,logits,1787658728140539601,1787658728175255454,34.715452999999997,2,2,2,,0
Node3,Cloud-RCS-FP32-Compat,round_01_position_1_Cloud-RCS-FP32-Compat,127,logits,1787658728175255974,1787658728209791387,34.534973000000001,2,2,2,,0
Node3,Cloud-RCS-FP32-Compat,round_01_position_1_Cloud-RCS-FP32-Compat,128,logits,1787658728209791947,1787658728244995694,35.203336999999998,2,2,2,,0
Node3,Cloud-RCS-FP32-Compat,round_01_position_1_Cloud-RCS-FP32-Compat,129,logits,1787658728244996224,1787658728279387379,34.390785000000001,2,2,2,,0
Node3,Cloud-RCS-FP32-Compat,round_01_position_1_Cloud-RCS-FP32-Compat,130,logits,1787658728279387919,1787658728315122533,35.734324000000001,2,2,2,,0
Node3,Cloud-RCS-FP32-Compat,round_01_position_1_Cloud-RCS-FP32-Compat,131,logits,1787658728315123113,1787658728349709919,34.586495999999997,2,2,2,,0
Node3,Cloud-RCS-FP32-Compat,round_01_position_1_Cloud-RCS-FP32-Compat,132,logits,1787658728349710459,1787658728384927797,35.217058000000002,2,2,2,,0
Node3,Cloud-RCS-FP32-Compat,round_01_position_1_Cloud-RCS-FP32-Compat,133,logits,1787658728384928327,1787658728421885483,36.956566000000002,2,2,2,,0
Node3,Cloud-RCS-FP32-Compat,round_01_position_1_Cloud-RCS-FP32-Compat,134,logits,1787658728421886043,1787658728458366195,36.479602,2,2,2,,0
Node3,Cloud-RCS-FP32-Compat,round_01_position_1_Cloud-RCS-FP32-Compat,135,logits,1787658728458366786,1787658728493126480,34.759424000000003,2,2,2,,0
Node3,Cloud-RCS-FP32-Compat,round_01_position_1_Cloud-RCS-FP32-Compat,136,logits,1787658728493127040,1787658728528739247,35.611797000000003,2,2,2,,0
Node3,Cloud-RCS-FP32-Compat,round_01_position_1_Cloud-RCS-FP32-Compat,137,logits,1787658728528739787,1787658728563743964,35.003776999999999,2,2,2,,0
Node3,Cloud-RCS-FP32-Compat,round_01_position_1_Cloud-RCS-FP32-Compat,138,logits,1787658728563744504,1787658728598909479,35.164594999999998,2,2,2,,0
Node3,Cloud-RCS-FP32-Compat,round_01_position_1_Cloud-RCS-FP32-Compat,139,logits,1787658728598910019,1787658728634045073,35.134504,2,2,2,,0
Node3,Cloud-RCS-FP32-Compat,round_01_position_1_Cloud-RCS-FP32-Compat,140,logits,1787658728634045593,1787658728669147495,35.101452000000002,2,2,2,,0
Node3,Cloud-RCS-FP32-Compat,round_01_position_1_Cloud-RCS-FP32-Compat,141,logits,1787658728669148045,1787658728704743062,35.594607000000003,2,2,2,,0
Node3,Cloud-RCS-FP32-Compat,round_01_position_1_Cloud-RCS-FP32-Compat,142,logits,1787658728704743572,1787658728740122408,35.378436000000001,2,2,2,,0
Node3,Cloud-RCS-FP32-Compat,round_01_position_1_Cloud-RCS-FP32-Compat,143,logits,1787658728740122938,1787658728775185137,35.061799000000001,2,2,2,,0
Node3,Cloud-RCS-FP32-Compat,round_01_position_1_Cloud-RCS-FP32-Compat,144,logits,1787658728775185558,1787658728810035427,34.849459000000003,2,2,2,,0
Node3,Cloud-RCS-FP32-Compat,round_01_position_1_Cloud-RCS-FP32-Compat,145,logits,1787658728810036007,1787658728845128498,35.091971000000001,2,2,2,,0
Node3,Cloud-RCS-FP32-Compat,round_01_position_1_Cloud-RCS-FP32-Compat,146,logits,1787658728845128898,1787658728880478213,35.348775000000003,2,2,2,,0
Node3,Cloud-RCS-FP32-Compat,round_01_position_1_Cloud-RCS-FP32-Compat,147,logits,1787658728880478733,1787658728915268189,34.788986000000001,2,2,2,,0
Node3,Cloud-RCS-FP32-Compat,round_01_position_1_Cloud-RCS-FP32-Compat,148,logits,1787658728915268579,1787658728951273337,36.004358000000003,2,2,2,,0
Node3,Cloud-RCS-FP32-Compat,round_01_position_1_Cloud-RCS-FP32-Compat,149,logits,1787658728951274277,1787658728986408720,35.133913,2,2,2,,0
Node3,Cloud-RCS-FP32-Compat,round_01_position_1_Cloud-RCS-FP32-Compat,150,logits,1787658728986409280,1787658729020972024,34.562364000000002,2,2,2,,0
Node3,Cloud-RCS-FP32-Compat,round_01_position_1_Cloud-RCS-FP32-Compat,151,logits,1787658729020972594,1787658729055523318,34.550324000000003,2,2,2,,0
Node3,Cloud-RCS-FP32-Compat,round_01_position_1_Cloud-RCS-FP32-Compat,152,logits,1787658729055523848,1787658729090101603,34.577354999999997,2,2,2,,0
Node3,Cloud-RCS-FP32-Compat,round_01_position_1_Cloud-RCS-FP32-Compat,153,logits,1787658729090102163,1787658729124616755,34.514322,2,2,2,,0
Node3,Cloud-RCS-FP32-Compat,round_01_position_1_Cloud-RCS-FP32-Compat,154,logits,1787658729124617265,1787658729159133757,34.516101999999997,2,2,2,,0
Node3,Cloud-RCS-FP32-Compat,round_01_position_1_Cloud-RCS-FP32-Compat,155,logits,1787658729159134257,1787658729193305251,34.170594000000001,2,2,2,,0
Node3,Cloud-RCS-FP32-Compat,round_01_position_1_Cloud-RCS-FP32-Compat,156,logits,1787658729193305871,1787658729227555070,34.248809000000001,2,2,2,,0
Node3,Cloud-RCS-FP32-Compat,round_01_position_1_Cloud-RCS-FP32-Compat,157,logits,1787658729227555930,1787658729262921275,35.364955000000002,2,2,2,,0
Node3,Cloud-RCS-FP32-Compat,round_01_position_1_Cloud-RCS-FP32-Compat,158,logits,1787658729262921665,1787658729297627537,34.705472,2,2,2,,0
Node3,Cloud-RCS-FP32-Compat,round_01_position_1_Cloud-RCS-FP32-Compat,159,logits,1787658729297628077,1787658729332853805,35.225327999999998,2,2,2,,0
Node3,Cloud-RCS-FP32-Compat,round_01_position_1_Cloud-RCS-FP32-Compat,160,logits,1787658729332854365,1787658729378534977,45.680342000000003,2,2,2,,0
Node3,Cloud-RCS-FP32-Compat,round_01_position_1_Cloud-RCS-FP32-Compat,161,logits,1787658729378535497,1787658729413612667,35.076909999999998,2,2,2,,0
Node3,Cloud-RCS-FP32-Compat,round_01_position_1_Cloud-RCS-FP32-Compat,162,logits,1787658729413613297,1787658729448945991,35.332304000000001,2,2,2,,0
Node3,Cloud-RCS-FP32-Compat,round_01_position_1_Cloud-RCS-FP32-Compat,163,logits,1787658729448946551,1787658729483632652,34.685701000000002,2,2,2,,0
Node3,Cloud-RCS-FP32-Compat,round_01_position_1_Cloud-RCS-FP32-Compat,164,logits,1787658729483633172,1787658729517985255,34.351373000000002,2,2,2,,0
Node3,Cloud-RCS-FP32-Compat,round_01_position_1_Cloud-RCS-FP32-Compat,165,logits,1787658729517985835,1787658729555147672,37.161417,2,2,2,,0
Node3,Cloud-RCS-FP32-Compat,round_01_position_1_Cloud-RCS-FP32-Compat,166,logits,1787658729555148222,1787658729589780970,34.632358000000004,2,2,2,,0
Node3,Cloud-RCS-FP32-Compat,round_01_position_1_Cloud-RCS-FP32-Compat,167,logits,1787658729589781470,1787658729624093452,34.311712,2,2,2,,0
Node3,Cloud-RCS-FP32-Compat,round_01_position_1_Cloud-RCS-FP32-Compat,168,logits,1787658729624093972,1787658729657835244,33.741002000000002,2,2,2,,0
Node3,Cloud-RCS-FP32-Compat,round_01_position_1_Cloud-RCS-FP32-Compat,169,logits,1787658729657835994,1787658729691644050,33.807796000000003,2,2,2,,0
Node3,Cloud-RCS-FP32-Compat,round_01_position_1_Cloud-RCS-FP32-Compat,170,logits,1787658729691644420,1787658729725043825,33.399005000000002,2,2,2,,0
Node3,Cloud-RCS-FP32-Compat,round_01_position_1_Cloud-RCS-FP32-Compat,171,logits,1787658729725044365,1787658729759917065,34.87227,2,2,2,,0
Node3,Cloud-RCS-FP32-Compat,round_01_position_1_Cloud-RCS-FP32-Compat,172,logits,1787658729759917615,1787658729794663899,34.745863999999997,2,2,2,,0
Node3,Cloud-RCS-FP32-Compat,round_01_position_1_Cloud-RCS-FP32-Compat,173,logits,1787658729794664429,1787658729829005412,34.340722999999997,2,2,2,,0
Node3,Cloud-RCS-FP32-Compat,round_01_position_1_Cloud-RCS-FP32-Compat,174,logits,1787658729829005922,1787658729863587707,34.581515000000003,2,2,2,,0
Node3,Cloud-RCS-FP32-Compat,round_01_position_1_Cloud-RCS-FP32-Compat,175,logits,1787658729863588367,1787658729898162082,34.573435000000003,2,2,2,,0
Node3,Cloud-RCS-FP32-Compat,round_01_position_1_Cloud-RCS-FP32-Compat,176,logits,1787658729898162602,1787658729933036583,34.873691000000001,2,2,2,,0
Node3,Cloud-RCS-FP32-Compat,round_01_position_1_Cloud-RCS-FP32-Compat,177,logits,1787658729933037303,1787658729967488901,34.451188000000002,2,2,2,,0
Node3,Cloud-RCS-FP32-Compat,round_01_position_1_Cloud-RCS-FP32-Compat,178,logits,1787658729967489451,1787658730001887397,34.397686,2,2,2,,0
Node3,Cloud-RCS-FP32-Compat,round_01_position_1_Cloud-RCS-FP32-Compat,179,logits,1787658730001887937,1787658730035931845,34.043508000000003,2,2,2,,0
Node3,Cloud-RCS-FP32-Compat,round_01_position_1_Cloud-RCS-FP32-Compat,180,logits,1787658730035932355,1787658730069916740,33.983854999999998,2,2,2,,0
Node3,Cloud-RCS-FP32-Compat,round_01_position_1_Cloud-RCS-FP32-Compat,181,logits,1787658730069917280,1787658730104848733,34.931052999999999,2,2,2,,0
Node3,Cloud-RCS-FP32-Compat,round_01_position_1_Cloud-RCS-FP32-Compat,182,logits,1787658730104849583,1787658730139199876,34.349902999999998,2,2,2,,0
Node3,Cloud-RCS-FP32-Compat,round_01_position_1_Cloud-RCS-FP32-Compat,183,logits,1787658730139200396,1787658730173083416,33.88261,2,2,2,,0
Node3,Cloud-RCS-FP32-Compat,round_01_position_1_Cloud-RCS-FP32-Compat,184,logits,1787658730173083936,1787658730207372227,34.287500000000001,2,2,2,,0
Node3,Cloud-RCS-FP32-Compat,round_01_position_1_Cloud-RCS-FP32-Compat,185,logits,1787658730207372817,1787658730244065690,36.692473,2,2,2,,0
Node3,Cloud-RCS-FP32-Compat,round_01_position_1_Cloud-RCS-FP32-Compat,186,logits,1787658730244066870,1787658730280593714,36.526034000000003,2,2,2,,0
Node3,Cloud-RCS-FP32-Compat,round_01_position_1_Cloud-RCS-FP32-Compat,187,logits,1787658730280594234,1787658730319019066,38.424432000000003,2,2,2,,0
Node3,Cloud-RCS-FP32-Compat,round_01_position_1_Cloud-RCS-FP32-Compat,188,logits,1787658730319019596,1787658730354304917,35.284880999999999,2,2,2,,0
Node3,Cloud-RCS-FP32-Compat,round_01_position_1_Cloud-RCS-FP32-Compat,189,logits,1787658730354305457,1787658730390086104,35.780096999999998,2,2,2,,0
Node3,Cloud-RCS-FP32-Compat,round_01_position_1_Cloud-RCS-FP32-Compat,190,logits,1787658730390086634,1787658730428026191,37.939146999999998,2,2,2,,0
Node3,Cloud-RCS-FP32-Compat,round_01_position_1_Cloud-RCS-FP32-Compat,191,logits,1787658730428026721,1787658730463581846,35.554695000000002,2,2,2,,0
Node3,Cloud-RCS-FP32-Compat,round_01_position_1_Cloud-RCS-FP32-Compat,192,logits,1787658730463582356,1787658730500090079,36.507342999999999,2,2,2,,0
Node3,Cloud-RCS-FP32-Compat,round_01_position_1_Cloud-RCS-FP32-Compat,193,logits,1787658730500090609,1787658730535112217,35.021217999999998,2,2,2,,0
Node3,Cloud-RCS-FP32-Compat,round_01_position_1_Cloud-RCS-FP32-Compat,194,logits,1787658730535112727,1787658730570212908,35.099781,2,2,2,,0
Node3,Cloud-RCS-FP32-Compat,round_01_position_1_Cloud-RCS-FP32-Compat,195,logits,1787658730570213429,1787658730606095340,35.881520999999999,2,2,2,,0
Node3,Cloud-RCS-FP32-Compat,round_01_position_1_Cloud-RCS-FP32-Compat,196,logits,1787658730606095860,1787658730641185342,35.089061999999998,2,2,2,,0
Node3,Cloud-RCS-FP32-Compat,round_01_position_1_Cloud-RCS-FP32-Compat,197,logits,1787658730641186152,1787658730675546626,34.360033999999999,2,2,2,,0
Node3,Cloud-RCS-FP32-Compat,round_01_position_1_Cloud-RCS-FP32-Compat,198,logits,1787658730675547186,1787658730709845327,34.297741000000002,2,2,2,,0
Node3,Cloud-RCS-FP32-Compat,round_01_position_1_Cloud-RCS-FP32-Compat,199,logits,1787658730709845897,1787658730744037792,34.191504999999999,2,2,2,,0
Node3,Cloud-RCS-FP16-Opt-v2,round_01_position_2_Cloud-RCS-FP16-Opt-v2,0,logits,1787658755627302783,1787658755657635673,30.331918999999999,2,2,2,,0
Node3,Cloud-RCS-FP16-Opt-v2,round_01_position_2_Cloud-RCS-FP16-Opt-v2,1,logits,1787658755657636193,1787658755692148575,34.511862000000001,2,2,2,,0
Node3,Cloud-RCS-FP16-Opt-v2,round_01_position_2_Cloud-RCS-FP16-Opt-v2,2,logits,1787658755692149085,1787658755726622625,34.472990000000003,2,2,2,,0
Node3,Cloud-RCS-FP16-Opt-v2,round_01_position_2_Cloud-RCS-FP16-Opt-v2,3,logits,1787658755726622965,1787658755756661519,30.038174000000001,2,2,2,,0
Node3,Cloud-RCS-FP16-Opt-v2,round_01_position_2_Cloud-RCS-FP16-Opt-v2,4,logits,1787658755756662029,1787658755787027490,30.365081,2,2,2,,0
Node3,Cloud-RCS-FP16-Opt-v2,round_01_position_2_Cloud-RCS-FP16-Opt-v2,5,logits,1787658755787028050,1787658755816645972,29.617661999999999,2,2,2,,0
Node3,Cloud-RCS-FP16-Opt-v2,round_01_position_2_Cloud-RCS-FP16-Opt-v2,6,logits,1787658755816646442,1787658755846538079,29.891356999999999,2,2,2,,0
Node3,Cloud-RCS-FP16-Opt-v2,round_01_position_2_Cloud-RCS-FP16-Opt-v2,7,logits,1787658755846538429,1787658755876097728,29.559038999999999,2,2,2,,0
Node3,Cloud-RCS-FP16-Opt-v2,round_01_position_2_Cloud-RCS-FP16-Opt-v2,8,logits,1787658755876098088,1787658755905958853,29.860234999999999,2,2,2,,0
Node3,Cloud-RCS-FP16-Opt-v2,round_01_position_2_Cloud-RCS-FP16-Opt-v2,9,logits,1787658755905959223,1787658755935875250,29.915637,2,2,2,,0
Node3,Cloud-RCS-FP16-Opt-v2,round_01_position_2_Cloud-RCS-FP16-Opt-v2,10,logits,1787658755935875630,1787658755966023270,30.147120000000001,2,2,2,,0
Node3,Cloud-RCS-FP16-Opt-v2,round_01_position_2_Cloud-RCS-FP16-Opt-v2,11,logits,1787658755966023780,1787658755996072215,30.048055000000002,2,2,2,,0
Node3,Cloud-RCS-FP16-Opt-v2,round_01_position_2_Cloud-RCS-FP16-Opt-v2,12,logits,1787658755996072885,1787658756025381181,29.307915999999999,2,2,2,,0
Node3,Cloud-RCS-FP16-Opt-v2,round_01_position_2_Cloud-RCS-FP16-Opt-v2,13,logits,1787658756025381811,1787658756054922270,29.540068999999999,2,2,2,,0
Node3,Cloud-RCS-FP16-Opt-v2,round_01_position_2_Cloud-RCS-FP16-Opt-v2,14,logits,1787658756054922780,1787658756085662939,30.739768999999999,2,2,2,,0
Node3,Cloud-RCS-FP16-Opt-v2,round_01_position_2_Cloud-RCS-FP16-Opt-v2,15,logits,1787658756085663449,1787658756116124575,30.460386,2,2,2,,0
Node3,Cloud-RCS-FP16-Opt-v2,round_01_position_2_Cloud-RCS-FP16-Opt-v2,16,logits,1787658756116125095,1787658756145940088,29.814623000000001,2,2,2,,0
Node3,Cloud-RCS-FP16-Opt-v2,round_01_position_2_Cloud-RCS-FP16-Opt-v2,17,logits,1787658756145940638,1787658756175552720,29.611692000000001,2,2,2,,0
Node3,Cloud-RCS-FP16-Opt-v2,round_01_position_2_Cloud-RCS-FP16-Opt-v2,18,logits,1787658756175553230,1787658756204899779,29.346159,2,2,2,,0
Node3,Cloud-RCS-FP16-Opt-v2,round_01_position_2_Cloud-RCS-FP16-Opt-v2,19,logits,1787658756204900299,1787658756234759854,29.859013999999998,2,2,2,,0
Node3,Cloud-RCS-FP16-Opt-v2,round_01_position_2_Cloud-RCS-FP16-Opt-v2,20,logits,1787658756234760374,1787658756264437669,29.676774999999999,2,2,2,,0
Node3,Cloud-RCS-FP16-Opt-v2,round_01_position_2_Cloud-RCS-FP16-Opt-v2,21,logits,1787658756264438219,1787658756295160948,30.722007999999999,2,2,2,,0
Node3,Cloud-RCS-FP16-Opt-v2,round_01_position_2_Cloud-RCS-FP16-Opt-v2,22,logits,1787658756295161478,1787658756324476195,29.314316999999999,2,2,2,,0
Node3,Cloud-RCS-FP16-Opt-v2,round_01_position_2_Cloud-RCS-FP16-Opt-v2,23,logits,1787658756324476725,1787658756355058686,30.581561000000001,2,2,2,,0
Node3,Cloud-RCS-FP16-Opt-v2,round_01_position_2_Cloud-RCS-FP16-Opt-v2,24,logits,1787658756355059056,1787658756384785575,29.726258999999999,2,2,2,,0
Node3,Cloud-RCS-FP16-Opt-v2,round_01_position_2_Cloud-RCS-FP16-Opt-v2,25,logits,1787658756384786095,1787658756414549005,29.762530000000002,2,2,2,,0
Node3,Cloud-RCS-FP16-Opt-v2,round_01_position_2_Cloud-RCS-FP16-Opt-v2,26,logits,1787658756414549705,1787658756445236451,30.686346,2,2,2,,0
Node3,Cloud-RCS-FP16-Opt-v2,round_01_position_2_Cloud-RCS-FP16-Opt-v2,27,logits,1787658756445236691,1787658756476421024,31.184062999999998,2,2,2,,0
Node3,Cloud-RCS-FP16-Opt-v2,round_01_position_2_Cloud-RCS-FP16-Opt-v2,28,logits,1787658756476421424,1787658756505675198,29.253043999999999,2,2,2,,0
Node3,Cloud-RCS-FP16-Opt-v2,round_01_position_2_Cloud-RCS-FP16-Opt-v2,29,logits,1787658756505675568,1787658756537346855,31.670807,2,2,2,,0
Node3,Cloud-RCS-FP16-Opt-v2,round_01_position_2_Cloud-RCS-FP16-Opt-v2,30,logits,1787658756537347735,1787658756567895395,30.5473,2,2,2,,0
Node3,Cloud-RCS-FP16-Opt-v2,round_01_position_2_Cloud-RCS-FP16-Opt-v2,31,logits,1787658756567895905,1787658756598302798,30.406253,2,2,2,,0
Node3,Cloud-RCS-FP16-Opt-v2,round_01_position_2_Cloud-RCS-FP16-Opt-v2,32,logits,1787658756598303198,1787658756629445758,31.142029999999998,2,2,2,,0
Node3,Cloud-RCS-FP16-Opt-v2,round_01_position_2_Cloud-RCS-FP16-Opt-v2,33,logits,1787658756629446118,1787658756659772017,30.325479000000001,2,2,2,,0
Node3,Cloud-RCS-FP16-Opt-v2,round_01_position_2_Cloud-RCS-FP16-Opt-v2,34,logits,1787658756659772397,1787658756690770779,30.997992,2,2,2,,0
Node3,Cloud-RCS-FP16-Opt-v2,round_01_position_2_Cloud-RCS-FP16-Opt-v2,35,logits,1787658756690771139,1787658756727936387,37.164788000000001,2,2,2,,0
Node3,Cloud-RCS-FP16-Opt-v2,round_01_position_2_Cloud-RCS-FP16-Opt-v2,36,logits,1787658756727936917,1787658756759825706,31.888518999999999,2,2,2,,0
Node3,Cloud-RCS-FP16-Opt-v2,round_01_position_2_Cloud-RCS-FP16-Opt-v2,37,logits,1787658756759826076,1787658756790318953,30.492426999999999,2,2,2,,0
Node3,Cloud-RCS-FP16-Opt-v2,round_01_position_2_Cloud-RCS-FP16-Opt-v2,38,logits,1787658756790319303,1787658756820198099,29.878405999999998,2,2,2,,0
Node3,Cloud-RCS-FP16-Opt-v2,round_01_position_2_Cloud-RCS-FP16-Opt-v2,39,logits,1787658756820198609,1787658756850098486,29.899356999999998,2,2,2,,0
Node3,Cloud-RCS-FP16-Opt-v2,round_01_position_2_Cloud-RCS-FP16-Opt-v2,40,logits,1787658756850098836,1787658756880163181,30.063815000000002,2,2,2,,0
Node3,Cloud-RCS-FP16-Opt-v2,round_01_position_2_Cloud-RCS-FP16-Opt-v2,41,logits,1787658756880163531,1787658756910592755,30.428694,2,2,2,,0
Node3,Cloud-RCS-FP16-Opt-v2,round_01_position_2_Cloud-RCS-FP16-Opt-v2,42,logits,1787658756910593155,1787658756941543995,30.95045,2,2,2,,0
Node3,Cloud-RCS-FP16-Opt-v2,round_01_position_2_Cloud-RCS-FP16-Opt-v2,43,logits,1787658756941544495,1787658756975190043,33.645158000000002,2,2,2,,0
Node3,Cloud-RCS-FP16-Opt-v2,round_01_position_2_Cloud-RCS-FP16-Opt-v2,44,logits,1787658756975190574,1787658757006541285,31.350241,2,2,2,,0
Node3,Cloud-RCS-FP16-Opt-v2,round_01_position_2_Cloud-RCS-FP16-Opt-v2,45,logits,1787658757006541785,1787658757036991310,30.449124999999999,2,2,2,,0
Node3,Cloud-RCS-FP16-Opt-v2,round_01_position_2_Cloud-RCS-FP16-Opt-v2,46,logits,1787658757036991830,1787658757068117009,31.124649000000002,2,2,2,,0
Node3,Cloud-RCS-FP16-Opt-v2,round_01_position_2_Cloud-RCS-FP16-Opt-v2,47,logits,1787658757068117579,1787658757104501247,36.383118000000003,2,2,2,,0
Node3,Cloud-RCS-FP16-Opt-v2,round_01_position_2_Cloud-RCS-FP16-Opt-v2,48,logits,1787658757104501677,1787658757141493676,36.991748999999999,2,2,2,,0
Node3,Cloud-RCS-FP16-Opt-v2,round_01_position_2_Cloud-RCS-FP16-Opt-v2,49,logits,1787658757141494076,1787658757172325701,30.831334999999999,2,2,2,,0
Node3,Cloud-RCS-FP16-Opt-v2,round_01_position_2_Cloud-RCS-FP16-Opt-v2,50,logits,1787658757172326081,1787658757204709044,32.382702999999999,2,2,2,,0
Node3,Cloud-RCS-FP16-Opt-v2,round_01_position_2_Cloud-RCS-FP16-Opt-v2,51,logits,1787658757204709594,1787658757235644204,30.933910000000001,2,2,2,,0
Node3,Cloud-RCS-FP16-Opt-v2,round_01_position_2_Cloud-RCS-FP16-Opt-v2,52,logits,1787658757235644554,1787658757266580244,30.935310000000001,2,2,2,,0
Node3,Cloud-RCS-FP16-Opt-v2,round_01_position_2_Cloud-RCS-FP16-Opt-v2,53,logits,1787658757266580594,1787658757297412599,30.831474,2,2,2,,0
Node3,Cloud-RCS-FP16-Opt-v2,round_01_position_2_Cloud-RCS-FP16-Opt-v2,54,logits,1787658757297413099,1787658757331489129,34.075490000000002,2,2,2,,0
Node3,Cloud-RCS-FP16-Opt-v2,round_01_position_2_Cloud-RCS-FP16-Opt-v2,55,logits,1787658757331489659,1787658757362239369,30.749310000000001,2,2,2,,0
Node3,Cloud-RCS-FP16-Opt-v2,round_01_position_2_Cloud-RCS-FP16-Opt-v2,56,logits,1787658757362239869,1787658757394853034,32.612575,2,2,2,,0
Node3,Cloud-RCS-FP16-Opt-v2,round_01_position_2_Cloud-RCS-FP16-Opt-v2,57,logits,1787658757394853604,1787658757425591974,30.737850000000002,2,2,2,,0
Node3,Cloud-RCS-FP16-Opt-v2,round_01_position_2_Cloud-RCS-FP16-Opt-v2,58,logits,1787658757425592324,1787658757456954245,31.361530999999999,2,2,2,,0
Node3,Cloud-RCS-FP16-Opt-v2,round_01_position_2_Cloud-RCS-FP16-Opt-v2,59,logits,1787658757456955085,1787658757487689845,30.734359999999999,2,2,2,,0
Node3,Cloud-RCS-FP16-Opt-v2,round_01_position_2_Cloud-RCS-FP16-Opt-v2,60,logits,1787658757487690205,1787658757517907098,30.216353000000002,2,2,2,,0
Node3,Cloud-RCS-FP16-Opt-v2,round_01_position_2_Cloud-RCS-FP16-Opt-v2,61,logits,1787658757517907598,1787658757548428367,30.520378999999998,2,2,2,,0
Node3,Cloud-RCS-FP16-Opt-v2,round_01_position_2_Cloud-RCS-FP16-Opt-v2,62,logits,1787658757548428907,1787658757581152328,32.723041000000002,2,2,2,,0
Node3,Cloud-RCS-FP16-Opt-v2,round_01_position_2_Cloud-RCS-FP16-Opt-v2,63,logits,1787658757581152838,1787658757613153022,31.999783999999998,2,2,2,,0
Node3,Cloud-RCS-FP16-Opt-v2,round_01_position_2_Cloud-RCS-FP16-Opt-v2,64,logits,1787658757613153572,1787658757644376457,31.222314999999998,2,2,2,,0
Node3,Cloud-RCS-FP16-Opt-v2,round_01_position_2_Cloud-RCS-FP16-Opt-v2,65,logits,1787658757644376847,1787658757675385260,31.007883,2,2,2,,0
Node3,Cloud-RCS-FP16-Opt-v2,round_01_position_2_Cloud-RCS-FP16-Opt-v2,66,logits,1787658757675385810,1787658757706016874,30.630544,2,2,2,,0
Node3,Cloud-RCS-FP16-Opt-v2,round_01_position_2_Cloud-RCS-FP16-Opt-v2,67,logits,1787658757706017224,1787658757738043359,32.025554999999997,2,2,2,,0
Node3,Cloud-RCS-FP16-Opt-v2,round_01_position_2_Cloud-RCS-FP16-Opt-v2,68,logits,1787658757738043709,1787658757780279227,42.235128000000003,2,2,2,,0
Node3,Cloud-RCS-FP16-Opt-v2,round_01_position_2_Cloud-RCS-FP16-Opt-v2,69,logits,1787658757780279787,1787658757811534293,31.254106,2,2,2,,0
Node3,Cloud-RCS-FP16-Opt-v2,round_01_position_2_Cloud-RCS-FP16-Opt-v2,70,logits,1787658757811534853,1787658757842483383,30.947929999999999,2,2,2,,0
Node3,Cloud-RCS-FP16-Opt-v2,round_01_position_2_Cloud-RCS-FP16-Opt-v2,71,logits,1787658757842483743,1787658757873613312,31.129048999999998,2,2,2,,0
Node3,Cloud-RCS-FP16-Opt-v2,round_01_position_2_Cloud-RCS-FP16-Opt-v2,72,logits,1787658757873613702,1787658757904499010,30.884598,2,2,2,,0
Node3,Cloud-RCS-FP16-Opt-v2,round_01_position_2_Cloud-RCS-FP16-Opt-v2,73,logits,1787658757904499510,1787658757935259731,30.759820999999999,2,2,2,,0
Node3,Cloud-RCS-FP16-Opt-v2,round_01_position_2_Cloud-RCS-FP16-Opt-v2,74,logits,1787658757935260111,1787658757965707015,30.446124000000001,2,2,2,,0
Node3,Cloud-RCS-FP16-Opt-v2,round_01_position_2_Cloud-RCS-FP16-Opt-v2,75,logits,1787658757965707365,1787658757996360431,30.652476,2,2,2,,0
Node3,Cloud-RCS-FP16-Opt-v2,round_01_position_2_Cloud-RCS-FP16-Opt-v2,76,logits,1787658757996360781,1787658758027445848,31.084686999999999,2,2,2,,0
Node3,Cloud-RCS-FP16-Opt-v2,round_01_position_2_Cloud-RCS-FP16-Opt-v2,77,logits,1787658758027446198,1787658758057986588,30.539529999999999,2,2,2,,0
Node3,Cloud-RCS-FP16-Opt-v2,round_01_position_2_Cloud-RCS-FP16-Opt-v2,78,logits,1787658758057987098,1787658758088453834,30.466346000000001,2,2,2,,0
Node3,Cloud-RCS-FP16-Opt-v2,round_01_position_2_Cloud-RCS-FP16-Opt-v2,79,logits,1787658758088454354,1787658758119099169,30.644295,2,2,2,,0
Node3,Cloud-RCS-FP16-Opt-v2,round_01_position_2_Cloud-RCS-FP16-Opt-v2,80,logits,1787658758119099779,1787658758150102432,31.001802999999999,2,2,2,,0
Node3,Cloud-RCS-FP16-Opt-v2,round_01_position_2_Cloud-RCS-FP16-Opt-v2,81,logits,1787658758150102782,1787658758180556377,30.453175000000002,2,2,2,,0
Node3,Cloud-RCS-FP16-Opt-v2,round_01_position_2_Cloud-RCS-FP16-Opt-v2,82,logits,1787658758180556877,1787658758211182221,30.624974000000002,2,2,2,,0
Node3,Cloud-RCS-FP16-Opt-v2,round_01_position_2_Cloud-RCS-FP16-Opt-v2,83,logits,1787658758211182621,1787658758241922021,30.738669999999999,2,2,2,,0
Node3,Cloud-RCS-FP16-Opt-v2,round_01_position_2_Cloud-RCS-FP16-Opt-v2,84,logits,1787658758241922381,1787658758273328135,31.405342999999998,2,2,2,,0
Node3,Cloud-RCS-FP16-Opt-v2,round_01_position_2_Cloud-RCS-FP16-Opt-v2,85,logits,1787658758273328505,1787658758302867503,29.538598,2,2,2,,0
Node3,Cloud-RCS-FP16-Opt-v2,round_01_position_2_Cloud-RCS-FP16-Opt-v2,86,logits,1787658758302867843,1787658758333215783,30.34741,2,2,2,,0
Node3,Cloud-RCS-FP16-Opt-v2,round_01_position_2_Cloud-RCS-FP16-Opt-v2,87,logits,1787658758333216323,1787658758364072829,30.855955999999999,2,2,2,,0
Node3,Cloud-RCS-FP16-Opt-v2,round_01_position_2_Cloud-RCS-FP16-Opt-v2,88,logits,1787658758364073179,1787658758394222578,30.148859000000002,2,2,2,,0
Node3,Cloud-RCS-FP16-Opt-v2,round_01_position_2_Cloud-RCS-FP16-Opt-v2,89,logits,1787658758394222928,1787658758425417281,31.194002999999999,2,2,2,,0
Node3,Cloud-RCS-FP16-Opt-v2,round_01_position_2_Cloud-RCS-FP16-Opt-v2,90,logits,1787658758425417791,1787658758455114058,29.695996999999998,2,2,2,,0
Node3,Cloud-RCS-FP16-Opt-v2,round_01_position_2_Cloud-RCS-FP16-Opt-v2,91,logits,1787658758455114558,1787658758486421927,31.306858999999999,2,2,2,,0
Node3,Cloud-RCS-FP16-Opt-v2,round_01_position_2_Cloud-RCS-FP16-Opt-v2,92,logits,1787658758486422557,1787658758519158709,32.735711999999999,2,2,2,,0
Node3,Cloud-RCS-FP16-Opt-v2,round_01_position_2_Cloud-RCS-FP16-Opt-v2,93,logits,1787658758519159519,1787658758550468988,31.309199,2,2,2,,0
Node3,Cloud-RCS-FP16-Opt-v2,round_01_position_2_Cloud-RCS-FP16-Opt-v2,94,logits,1787658758550469328,1787658758582074992,31.605084000000002,2,2,2,,0
Node3,Cloud-RCS-FP16-Opt-v2,round_01_position_2_Cloud-RCS-FP16-Opt-v2,95,logits,1787658758582075612,1787658758614922749,32.846417000000002,2,2,2,,0
Node3,Cloud-RCS-FP16-Opt-v2,round_01_position_2_Cloud-RCS-FP16-Opt-v2,96,logits,1787658758614923159,1787658758647759926,32.836247,2,2,2,,0
Node3,Cloud-RCS-FP16-Opt-v2,round_01_position_2_Cloud-RCS-FP16-Opt-v2,97,logits,1787658758647760556,1787658758680001222,32.240265999999998,2,2,2,,0
Node3,Cloud-RCS-FP16-Opt-v2,round_01_position_2_Cloud-RCS-FP16-Opt-v2,98,logits,1787658758680001662,1787658758710937292,30.935359999999999,2,2,2,,0
Node3,Cloud-RCS-FP16-Opt-v2,round_01_position_2_Cloud-RCS-FP16-Opt-v2,99,logits,1787658758710937702,1787658758741136164,30.198152,2,2,2,,0
Node3,Cloud-RCS-FP16-Opt-v2,round_01_position_2_Cloud-RCS-FP16-Opt-v2,100,logits,1787658758741136674,1787658758771526886,30.389952000000001,2,2,2,,0
Node3,Cloud-RCS-FP16-Opt-v2,round_01_position_2_Cloud-RCS-FP16-Opt-v2,101,logits,1787658758771527276,1787658758802868866,31.341180000000001,2,2,2,,0
Node3,Cloud-RCS-FP16-Opt-v2,round_01_position_2_Cloud-RCS-FP16-Opt-v2,102,logits,1787658758802869236,1787658758833787705,30.918059,2,2,2,,0
Node3,Cloud-RCS-FP16-Opt-v2,round_01_position_2_Cloud-RCS-FP16-Opt-v2,103,logits,1787658758833788225,1787658758864323845,30.5351,2,2,2,,0
Node3,Cloud-RCS-FP16-Opt-v2,round_01_position_2_Cloud-RCS-FP16-Opt-v2,104,logits,1787658758864324355,1787658758894680215,30.355609999999999,2,2,2,,0
Node3,Cloud-RCS-FP16-Opt-v2,round_01_position_2_Cloud-RCS-FP16-Opt-v2,105,logits,1787658758894680575,1787658758925565832,30.884737000000001,2,2,2,,0
Node3,Cloud-RCS-FP16-Opt-v2,round_01_position_2_Cloud-RCS-FP16-Opt-v2,106,logits,1787658758925566212,1787658758957020809,31.454056999999999,2,2,2,,0
Node3,Cloud-RCS-FP16-Opt-v2,round_01_position_2_Cloud-RCS-FP16-Opt-v2,107,logits,1787658758957021309,1787658758986895464,29.873695000000001,2,2,2,,0
Node3,Cloud-RCS-FP16-Opt-v2,round_01_position_2_Cloud-RCS-FP16-Opt-v2,108,logits,1787658758986895874,1787658759017084366,30.188082000000001,2,2,2,,0
Node3,Cloud-RCS-FP16-Opt-v2,round_01_position_2_Cloud-RCS-FP16-Opt-v2,109,logits,1787658759017084706,1787658759057764303,40.679076999999999,2,2,2,,0
Node3,Cloud-RCS-FP16-Opt-v2,round_01_position_2_Cloud-RCS-FP16-Opt-v2,110,logits,1787658759057766473,1787658759088466801,30.699908000000001,2,2,2,,0
Node3,Cloud-RCS-FP16-Opt-v2,round_01_position_2_Cloud-RCS-FP16-Opt-v2,111,logits,1787658759088467141,1787658759118561818,30.094107000000001,2,2,2,,0
Node3,Cloud-RCS-FP16-Opt-v2,round_01_position_2_Cloud-RCS-FP16-Opt-v2,112,logits,1787658759118562358,1787658759148923489,30.360861,2,2,2,,0
Node3,Cloud-RCS-FP16-Opt-v2,round_01_position_2_Cloud-RCS-FP16-Opt-v2,113,logits,1787658759148924029,1787658759179381324,30.457025000000002,2,2,2,,0
Node3,Cloud-RCS-FP16-Opt-v2,round_01_position_2_Cloud-RCS-FP16-Opt-v2,114,logits,1787658759179381874,1787658759209226548,29.844144,2,2,2,,0
Node3,Cloud-RCS-FP16-Opt-v2,round_01_position_2_Cloud-RCS-FP16-Opt-v2,115,logits,1787658759209227048,1787658759239381198,30.153749999999999,2,2,2,,0
Node3,Cloud-RCS-FP16-Opt-v2,round_01_position_2_Cloud-RCS-FP16-Opt-v2,116,logits,1787658759239381728,1787658759269518277,30.136178999999998,2,2,2,,0
Node3,Cloud-RCS-FP16-Opt-v2,round_01_position_2_Cloud-RCS-FP16-Opt-v2,117,logits,1787658759269518787,1787658759299554851,30.035114,2,2,2,,0
Node3,Cloud-RCS-FP16-Opt-v2,round_01_position_2_Cloud-RCS-FP16-Opt-v2,118,logits,1787658759299555291,1787658759330042918,30.487086999999999,2,2,2,,0
Node3,Cloud-RCS-FP16-Opt-v2,round_01_position_2_Cloud-RCS-FP16-Opt-v2,119,logits,1787658759330043328,1787658759359764976,29.721247999999999,2,2,2,,0
Node3,Cloud-RCS-FP16-Opt-v2,round_01_position_2_Cloud-RCS-FP16-Opt-v2,120,logits,1787658759359765366,1787658759389452912,29.687286,2,2,2,,0
Node3,Cloud-RCS-FP16-Opt-v2,round_01_position_2_Cloud-RCS-FP16-Opt-v2,121,logits,1787658759389453422,1787658759419203701,29.749859000000001,2,2,2,,0
Node3,Cloud-RCS-FP16-Opt-v2,round_01_position_2_Cloud-RCS-FP16-Opt-v2,122,logits,1787658759419204211,1787658759449038835,29.834354000000001,2,2,2,,0
Node3,Cloud-RCS-FP16-Opt-v2,round_01_position_2_Cloud-RCS-FP16-Opt-v2,123,logits,1787658759449039335,1787658759479513731,30.474015999999999,2,2,2,,0
Node3,Cloud-RCS-FP16-Opt-v2,round_01_position_2_Cloud-RCS-FP16-Opt-v2,124,logits,1787658759479514111,1787658759509193507,29.678885999999999,2,2,2,,0
Node3,Cloud-RCS-FP16-Opt-v2,round_01_position_2_Cloud-RCS-FP16-Opt-v2,125,logits,1787658759509193877,1787658759542063595,32.869047999999999,2,2,2,,0
Node3,Cloud-RCS-FP16-Opt-v2,round_01_position_2_Cloud-RCS-FP16-Opt-v2,126,logits,1787658759542063985,1787658759573182604,31.117989000000001,2,2,2,,0
Node3,Cloud-RCS-FP16-Opt-v2,round_01_position_2_Cloud-RCS-FP16-Opt-v2,127,logits,1787658759573182994,1787658759603767836,30.584582000000001,2,2,2,,0
Node3,Cloud-RCS-FP16-Opt-v2,round_01_position_2_Cloud-RCS-FP16-Opt-v2,128,logits,1787658759603768656,1787658759635569740,31.800894,2,2,2,,0
Node3,Cloud-RCS-FP16-Opt-v2,round_01_position_2_Cloud-RCS-FP16-Opt-v2,129,logits,1787658759635570310,1787658759668149264,32.578553999999997,2,2,2,,0
Node3,Cloud-RCS-FP16-Opt-v2,round_01_position_2_Cloud-RCS-FP16-Opt-v2,130,logits,1787658759668149784,1787658759699553518,31.403314000000002,2,2,2,,0
Node3,Cloud-RCS-FP16-Opt-v2,round_01_position_2_Cloud-RCS-FP16-Opt-v2,131,logits,1787658759699554058,1787658759733043098,33.488639999999997,2,2,2,,0
Node3,Cloud-RCS-FP16-Opt-v2,round_01_position_2_Cloud-RCS-FP16-Opt-v2,132,logits,1787658759733043658,1787658759763839191,30.795152999999999,2,2,2,,0
Node3,Cloud-RCS-FP16-Opt-v2,round_01_position_2_Cloud-RCS-FP16-Opt-v2,133,logits,1787658759763839711,1787658759793419101,29.579000000000001,2,2,2,,0
Node3,Cloud-RCS-FP16-Opt-v2,round_01_position_2_Cloud-RCS-FP16-Opt-v2,134,logits,1787658759793419471,1787658759823198192,29.778331000000001,2,2,2,,0
Node3,Cloud-RCS-FP16-Opt-v2,round_01_position_2_Cloud-RCS-FP16-Opt-v2,135,logits,1787658759823199092,1787658759853694049,30.494206999999999,2,2,2,,0
Node3,Cloud-RCS-FP16-Opt-v2,round_01_position_2_Cloud-RCS-FP16-Opt-v2,136,logits,1787658759853694589,1787658759884437239,30.742270000000001,2,2,2,,0
Node3,Cloud-RCS-FP16-Opt-v2,round_01_position_2_Cloud-RCS-FP16-Opt-v2,137,logits,1787658759884437659,1787658759913960327,29.522148000000001,2,2,2,,0
Node3,Cloud-RCS-FP16-Opt-v2,round_01_position_2_Cloud-RCS-FP16-Opt-v2,138,logits,1787658759913960587,1787658759945956571,31.995594000000001,2,2,2,,0
Node3,Cloud-RCS-FP16-Opt-v2,round_01_position_2_Cloud-RCS-FP16-Opt-v2,139,logits,1787658759945956941,1787658759976051798,30.094277000000002,2,2,2,,0
Node3,Cloud-RCS-FP16-Opt-v2,round_01_position_2_Cloud-RCS-FP16-Opt-v2,140,logits,1787658759976052168,1787658760006165586,30.112967999999999,2,2,2,,0
Node3,Cloud-RCS-FP16-Opt-v2,round_01_position_2_Cloud-RCS-FP16-Opt-v2,141,logits,1787658760006166196,1787658760039060156,32.893430000000002,2,2,2,,0
Node3,Cloud-RCS-FP16-Opt-v2,round_01_position_2_Cloud-RCS-FP16-Opt-v2,142,logits,1787658760039060706,1787658760074733757,35.672651000000002,2,2,2,,0
Node3,Cloud-RCS-FP16-Opt-v2,round_01_position_2_Cloud-RCS-FP16-Opt-v2,143,logits,1787658760074734327,1787658760111374388,36.639681000000003,2,2,2,,0
Node3,Cloud-RCS-FP16-Opt-v2,round_01_position_2_Cloud-RCS-FP16-Opt-v2,144,logits,1787658760111374748,1787658760141132068,29.75704,2,2,2,,0
Node3,Cloud-RCS-FP16-Opt-v2,round_01_position_2_Cloud-RCS-FP16-Opt-v2,145,logits,1787658760141132418,1787658760171315740,30.182801999999999,2,2,2,,0
Node3,Cloud-RCS-FP16-Opt-v2,round_01_position_2_Cloud-RCS-FP16-Opt-v2,146,logits,1787658760171316090,1787658760201347783,30.031303000000001,2,2,2,,0
Node3,Cloud-RCS-FP16-Opt-v2,round_01_position_2_Cloud-RCS-FP16-Opt-v2,147,logits,1787658760201348293,1787658760235222183,33.873489999999997,2,2,2,,0
Node3,Cloud-RCS-FP16-Opt-v2,round_01_position_2_Cloud-RCS-FP16-Opt-v2,148,logits,1787658760235222683,1787658760265240136,30.016922999999998,2,2,2,,0
Node3,Cloud-RCS-FP16-Opt-v2,round_01_position_2_Cloud-RCS-FP16-Opt-v2,149,logits,1787658760265240646,1787658760297463442,32.222386,2,2,2,,0
Node3,Cloud-RCS-FP16-Opt-v2,round_01_position_2_Cloud-RCS-FP16-Opt-v2,150,logits,1787658760297463962,1787658760328962640,31.498398000000002,2,2,2,,0
Node3,Cloud-RCS-FP16-Opt-v2,round_01_position_2_Cloud-RCS-FP16-Opt-v2,151,logits,1787658760328963440,1787658760359523911,30.559951000000002,2,2,2,,0
Node3,Cloud-RCS-FP16-Opt-v2,round_01_position_2_Cloud-RCS-FP16-Opt-v2,152,logits,1787658760359524431,1787658760390405558,30.880597000000002,2,2,2,,0
Node3,Cloud-RCS-FP16-Opt-v2,round_01_position_2_Cloud-RCS-FP16-Opt-v2,153,logits,1787658760390405948,1787658760423402813,32.996454999999997,2,2,2,,0
Node3,Cloud-RCS-FP16-Opt-v2,round_01_position_2_Cloud-RCS-FP16-Opt-v2,154,logits,1787658760423403183,1787658760454450619,31.046906,2,2,2,,0
Node3,Cloud-RCS-FP16-Opt-v2,round_01_position_2_Cloud-RCS-FP16-Opt-v2,155,logits,1787658760454450899,1787658760486345588,31.894169000000002,2,2,2,,0
Node3,Cloud-RCS-FP16-Opt-v2,round_01_position_2_Cloud-RCS-FP16-Opt-v2,156,logits,1787658760486346128,1787658760516277636,29.930987999999999,2,2,2,,0
Node3,Cloud-RCS-FP16-Opt-v2,round_01_position_2_Cloud-RCS-FP16-Opt-v2,157,logits,1787658760516278186,1787658760546385894,30.107247999999998,2,2,2,,0
Node3,Cloud-RCS-FP16-Opt-v2,round_01_position_2_Cloud-RCS-FP16-Opt-v2,158,logits,1787658760546386264,1787658760576882381,30.495716999999999,2,2,2,,0
Node3,Cloud-RCS-FP16-Opt-v2,round_01_position_2_Cloud-RCS-FP16-Opt-v2,159,logits,1787658760576882731,1787658760607739087,30.856096000000001,2,2,2,,0
Node3,Cloud-RCS-FP16-Opt-v2,round_01_position_2_Cloud-RCS-FP16-Opt-v2,160,logits,1787658760607739627,1787658760639398674,31.658536999999999,2,2,2,,0
Node3,Cloud-RCS-FP16-Opt-v2,round_01_position_2_Cloud-RCS-FP16-Opt-v2,161,logits,1787658760639399194,1787658760671393577,31.993963000000001,2,2,2,,0
Node3,Cloud-RCS-FP16-Opt-v2,round_01_position_2_Cloud-RCS-FP16-Opt-v2,162,logits,1787658760671394008,1787658760704280367,32.885818999999998,2,2,2,,0
Node3,Cloud-RCS-FP16-Opt-v2,round_01_position_2_Cloud-RCS-FP16-Opt-v2,163,logits,1787658760704280867,1787658760734405745,30.124348000000001,2,2,2,,0
Node3,Cloud-RCS-FP16-Opt-v2,round_01_position_2_Cloud-RCS-FP16-Opt-v2,164,logits,1787658760734406235,1787658760764744775,30.338280000000001,2,2,2,,0
Node3,Cloud-RCS-FP16-Opt-v2,round_01_position_2_Cloud-RCS-FP16-Opt-v2,165,logits,1787658760764745375,1787658760795543208,30.797433000000002,2,2,2,,0
Node3,Cloud-RCS-FP16-Opt-v2,round_01_position_2_Cloud-RCS-FP16-Opt-v2,166,logits,1787658760795543558,1787658760825621414,30.077415999999999,2,2,2,,0
Node3,Cloud-RCS-FP16-Opt-v2,round_01_position_2_Cloud-RCS-FP16-Opt-v2,167,logits,1787658760825621764,1787658760855944162,30.322137999999999,2,2,2,,0
Node3,Cloud-RCS-FP16-Opt-v2,round_01_position_2_Cloud-RCS-FP16-Opt-v2,168,logits,1787658760855944532,1787658760886895263,30.950130999999999,2,2,2,,0
Node3,Cloud-RCS-FP16-Opt-v2,round_01_position_2_Cloud-RCS-FP16-Opt-v2,169,logits,1787658760886895683,1787658760918356119,31.459855999999998,2,2,2,,0
Node3,Cloud-RCS-FP16-Opt-v2,round_01_position_2_Cloud-RCS-FP16-Opt-v2,170,logits,1787658760918356530,1787658760949288099,30.931038999999998,2,2,2,,0
Node3,Cloud-RCS-FP16-Opt-v2,round_01_position_2_Cloud-RCS-FP16-Opt-v2,171,logits,1787658760949288609,1787658760979874701,30.585822,2,2,2,,0
Node3,Cloud-RCS-FP16-Opt-v2,round_01_position_2_Cloud-RCS-FP16-Opt-v2,172,logits,1787658760979875521,1787658761010097815,30.221893999999999,2,2,2,,0
Node3,Cloud-RCS-FP16-Opt-v2,round_01_position_2_Cloud-RCS-FP16-Opt-v2,173,logits,1787658761010098365,1787658761041653606,31.554690999999998,2,2,2,,0
Node3,Cloud-RCS-FP16-Opt-v2,round_01_position_2_Cloud-RCS-FP16-Opt-v2,174,logits,1787658761041653956,1787658761072237438,30.583221999999999,2,2,2,,0
Node3,Cloud-RCS-FP16-Opt-v2,round_01_position_2_Cloud-RCS-FP16-Opt-v2,175,logits,1787658761072237798,1787658761106564871,34.326633000000001,2,2,2,,0
Node3,Cloud-RCS-FP16-Opt-v2,round_01_position_2_Cloud-RCS-FP16-Opt-v2,176,logits,1787658761106565401,1787658761142179820,35.614018999999999,2,2,2,,0
Node3,Cloud-RCS-FP16-Opt-v2,round_01_position_2_Cloud-RCS-FP16-Opt-v2,177,logits,1787658761142180330,1787658761172457686,30.276945999999999,2,2,2,,0
Node3,Cloud-RCS-FP16-Opt-v2,round_01_position_2_Cloud-RCS-FP16-Opt-v2,178,logits,1787658761172458056,1787658761202460219,30.001743000000001,2,2,2,,0
Node3,Cloud-RCS-FP16-Opt-v2,round_01_position_2_Cloud-RCS-FP16-Opt-v2,179,logits,1787658761202460769,1787658761234015400,31.554241000000001,2,2,2,,0
Node3,Cloud-RCS-FP16-Opt-v2,round_01_position_2_Cloud-RCS-FP16-Opt-v2,180,logits,1787658761234015750,1787658761264778441,30.762340999999999,2,2,2,,0
Node3,Cloud-RCS-FP16-Opt-v2,round_01_position_2_Cloud-RCS-FP16-Opt-v2,181,logits,1787658761264778951,1787658761295192444,30.413103,2,2,2,,0
Node3,Cloud-RCS-FP16-Opt-v2,round_01_position_2_Cloud-RCS-FP16-Opt-v2,182,logits,1787658761295192964,1787658761325703952,30.510467999999999,2,2,2,,0
Node3,Cloud-RCS-FP16-Opt-v2,round_01_position_2_Cloud-RCS-FP16-Opt-v2,183,logits,1787658761325704472,1787658761355700114,29.995111999999999,2,2,2,,0
Node3,Cloud-RCS-FP16-Opt-v2,round_01_position_2_Cloud-RCS-FP16-Opt-v2,184,logits,1787658761355700464,1787658761385560909,29.860025,2,2,2,,0
Node3,Cloud-RCS-FP16-Opt-v2,round_01_position_2_Cloud-RCS-FP16-Opt-v2,185,logits,1787658761385561269,1787658761416103729,30.54213,2,2,2,,0
Node3,Cloud-RCS-FP16-Opt-v2,round_01_position_2_Cloud-RCS-FP16-Opt-v2,186,logits,1787658761416104259,1787658761454564683,38.459954000000003,2,2,2,,0
Node3,Cloud-RCS-FP16-Opt-v2,round_01_position_2_Cloud-RCS-FP16-Opt-v2,187,logits,1787658761454565203,1787658761491833837,37.268023999999997,2,2,2,,0
Node3,Cloud-RCS-FP16-Opt-v2,round_01_position_2_Cloud-RCS-FP16-Opt-v2,188,logits,1787658761491834457,1787658761522941955,31.107078000000001,2,2,2,,0
Node3,Cloud-RCS-FP16-Opt-v2,round_01_position_2_Cloud-RCS-FP16-Opt-v2,189,logits,1787658761522942455,1787658761553909917,30.966792000000002,2,2,2,,0
Node3,Cloud-RCS-FP16-Opt-v2,round_01_position_2_Cloud-RCS-FP16-Opt-v2,190,logits,1787658761553910357,1787658761586897281,32.986414000000003,2,2,2,,0
Node3,Cloud-RCS-FP16-Opt-v2,round_01_position_2_Cloud-RCS-FP16-Opt-v2,191,logits,1787658761586897801,1787658761617772338,30.873967,2,2,2,,0
Node3,Cloud-RCS-FP16-Opt-v2,round_01_position_2_Cloud-RCS-FP16-Opt-v2,192,logits,1787658761617772748,1787658761648676836,30.903648,2,2,2,,0
Node3,Cloud-RCS-FP16-Opt-v2,round_01_position_2_Cloud-RCS-FP16-Opt-v2,193,logits,1787658761648677356,1787658761679526142,30.848406000000001,2,2,2,,0
Node3,Cloud-RCS-FP16-Opt-v2,round_01_position_2_Cloud-RCS-FP16-Opt-v2,194,logits,1787658761679526692,1787658761711021000,31.493908000000001,2,2,2,,0
Node3,Cloud-RCS-FP16-Opt-v2,round_01_position_2_Cloud-RCS-FP16-Opt-v2,195,logits,1787658761711021500,1787658761743208164,32.186264000000001,2,2,2,,0
Node3,Cloud-RCS-FP16-Opt-v2,round_01_position_2_Cloud-RCS-FP16-Opt-v2,196,logits,1787658761743208674,1787658761773817727,30.608643000000001,2,2,2,,0
Node3,Cloud-RCS-FP16-Opt-v2,round_01_position_2_Cloud-RCS-FP16-Opt-v2,197,logits,1787658761773818247,1787658761805536687,31.718039999999998,2,2,2,,0
Node3,Cloud-RCS-FP16-Opt-v2,round_01_position_2_Cloud-RCS-FP16-Opt-v2,198,logits,1787658761805537207,1787658761835806893,30.269145999999999,2,2,2,,0
Node3,Cloud-RCS-FP16-Opt-v2,round_01_position_2_Cloud-RCS-FP16-Opt-v2,199,logits,1787658761835807243,1787658761865672738,29.864775000000002,2,2,2,,0
Node3,Cloud-RCS-MP-Task-v2,round_01_position_3_Cloud-RCS-MP-Task-v2,0,logits,1787658788339901328,1787658788370007686,30.105958000000001,2,2,2,,0
Node3,Cloud-RCS-MP-Task-v2,round_01_position_3_Cloud-RCS-MP-Task-v2,1,logits,1787658788370008196,1787658788400382038,30.373232000000002,2,2,2,,0
Node3,Cloud-RCS-MP-Task-v2,round_01_position_3_Cloud-RCS-MP-Task-v2,2,logits,1787658788400382718,1787658788430818833,30.435725000000001,2,2,2,,0
Node3,Cloud-RCS-MP-Task-v2,round_01_position_3_Cloud-RCS-MP-Task-v2,3,logits,1787658788430819363,1787658788461278779,30.459026000000001,2,2,2,,0
Node3,Cloud-RCS-MP-Task-v2,round_01_position_3_Cloud-RCS-MP-Task-v2,4,logits,1787658788461279319,1787658788491671212,30.391503,2,2,2,,0
Node3,Cloud-RCS-MP-Task-v2,round_01_position_3_Cloud-RCS-MP-Task-v2,5,logits,1787658788491671592,1787658788522086745,30.414773,2,2,2,,0
Node3,Cloud-RCS-MP-Task-v2,round_01_position_3_Cloud-RCS-MP-Task-v2,6,logits,1787658788522087005,1787658788552434206,30.346471000000001,2,2,2,,0
Node3,Cloud-RCS-MP-Task-v2,round_01_position_3_Cloud-RCS-MP-Task-v2,7,logits,1787658788552434586,1787658788582400456,29.96547,2,2,2,,0
Node3,Cloud-RCS-MP-Task-v2,round_01_position_3_Cloud-RCS-MP-Task-v2,8,logits,1787658788582400836,1787658788613248252,30.847016,2,2,2,,0
Node3,Cloud-RCS-MP-Task-v2,round_01_position_3_Cloud-RCS-MP-Task-v2,9,logits,1787658788613248772,1787658788643593772,30.344609999999999,2,2,2,,0
Node3,Cloud-RCS-MP-Task-v2,round_01_position_3_Cloud-RCS-MP-Task-v2,10,logits,1787658788643594302,1787658788674464600,30.869888,2,2,2,,0
Node3,Cloud-RCS-MP-Task-v2,round_01_position_3_Cloud-RCS-MP-Task-v2,11,logits,1787658788674465020,1787658788704976318,30.510898000000001,2,2,2,,0
Node3,Cloud-RCS-MP-Task-v2,round_01_position_3_Cloud-RCS-MP-Task-v2,12,logits,1787658788704976828,1787658788735982152,31.004923999999999,2,2,2,,0
Node3,Cloud-RCS-MP-Task-v2,round_01_position_3_Cloud-RCS-MP-Task-v2,13,logits,1787658788735982652,1787658788766314882,30.33183,2,2,2,,0
Node3,Cloud-RCS-MP-Task-v2,round_01_position_3_Cloud-RCS-MP-Task-v2,14,logits,1787658788766315292,1787658788797984840,31.669087999999999,2,2,2,,0
Node3,Cloud-RCS-MP-Task-v2,round_01_position_3_Cloud-RCS-MP-Task-v2,15,logits,1787658788797985250,1787658788829358053,31.372392999999999,2,2,2,,0
Node3,Cloud-RCS-MP-Task-v2,round_01_position_3_Cloud-RCS-MP-Task-v2,16,logits,1787658788829358583,1787658788860155396,30.796433,2,2,2,,0
Node3,Cloud-RCS-MP-Task-v2,round_01_position_3_Cloud-RCS-MP-Task-v2,17,logits,1787658788860155896,1787658788897312154,37.155858000000002,2,2,2,,0
Node3,Cloud-RCS-MP-Task-v2,round_01_position_3_Cloud-RCS-MP-Task-v2,18,logits,1787658788897312664,1787658788932452439,35.139375000000001,2,2,2,,0
Node3,Cloud-RCS-MP-Task-v2,round_01_position_3_Cloud-RCS-MP-Task-v2,19,logits,1787658788932452839,1787658788963903296,31.450026999999999,2,2,2,,0
Node3,Cloud-RCS-MP-Task-v2,round_01_position_3_Cloud-RCS-MP-Task-v2,20,logits,1787658788963903846,1787658788996084560,32.180453999999997,2,2,2,,0
Node3,Cloud-RCS-MP-Task-v2,round_01_position_3_Cloud-RCS-MP-Task-v2,21,logits,1787658788996085390,1787658789027350097,31.264167,2,2,2,,0
Node3,Cloud-RCS-MP-Task-v2,round_01_position_3_Cloud-RCS-MP-Task-v2,22,logits,1787658789027350607,1787658789058155531,30.804383999999999,2,2,2,,0
Node3,Cloud-RCS-MP-Task-v2,round_01_position_3_Cloud-RCS-MP-Task-v2,23,logits,1787658789058155911,1787658789089552705,31.396394000000001,2,2,2,,0
Node3,Cloud-RCS-MP-Task-v2,round_01_position_3_Cloud-RCS-MP-Task-v2,24,logits,1787658789089553205,1787658789121221683,31.668078000000001,2,2,2,,0
Node3,Cloud-RCS-MP-Task-v2,round_01_position_3_Cloud-RCS-MP-Task-v2,25,logits,1787658789121222223,1787658789154261321,33.038356999999998,2,2,2,,0
Node3,Cloud-RCS-MP-Task-v2,round_01_position_3_Cloud-RCS-MP-Task-v2,26,logits,1787658789154261751,1787658789185167769,30.905467999999999,2,2,2,,0
Node3,Cloud-RCS-MP-Task-v2,round_01_position_3_Cloud-RCS-MP-Task-v2,27,logits,1787658789185168359,1787658789216949363,31.780604,2,2,2,,0
Node3,Cloud-RCS-MP-Task-v2,round_01_position_3_Cloud-RCS-MP-Task-v2,28,logits,1787658789216949883,1787658789248450892,31.500609000000001,2,2,2,,0
Node3,Cloud-RCS-MP-Task-v2,round_01_position_3_Cloud-RCS-MP-Task-v2,29,logits,1787658789248451392,1787658789280428386,31.976573999999999,2,2,2,,0
Node3,Cloud-RCS-MP-Task-v2,round_01_position_3_Cloud-RCS-MP-Task-v2,30,logits,1787658789280428766,1787658789311659101,31.229955,2,2,2,,0
Node3,Cloud-RCS-MP-Task-v2,round_01_position_3_Cloud-RCS-MP-Task-v2,31,logits,1787658789311659501,1787658789342498037,30.838135999999999,2,2,2,,0
Node3,Cloud-RCS-MP-Task-v2,round_01_position_3_Cloud-RCS-MP-Task-v2,32,logits,1787658789342498437,1787658789373915042,31.416194999999998,2,2,2,,0
Node3,Cloud-RCS-MP-Task-v2,round_01_position_3_Cloud-RCS-MP-Task-v2,33,logits,1787658789373915572,1787658789405173349,31.257397000000001,2,2,2,,0
Node3,Cloud-RCS-MP-Task-v2,round_01_position_3_Cloud-RCS-MP-Task-v2,34,logits,1787658789405173599,1787658789435735800,30.561810999999999,2,2,2,,0
Node3,Cloud-RCS-MP-Task-v2,round_01_position_3_Cloud-RCS-MP-Task-v2,35,logits,1787658789435736320,1787658789466873711,31.136990999999998,2,2,2,,0
Node3,Cloud-RCS-MP-Task-v2,round_01_position_3_Cloud-RCS-MP-Task-v2,36,logits,1787658789466874111,1787658789497700046,30.825555000000001,2,2,2,,0
Node3,Cloud-RCS-MP-Task-v2,round_01_position_3_Cloud-RCS-MP-Task-v2,37,logits,1787658789497700556,1787658789529069688,31.368732000000001,2,2,2,,0
Node3,Cloud-RCS-MP-Task-v2,round_01_position_3_Cloud-RCS-MP-Task-v2,38,logits,1787658789529070188,1787658789561877994,32.807416000000003,2,2,2,,0
Node3,Cloud-RCS-MP-Task-v2,round_01_position_3_Cloud-RCS-MP-Task-v2,39,logits,1787658789561878254,1787658789593071498,31.192844000000001,2,2,2,,0
Node3,Cloud-RCS-MP-Task-v2,round_01_position_3_Cloud-RCS-MP-Task-v2,40,logits,1787658789593072008,1787658789624778038,31.705639999999999,2,2,2,,0
Node3,Cloud-RCS-MP-Task-v2,round_01_position_3_Cloud-RCS-MP-Task-v2,41,logits,1787658789624778588,1787658789655600892,30.821914,2,2,2,,0
Node3,Cloud-RCS-MP-Task-v2,round_01_position_3_Cloud-RCS-MP-Task-v2,42,logits,1787658789655601292,1787658789685973584,30.371762,2,2,2,,0
Node3,Cloud-RCS-MP-Task-v2,round_01_position_3_Cloud-RCS-MP-Task-v2,43,logits,1787658789685974094,1787658789716863912,30.889427999999999,2,2,2,,0
Node3,Cloud-RCS-MP-Task-v2,round_01_position_3_Cloud-RCS-MP-Task-v2,44,logits,1787658789716864702,1787658789748974972,32.10989,2,2,2,,0
Node3,Cloud-RCS-MP-Task-v2,round_01_position_3_Cloud-RCS-MP-Task-v2,45,logits,1787658789748975493,1787658789779371875,30.395972,2,2,2,,0
Node3,Cloud-RCS-MP-Task-v2,round_01_position_3_Cloud-RCS-MP-Task-v2,46,logits,1787658789779372395,1787658789810678895,31.306090000000001,2,2,2,,0
Node3,Cloud-RCS-MP-Task-v2,round_01_position_3_Cloud-RCS-MP-Task-v2,47,logits,1787658789810679405,1787658789842482490,31.802683999999999,2,2,2,,0
Node3,Cloud-RCS-MP-Task-v2,round_01_position_3_Cloud-RCS-MP-Task-v2,48,logits,1787658789842483170,1787658789875813512,33.329552,2,2,2,,0
Node3,Cloud-RCS-MP-Task-v2,round_01_position_3_Cloud-RCS-MP-Task-v2,49,logits,1787658789875813922,1787658789909580557,33.766224999999999,2,2,2,,0
Node3,Cloud-RCS-MP-Task-v2,round_01_position_3_Cloud-RCS-MP-Task-v2,50,logits,1787658789909580947,1787658789951851217,42.269860000000001,2,2,2,,0
Node3,Cloud-RCS-MP-Task-v2,round_01_position_3_Cloud-RCS-MP-Task-v2,51,logits,1787658789951851727,1787658789984094504,32.242356999999998,2,2,2,,0
Node3,Cloud-RCS-MP-Task-v2,round_01_position_3_Cloud-RCS-MP-Task-v2,52,logits,1787658789984095014,1787658790014892177,30.796552999999999,2,2,2,,0
Node3,Cloud-RCS-MP-Task-v2,round_01_position_3_Cloud-RCS-MP-Task-v2,53,logits,1787658790014892567,1787658790045918502,31.025545000000001,2,2,2,,0
Node3,Cloud-RCS-MP-Task-v2,round_01_position_3_Cloud-RCS-MP-Task-v2,54,logits,1787658790045918902,1787658790076898355,30.979063,2,2,2,,0
Node3,Cloud-RCS-MP-Task-v2,round_01_position_3_Cloud-RCS-MP-Task-v2,55,logits,1787658790076898745,1787658790107602094,30.703078999999999,2,2,2,,0
Node3,Cloud-RCS-MP-Task-v2,round_01_position_3_Cloud-RCS-MP-Task-v2,56,logits,1787658790107602464,1787658790138508203,30.905339000000001,2,2,2,,0
Node3,Cloud-RCS-MP-Task-v2,round_01_position_3_Cloud-RCS-MP-Task-v2,57,logits,1787658790138508913,1787658790168903365,30.394062000000002,2,2,2,,0
Node3,Cloud-RCS-MP-Task-v2,round_01_position_3_Cloud-RCS-MP-Task-v2,58,logits,1787658790168903875,1787658790199720370,30.816095000000001,2,2,2,,0
Node3,Cloud-RCS-MP-Task-v2,round_01_position_3_Cloud-RCS-MP-Task-v2,59,logits,1787658790199720620,1787658790231893843,32.172832999999997,2,2,2,,0
Node3,Cloud-RCS-MP-Task-v2,round_01_position_3_Cloud-RCS-MP-Task-v2,60,logits,1787658790231894343,1787658790265070568,33.175825000000003,2,2,2,,0
Node3,Cloud-RCS-MP-Task-v2,round_01_position_3_Cloud-RCS-MP-Task-v2,61,logits,1787658790265071138,1787658790296433960,31.362421999999999,2,2,2,,0
Node3,Cloud-RCS-MP-Task-v2,round_01_position_3_Cloud-RCS-MP-Task-v2,62,logits,1787658790296434470,1787658790328291308,31.856558,2,2,2,,0
Node3,Cloud-RCS-MP-Task-v2,round_01_position_3_Cloud-RCS-MP-Task-v2,63,logits,1787658790328291788,1787658790359604058,31.311979999999998,2,2,2,,0
Node3,Cloud-RCS-MP-Task-v2,round_01_position_3_Cloud-RCS-MP-Task-v2,64,logits,1787658790359604568,1787658790391295457,31.690508999999999,2,2,2,,0
Node3,Cloud-RCS-MP-Task-v2,round_01_position_3_Cloud-RCS-MP-Task-v2,65,logits,1787658790391296047,1787658790424372437,33.076000000000001,2,2,2,,0
Node3,Cloud-RCS-MP-Task-v2,round_01_position_3_Cloud-RCS-MP-Task-v2,66,logits,1787658790424372967,1787658790458019066,33.645569000000002,2,2,2,,0
Node3,Cloud-RCS-MP-Task-v2,round_01_position_3_Cloud-RCS-MP-Task-v2,67,logits,1787658790458019456,1787658790491498916,33.479050000000001,2,2,2,,0
Node3,Cloud-RCS-MP-Task-v2,round_01_position_3_Cloud-RCS-MP-Task-v2,68,logits,1787658790491499456,1787658790523169804,31.669948000000002,2,2,2,,0
Node3,Cloud-RCS-MP-Task-v2,round_01_position_3_Cloud-RCS-MP-Task-v2,69,logits,1787658790523170204,1787658790554800310,31.629856,2,2,2,,0
Node3,Cloud-RCS-MP-Task-v2,round_01_position_3_Cloud-RCS-MP-Task-v2,70,logits,1787658790554800910,1787658790585864517,31.063337000000001,2,2,2,,0
Node3,Cloud-RCS-MP-Task-v2,round_01_position_3_Cloud-RCS-MP-Task-v2,71,logits,1787658790585865027,1787658790616952285,31.086998000000001,2,2,2,,0
Node3,Cloud-RCS-MP-Task-v2,round_01_position_3_Cloud-RCS-MP-Task-v2,72,logits,1787658790616952665,1787658790648692557,31.739642,2,2,2,,0
Node3,Cloud-RCS-MP-Task-v2,round_01_position_3_Cloud-RCS-MP-Task-v2,73,logits,1787658790648692977,1787658790681914244,33.221136999999999,2,2,2,,0
Node3,Cloud-RCS-MP-Task-v2,round_01_position_3_Cloud-RCS-MP-Task-v2,74,logits,1787658790681914624,1787658790713716388,31.801373999999999,2,2,2,,0
Node3,Cloud-RCS-MP-Task-v2,round_01_position_3_Cloud-RCS-MP-Task-v2,75,logits,1787658790713716888,1787658790747129865,33.412587000000002,2,2,2,,0
Node3,Cloud-RCS-MP-Task-v2,round_01_position_3_Cloud-RCS-MP-Task-v2,76,logits,1787658790747130375,1787658790779603315,32.472670000000001,2,2,2,,0
Node3,Cloud-RCS-MP-Task-v2,round_01_position_3_Cloud-RCS-MP-Task-v2,77,logits,1787658790779603845,1787658790811324455,31.720320000000001,2,2,2,,0
Node3,Cloud-RCS-MP-Task-v2,round_01_position_3_Cloud-RCS-MP-Task-v2,78,logits,1787658790811324975,1787658790842547410,31.222175,2,2,2,,0
Node3,Cloud-RCS-MP-Task-v2,round_01_position_3_Cloud-RCS-MP-Task-v2,79,logits,1787658790842547830,1787658790875382538,32.834448000000002,2,2,2,,0
Node3,Cloud-RCS-MP-Task-v2,round_01_position_3_Cloud-RCS-MP-Task-v2,80,logits,1787658790875383038,1787658790907992004,32.608455999999997,2,2,2,,0
Node3,Cloud-RCS-MP-Task-v2,round_01_position_3_Cloud-RCS-MP-Task-v2,81,logits,1787658790907992604,1787658790940268652,32.275658,2,2,2,,0
Node3,Cloud-RCS-MP-Task-v2,round_01_position_3_Cloud-RCS-MP-Task-v2,82,logits,1787658790940269152,1787658790971720959,31.451547000000001,2,2,2,,0
Node3,Cloud-RCS-MP-Task-v2,round_01_position_3_Cloud-RCS-MP-Task-v2,83,logits,1787658790971721349,1787658791003008918,31.287289000000001,2,2,2,,0
Node3,Cloud-RCS-MP-Task-v2,round_01_position_3_Cloud-RCS-MP-Task-v2,84,logits,1787658791003009428,1787658791034666985,31.657146999999998,2,2,2,,0
Node3,Cloud-RCS-MP-Task-v2,round_01_position_3_Cloud-RCS-MP-Task-v2,85,logits,1787658791034667375,1787658791066200446,31.532681,2,2,2,,0
Node3,Cloud-RCS-MP-Task-v2,round_01_position_3_Cloud-RCS-MP-Task-v2,86,logits,1787658791066200976,1787658791097640872,31.439495999999998,2,2,2,,0
Node3,Cloud-RCS-MP-Task-v2,round_01_position_3_Cloud-RCS-MP-Task-v2,87,logits,1787658791097641392,1787658791128706219,31.064387,2,2,2,,0
Node3,Cloud-RCS-MP-Task-v2,round_01_position_3_Cloud-RCS-MP-Task-v2,88,logits,1787658791128706619,1787658791159760476,31.053457000000002,2,2,2,,0
Node3,Cloud-RCS-MP-Task-v2,round_01_position_3_Cloud-RCS-MP-Task-v2,89,logits,1787658791159760846,1787658791190682095,30.920859,2,2,2,,0
Node3,Cloud-RCS-MP-Task-v2,round_01_position_3_Cloud-RCS-MP-Task-v2,90,logits,1787658791190682615,1787658791222109941,31.426936000000001,2,2,2,,0
Node3,Cloud-RCS-MP-Task-v2,round_01_position_3_Cloud-RCS-MP-Task-v2,91,logits,1787658791222110381,1787658791253980180,31.869409000000001,2,2,2,,0
Node3,Cloud-RCS-MP-Task-v2,round_01_position_3_Cloud-RCS-MP-Task-v2,92,logits,1787658791253980600,1787658791285287069,31.306069000000001,2,2,2,,0
Node3,Cloud-RCS-MP-Task-v2,round_01_position_3_Cloud-RCS-MP-Task-v2,93,logits,1787658791285287589,1787658791316517274,31.229234999999999,2,2,2,,0
Node3,Cloud-RCS-MP-Task-v2,round_01_position_3_Cloud-RCS-MP-Task-v2,94,logits,1787658791316517774,1787658791348050475,31.532440999999999,2,2,2,,0
Node3,Cloud-RCS-MP-Task-v2,round_01_position_3_Cloud-RCS-MP-Task-v2,95,logits,1787658791348050985,1787658791379737684,31.686429,2,2,2,,0
Node3,Cloud-RCS-MP-Task-v2,round_01_position_3_Cloud-RCS-MP-Task-v2,96,logits,1787658791379738074,1787658791411153019,31.414655,2,2,2,,0
Node3,Cloud-RCS-MP-Task-v2,round_01_position_3_Cloud-RCS-MP-Task-v2,97,logits,1787658791411153609,1787658791442100510,30.946501000000001,2,2,2,,0
Node3,Cloud-RCS-MP-Task-v2,round_01_position_3_Cloud-RCS-MP-Task-v2,98,logits,1787658791442101030,1787658791473748947,31.647456999999999,2,2,2,,0
Node3,Cloud-RCS-MP-Task-v2,round_01_position_3_Cloud-RCS-MP-Task-v2,99,logits,1787658791473749457,1787658791505242286,31.492429000000001,2,2,2,,0
Node3,Cloud-RCS-MP-Task-v2,round_01_position_3_Cloud-RCS-MP-Task-v2,100,logits,1787658791505242676,1787658791536546905,31.303929,2,2,2,,0
Node3,Cloud-RCS-MP-Task-v2,round_01_position_3_Cloud-RCS-MP-Task-v2,101,logits,1787658791536547285,1787658791567891626,31.344041000000001,2,2,2,,0
Node3,Cloud-RCS-MP-Task-v2,round_01_position_3_Cloud-RCS-MP-Task-v2,102,logits,1787658791567892016,1787658791599990576,32.098120000000002,2,2,2,,0
Node3,Cloud-RCS-MP-Task-v2,round_01_position_3_Cloud-RCS-MP-Task-v2,103,logits,1787658791599990826,1787658791631286255,31.295019,2,2,2,,0
Node3,Cloud-RCS-MP-Task-v2,round_01_position_3_Cloud-RCS-MP-Task-v2,104,logits,1787658791631286655,1787658791662623946,31.336891000000001,2,2,2,,0
Node3,Cloud-RCS-MP-Task-v2,round_01_position_3_Cloud-RCS-MP-Task-v2,105,logits,1787658791662624336,1787658791693309634,30.684918,2,2,2,,0
Node3,Cloud-RCS-MP-Task-v2,round_01_position_3_Cloud-RCS-MP-Task-v2,106,logits,1787658791693310064,1787658791724249684,30.939489999999999,2,2,2,,0
Node3,Cloud-RCS-MP-Task-v2,round_01_position_3_Cloud-RCS-MP-Task-v2,107,logits,1787658791724250195,1787658791755950814,31.700468999999998,2,2,2,,0
Node3,Cloud-RCS-MP-Task-v2,round_01_position_3_Cloud-RCS-MP-Task-v2,108,logits,1787658791755951334,1787658791787053003,31.101509,2,2,2,,0
Node3,Cloud-RCS-MP-Task-v2,round_01_position_3_Cloud-RCS-MP-Task-v2,109,logits,1787658791787053383,1787658791818074438,31.020465000000002,2,2,2,,0
Node3,Cloud-RCS-MP-Task-v2,round_01_position_3_Cloud-RCS-MP-Task-v2,110,logits,1787658791818074818,1787658791849455961,31.380883000000001,2,2,2,,0
Node3,Cloud-RCS-MP-Task-v2,round_01_position_3_Cloud-RCS-MP-Task-v2,111,logits,1787658791849456711,1787658791880201192,30.743870999999999,2,2,2,,0
Node3,Cloud-RCS-MP-Task-v2,round_01_position_3_Cloud-RCS-MP-Task-v2,112,logits,1787658791880201702,1787658791913797608,33.595506,2,2,2,,0
Node3,Cloud-RCS-MP-Task-v2,round_01_position_3_Cloud-RCS-MP-Task-v2,113,logits,1787658791913798108,1787658791963613533,49.815035000000002,2,2,2,,0
Node3,Cloud-RCS-MP-Task-v2,round_01_position_3_Cloud-RCS-MP-Task-v2,114,logits,1787658791963614073,1787658791998471824,34.857470999999997,2,2,2,,0
Node3,Cloud-RCS-MP-Task-v2,round_01_position_3_Cloud-RCS-MP-Task-v2,115,logits,1787658791998472094,1787658792031525703,33.053339000000001,2,2,2,,0
Node3,Cloud-RCS-MP-Task-v2,round_01_position_3_Cloud-RCS-MP-Task-v2,116,logits,1787658792031526093,1787658792064109057,32.582684,2,2,2,,0
Node3,Cloud-RCS-MP-Task-v2,round_01_position_3_Cloud-RCS-MP-Task-v2,117,logits,1787658792064109577,1787658792096211387,32.101529999999997,2,2,2,,0
Node3,Cloud-RCS-MP-Task-v2,round_01_position_3_Cloud-RCS-MP-Task-v2,118,logits,1787658792096211777,1787658792128432793,32.220616,2,2,2,,0
Node3,Cloud-RCS-MP-Task-v2,round_01_position_3_Cloud-RCS-MP-Task-v2,119,logits,1787658792128433163,1787658792160204077,31.770493999999999,2,2,2,,0
Node3,Cloud-RCS-MP-Task-v2,round_01_position_3_Cloud-RCS-MP-Task-v2,120,logits,1787658792160204457,1787658792191671054,31.466156999999999,2,2,2,,0
Node3,Cloud-RCS-MP-Task-v2,round_01_position_3_Cloud-RCS-MP-Task-v2,121,logits,1787658792191671564,1787658792225546015,33.874181,2,2,2,,0
Node3,Cloud-RCS-MP-Task-v2,round_01_position_3_Cloud-RCS-MP-Task-v2,122,logits,1787658792225546535,1787658792257194112,31.647157,2,2,2,,0
Node3,Cloud-RCS-MP-Task-v2,round_01_position_3_Cloud-RCS-MP-Task-v2,123,logits,1787658792257194642,1787658792288641288,31.446266000000001,2,2,2,,0
Node3,Cloud-RCS-MP-Task-v2,round_01_position_3_Cloud-RCS-MP-Task-v2,124,logits,1787658792288641838,1787658792322078066,33.435657999999997,2,2,2,,0
Node3,Cloud-RCS-MP-Task-v2,round_01_position_3_Cloud-RCS-MP-Task-v2,125,logits,1787658792322078606,1787658792355531486,33.45261,2,2,2,,0
Node3,Cloud-RCS-MP-Task-v2,round_01_position_3_Cloud-RCS-MP-Task-v2,126,logits,1787658792355531986,1787658792389489861,33.957464999999999,2,2,2,,0
Node3,Cloud-RCS-MP-Task-v2,round_01_position_3_Cloud-RCS-MP-Task-v2,127,logits,1787658792389490401,1787658792421957549,32.466768000000002,2,2,2,,0
Node3,Cloud-RCS-MP-Task-v2,round_01_position_3_Cloud-RCS-MP-Task-v2,128,logits,1787658792421958099,1787658792453993496,32.034967000000002,2,2,2,,0
Node3,Cloud-RCS-MP-Task-v2,round_01_position_3_Cloud-RCS-MP-Task-v2,129,logits,1787658792453994026,1787658792485979360,31.984943999999999,2,2,2,,0
Node3,Cloud-RCS-MP-Task-v2,round_01_position_3_Cloud-RCS-MP-Task-v2,130,logits,1787658792485979780,1787658792517885250,31.905080000000002,2,2,2,,0
Node3,Cloud-RCS-MP-Task-v2,round_01_position_3_Cloud-RCS-MP-Task-v2,131,logits,1787658792517885760,1787658792549470594,31.584444000000001,2,2,2,,0
Node3,Cloud-RCS-MP-Task-v2,round_01_position_3_Cloud-RCS-MP-Task-v2,132,logits,1787658792549471104,1787658792581119431,31.648046999999998,2,2,2,,0
Node3,Cloud-RCS-MP-Task-v2,round_01_position_3_Cloud-RCS-MP-Task-v2,133,logits,1787658792581119931,1787658792613612091,32.491889999999998,2,2,2,,0
Node3,Cloud-RCS-MP-Task-v2,round_01_position_3_Cloud-RCS-MP-Task-v2,134,logits,1787658792613612601,1787658792645793495,32.180554000000001,2,2,2,,0
Node3,Cloud-RCS-MP-Task-v2,round_01_position_3_Cloud-RCS-MP-Task-v2,135,logits,1787658792645794065,1787658792678322597,32.528281999999997,2,2,2,,0
Node3,Cloud-RCS-MP-Task-v2,round_01_position_3_Cloud-RCS-MP-Task-v2,136,logits,1787658792678322987,1787658792710197405,31.874018,2,2,2,,0
Node3,Cloud-RCS-MP-Task-v2,round_01_position_3_Cloud-RCS-MP-Task-v2,137,logits,1787658792710197935,1787658792741408989,31.210574000000001,2,2,2,,0
Node3,Cloud-RCS-MP-Task-v2,round_01_position_3_Cloud-RCS-MP-Task-v2,138,logits,1787658792741409389,1787658792774055107,32.645178000000001,2,2,2,,0
Node3,Cloud-RCS-MP-Task-v2,round_01_position_3_Cloud-RCS-MP-Task-v2,139,logits,1787658792774055647,1787658792805036200,30.980263000000001,2,2,2,,0
Node3,Cloud-RCS-MP-Task-v2,round_01_position_3_Cloud-RCS-MP-Task-v2,140,logits,1787658792805036700,1787658792836384922,31.347822000000001,2,2,2,,0
Node3,Cloud-RCS-MP-Task-v2,round_01_position_3_Cloud-RCS-MP-Task-v2,141,logits,1787658792836385422,1787658792867403257,31.017444999999999,2,2,2,,0
Node3,Cloud-RCS-MP-Task-v2,round_01_position_3_Cloud-RCS-MP-Task-v2,142,logits,1787658792867403787,1787658792911093579,43.689382000000002,2,2,2,,0
Node3,Cloud-RCS-MP-Task-v2,round_01_position_3_Cloud-RCS-MP-Task-v2,143,logits,1787658792911094089,1787658792944810911,33.716422000000001,2,2,2,,0
Node3,Cloud-RCS-MP-Task-v2,round_01_position_3_Cloud-RCS-MP-Task-v2,144,logits,1787658792944811461,1787658792977110301,32.298430000000003,2,2,2,,0
Node3,Cloud-RCS-MP-Task-v2,round_01_position_3_Cloud-RCS-MP-Task-v2,145,logits,1787658792977110811,1787658793012759433,35.648232,2,2,2,,0
Node3,Cloud-RCS-MP-Task-v2,round_01_position_3_Cloud-RCS-MP-Task-v2,146,logits,1787658793012762473,1787658793048242115,35.479252000000002,2,2,2,,0
Node3,Cloud-RCS-MP-Task-v2,round_01_position_3_Cloud-RCS-MP-Task-v2,147,logits,1787658793048242625,1787658793079632819,31.389914000000001,2,2,2,,0
Node3,Cloud-RCS-MP-Task-v2,round_01_position_3_Cloud-RCS-MP-Task-v2,148,logits,1787658793079633339,1787658793111184271,31.550532,2,2,2,,0
Node3,Cloud-RCS-MP-Task-v2,round_01_position_3_Cloud-RCS-MP-Task-v2,149,logits,1787658793111184811,1787658793142840338,31.654817000000001,2,2,2,,0
Node3,Cloud-RCS-MP-Task-v2,round_01_position_3_Cloud-RCS-MP-Task-v2,150,logits,1787658793142840728,1787658793173794709,30.953581,2,2,2,,0
Node3,Cloud-RCS-MP-Task-v2,round_01_position_3_Cloud-RCS-MP-Task-v2,151,logits,1787658793173795349,1787658793205205855,31.410195999999999,2,2,2,,0
Node3,Cloud-RCS-MP-Task-v2,round_01_position_3_Cloud-RCS-MP-Task-v2,152,logits,1787658793205206365,1787658793237323635,32.116889999999998,2,2,2,,0
Node3,Cloud-RCS-MP-Task-v2,round_01_position_3_Cloud-RCS-MP-Task-v2,153,logits,1787658793237324135,1787658793268336730,31.011865,2,2,2,,0
Node3,Cloud-RCS-MP-Task-v2,round_01_position_3_Cloud-RCS-MP-Task-v2,154,logits,1787658793268337530,1787658793300185577,31.847657000000002,2,2,2,,0
Node3,Cloud-RCS-MP-Task-v2,round_01_position_3_Cloud-RCS-MP-Task-v2,155,logits,1787658793300185977,1787658793330928057,30.74166,2,2,2,,0
Node3,Cloud-RCS-MP-Task-v2,round_01_position_3_Cloud-RCS-MP-Task-v2,156,logits,1787658793330928437,1787658793365993119,35.064162000000003,2,2,2,,0
Node3,Cloud-RCS-MP-Task-v2,round_01_position_3_Cloud-RCS-MP-Task-v2,157,logits,1787658793365993509,1787658793397875528,31.881568999999999,2,2,2,,0
Node3,Cloud-RCS-MP-Task-v2,round_01_position_3_Cloud-RCS-MP-Task-v2,158,logits,1787658793397876268,1787658793429006578,31.13017,2,2,2,,0
Node3,Cloud-RCS-MP-Task-v2,round_01_position_3_Cloud-RCS-MP-Task-v2,159,logits,1787658793429006958,1787658793460313028,31.305679999999999,2,2,2,,0
Node3,Cloud-RCS-MP-Task-v2,round_01_position_3_Cloud-RCS-MP-Task-v2,160,logits,1787658793460313278,1787658793492135443,31.821864999999999,2,2,2,,0
Node3,Cloud-RCS-MP-Task-v2,round_01_position_3_Cloud-RCS-MP-Task-v2,161,logits,1787658793492135953,1787658793523555189,31.418945999999998,2,2,2,,0
Node3,Cloud-RCS-MP-Task-v2,round_01_position_3_Cloud-RCS-MP-Task-v2,162,logits,1787658793523555569,1787658793554604565,31.048486,2,2,2,,0
Node3,Cloud-RCS-MP-Task-v2,round_01_position_3_Cloud-RCS-MP-Task-v2,163,logits,1787658793554604955,1787658793585002958,30.397613,2,2,2,,0
Node3,Cloud-RCS-MP-Task-v2,round_01_position_3_Cloud-RCS-MP-Task-v2,164,logits,1787658793585003478,1787658793615897086,30.893167999999999,2,2,2,,0
Node3,Cloud-RCS-MP-Task-v2,round_01_position_3_Cloud-RCS-MP-Task-v2,165,logits,1787658793615897466,1787658793647265469,31.367602999999999,2,2,2,,0
Node3,Cloud-RCS-MP-Task-v2,round_01_position_3_Cloud-RCS-MP-Task-v2,166,logits,1787658793647265979,1787658793678479094,31.212985,2,2,2,,0
Node3,Cloud-RCS-MP-Task-v2,round_01_position_3_Cloud-RCS-MP-Task-v2,167,logits,1787658793678479624,1787658793709024824,30.544809999999998,2,2,2,,0
Node3,Cloud-RCS-MP-Task-v2,round_01_position_3_Cloud-RCS-MP-Task-v2,168,logits,1787658793709025324,1787658793740069480,31.043766000000002,2,2,2,,0
Node3,Cloud-RCS-MP-Task-v2,round_01_position_3_Cloud-RCS-MP-Task-v2,169,logits,1787658793740069870,1787658793772717618,32.647357999999997,2,2,2,,0
Node3,Cloud-RCS-MP-Task-v2,round_01_position_3_Cloud-RCS-MP-Task-v2,170,logits,1787658793772718118,1787658793803564034,30.845516,2,2,2,,0
Node3,Cloud-RCS-MP-Task-v2,round_01_position_3_Cloud-RCS-MP-Task-v2,171,logits,1787658793803564544,1787658793834403250,30.838294999999999,2,2,2,,0
Node3,Cloud-RCS-MP-Task-v2,round_01_position_3_Cloud-RCS-MP-Task-v2,172,logits,1787658793834403650,1787658793865277937,30.873906999999999,2,2,2,,0
Node3,Cloud-RCS-MP-Task-v2,round_01_position_3_Cloud-RCS-MP-Task-v2,173,logits,1787658793865278447,1787658793895721632,30.442634999999999,2,2,2,,0
Node3,Cloud-RCS-MP-Task-v2,round_01_position_3_Cloud-RCS-MP-Task-v2,174,logits,1787658793895722132,1787658793926495844,30.773451999999999,2,2,2,,0
Node3,Cloud-RCS-MP-Task-v2,round_01_position_3_Cloud-RCS-MP-Task-v2,175,logits,1787658793926496354,1787658793957566542,31.069777999999999,2,2,2,,0
Node3,Cloud-RCS-MP-Task-v2,round_01_position_3_Cloud-RCS-MP-Task-v2,176,logits,1787658793957567052,1787658793989697934,32.130442000000002,2,2,2,,0
Node3,Cloud-RCS-MP-Task-v2,round_01_position_3_Cloud-RCS-MP-Task-v2,177,logits,1787658793989698334,1787658794020927539,31.228905000000001,2,2,2,,0
Node3,Cloud-RCS-MP-Task-v2,round_01_position_3_Cloud-RCS-MP-Task-v2,178,logits,1787658794020928049,1787658794058007233,37.078664000000003,2,2,2,,0
Node3,Cloud-RCS-MP-Task-v2,round_01_position_3_Cloud-RCS-MP-Task-v2,179,logits,1787658794058007743,1787658794094142330,36.133966999999998,2,2,2,,0
Node3,Cloud-RCS-MP-Task-v2,round_01_position_3_Cloud-RCS-MP-Task-v2,180,logits,1787658794094142900,1787658794126270271,32.126961000000001,2,2,2,,0
Node3,Cloud-RCS-MP-Task-v2,round_01_position_3_Cloud-RCS-MP-Task-v2,181,logits,1787658794126270661,1787658794157342468,31.071417,2,2,2,,0
Node3,Cloud-RCS-MP-Task-v2,round_01_position_3_Cloud-RCS-MP-Task-v2,182,logits,1787658794157342858,1787658794187999275,30.655726999999999,2,2,2,,0
Node3,Cloud-RCS-MP-Task-v2,round_01_position_3_Cloud-RCS-MP-Task-v2,183,logits,1787658794187999815,1787658794219090243,31.090167999999998,2,2,2,,0
Node3,Cloud-RCS-MP-Task-v2,round_01_position_3_Cloud-RCS-MP-Task-v2,184,logits,1787658794219090833,1787658794250255656,31.164553000000002,2,2,2,,0
Node3,Cloud-RCS-MP-Task-v2,round_01_position_3_Cloud-RCS-MP-Task-v2,185,logits,1787658794250256056,1787658794281002356,30.74588,2,2,2,,0
Node3,Cloud-RCS-MP-Task-v2,round_01_position_3_Cloud-RCS-MP-Task-v2,186,logits,1787658794281002876,1787658794311755107,30.751830999999999,2,2,2,,0
Node3,Cloud-RCS-MP-Task-v2,round_01_position_3_Cloud-RCS-MP-Task-v2,187,logits,1787658794311755627,1787658794342582652,30.826754999999999,2,2,2,,0
Node3,Cloud-RCS-MP-Task-v2,round_01_position_3_Cloud-RCS-MP-Task-v2,188,logits,1787658794342583172,1787658794373416228,30.832764999999998,2,2,2,,0
Node3,Cloud-RCS-MP-Task-v2,round_01_position_3_Cloud-RCS-MP-Task-v2,189,logits,1787658794373416908,1787658794404071984,30.654686000000002,2,2,2,,0
Node3,Cloud-RCS-MP-Task-v2,round_01_position_3_Cloud-RCS-MP-Task-v2,190,logits,1787658794404072394,1787658794435283428,31.210764000000001,2,2,2,,0
Node3,Cloud-RCS-MP-Task-v2,round_01_position_3_Cloud-RCS-MP-Task-v2,191,logits,1787658794435283828,1787658794466070062,30.785713999999999,2,2,2,,0
Node3,Cloud-RCS-MP-Task-v2,round_01_position_3_Cloud-RCS-MP-Task-v2,192,logits,1787658794466070612,1787658794496813492,30.74249,2,2,2,,0
Node3,Cloud-RCS-MP-Task-v2,round_01_position_3_Cloud-RCS-MP-Task-v2,193,logits,1787658794496814002,1787658794527971394,31.157101999999998,2,2,2,,0
Node3,Cloud-RCS-MP-Task-v2,round_01_position_3_Cloud-RCS-MP-Task-v2,194,logits,1787658794527971904,1787658794558977788,31.005624000000001,2,2,2,,0
Node3,Cloud-RCS-MP-Task-v2,round_01_position_3_Cloud-RCS-MP-Task-v2,195,logits,1787658794558978308,1787658794590278037,31.299489000000001,2,2,2,,0
Node3,Cloud-RCS-MP-Task-v2,round_01_position_3_Cloud-RCS-MP-Task-v2,196,logits,1787658794590278447,1787658794621574426,31.295718999999998,2,2,2,,0
Node3,Cloud-RCS-MP-Task-v2,round_01_position_3_Cloud-RCS-MP-Task-v2,197,logits,1787658794621574936,1787658794653039674,31.464607999999998,2,2,2,,0
Node3,Cloud-RCS-MP-Task-v2,round_01_position_3_Cloud-RCS-MP-Task-v2,198,logits,1787658794653040064,1787658794684144543,31.103798999999999,2,2,2,,0
Node3,Cloud-RCS-MP-Task-v2,round_01_position_3_Cloud-RCS-MP-Task-v2,199,logits,1787658794684145053,1787658794715523216,31.377773000000001,2,2,2,,0
Node3,Cloud-RCS-MP-Task-v2,round_02_position_1_Cloud-RCS-MP-Task-v2,0,logits,1787658820369425924,1787658820402772818,33.346434000000002,2,2,2,,0
Node3,Cloud-RCS-MP-Task-v2,round_02_position_1_Cloud-RCS-MP-Task-v2,1,logits,1787658820402773328,1787658820434367032,31.593143999999999,2,2,2,,0
Node3,Cloud-RCS-MP-Task-v2,round_02_position_1_Cloud-RCS-MP-Task-v2,2,logits,1787658820434367372,1787658820466431071,32.063288999999997,2,2,2,,0
Node3,Cloud-RCS-MP-Task-v2,round_02_position_1_Cloud-RCS-MP-Task-v2,3,logits,1787658820466431441,1787658820498353032,31.921191,2,2,2,,0
Node3,Cloud-RCS-MP-Task-v2,round_02_position_1_Cloud-RCS-MP-Task-v2,4,logits,1787658820498353542,1787658820528819929,30.465866999999999,2,2,2,,0
Node3,Cloud-RCS-MP-Task-v2,round_02_position_1_Cloud-RCS-MP-Task-v2,5,logits,1787658820528820279,1787658820559381351,30.560672,2,2,2,,0
Node3,Cloud-RCS-MP-Task-v2,round_02_position_1_Cloud-RCS-MP-Task-v2,6,logits,1787658820559381691,1787658820590264899,30.882808000000001,2,2,2,,0
Node3,Cloud-RCS-MP-Task-v2,round_02_position_1_Cloud-RCS-MP-Task-v2,7,logits,1787658820590265249,1787658820620643632,30.377903,2,2,2,,0
Node3,Cloud-RCS-MP-Task-v2,round_02_position_1_Cloud-RCS-MP-Task-v2,8,logits,1787658820620643852,1787658820650584592,29.940349999999999,2,2,2,,0
Node3,Cloud-RCS-MP-Task-v2,round_02_position_1_Cloud-RCS-MP-Task-v2,9,logits,1787658820650584812,1787658820681406567,30.821365,2,2,2,,0
Node3,Cloud-RCS-MP-Task-v2,round_02_position_1_Cloud-RCS-MP-Task-v2,10,logits,1787658820681406907,1787658820721311097,39.903700000000001,2,2,2,,0
Node3,Cloud-RCS-MP-Task-v2,round_02_position_1_Cloud-RCS-MP-Task-v2,11,logits,1787658820721311537,1787658820755361917,34.049979999999998,2,2,2,,0
Node3,Cloud-RCS-MP-Task-v2,round_02_position_1_Cloud-RCS-MP-Task-v2,12,logits,1787658820755362257,1787658820785871296,30.508509,2,2,2,,0
Node3,Cloud-RCS-MP-Task-v2,round_02_position_1_Cloud-RCS-MP-Task-v2,13,logits,1787658820785871516,1787658820815828567,29.956651000000001,2,2,2,,0
Node3,Cloud-RCS-MP-Task-v2,round_02_position_1_Cloud-RCS-MP-Task-v2,14,logits,1787658820815828957,1787658820845994119,30.164832000000001,2,2,2,,0
Node3,Cloud-RCS-MP-Task-v2,round_02_position_1_Cloud-RCS-MP-Task-v2,15,logits,1787658820845994499,1787658820876433144,30.438124999999999,2,2,2,,0
Node3,Cloud-RCS-MP-Task-v2,round_02_position_1_Cloud-RCS-MP-Task-v2,16,logits,1787658820876433494,1787658820906791036,30.357151999999999,2,2,2,,0
Node3,Cloud-RCS-MP-Task-v2,round_02_position_1_Cloud-RCS-MP-Task-v2,17,logits,1787658820906791386,1787658820939563061,32.771194999999999,2,2,2,,0
Node3,Cloud-RCS-MP-Task-v2,round_02_position_1_Cloud-RCS-MP-Task-v2,18,logits,1787658820939563471,1787658820969970675,30.406814000000001,2,2,2,,0
Node3,Cloud-RCS-MP-Task-v2,round_02_position_1_Cloud-RCS-MP-Task-v2,19,logits,1787658820969971015,1787658821000222441,30.250996000000001,2,2,2,,0
Node3,Cloud-RCS-MP-Task-v2,round_02_position_1_Cloud-RCS-MP-Task-v2,20,logits,1787658821000222801,1787658821031005484,30.782283,2,2,2,,0
Node3,Cloud-RCS-MP-Task-v2,round_02_position_1_Cloud-RCS-MP-Task-v2,21,logits,1787658821031005704,1787658821061263890,30.257676,2,2,2,,0
Node3,Cloud-RCS-MP-Task-v2,round_02_position_1_Cloud-RCS-MP-Task-v2,22,logits,1787658821061264240,1787658821093381472,32.116832000000002,2,2,2,,0
Node3,Cloud-RCS-MP-Task-v2,round_02_position_1_Cloud-RCS-MP-Task-v2,23,logits,1787658821093381982,1787658821125400978,32.018585999999999,2,2,2,,0
Node3,Cloud-RCS-MP-Task-v2,round_02_position_1_Cloud-RCS-MP-Task-v2,24,logits,1787658821125401498,1787658821156236054,30.834285999999999,2,2,2,,0
Node3,Cloud-RCS-MP-Task-v2,round_02_position_1_Cloud-RCS-MP-Task-v2,25,logits,1787658821156236404,1787658821187366705,31.129901,2,2,2,,0
Node3,Cloud-RCS-MP-Task-v2,round_02_position_1_Cloud-RCS-MP-Task-v2,26,logits,1787658821187367055,1787658821219273265,31.905819999999999,2,2,2,,0
Node3,Cloud-RCS-MP-Task-v2,round_02_position_1_Cloud-RCS-MP-Task-v2,27,logits,1787658821219273615,1787658821250340853,31.066777999999999,2,2,2,,0
Node3,Cloud-RCS-MP-Task-v2,round_02_position_1_Cloud-RCS-MP-Task-v2,28,logits,1787658821250341203,1787658821281485315,31.143712000000001,2,2,2,,0
Node3,Cloud-RCS-MP-Task-v2,round_02_position_1_Cloud-RCS-MP-Task-v2,29,logits,1787658821281485675,1787658821312144762,30.658526999999999,2,2,2,,0
Node3,Cloud-RCS-MP-Task-v2,round_02_position_1_Cloud-RCS-MP-Task-v2,30,logits,1787658821312145102,1787658821345236873,33.091341,2,2,2,,0
Node3,Cloud-RCS-MP-Task-v2,round_02_position_1_Cloud-RCS-MP-Task-v2,31,logits,1787658821345237233,1787658821376085949,30.848326,2,2,2,,0
Node3,Cloud-RCS-MP-Task-v2,round_02_position_1_Cloud-RCS-MP-Task-v2,32,logits,1787658821376086519,1787658821407031711,30.944792,2,2,2,,0
Node3,Cloud-RCS-MP-Task-v2,round_02_position_1_Cloud-RCS-MP-Task-v2,33,logits,1787658821407032051,1787658821438107799,31.075298,2,2,2,,0
Node3,Cloud-RCS-MP-Task-v2,round_02_position_1_Cloud-RCS-MP-Task-v2,34,logits,1787658821438108029,1787658821469321414,31.212865000000001,2,2,2,,0
Node3,Cloud-RCS-MP-Task-v2,round_02_position_1_Cloud-RCS-MP-Task-v2,35,logits,1787658821469321654,1787658821501442636,32.120572000000003,2,2,2,,0
Node3,Cloud-RCS-MP-Task-v2,round_02_position_1_Cloud-RCS-MP-Task-v2,36,logits,1787658821501443186,1787658821533115405,31.671818999999999,2,2,2,,0
Node3,Cloud-RCS-MP-Task-v2,round_02_position_1_Cloud-RCS-MP-Task-v2,37,logits,1787658821533116065,1787658821564294358,31.177762999999999,2,2,2,,0
Node3,Cloud-RCS-MP-Task-v2,round_02_position_1_Cloud-RCS-MP-Task-v2,38,logits,1787658821564294698,1787658821595329374,31.034316,2,2,2,,0
Node3,Cloud-RCS-MP-Task-v2,round_02_position_1_Cloud-RCS-MP-Task-v2,39,logits,1787658821595330004,1787658821627955272,32.624727999999998,2,2,2,,0
Node3,Cloud-RCS-MP-Task-v2,round_02_position_1_Cloud-RCS-MP-Task-v2,40,logits,1787658821627955632,1787658821657572565,29.616402999999998,2,2,2,,0
Node3,Cloud-RCS-MP-Task-v2,round_02_position_1_Cloud-RCS-MP-Task-v2,41,logits,1787658821657572795,1787658821689147499,31.574273999999999,2,2,2,,0
Node3,Cloud-RCS-MP-Task-v2,round_02_position_1_Cloud-RCS-MP-Task-v2,42,logits,1787658821689147849,1787658821720151493,31.003133999999999,2,2,2,,0
Node3,Cloud-RCS-MP-Task-v2,round_02_position_1_Cloud-RCS-MP-Task-v2,43,logits,1787658821720151583,1787658821751027111,30.875067999999999,2,2,2,,0
Node3,Cloud-RCS-MP-Task-v2,round_02_position_1_Cloud-RCS-MP-Task-v2,44,logits,1787658821751027451,1787658821783425637,32.397655999999998,2,2,2,,0
Node3,Cloud-RCS-MP-Task-v2,round_02_position_1_Cloud-RCS-MP-Task-v2,45,logits,1787658821783425977,1787658821814523796,31.097418999999999,2,2,2,,0
Node3,Cloud-RCS-MP-Task-v2,round_02_position_1_Cloud-RCS-MP-Task-v2,46,logits,1787658821814524136,1787658821845635606,31.110969999999998,2,2,2,,0
Node3,Cloud-RCS-MP-Task-v2,round_02_position_1_Cloud-RCS-MP-Task-v2,47,logits,1787658821845635816,1787658821876307624,30.671478,2,2,2,,0
Node3,Cloud-RCS-MP-Task-v2,round_02_position_1_Cloud-RCS-MP-Task-v2,48,logits,1787658821876307844,1787658821907390482,31.082228000000001,2,2,2,,0
Node3,Cloud-RCS-MP-Task-v2,round_02_position_1_Cloud-RCS-MP-Task-v2,49,logits,1787658821907390832,1787658821939079042,31.6877,2,2,2,,0
Node3,Cloud-RCS-MP-Task-v2,round_02_position_1_Cloud-RCS-MP-Task-v2,50,logits,1787658821939079412,1787658821969609332,30.529509999999998,2,2,2,,0
Node3,Cloud-RCS-MP-Task-v2,round_02_position_1_Cloud-RCS-MP-Task-v2,51,logits,1787658821969609542,1787658822000378685,30.768882999999999,2,2,2,,0
Node3,Cloud-RCS-MP-Task-v2,round_02_position_1_Cloud-RCS-MP-Task-v2,52,logits,1787658822000379035,1787658822044183133,43.803668000000002,2,2,2,,0
Node3,Cloud-RCS-MP-Task-v2,round_02_position_1_Cloud-RCS-MP-Task-v2,53,logits,1787658822044183643,1787658822075438891,31.254857999999999,2,2,2,,0
Node3,Cloud-RCS-MP-Task-v2,round_02_position_1_Cloud-RCS-MP-Task-v2,54,logits,1787658822075439231,1787658822106579582,31.139961,2,2,2,,0
Node3,Cloud-RCS-MP-Task-v2,round_02_position_1_Cloud-RCS-MP-Task-v2,55,logits,1787658822106579942,1787658822139637192,33.056640000000002,2,2,2,,0
Node3,Cloud-RCS-MP-Task-v2,round_02_position_1_Cloud-RCS-MP-Task-v2,56,logits,1787658822139637722,1787658822171687530,32.049287999999997,2,2,2,,0
Node3,Cloud-RCS-MP-Task-v2,round_02_position_1_Cloud-RCS-MP-Task-v2,57,logits,1787658822171688050,1787658822203025651,31.337191000000001,2,2,2,,0
Node3,Cloud-RCS-MP-Task-v2,round_02_position_1_Cloud-RCS-MP-Task-v2,58,logits,1787658822203026011,1787658822233997424,30.970903,2,2,2,,0
Node3,Cloud-RCS-MP-Task-v2,round_02_position_1_Cloud-RCS-MP-Task-v2,59,logits,1787658822233997674,1787658822265188898,31.190804,2,2,2,,0
Node3,Cloud-RCS-MP-Task-v2,round_02_position_1_Cloud-RCS-MP-Task-v2,60,logits,1787658822265189118,1787658822295721969,30.532450999999998,2,2,2,,0
Node3,Cloud-RCS-MP-Task-v2,round_02_position_1_Cloud-RCS-MP-Task-v2,61,logits,1787658822295722329,1787658822329592630,33.869900999999999,2,2,2,,0
Node3,Cloud-RCS-MP-Task-v2,round_02_position_1_Cloud-RCS-MP-Task-v2,62,logits,1787658822329593150,1787658822361570064,31.976374,2,2,2,,0
Node3,Cloud-RCS-MP-Task-v2,round_02_position_1_Cloud-RCS-MP-Task-v2,63,logits,1787658822361570724,1787658822395684177,34.112963000000001,2,2,2,,0
Node3,Cloud-RCS-MP-Task-v2,round_02_position_1_Cloud-RCS-MP-Task-v2,64,logits,1787658822395684607,1787658822427380047,31.695060000000002,2,2,2,,0
Node3,Cloud-RCS-MP-Task-v2,round_02_position_1_Cloud-RCS-MP-Task-v2,65,logits,1787658822427380427,1787658822458848075,31.467127999999999,2,2,2,,0
Node3,Cloud-RCS-MP-Task-v2,round_02_position_1_Cloud-RCS-MP-Task-v2,66,logits,1787658822458848425,1787658822489471470,30.622515,2,2,2,,0
Node3,Cloud-RCS-MP-Task-v2,round_02_position_1_Cloud-RCS-MP-Task-v2,67,logits,1787658822489471810,1787658822519564948,30.092707999999998,2,2,2,,0
Node3,Cloud-RCS-MP-Task-v2,round_02_position_1_Cloud-RCS-MP-Task-v2,68,logits,1787658822519565318,1787658822550064587,30.498739,2,2,2,,0
Node3,Cloud-RCS-MP-Task-v2,round_02_position_1_Cloud-RCS-MP-Task-v2,69,logits,1787658822550064937,1787658822580515713,30.450375999999999,2,2,2,,0
Node3,Cloud-RCS-MP-Task-v2,round_02_position_1_Cloud-RCS-MP-Task-v2,70,logits,1787658822580516063,1787658822611176940,30.660487,2,2,2,,0
Node3,Cloud-RCS-MP-Task-v2,round_02_position_1_Cloud-RCS-MP-Task-v2,71,logits,1787658822611177290,1787658822641131181,29.953301,2,2,2,,0
Node3,Cloud-RCS-MP-Task-v2,round_02_position_1_Cloud-RCS-MP-Task-v2,72,logits,1787658822641131531,1787658822671971758,30.839825999999999,2,2,2,,0
Node3,Cloud-RCS-MP-Task-v2,round_02_position_1_Cloud-RCS-MP-Task-v2,73,logits,1787658822671972108,1787658822701872466,29.899958000000002,2,2,2,,0
Node3,Cloud-RCS-MP-Task-v2,round_02_position_1_Cloud-RCS-MP-Task-v2,74,logits,1787658822701872826,1787658822732083870,30.210523999999999,2,2,2,,0
Node3,Cloud-RCS-MP-Task-v2,round_02_position_1_Cloud-RCS-MP-Task-v2,75,logits,1787658822732084220,1787658822761971907,29.887307,2,2,2,,0
Node3,Cloud-RCS-MP-Task-v2,round_02_position_1_Cloud-RCS-MP-Task-v2,76,logits,1787658822761972257,1787658822792376191,30.403554,2,2,2,,0
Node3,Cloud-RCS-MP-Task-v2,round_02_position_1_Cloud-RCS-MP-Task-v2,77,logits,1787658822792376571,1787658822822728392,30.351431000000002,2,2,2,,0
Node3,Cloud-RCS-MP-Task-v2,round_02_position_1_Cloud-RCS-MP-Task-v2,78,logits,1787658822822728742,1787658822852003028,29.273776000000002,2,2,2,,0
Node3,Cloud-RCS-MP-Task-v2,round_02_position_1_Cloud-RCS-MP-Task-v2,79,logits,1787658822852003378,1787658822884767253,32.763455,2,2,2,,0
Node3,Cloud-RCS-MP-Task-v2,round_02_position_1_Cloud-RCS-MP-Task-v2,80,logits,1787658822884767763,1787658822914750175,29.982002000000001,2,2,2,,0
Node3,Cloud-RCS-MP-Task-v2,round_02_position_1_Cloud-RCS-MP-Task-v2,81,logits,1787658822914750545,1787658822945109637,30.358682000000002,2,2,2,,0
Node3,Cloud-RCS-MP-Task-v2,round_02_position_1_Cloud-RCS-MP-Task-v2,82,logits,1787658822945110007,1787658822974773623,29.663205999999999,2,2,2,,0
Node3,Cloud-RCS-MP-Task-v2,round_02_position_1_Cloud-RCS-MP-Task-v2,83,logits,1787658822974774003,1787658823005426189,30.651786000000001,2,2,2,,0
Node3,Cloud-RCS-MP-Task-v2,round_02_position_1_Cloud-RCS-MP-Task-v2,84,logits,1787658823005426829,1787658823036060305,30.633075999999999,2,2,2,,0
Node3,Cloud-RCS-MP-Task-v2,round_02_position_1_Cloud-RCS-MP-Task-v2,85,logits,1787658823036060655,1787658823067383946,31.322890999999998,2,2,2,,0
Node3,Cloud-RCS-MP-Task-v2,round_02_position_1_Cloud-RCS-MP-Task-v2,86,logits,1787658823067384306,1787658823097929677,30.544781,2,2,2,,0
Node3,Cloud-RCS-MP-Task-v2,round_02_position_1_Cloud-RCS-MP-Task-v2,87,logits,1787658823097930057,1787658823128202124,30.271667000000001,2,2,2,,0
Node3,Cloud-RCS-MP-Task-v2,round_02_position_1_Cloud-RCS-MP-Task-v2,88,logits,1787658823128202474,1787658823159352836,31.149972000000002,2,2,2,,0
Node3,Cloud-RCS-MP-Task-v2,round_02_position_1_Cloud-RCS-MP-Task-v2,89,logits,1787658823159353346,1787658823191925291,32.571424999999998,2,2,2,,0
Node3,Cloud-RCS-MP-Task-v2,round_02_position_1_Cloud-RCS-MP-Task-v2,90,logits,1787658823191925821,1787658823222999239,31.073018000000001,2,2,2,,0
Node3,Cloud-RCS-MP-Task-v2,round_02_position_1_Cloud-RCS-MP-Task-v2,91,logits,1787658823222999589,1787658823253780322,30.780342999999998,2,2,2,,0
Node3,Cloud-RCS-MP-Task-v2,round_02_position_1_Cloud-RCS-MP-Task-v2,92,logits,1787658823253780692,1787658823285418789,31.637557000000001,2,2,2,,0
Node3,Cloud-RCS-MP-Task-v2,round_02_position_1_Cloud-RCS-MP-Task-v2,93,logits,1787658823285419149,1787658823316579561,31.160011999999998,2,2,2,,0
Node3,Cloud-RCS-MP-Task-v2,round_02_position_1_Cloud-RCS-MP-Task-v2,94,logits,1787658823316579912,1787658823348063631,31.483187999999998,2,2,2,,0
Node3,Cloud-RCS-MP-Task-v2,round_02_position_1_Cloud-RCS-MP-Task-v2,95,logits,1787658823348064011,1787658823379229333,31.164771999999999,2,2,2,,0
Node3,Cloud-RCS-MP-Task-v2,round_02_position_1_Cloud-RCS-MP-Task-v2,96,logits,1787658823379229733,1787658823409946793,30.716660000000001,2,2,2,,0
Node3,Cloud-RCS-MP-Task-v2,round_02_position_1_Cloud-RCS-MP-Task-v2,97,logits,1787658823409947143,1787658823440364678,30.417155000000001,2,2,2,,0
Node3,Cloud-RCS-MP-Task-v2,round_02_position_1_Cloud-RCS-MP-Task-v2,98,logits,1787658823440365028,1787658823471747802,31.382324000000001,2,2,2,,0
Node3,Cloud-RCS-MP-Task-v2,round_02_position_1_Cloud-RCS-MP-Task-v2,99,logits,1787658823471748532,1787658823505304167,33.555235000000003,2,2,2,,0
Node3,Cloud-RCS-MP-Task-v2,round_02_position_1_Cloud-RCS-MP-Task-v2,100,logits,1787658823505304517,1787658823537134394,31.829487,2,2,2,,0
Node3,Cloud-RCS-MP-Task-v2,round_02_position_1_Cloud-RCS-MP-Task-v2,101,logits,1787658823537134764,1787658823568070744,30.935580000000002,2,2,2,,0
Node3,Cloud-RCS-MP-Task-v2,round_02_position_1_Cloud-RCS-MP-Task-v2,102,logits,1787658823568071094,1787658823605104607,37.033113,2,2,2,,0
Node3,Cloud-RCS-MP-Task-v2,round_02_position_1_Cloud-RCS-MP-Task-v2,103,logits,1787658823605105117,1787658823637106543,32.000875999999998,2,2,2,,0
Node3,Cloud-RCS-MP-Task-v2,round_02_position_1_Cloud-RCS-MP-Task-v2,104,logits,1787658823637106893,1787658823668176241,31.068828,2,2,2,,0
Node3,Cloud-RCS-MP-Task-v2,round_02_position_1_Cloud-RCS-MP-Task-v2,105,logits,1787658823668176601,1787658823698863089,30.685668,2,2,2,,0
Node3,Cloud-RCS-MP-Task-v2,round_02_position_1_Cloud-RCS-MP-Task-v2,106,logits,1787658823698863479,1787658823729823542,30.959662999999999,2,2,2,,0
Node3,Cloud-RCS-MP-Task-v2,round_02_position_1_Cloud-RCS-MP-Task-v2,107,logits,1787658823729823932,1787658823760653677,30.829355,2,2,2,,0
Node3,Cloud-RCS-MP-Task-v2,round_02_position_1_Cloud-RCS-MP-Task-v2,108,logits,1787658823760654027,1787658823791219349,30.564921999999999,2,2,2,,0
Node3,Cloud-RCS-MP-Task-v2,round_02_position_1_Cloud-RCS-MP-Task-v2,109,logits,1787658823791219699,1787658823821998402,30.778313000000001,2,2,2,,0
Node3,Cloud-RCS-MP-Task-v2,round_02_position_1_Cloud-RCS-MP-Task-v2,110,logits,1787658823821998772,1787658823853002717,31.003425,2,2,2,,0
Node3,Cloud-RCS-MP-Task-v2,round_02_position_1_Cloud-RCS-MP-Task-v2,111,logits,1787658823853003237,1787658823883819122,30.815484999999999,2,2,2,,0
Node3,Cloud-RCS-MP-Task-v2,round_02_position_1_Cloud-RCS-MP-Task-v2,112,logits,1787658823883819472,1787658823914566823,30.746960999999999,2,2,2,,0
Node3,Cloud-RCS-MP-Task-v2,round_02_position_1_Cloud-RCS-MP-Task-v2,113,logits,1787658823914567223,1787658823945481913,30.914300000000001,2,2,2,,0
Node3,Cloud-RCS-MP-Task-v2,round_02_position_1_Cloud-RCS-MP-Task-v2,114,logits,1787658823945482273,1787658823975905298,30.422435,2,2,2,,0
Node3,Cloud-RCS-MP-Task-v2,round_02_position_1_Cloud-RCS-MP-Task-v2,115,logits,1787658823975905648,1787658824005810816,29.904778,2,2,2,,0
Node3,Cloud-RCS-MP-Task-v2,round_02_position_1_Cloud-RCS-MP-Task-v2,116,logits,1787658824005811176,1787658824036302995,30.491439,2,2,2,,0
Node3,Cloud-RCS-MP-Task-v2,round_02_position_1_Cloud-RCS-MP-Task-v2,117,logits,1787658824036303335,1787658824066992023,30.688088,2,2,2,,0
Node3,Cloud-RCS-MP-Task-v2,round_02_position_1_Cloud-RCS-MP-Task-v2,118,logits,1787658824066992363,1787658824098534705,31.541941999999999,2,2,2,,0
Node3,Cloud-RCS-MP-Task-v2,round_02_position_1_Cloud-RCS-MP-Task-v2,119,logits,1787658824098535055,1787658824129779892,31.244437000000001,2,2,2,,0
Node3,Cloud-RCS-MP-Task-v2,round_02_position_1_Cloud-RCS-MP-Task-v2,120,logits,1787658824129780272,1787658824160981777,31.201015000000002,2,2,2,,0
Node3,Cloud-RCS-MP-Task-v2,round_02_position_1_Cloud-RCS-MP-Task-v2,121,logits,1787658824160982147,1787658824191921128,30.938500999999999,2,2,2,,0
Node3,Cloud-RCS-MP-Task-v2,round_02_position_1_Cloud-RCS-MP-Task-v2,122,logits,1787658824191921538,1787658824223971396,32.049458000000001,2,2,2,,0
Node3,Cloud-RCS-MP-Task-v2,round_02_position_1_Cloud-RCS-MP-Task-v2,123,logits,1787658824223971776,1787658824255093797,31.121631000000001,2,2,2,,0
Node3,Cloud-RCS-MP-Task-v2,round_02_position_1_Cloud-RCS-MP-Task-v2,124,logits,1787658824255094147,1787658824285763384,30.668847,2,2,2,,0
Node3,Cloud-RCS-MP-Task-v2,round_02_position_1_Cloud-RCS-MP-Task-v2,125,logits,1787658824285763734,1787658824316389589,30.625464999999998,2,2,2,,0
Node3,Cloud-RCS-MP-Task-v2,round_02_position_1_Cloud-RCS-MP-Task-v2,126,logits,1787658824316389949,1787658824346939440,30.549101,2,2,2,,0
Node3,Cloud-RCS-MP-Task-v2,round_02_position_1_Cloud-RCS-MP-Task-v2,127,logits,1787658824346939800,1787658824376711532,29.771352,2,2,2,,0
Node3,Cloud-RCS-MP-Task-v2,round_02_position_1_Cloud-RCS-MP-Task-v2,128,logits,1787658824376711882,1787658824407917647,31.205355000000001,2,2,2,,0
Node3,Cloud-RCS-MP-Task-v2,round_02_position_1_Cloud-RCS-MP-Task-v2,129,logits,1787658824407917987,1787658824437962713,30.044305999999999,2,2,2,,0
Node3,Cloud-RCS-MP-Task-v2,round_02_position_1_Cloud-RCS-MP-Task-v2,130,logits,1787658824437963073,1787658824468736585,30.773112000000001,2,2,2,,0
Node3,Cloud-RCS-MP-Task-v2,round_02_position_1_Cloud-RCS-MP-Task-v2,131,logits,1787658824468736976,1787658824499769131,31.031745000000001,2,2,2,,0
Node3,Cloud-RCS-MP-Task-v2,round_02_position_1_Cloud-RCS-MP-Task-v2,132,logits,1787658824499769491,1787658824530866691,31.09676,2,2,2,,0
Node3,Cloud-RCS-MP-Task-v2,round_02_position_1_Cloud-RCS-MP-Task-v2,133,logits,1787658824530867031,1787658824561436283,30.568642000000001,2,2,2,,0
Node3,Cloud-RCS-MP-Task-v2,round_02_position_1_Cloud-RCS-MP-Task-v2,134,logits,1787658824561436633,1787658824591829997,30.393104000000001,2,2,2,,0
Node3,Cloud-RCS-MP-Task-v2,round_02_position_1_Cloud-RCS-MP-Task-v2,135,logits,1787658824591830357,1787658824622448031,30.617253999999999,2,2,2,,0
Node3,Cloud-RCS-MP-Task-v2,round_02_position_1_Cloud-RCS-MP-Task-v2,136,logits,1787658824622448371,1787658824653031924,30.583093000000002,2,2,2,,0
Node3,Cloud-RCS-MP-Task-v2,round_02_position_1_Cloud-RCS-MP-Task-v2,137,logits,1787658824653032284,1787658824683821398,30.788723999999998,2,2,2,,0
Node3,Cloud-RCS-MP-Task-v2,round_02_position_1_Cloud-RCS-MP-Task-v2,138,logits,1787658824683821738,1787658824715247794,31.425536000000001,2,2,2,,0
Node3,Cloud-RCS-MP-Task-v2,round_02_position_1_Cloud-RCS-MP-Task-v2,139,logits,1787658824715248144,1787658824745343982,30.095427999999998,2,2,2,,0
Node3,Cloud-RCS-MP-Task-v2,round_02_position_1_Cloud-RCS-MP-Task-v2,140,logits,1787658824745344322,1787658824775648291,30.303709000000001,2,2,2,,0
Node3,Cloud-RCS-MP-Task-v2,round_02_position_1_Cloud-RCS-MP-Task-v2,141,logits,1787658824775648551,1787658824805758750,30.109939000000001,2,2,2,,0
Node3,Cloud-RCS-MP-Task-v2,round_02_position_1_Cloud-RCS-MP-Task-v2,142,logits,1787658824805759160,1787658824836121732,30.362162000000001,2,2,2,,0
Node3,Cloud-RCS-MP-Task-v2,round_02_position_1_Cloud-RCS-MP-Task-v2,143,logits,1787658824836122262,1787658824867227091,31.104419,2,2,2,,0
Node3,Cloud-RCS-MP-Task-v2,round_02_position_1_Cloud-RCS-MP-Task-v2,144,logits,1787658824867227451,1787658824897700469,30.472608000000001,2,2,2,,0
Node3,Cloud-RCS-MP-Task-v2,round_02_position_1_Cloud-RCS-MP-Task-v2,145,logits,1787658824897700689,1787658824928660311,30.959302000000001,2,2,2,,0
Node3,Cloud-RCS-MP-Task-v2,round_02_position_1_Cloud-RCS-MP-Task-v2,146,logits,1787658824928660531,1787658824959121358,30.460207,2,2,2,,0
Node3,Cloud-RCS-MP-Task-v2,round_02_position_1_Cloud-RCS-MP-Task-v2,147,logits,1787658824959121768,1787658824989370134,30.248086000000001,2,2,2,,0
Node3,Cloud-RCS-MP-Task-v2,round_02_position_1_Cloud-RCS-MP-Task-v2,148,logits,1787658824989370474,1787658825019690593,30.319709,2,2,2,,0
Node3,Cloud-RCS-MP-Task-v2,round_02_position_1_Cloud-RCS-MP-Task-v2,149,logits,1787658825019691073,1787658825050252705,30.561222000000001,2,2,2,,0
Node3,Cloud-RCS-MP-Task-v2,round_02_position_1_Cloud-RCS-MP-Task-v2,150,logits,1787658825050253045,1787658825080467320,30.213884,2,2,2,,0
Node3,Cloud-RCS-MP-Task-v2,round_02_position_1_Cloud-RCS-MP-Task-v2,151,logits,1787658825080467670,1787658825110698365,30.230284999999999,2,2,2,,0
Node3,Cloud-RCS-MP-Task-v2,round_02_position_1_Cloud-RCS-MP-Task-v2,152,logits,1787658825110698735,1787658825141187783,30.488658000000001,2,2,2,,0
Node3,Cloud-RCS-MP-Task-v2,round_02_position_1_Cloud-RCS-MP-Task-v2,153,logits,1787658825141188123,1787658825171151864,29.963201000000002,2,2,2,,0
Node3,Cloud-RCS-MP-Task-v2,round_02_position_1_Cloud-RCS-MP-Task-v2,154,logits,1787658825171152204,1787658825201634132,30.481538,2,2,2,,0
Node3,Cloud-RCS-MP-Task-v2,round_02_position_1_Cloud-RCS-MP-Task-v2,155,logits,1787658825201634352,1787658825234857850,33.222997999999997,2,2,2,,0
Node3,Cloud-RCS-MP-Task-v2,round_02_position_1_Cloud-RCS-MP-Task-v2,156,logits,1787658825234858361,1787658825266221473,31.362562,2,2,2,,0
Node3,Cloud-RCS-MP-Task-v2,round_02_position_1_Cloud-RCS-MP-Task-v2,157,logits,1787658825266222073,1787658825299254861,33.032248000000003,2,2,2,,0
Node3,Cloud-RCS-MP-Task-v2,round_02_position_1_Cloud-RCS-MP-Task-v2,158,logits,1787658825299255211,1787658825331109250,31.853629000000002,2,2,2,,0
Node3,Cloud-RCS-MP-Task-v2,round_02_position_1_Cloud-RCS-MP-Task-v2,159,logits,1787658825331109600,1787658825363481764,32.371763999999999,2,2,2,,0
Node3,Cloud-RCS-MP-Task-v2,round_02_position_1_Cloud-RCS-MP-Task-v2,160,logits,1787658825363482114,1787658825395639768,32.157173999999998,2,2,2,,0
Node3,Cloud-RCS-MP-Task-v2,round_02_position_1_Cloud-RCS-MP-Task-v2,161,logits,1787658825395640128,1787658825428327578,32.687060000000002,2,2,2,,0
Node3,Cloud-RCS-MP-Task-v2,round_02_position_1_Cloud-RCS-MP-Task-v2,162,logits,1787658825428327918,1787658825460852441,32.523992999999997,2,2,2,,0
Node3,Cloud-RCS-MP-Task-v2,round_02_position_1_Cloud-RCS-MP-Task-v2,163,logits,1787658825460852801,1787658825493324190,32.470979,2,2,2,,0
Node3,Cloud-RCS-MP-Task-v2,round_02_position_1_Cloud-RCS-MP-Task-v2,164,logits,1787658825493324430,1787658825524754917,31.429967000000001,2,2,2,,0
Node3,Cloud-RCS-MP-Task-v2,round_02_position_1_Cloud-RCS-MP-Task-v2,165,logits,1787658825524755287,1787658825555558171,30.802364000000001,2,2,2,,0
Node3,Cloud-RCS-MP-Task-v2,round_02_position_1_Cloud-RCS-MP-Task-v2,166,logits,1787658825555558511,1787658825587267541,31.70842,2,2,2,,0
Node3,Cloud-RCS-MP-Task-v2,round_02_position_1_Cloud-RCS-MP-Task-v2,167,logits,1787658825587267891,1787658825617919158,30.650877000000001,2,2,2,,0
Node3,Cloud-RCS-MP-Task-v2,round_02_position_1_Cloud-RCS-MP-Task-v2,168,logits,1787658825617919388,1787658825648763144,30.843375999999999,2,2,2,,0
Node3,Cloud-RCS-MP-Task-v2,round_02_position_1_Cloud-RCS-MP-Task-v2,169,logits,1787658825648763484,1787658825679547858,30.783944000000002,2,2,2,,0
Node3,Cloud-RCS-MP-Task-v2,round_02_position_1_Cloud-RCS-MP-Task-v2,170,logits,1787658825679548198,1787658825710426426,30.877787999999999,2,2,2,,0
Node3,Cloud-RCS-MP-Task-v2,round_02_position_1_Cloud-RCS-MP-Task-v2,171,logits,1787658825710426786,1787658825741285233,30.858046999999999,2,2,2,,0
Node3,Cloud-RCS-MP-Task-v2,round_02_position_1_Cloud-RCS-MP-Task-v2,172,logits,1787658825741285583,1787658825771849125,30.563022,2,2,2,,0
Node3,Cloud-RCS-MP-Task-v2,round_02_position_1_Cloud-RCS-MP-Task-v2,173,logits,1787658825771849365,1787658825802089301,30.239536000000001,2,2,2,,0
Node3,Cloud-RCS-MP-Task-v2,round_02_position_1_Cloud-RCS-MP-Task-v2,174,logits,1787658825802089651,1787658825833046043,30.955881999999999,2,2,2,,0
Node3,Cloud-RCS-MP-Task-v2,round_02_position_1_Cloud-RCS-MP-Task-v2,175,logits,1787658825833046603,1787658825864522962,31.475968999999999,2,2,2,,0
Node3,Cloud-RCS-MP-Task-v2,round_02_position_1_Cloud-RCS-MP-Task-v2,176,logits,1787658825864523312,1787658825895317455,30.793832999999999,2,2,2,,0
Node3,Cloud-RCS-MP-Task-v2,round_02_position_1_Cloud-RCS-MP-Task-v2,177,logits,1787658825895317805,1787658825927295100,31.976765,2,2,2,,0
Node3,Cloud-RCS-MP-Task-v2,round_02_position_1_Cloud-RCS-MP-Task-v2,178,logits,1787658825927295750,1787658825960869246,33.573086000000004,2,2,2,,0
Node3,Cloud-RCS-MP-Task-v2,round_02_position_1_Cloud-RCS-MP-Task-v2,179,logits,1787658825960869626,1787658825994070163,33.199897,2,2,2,,0
Node3,Cloud-RCS-MP-Task-v2,round_02_position_1_Cloud-RCS-MP-Task-v2,180,logits,1787658825994070513,1787658826026081689,32.010655999999997,2,2,2,,0
Node3,Cloud-RCS-MP-Task-v2,round_02_position_1_Cloud-RCS-MP-Task-v2,181,logits,1787658826026082049,1787658826056858861,30.776422,2,2,2,,0
Node3,Cloud-RCS-MP-Task-v2,round_02_position_1_Cloud-RCS-MP-Task-v2,182,logits,1787658826056859222,1787658826088166131,31.306519000000002,2,2,2,,0
Node3,Cloud-RCS-MP-Task-v2,round_02_position_1_Cloud-RCS-MP-Task-v2,183,logits,1787658826088166502,1787658826118677861,30.510749000000001,2,2,2,,0
Node3,Cloud-RCS-MP-Task-v2,round_02_position_1_Cloud-RCS-MP-Task-v2,184,logits,1787658826118678091,1787658826149493706,30.815225000000002,2,2,2,,0
Node3,Cloud-RCS-MP-Task-v2,round_02_position_1_Cloud-RCS-MP-Task-v2,185,logits,1787658826149493946,1787658826180139032,30.644705999999999,2,2,2,,0
Node3,Cloud-RCS-MP-Task-v2,round_02_position_1_Cloud-RCS-MP-Task-v2,186,logits,1787658826180139262,1787658826210536636,30.396854000000001,2,2,2,,0
Node3,Cloud-RCS-MP-Task-v2,round_02_position_1_Cloud-RCS-MP-Task-v2,187,logits,1787658826210536866,1787658826241212104,30.674848000000001,2,2,2,,0
Node3,Cloud-RCS-MP-Task-v2,round_02_position_1_Cloud-RCS-MP-Task-v2,188,logits,1787658826241212324,1787658826271687171,30.474587,2,2,2,,0
Node3,Cloud-RCS-MP-Task-v2,round_02_position_1_Cloud-RCS-MP-Task-v2,189,logits,1787658826271687411,1787658826302198191,30.51024,2,2,2,,0
Node3,Cloud-RCS-MP-Task-v2,round_02_position_1_Cloud-RCS-MP-Task-v2,190,logits,1787658826302198631,1787658826335590567,33.391525999999999,2,2,2,,0
Node3,Cloud-RCS-MP-Task-v2,round_02_position_1_Cloud-RCS-MP-Task-v2,191,logits,1787658826335591077,1787658826366448624,30.857016999999999,2,2,2,,0
Node3,Cloud-RCS-MP-Task-v2,round_02_position_1_Cloud-RCS-MP-Task-v2,192,logits,1787658826366449004,1787658826411455965,45.006670999999997,2,2,2,,0
Node3,Cloud-RCS-MP-Task-v2,round_02_position_1_Cloud-RCS-MP-Task-v2,193,logits,1787658826411456465,1787658826442977056,31.520201,2,2,2,,0
Node3,Cloud-RCS-MP-Task-v2,round_02_position_1_Cloud-RCS-MP-Task-v2,194,logits,1787658826442977406,1787658826473394830,30.417014000000002,2,2,2,,0
Node3,Cloud-RCS-MP-Task-v2,round_02_position_1_Cloud-RCS-MP-Task-v2,195,logits,1787658826473395200,1787658826503722620,30.327030000000001,2,2,2,,0
Node3,Cloud-RCS-MP-Task-v2,round_02_position_1_Cloud-RCS-MP-Task-v2,196,logits,1787658826503722960,1787658826534296393,30.573022999999999,2,2,2,,0
Node3,Cloud-RCS-MP-Task-v2,round_02_position_1_Cloud-RCS-MP-Task-v2,197,logits,1787658826534296743,1787658826564754350,30.457207,2,2,2,,0
Node3,Cloud-RCS-MP-Task-v2,round_02_position_1_Cloud-RCS-MP-Task-v2,198,logits,1787658826564754700,1787658826594978374,30.223413999999998,2,2,2,,0
Node3,Cloud-RCS-MP-Task-v2,round_02_position_1_Cloud-RCS-MP-Task-v2,199,logits,1787658826594978734,1787658826624957807,29.978653000000001,2,2,2,,0
Node3,Cloud-RCS-FP32-Compat,round_02_position_2_Cloud-RCS-FP32-Compat,0,logits,1787658856447433640,1787658856482041570,34.60736,2,2,2,,0
Node3,Cloud-RCS-FP32-Compat,round_02_position_2_Cloud-RCS-FP32-Compat,1,logits,1787658856482042120,1787658856515315221,33.272821,2,2,2,,0
Node3,Cloud-RCS-FP32-Compat,round_02_position_2_Cloud-RCS-FP32-Compat,2,logits,1787658856515315851,1787658856554030920,38.714499000000004,2,2,2,,0
Node3,Cloud-RCS-FP32-Compat,round_02_position_2_Cloud-RCS-FP32-Compat,3,logits,1787658856554031320,1787658856590758738,36.727018000000001,2,2,2,,0
Node3,Cloud-RCS-FP32-Compat,round_02_position_2_Cloud-RCS-FP32-Compat,4,logits,1787658856590759248,1787658856624473642,33.714013999999999,2,2,2,,0
Node3,Cloud-RCS-FP32-Compat,round_02_position_2_Cloud-RCS-FP32-Compat,5,logits,1787658856624474142,1787658856658711392,34.236820000000002,2,2,2,,0
Node3,Cloud-RCS-FP32-Compat,round_02_position_2_Cloud-RCS-FP32-Compat,6,logits,1787658856658711892,1787658856694053799,35.341507,2,2,2,,0
Node3,Cloud-RCS-FP32-Compat,round_02_position_2_Cloud-RCS-FP32-Compat,7,logits,1787658856694054349,1787658856729145463,35.090533999999998,2,2,2,,0
Node3,Cloud-RCS-FP32-Compat,round_02_position_2_Cloud-RCS-FP32-Compat,8,logits,1787658856729145963,1787658856763470548,34.323954999999998,2,2,2,,0
Node3,Cloud-RCS-FP32-Compat,round_02_position_2_Cloud-RCS-FP32-Compat,9,logits,1787658856763470938,1787658856797362831,33.891623000000003,2,2,2,,0
Node3,Cloud-RCS-FP32-Compat,round_02_position_2_Cloud-RCS-FP32-Compat,10,logits,1787658856797363371,1787658856831045713,33.681821999999997,2,2,2,,0
Node3,Cloud-RCS-FP32-Compat,round_02_position_2_Cloud-RCS-FP32-Compat,11,logits,1787658856831046233,1787658856864460541,33.413918000000002,2,2,2,,0
Node3,Cloud-RCS-FP32-Compat,round_02_position_2_Cloud-RCS-FP32-Compat,12,logits,1787658856864461061,1787658856898168045,33.706463999999997,2,2,2,,0
Node3,Cloud-RCS-FP32-Compat,round_02_position_2_Cloud-RCS-FP32-Compat,13,logits,1787658856898168555,1787658856931746201,33.577385999999997,2,2,2,,0
Node3,Cloud-RCS-FP32-Compat,round_02_position_2_Cloud-RCS-FP32-Compat,14,logits,1787658856931746581,1787658856964766479,33.019618000000001,2,2,2,,0
Node3,Cloud-RCS-FP32-Compat,round_02_position_2_Cloud-RCS-FP32-Compat,15,logits,1787658856964767009,1787658856998004299,33.237160000000003,2,2,2,,0
Node3,Cloud-RCS-FP32-Compat,round_02_position_2_Cloud-RCS-FP32-Compat,16,logits,1787658856998004799,1787658857030989065,32.983876000000002,2,2,2,,0
Node3,Cloud-RCS-FP32-Compat,round_02_position_2_Cloud-RCS-FP32-Compat,17,logits,1787658857030989575,1787658857063955091,32.964694999999999,2,2,2,,0
Node3,Cloud-RCS-FP32-Compat,round_02_position_2_Cloud-RCS-FP32-Compat,18,logits,1787658857063955601,1787658857096484524,32.528663000000002,2,2,2,,0
Node3,Cloud-RCS-FP32-Compat,round_02_position_2_Cloud-RCS-FP32-Compat,19,logits,1787658857096485024,1787658857130380137,33.894832999999998,2,2,2,,0
Node3,Cloud-RCS-FP32-Compat,round_02_position_2_Cloud-RCS-FP32-Compat,20,logits,1787658857130380637,1787658857163395305,33.014408000000003,2,2,2,,0
Node3,Cloud-RCS-FP32-Compat,round_02_position_2_Cloud-RCS-FP32-Compat,21,logits,1787658857163395805,1787658857196502847,33.106741999999997,2,2,2,,0
Node3,Cloud-RCS-FP32-Compat,round_02_position_2_Cloud-RCS-FP32-Compat,22,logits,1787658857196503197,1787658857231178490,34.674912999999997,2,2,2,,0
Node3,Cloud-RCS-FP32-Compat,round_02_position_2_Cloud-RCS-FP32-Compat,23,logits,1787658857231179040,1787658857265446082,34.266772000000003,2,2,2,,0
Node3,Cloud-RCS-FP32-Compat,round_02_position_2_Cloud-RCS-FP32-Compat,24,logits,1787658857265446592,1787658857299509114,34.062122000000002,2,2,2,,0
Node3,Cloud-RCS-FP32-Compat,round_02_position_2_Cloud-RCS-FP32-Compat,25,logits,1787658857299509634,1787658857336252832,36.742798000000001,2,2,2,,0
Node3,Cloud-RCS-FP32-Compat,round_02_position_2_Cloud-RCS-FP32-Compat,26,logits,1787658857336253342,1787658857371087913,34.834150999999999,2,2,2,,0
Node3,Cloud-RCS-FP32-Compat,round_02_position_2_Cloud-RCS-FP32-Compat,27,logits,1787658857371088413,1787658857405162185,34.073251999999997,2,2,2,,0
Node3,Cloud-RCS-FP32-Compat,round_02_position_2_Cloud-RCS-FP32-Compat,28,logits,1787658857405162685,1787658857438547802,33.384697000000003,2,2,2,,0
Node3,Cloud-RCS-FP32-Compat,round_02_position_2_Cloud-RCS-FP32-Compat,29,logits,1787658857438548312,1787658857471963871,33.415149,2,2,2,,0
Node3,Cloud-RCS-FP32-Compat,round_02_position_2_Cloud-RCS-FP32-Compat,30,logits,1787658857471964391,1787658857505765699,33.800908,2,2,2,,0
Node3,Cloud-RCS-FP32-Compat,round_02_position_2_Cloud-RCS-FP32-Compat,31,logits,1787658857505766229,1787658857539747276,33.980207,2,2,2,,0
Node3,Cloud-RCS-FP32-Compat,round_02_position_2_Cloud-RCS-FP32-Compat,32,logits,1787658857539747886,1787658857574669112,34.920836000000001,2,2,2,,0
Node3,Cloud-RCS-FP32-Compat,round_02_position_2_Cloud-RCS-FP32-Compat,33,logits,1787658857574669462,1787658857612172519,37.502647000000003,2,2,2,,0
Node3,Cloud-RCS-FP32-Compat,round_02_position_2_Cloud-RCS-FP32-Compat,34,logits,1787658857612173209,1787658857647006350,34.832611,2,2,2,,0
Node3,Cloud-RCS-FP32-Compat,round_02_position_2_Cloud-RCS-FP32-Compat,35,logits,1787658857647006870,1787658857681225950,34.218820000000001,2,2,2,,0
Node3,Cloud-RCS-FP32-Compat,round_02_position_2_Cloud-RCS-FP32-Compat,36,logits,1787658857681226470,1787658857715209067,33.982207000000002,2,2,2,,0
Node3,Cloud-RCS-FP32-Compat,round_02_position_2_Cloud-RCS-FP32-Compat,37,logits,1787658857715209327,1787658857748646377,33.436360000000001,2,2,2,,0
Node3,Cloud-RCS-FP32-Compat,round_02_position_2_Cloud-RCS-FP32-Compat,38,logits,1787658857748646837,1787658857782505418,33.858190999999998,2,2,2,,0
Node3,Cloud-RCS-FP32-Compat,round_02_position_2_Cloud-RCS-FP32-Compat,39,logits,1787658857782505928,1787658857816090915,33.584586999999999,2,2,2,,0
Node3,Cloud-RCS-FP32-Compat,round_02_position_2_Cloud-RCS-FP32-Compat,40,logits,1787658857816091415,1787658857849825990,33.734155000000001,2,2,2,,0
Node3,Cloud-RCS-FP32-Compat,round_02_position_2_Cloud-RCS-FP32-Compat,41,logits,1787658857849826350,1787658857883077019,33.250278999999999,2,2,2,,0
Node3,Cloud-RCS-FP32-Compat,round_02_position_2_Cloud-RCS-FP32-Compat,42,logits,1787658857883077269,1787658857916597803,33.520274000000001,2,2,2,,0
Node3,Cloud-RCS-FP32-Compat,round_02_position_2_Cloud-RCS-FP32-Compat,43,logits,1787658857916598193,1787658857951010553,34.411969999999997,2,2,2,,0
Node3,Cloud-RCS-FP32-Compat,round_02_position_2_Cloud-RCS-FP32-Compat,44,logits,1787658857951010953,1787658857984751648,33.740425000000002,2,2,2,,0
Node3,Cloud-RCS-FP32-Compat,round_02_position_2_Cloud-RCS-FP32-Compat,45,logits,1787658857984751928,1787658858018554096,33.801777999999999,2,2,2,,0
Node3,Cloud-RCS-FP32-Compat,round_02_position_2_Cloud-RCS-FP32-Compat,46,logits,1787658858018554496,1787658858052448739,33.893853,2,2,2,,0
Node3,Cloud-RCS-FP32-Compat,round_02_position_2_Cloud-RCS-FP32-Compat,47,logits,1787658858052448999,1787658858086361302,33.911883000000003,2,2,2,,0
Node3,Cloud-RCS-FP32-Compat,round_02_position_2_Cloud-RCS-FP32-Compat,48,logits,1787658858086361802,1787658858123277840,36.915618000000002,2,2,2,,0
Node3,Cloud-RCS-FP32-Compat,round_02_position_2_Cloud-RCS-FP32-Compat,49,logits,1787658858123278350,1787658858157587614,34.308874000000003,2,2,2,,0
Node3,Cloud-RCS-FP32-Compat,round_02_position_2_Cloud-RCS-FP32-Compat,50,logits,1787658858157587864,1787658858192768693,35.180408999999997,2,2,2,,0
Node3,Cloud-RCS-FP32-Compat,round_02_position_2_Cloud-RCS-FP32-Compat,51,logits,1787658858192769113,1787658858226802593,34.033079999999998,2,2,2,,0
Node3,Cloud-RCS-FP32-Compat,round_02_position_2_Cloud-RCS-FP32-Compat,52,logits,1787658858226802853,1787658858261127148,34.323594999999997,2,2,2,,0
Node3,Cloud-RCS-FP32-Compat,round_02_position_2_Cloud-RCS-FP32-Compat,53,logits,1787658858261127548,1787658858295322196,34.194237999999999,2,2,2,,0
Node3,Cloud-RCS-FP32-Compat,round_02_position_2_Cloud-RCS-FP32-Compat,54,logits,1787658858295322426,1787658858329178377,33.855680999999997,2,2,2,,0
Node3,Cloud-RCS-FP32-Compat,round_02_position_2_Cloud-RCS-FP32-Compat,55,logits,1787658858329178787,1787658858363278271,34.099063999999998,2,2,2,,0
Node3,Cloud-RCS-FP32-Compat,round_02_position_2_Cloud-RCS-FP32-Compat,56,logits,1787658858363278771,1787658858413526490,50.247188999999999,2,2,2,,0
Node3,Cloud-RCS-FP32-Compat,round_02_position_2_Cloud-RCS-FP32-Compat,57,logits,1787658858413527020,1787658858447783861,34.256441000000002,2,2,2,,0
Node3,Cloud-RCS-FP32-Compat,round_02_position_2_Cloud-RCS-FP32-Compat,58,logits,1787658858447784261,1787658858481490875,33.706214000000003,2,2,2,,0
Node3,Cloud-RCS-FP32-Compat,round_02_position_2_Cloud-RCS-FP32-Compat,59,logits,1787658858481491115,1787658858515193818,33.702443000000002,2,2,2,,0
Node3,Cloud-RCS-FP32-Compat,round_02_position_2_Cloud-RCS-FP32-Compat,60,logits,1787658858515194318,1787658858549110561,33.915633,2,2,2,,0
Node3,Cloud-RCS-FP32-Compat,round_02_position_2_Cloud-RCS-FP32-Compat,61,logits,1787658858549110932,1787658858583464318,34.353006000000001,2,2,2,,0
Node3,Cloud-RCS-FP32-Compat,round_02_position_2_Cloud-RCS-FP32-Compat,62,logits,1787658858583464728,1787658858617790113,34.324945,2,2,2,,0
Node3,Cloud-RCS-FP32-Compat,round_02_position_2_Cloud-RCS-FP32-Compat,63,logits,1787658858617790833,1787658858655048028,37.256644999999999,2,2,2,,0
Node3,Cloud-RCS-FP32-Compat,round_02_position_2_Cloud-RCS-FP32-Compat,64,logits,1787658858655048528,1787658858690799516,35.750728000000002,2,2,2,,0
Node3,Cloud-RCS-FP32-Compat,round_02_position_2_Cloud-RCS-FP32-Compat,65,logits,1787658858690800016,1787658858726047378,35.246962000000003,2,2,2,,0
Node3,Cloud-RCS-FP32-Compat,round_02_position_2_Cloud-RCS-FP32-Compat,66,logits,1787658858726047898,1787658858761312021,35.263672999999997,2,2,2,,0
Node3,Cloud-RCS-FP32-Compat,round_02_position_2_Cloud-RCS-FP32-Compat,67,logits,1787658858761312621,1787658858797139893,35.826811999999997,2,2,2,,0
Node3,Cloud-RCS-FP32-Compat,round_02_position_2_Cloud-RCS-FP32-Compat,68,logits,1787658858797140013,1787658858832919062,35.778629000000002,2,2,2,,0
Node3,Cloud-RCS-FP32-Compat,round_02_position_2_Cloud-RCS-FP32-Compat,69,logits,1787658858832919582,1787658858867849768,34.929926000000002,2,2,2,,0
Node3,Cloud-RCS-FP32-Compat,round_02_position_2_Cloud-RCS-FP32-Compat,70,logits,1787658858867850308,1787658858902329951,34.479373000000002,2,2,2,,0
Node3,Cloud-RCS-FP32-Compat,round_02_position_2_Cloud-RCS-FP32-Compat,71,logits,1787658858902330351,1787658858937162961,34.832340000000002,2,2,2,,0
Node3,Cloud-RCS-FP32-Compat,round_02_position_2_Cloud-RCS-FP32-Compat,72,logits,1787658858937163472,1787658858971676866,34.513004000000002,2,2,2,,0
Node3,Cloud-RCS-FP32-Compat,round_02_position_2_Cloud-RCS-FP32-Compat,73,logits,1787658858971677256,1787658859005790930,34.113284,2,2,2,,0
Node3,Cloud-RCS-FP32-Compat,round_02_position_2_Cloud-RCS-FP32-Compat,74,logits,1787658859005791380,1787658859040993730,35.201860000000003,2,2,2,,0
Node3,Cloud-RCS-FP32-Compat,round_02_position_2_Cloud-RCS-FP32-Compat,75,logits,1787658859040994080,1787658859075766698,34.772337999999998,2,2,2,,0
Node3,Cloud-RCS-FP32-Compat,round_02_position_2_Cloud-RCS-FP32-Compat,76,logits,1787658859075767238,1787658859109783207,34.015819,2,2,2,,0
Node3,Cloud-RCS-FP32-Compat,round_02_position_2_Cloud-RCS-FP32-Compat,77,logits,1787658859109783717,1787658859143875070,34.090963000000002,2,2,2,,0
Node3,Cloud-RCS-FP32-Compat,round_02_position_2_Cloud-RCS-FP32-Compat,78,logits,1787658859143875480,1787658859178580715,34.704825,2,2,2,,0
Node3,Cloud-RCS-FP32-Compat,round_02_position_2_Cloud-RCS-FP32-Compat,79,logits,1787658859178581465,1787658859212455767,33.874172000000002,2,2,2,,0
Node3,Cloud-RCS-FP32-Compat,round_02_position_2_Cloud-RCS-FP32-Compat,80,logits,1787658859212456227,1787658859247160281,34.703783999999999,2,2,2,,0
Node3,Cloud-RCS-FP32-Compat,round_02_position_2_Cloud-RCS-FP32-Compat,81,logits,1787658859247160671,1787658859282753831,35.593020000000003,2,2,2,,0
Node3,Cloud-RCS-FP32-Compat,round_02_position_2_Cloud-RCS-FP32-Compat,82,logits,1787658859282754231,1787658859316871645,34.117144000000003,2,2,2,,0
Node3,Cloud-RCS-FP32-Compat,round_02_position_2_Cloud-RCS-FP32-Compat,83,logits,1787658859316872465,1787658859350725406,33.852800999999999,2,2,2,,0
Node3,Cloud-RCS-FP32-Compat,round_02_position_2_Cloud-RCS-FP32-Compat,84,logits,1787658859350725916,1787658859384567226,33.840890000000002,2,2,2,,0
Node3,Cloud-RCS-FP32-Compat,round_02_position_2_Cloud-RCS-FP32-Compat,85,logits,1787658859384567737,1787658859418656379,34.088292000000003,2,2,2,,0
Node3,Cloud-RCS-FP32-Compat,round_02_position_2_Cloud-RCS-FP32-Compat,86,logits,1787658859418656769,1787658859452645367,33.988287999999997,2,2,2,,0
Node3,Cloud-RCS-FP32-Compat,round_02_position_2_Cloud-RCS-FP32-Compat,87,logits,1787658859452645887,1787658859486948751,34.302604000000002,2,2,2,,0
Node3,Cloud-RCS-FP32-Compat,round_02_position_2_Cloud-RCS-FP32-Compat,88,logits,1787658859486949271,1787658859520899247,33.949556000000001,2,2,2,,0
Node3,Cloud-RCS-FP32-Compat,round_02_position_2_Cloud-RCS-FP32-Compat,89,logits,1787658859520899767,1787658859554836952,33.936785,2,2,2,,0
Node3,Cloud-RCS-FP32-Compat,round_02_position_2_Cloud-RCS-FP32-Compat,90,logits,1787658859554837332,1787658859588795498,33.957785999999999,2,2,2,,0
Node3,Cloud-RCS-FP32-Compat,round_02_position_2_Cloud-RCS-FP32-Compat,91,logits,1787658859588796018,1787658859622704582,33.908183999999999,2,2,2,,0
Node3,Cloud-RCS-FP32-Compat,round_02_position_2_Cloud-RCS-FP32-Compat,92,logits,1787658859622704932,1787658859660398889,37.693497000000001,2,2,2,,0
Node3,Cloud-RCS-FP32-Compat,round_02_position_2_Cloud-RCS-FP32-Compat,93,logits,1787658859660399329,1787658859697716537,37.316498000000003,2,2,2,,0
Node3,Cloud-RCS-FP32-Compat,round_02_position_2_Cloud-RCS-FP32-Compat,94,logits,1787658859697717077,1787658859732916937,35.199339999999999,2,2,2,,0
Node3,Cloud-RCS-FP32-Compat,round_02_position_2_Cloud-RCS-FP32-Compat,95,logits,1787658859732917347,1787658859767788849,34.871111999999997,2,2,2,,0
Node3,Cloud-RCS-FP32-Compat,round_02_position_2_Cloud-RCS-FP32-Compat,96,logits,1787658859767789480,1787658859802264702,34.475091999999997,2,2,2,,0
Node3,Cloud-RCS-FP32-Compat,round_02_position_2_Cloud-RCS-FP32-Compat,97,logits,1787658859802265282,1787658859836552935,34.287112999999998,2,2,2,,0
Node3,Cloud-RCS-FP32-Compat,round_02_position_2_Cloud-RCS-FP32-Compat,98,logits,1787658859836553565,1787658859870253809,33.699863999999998,2,2,2,,0
Node3,Cloud-RCS-FP32-Compat,round_02_position_2_Cloud-RCS-FP32-Compat,99,logits,1787658859870254439,1787658859904595384,34.340164999999999,2,2,2,,0
Node3,Cloud-RCS-FP32-Compat,round_02_position_2_Cloud-RCS-FP32-Compat,100,logits,1787658859904595904,1787658859939126360,34.530186,2,2,2,,0
Node3,Cloud-RCS-FP32-Compat,round_02_position_2_Cloud-RCS-FP32-Compat,101,logits,1787658859939126760,1787658859973626203,34.499053000000004,2,2,2,,0
Node3,Cloud-RCS-FP32-Compat,round_02_position_2_Cloud-RCS-FP32-Compat,102,logits,1787658859973626603,1787658860007149358,33.522464999999997,2,2,2,,0
Node3,Cloud-RCS-FP32-Compat,round_02_position_2_Cloud-RCS-FP32-Compat,103,logits,1787658860007149698,1787658860041104673,33.954574999999998,2,2,2,,0
Node3,Cloud-RCS-FP32-Compat,round_02_position_2_Cloud-RCS-FP32-Compat,104,logits,1787658860041105123,1787658860074986806,33.881292999999999,2,2,2,,0
Node3,Cloud-RCS-FP32-Compat,round_02_position_2_Cloud-RCS-FP32-Compat,105,logits,1787658860074987166,1787658860108842787,33.855231000000003,2,2,2,,0
Node3,Cloud-RCS-FP32-Compat,round_02_position_2_Cloud-RCS-FP32-Compat,106,logits,1787658860108843297,1787658860143108379,34.264691999999997,2,2,2,,0
Node3,Cloud-RCS-FP32-Compat,round_02_position_2_Cloud-RCS-FP32-Compat,107,logits,1787658860143108899,1787658860177078776,33.969617,2,2,2,,0
Node3,Cloud-RCS-FP32-Compat,round_02_position_2_Cloud-RCS-FP32-Compat,108,logits,1787658860177079286,1787658860211024771,33.945214999999997,2,2,2,,0
Node3,Cloud-RCS-FP32-Compat,round_02_position_2_Cloud-RCS-FP32-Compat,109,logits,1787658860211025301,1787658860246712736,35.687035000000002,2,2,2,,0
Node3,Cloud-RCS-FP32-Compat,round_02_position_2_Cloud-RCS-FP32-Compat,110,logits,1787658860246713156,1787658860283005441,36.291555000000002,2,2,2,,0
Node3,Cloud-RCS-FP32-Compat,round_02_position_2_Cloud-RCS-FP32-Compat,111,logits,1787658860283005951,1787658860318016211,35.00985,2,2,2,,0
Node3,Cloud-RCS-FP32-Compat,round_02_position_2_Cloud-RCS-FP32-Compat,112,logits,1787658860318017002,1787658860351936766,33.919623999999999,2,2,2,,0
Node3,Cloud-RCS-FP32-Compat,round_02_position_2_Cloud-RCS-FP32-Compat,113,logits,1787658860351937016,1787658860386278472,34.341186,2,2,2,,0
Node3,Cloud-RCS-FP32-Compat,round_02_position_2_Cloud-RCS-FP32-Compat,114,logits,1787658860386278822,1787658860423063833,36.784610000000001,2,2,2,,0
Node3,Cloud-RCS-FP32-Compat,round_02_position_2_Cloud-RCS-FP32-Compat,115,logits,1787658860423064333,1787658860457941846,34.876863,2,2,2,,0
Node3,Cloud-RCS-FP32-Compat,round_02_position_2_Cloud-RCS-FP32-Compat,116,logits,1787658860457942446,1787658860493448541,35.505704999999999,2,2,2,,0
Node3,Cloud-RCS-FP32-Compat,round_02_position_2_Cloud-RCS-FP32-Compat,117,logits,1787658860493449381,1787658860527826369,34.376458,2,2,2,,0
Node3,Cloud-RCS-FP32-Compat,round_02_position_2_Cloud-RCS-FP32-Compat,118,logits,1787658860527826879,1787658860561785735,33.958466000000001,2,2,2,,0
Node3,Cloud-RCS-FP32-Compat,round_02_position_2_Cloud-RCS-FP32-Compat,119,logits,1787658860561786235,1787658860595208864,33.422108999999999,2,2,2,,0
Node3,Cloud-RCS-FP32-Compat,round_02_position_2_Cloud-RCS-FP32-Compat,120,logits,1787658860595209254,1787658860628941249,33.731645,2,2,2,,0
Node3,Cloud-RCS-FP32-Compat,round_02_position_2_Cloud-RCS-FP32-Compat,121,logits,1787658860628941759,1787658860662238991,33.296751999999998,2,2,2,,0
Node3,Cloud-RCS-FP32-Compat,round_02_position_2_Cloud-RCS-FP32-Compat,122,logits,1787658860662239501,1787658860696702803,34.462541999999999,2,2,2,,0
Node3,Cloud-RCS-FP32-Compat,round_02_position_2_Cloud-RCS-FP32-Compat,123,logits,1787658860696703353,1787658860733144557,36.440652999999998,2,2,2,,0
Node3,Cloud-RCS-FP32-Compat,round_02_position_2_Cloud-RCS-FP32-Compat,124,logits,1787658860733145067,1787658860767641030,34.495452999999998,2,2,2,,0
Node3,Cloud-RCS-FP32-Compat,round_02_position_2_Cloud-RCS-FP32-Compat,125,logits,1787658860767641430,1787658860801886641,34.244810999999999,2,2,2,,0
Node3,Cloud-RCS-FP32-Compat,round_02_position_2_Cloud-RCS-FP32-Compat,126,logits,1787658860801887151,1787658860835937932,34.050350999999999,2,2,2,,0
Node3,Cloud-RCS-FP32-Compat,round_02_position_2_Cloud-RCS-FP32-Compat,127,logits,1787658860835938482,1787658860871369344,35.430452000000002,2,2,2,,0
Node3,Cloud-RCS-FP32-Compat,round_02_position_2_Cloud-RCS-FP32-Compat,128,logits,1787658860871369894,1787658860905828415,34.458131000000002,2,2,2,,0
Node3,Cloud-RCS-FP32-Compat,round_02_position_2_Cloud-RCS-FP32-Compat,129,logits,1787658860905828885,1787658860940514179,34.684834000000002,2,2,2,,0
Node3,Cloud-RCS-FP32-Compat,round_02_position_2_Cloud-RCS-FP32-Compat,130,logits,1787658860940514689,1787658860974672555,34.157595999999998,2,2,2,,0
Node3,Cloud-RCS-FP32-Compat,round_02_position_2_Cloud-RCS-FP32-Compat,131,logits,1787658860974673055,1787658861008836902,34.163477,2,2,2,,0
Node3,Cloud-RCS-FP32-Compat,round_02_position_2_Cloud-RCS-FP32-Compat,132,logits,1787658861008837402,1787658861042798698,33.961005999999998,2,2,2,,0
Node3,Cloud-RCS-FP32-Compat,round_02_position_2_Cloud-RCS-FP32-Compat,133,logits,1787658861042799199,1787658861076965765,34.166176,2,2,2,,0
Node3,Cloud-RCS-FP32-Compat,round_02_position_2_Cloud-RCS-FP32-Compat,134,logits,1787658861076966265,1787658861111100071,34.133535999999999,2,2,2,,0
Node3,Cloud-RCS-FP32-Compat,round_02_position_2_Cloud-RCS-FP32-Compat,135,logits,1787658861111100571,1787658861144714579,33.613717999999999,2,2,2,,0
Node3,Cloud-RCS-FP32-Compat,round_02_position_2_Cloud-RCS-FP32-Compat,136,logits,1787658861144715079,1787658861178292616,33.577196999999998,2,2,2,,0
Node3,Cloud-RCS-FP32-Compat,round_02_position_2_Cloud-RCS-FP32-Compat,137,logits,1787658861178293036,1787658861213124827,34.831510999999999,2,2,2,,0
Node3,Cloud-RCS-FP32-Compat,round_02_position_2_Cloud-RCS-FP32-Compat,138,logits,1787658861213125347,1787658861247144786,34.019168999999998,2,2,2,,0
Node3,Cloud-RCS-FP32-Compat,round_02_position_2_Cloud-RCS-FP32-Compat,139,logits,1787658861247145286,1787658861280917763,33.772207000000002,2,2,2,,0
Node3,Cloud-RCS-FP32-Compat,round_02_position_2_Cloud-RCS-FP32-Compat,140,logits,1787658861280918263,1787658861314688840,33.770246999999998,2,2,2,,0
Node3,Cloud-RCS-FP32-Compat,round_02_position_2_Cloud-RCS-FP32-Compat,141,logits,1787658861314689360,1787658861348350031,33.660321000000003,2,2,2,,0
Node3,Cloud-RCS-FP32-Compat,round_02_position_2_Cloud-RCS-FP32-Compat,142,logits,1787658861348350321,1787658861382356869,34.006157999999999,2,2,2,,0
Node3,Cloud-RCS-FP32-Compat,round_02_position_2_Cloud-RCS-FP32-Compat,143,logits,1787658861382357379,1787658861416376989,34.019469999999998,2,2,2,,0
Node3,Cloud-RCS-FP32-Compat,round_02_position_2_Cloud-RCS-FP32-Compat,144,logits,1787658861416377489,1787658861450606569,34.22869,2,2,2,,0
Node3,Cloud-RCS-FP32-Compat,round_02_position_2_Cloud-RCS-FP32-Compat,145,logits,1787658861450607079,1787658861485185297,34.577827999999997,2,2,2,,0
Node3,Cloud-RCS-FP32-Compat,round_02_position_2_Cloud-RCS-FP32-Compat,146,logits,1787658861485186037,1787658861520316463,35.130155999999999,2,2,2,,0
Node3,Cloud-RCS-FP32-Compat,round_02_position_2_Cloud-RCS-FP32-Compat,147,logits,1787658861520316853,1787658861553832597,33.515313999999996,2,2,2,,0
Node3,Cloud-RCS-FP32-Compat,round_02_position_2_Cloud-RCS-FP32-Compat,148,logits,1787658861553833117,1787658861587720970,33.887303000000003,2,2,2,,0
Node3,Cloud-RCS-FP32-Compat,round_02_position_2_Cloud-RCS-FP32-Compat,149,logits,1787658861587721480,1787658861621581711,33.859960999999998,2,2,2,,0
Node3,Cloud-RCS-FP32-Compat,round_02_position_2_Cloud-RCS-FP32-Compat,150,logits,1787658861621582221,1787658861655940217,34.357736000000003,2,2,2,,0
Node3,Cloud-RCS-FP32-Compat,round_02_position_2_Cloud-RCS-FP32-Compat,151,logits,1787658861655940457,1787658861699977509,44.036442000000001,2,2,2,,0
Node3,Cloud-RCS-FP32-Compat,round_02_position_2_Cloud-RCS-FP32-Compat,152,logits,1787658861699978009,1787658861737127448,37.149039000000002,2,2,2,,0
Node3,Cloud-RCS-FP32-Compat,round_02_position_2_Cloud-RCS-FP32-Compat,153,logits,1787658861737127958,1787658861774099179,36.970671000000003,2,2,2,,0
Node3,Cloud-RCS-FP32-Compat,round_02_position_2_Cloud-RCS-FP32-Compat,154,logits,1787658861774099699,1787658861809040255,34.940156000000002,2,2,2,,0
Node3,Cloud-RCS-FP32-Compat,round_02_position_2_Cloud-RCS-FP32-Compat,155,logits,1787658861809040765,1787658861843811943,34.770657999999997,2,2,2,,0
Node3,Cloud-RCS-FP32-Compat,round_02_position_2_Cloud-RCS-FP32-Compat,156,logits,1787658861843812643,1787658861878537389,34.724356,2,2,2,,0
Node3,Cloud-RCS-FP32-Compat,round_02_position_2_Cloud-RCS-FP32-Compat,157,logits,1787658861878537909,1787658861914161670,35.623181000000002,2,2,2,,0
Node3,Cloud-RCS-FP32-Compat,round_02_position_2_Cloud-RCS-FP32-Compat,158,logits,1787658861914162180,1787658861949998642,35.835832000000003,2,2,2,,0
Node3,Cloud-RCS-FP32-Compat,round_02_position_2_Cloud-RCS-FP32-Compat,159,logits,1787658861949999172,1787658861985268225,35.268662999999997,2,2,2,,0
Node3,Cloud-RCS-FP32-Compat,round_02_position_2_Cloud-RCS-FP32-Compat,160,logits,1787658861985268736,1787658862020056764,34.787618000000002,2,2,2,,0
Node3,Cloud-RCS-FP32-Compat,round_02_position_2_Cloud-RCS-FP32-Compat,161,logits,1787658862020057294,1787658862055054234,34.996420000000001,2,2,2,,0
Node3,Cloud-RCS-FP32-Compat,round_02_position_2_Cloud-RCS-FP32-Compat,162,logits,1787658862055054744,1787658862090055893,35.000298999999998,2,2,2,,0
Node3,Cloud-RCS-FP32-Compat,round_02_position_2_Cloud-RCS-FP32-Compat,163,logits,1787658862090056403,1787658862124601970,34.545037000000001,2,2,2,,0
Node3,Cloud-RCS-FP32-Compat,round_02_position_2_Cloud-RCS-FP32-Compat,164,logits,1787658862124602510,1787658862159690524,35.087614000000002,2,2,2,,0
Node3,Cloud-RCS-FP32-Compat,round_02_position_2_Cloud-RCS-FP32-Compat,165,logits,1787658862159690884,1787658862194052400,34.361235999999998,2,2,2,,0
Node3,Cloud-RCS-FP32-Compat,round_02_position_2_Cloud-RCS-FP32-Compat,166,logits,1787658862194053200,1787658862228555775,34.502184999999997,2,2,2,,0
Node3,Cloud-RCS-FP32-Compat,round_02_position_2_Cloud-RCS-FP32-Compat,167,logits,1787658862228556115,1787658862263410097,34.853512000000002,2,2,2,,0
Node3,Cloud-RCS-FP32-Compat,round_02_position_2_Cloud-RCS-FP32-Compat,168,logits,1787658862263410607,1787658862310627971,47.216804000000003,2,2,2,,0
Node3,Cloud-RCS-FP32-Compat,round_02_position_2_Cloud-RCS-FP32-Compat,169,logits,1787658862310628501,1787658862347420102,36.791071000000002,2,2,2,,0
Node3,Cloud-RCS-FP32-Compat,round_02_position_2_Cloud-RCS-FP32-Compat,170,logits,1787658862347420622,1787658862382801361,35.380158999999999,2,2,2,,0
Node3,Cloud-RCS-FP32-Compat,round_02_position_2_Cloud-RCS-FP32-Compat,171,logits,1787658862382802071,1787658862418683025,35.880544,2,2,2,,0
Node3,Cloud-RCS-FP32-Compat,round_02_position_2_Cloud-RCS-FP32-Compat,172,logits,1787658862418683546,1787658862453501916,34.817990000000002,2,2,2,,0
Node3,Cloud-RCS-FP32-Compat,round_02_position_2_Cloud-RCS-FP32-Compat,173,logits,1787658862453502416,1787658862488168218,34.665281999999998,2,2,2,,0
Node3,Cloud-RCS-FP32-Compat,round_02_position_2_Cloud-RCS-FP32-Compat,174,logits,1787658862488168728,1787658862522476383,34.307265000000001,2,2,2,,0
Node3,Cloud-RCS-FP32-Compat,round_02_position_2_Cloud-RCS-FP32-Compat,175,logits,1787658862522476883,1787658862557132854,34.655580999999998,2,2,2,,0
Node3,Cloud-RCS-FP32-Compat,round_02_position_2_Cloud-RCS-FP32-Compat,176,logits,1787658862557133214,1787658862591318182,34.184578000000002,2,2,2,,0
Node3,Cloud-RCS-FP32-Compat,round_02_position_2_Cloud-RCS-FP32-Compat,177,logits,1787658862591318893,1787658862625617806,34.298442999999999,2,2,2,,0
Node3,Cloud-RCS-FP32-Compat,round_02_position_2_Cloud-RCS-FP32-Compat,178,logits,1787658862625618316,1787658862659979223,34.360306999999999,2,2,2,,0
Node3,Cloud-RCS-FP32-Compat,round_02_position_2_Cloud-RCS-FP32-Compat,179,logits,1787658862659979723,1787658862694511479,34.531345999999999,2,2,2,,0
Node3,Cloud-RCS-FP32-Compat,round_02_position_2_Cloud-RCS-FP32-Compat,180,logits,1787658862694512189,1787658862731528911,37.016252000000001,2,2,2,,0
Node3,Cloud-RCS-FP32-Compat,round_02_position_2_Cloud-RCS-FP32-Compat,181,logits,1787658862731529421,1787658862766055216,34.525235000000002,2,2,2,,0
Node3,Cloud-RCS-FP32-Compat,round_02_position_2_Cloud-RCS-FP32-Compat,182,logits,1787658862766055726,1787658862811279499,45.223312999999997,2,2,2,,0
Node3,Cloud-RCS-FP32-Compat,round_02_position_2_Cloud-RCS-FP32-Compat,183,logits,1787658862811280199,1787658862848003147,36.722417,2,2,2,,0
Node3,Cloud-RCS-FP32-Compat,round_02_position_2_Cloud-RCS-FP32-Compat,184,logits,1787658862848003647,1787658862882163353,34.159225999999997,2,2,2,,0
Node3,Cloud-RCS-FP32-Compat,round_02_position_2_Cloud-RCS-FP32-Compat,185,logits,1787658862882163863,1787658862916652476,34.488103000000002,2,2,2,,0
Node3,Cloud-RCS-FP32-Compat,round_02_position_2_Cloud-RCS-FP32-Compat,186,logits,1787658862916652946,1787658862952858038,36.204692000000001,2,2,2,,0
Node3,Cloud-RCS-FP32-Compat,round_02_position_2_Cloud-RCS-FP32-Compat,187,logits,1787658862952858538,1787658862988635437,35.776508999999997,2,2,2,,0
Node3,Cloud-RCS-FP32-Compat,round_02_position_2_Cloud-RCS-FP32-Compat,188,logits,1787658862988635827,1787658863024442838,35.806621,2,2,2,,0
Node3,Cloud-RCS-FP32-Compat,round_02_position_2_Cloud-RCS-FP32-Compat,189,logits,1787658863024443088,1787658863059171683,34.728265,2,2,2,,0
Node3,Cloud-RCS-FP32-Compat,round_02_position_2_Cloud-RCS-FP32-Compat,190,logits,1787658863059172053,1787658863093337340,34.164876999999997,2,2,2,,0
Node3,Cloud-RCS-FP32-Compat,round_02_position_2_Cloud-RCS-FP32-Compat,191,logits,1787658863093338110,1787658863127716478,34.378197999999998,2,2,2,,0
Node3,Cloud-RCS-FP32-Compat,round_02_position_2_Cloud-RCS-FP32-Compat,192,logits,1787658863127716978,1787658863163172671,35.455173000000002,2,2,2,,0
Node3,Cloud-RCS-FP32-Compat,round_02_position_2_Cloud-RCS-FP32-Compat,193,logits,1787658863163173181,1787658863197604091,34.430660000000003,2,2,2,,0
Node3,Cloud-RCS-FP32-Compat,round_02_position_2_Cloud-RCS-FP32-Compat,194,logits,1787658863197604601,1787658863231782659,34.177798000000003,2,2,2,,0
Node3,Cloud-RCS-FP32-Compat,round_02_position_2_Cloud-RCS-FP32-Compat,195,logits,1787658863231783049,1787658863266730476,34.947037000000002,2,2,2,,0
Node3,Cloud-RCS-FP32-Compat,round_02_position_2_Cloud-RCS-FP32-Compat,196,logits,1787658863266730996,1787658863301159216,34.427810000000001,2,2,2,,0
Node3,Cloud-RCS-FP32-Compat,round_02_position_2_Cloud-RCS-FP32-Compat,197,logits,1787658863301159736,1787658863335276370,34.116104,2,2,2,,0
Node3,Cloud-RCS-FP32-Compat,round_02_position_2_Cloud-RCS-FP32-Compat,198,logits,1787658863335276780,1787658863369866899,34.589568999999997,2,2,2,,0
Node3,Cloud-RCS-FP32-Compat,round_02_position_2_Cloud-RCS-FP32-Compat,199,logits,1787658863369867399,1787658863404633787,34.765977999999997,2,2,2,,0
Node3,Cloud-RCS-FP16-Opt-v2,round_02_position_3_Cloud-RCS-FP16-Opt-v2,0,logits,1787658888709274907,1787658888741114655,31.839448000000001,2,2,2,,0
Node3,Cloud-RCS-FP16-Opt-v2,round_02_position_3_Cloud-RCS-FP16-Opt-v2,1,logits,1787658888741115175,1787658888773982756,32.867190999999998,2,2,2,,0
Node3,Cloud-RCS-FP16-Opt-v2,round_02_position_3_Cloud-RCS-FP16-Opt-v2,2,logits,1787658888773983146,1787658888805663086,31.679819999999999,2,2,2,,0
Node3,Cloud-RCS-FP16-Opt-v2,round_02_position_3_Cloud-RCS-FP16-Opt-v2,3,logits,1787658888805663346,1787658888837556657,31.892900999999998,2,2,2,,0
Node3,Cloud-RCS-FP16-Opt-v2,round_02_position_3_Cloud-RCS-FP16-Opt-v2,4,logits,1787658888837557167,1787658888871193557,33.63597,2,2,2,,0
Node3,Cloud-RCS-FP16-Opt-v2,round_02_position_3_Cloud-RCS-FP16-Opt-v2,5,logits,1787658888871194067,1787658888902418275,31.223817,2,2,2,,0
Node3,Cloud-RCS-FP16-Opt-v2,round_02_position_3_Cloud-RCS-FP16-Opt-v2,6,logits,1787658888902418815,1787658888934739808,32.320723000000001,2,2,2,,0
Node3,Cloud-RCS-FP16-Opt-v2,round_02_position_3_Cloud-RCS-FP16-Opt-v2,7,logits,1787658888934740328,1787658888966692442,31.951974,2,2,2,,0
Node3,Cloud-RCS-FP16-Opt-v2,round_02_position_3_Cloud-RCS-FP16-Opt-v2,8,logits,1787658888966692982,1787658888998083707,31.390454999999999,2,2,2,,0
Node3,Cloud-RCS-FP16-Opt-v2,round_02_position_3_Cloud-RCS-FP16-Opt-v2,9,logits,1787658888998084247,1787658889029314144,31.229627000000001,2,2,2,,0
Node3,Cloud-RCS-FP16-Opt-v2,round_02_position_3_Cloud-RCS-FP16-Opt-v2,10,logits,1787658889029314674,1787658889061695170,32.380235999999996,2,2,2,,0
Node3,Cloud-RCS-FP16-Opt-v2,round_02_position_3_Cloud-RCS-FP16-Opt-v2,11,logits,1787658889061695680,1787658889092765639,31.069429,2,2,2,,0
Node3,Cloud-RCS-FP16-Opt-v2,round_02_position_3_Cloud-RCS-FP16-Opt-v2,12,logits,1787658889092766129,1787658889124225428,31.458769,2,2,2,,0
Node3,Cloud-RCS-FP16-Opt-v2,round_02_position_3_Cloud-RCS-FP16-Opt-v2,13,logits,1787658889124225958,1787658889155919339,31.693131000000001,2,2,2,,0
Node3,Cloud-RCS-FP16-Opt-v2,round_02_position_3_Cloud-RCS-FP16-Opt-v2,14,logits,1787658889155919759,1787658889187032101,31.112212,2,2,2,,0
Node3,Cloud-RCS-FP16-Opt-v2,round_02_position_3_Cloud-RCS-FP16-Opt-v2,15,logits,1787658889187032621,1787658889217759632,30.726880999999999,2,2,2,,0
Node3,Cloud-RCS-FP16-Opt-v2,round_02_position_3_Cloud-RCS-FP16-Opt-v2,16,logits,1787658889217760152,1787658889249616311,31.855778999999998,2,2,2,,0
Node3,Cloud-RCS-FP16-Opt-v2,round_02_position_3_Cloud-RCS-FP16-Opt-v2,17,logits,1787658889249616871,1787658889280777345,31.160223999999999,2,2,2,,0
Node3,Cloud-RCS-FP16-Opt-v2,round_02_position_3_Cloud-RCS-FP16-Opt-v2,18,logits,1787658889280777875,1787658889312226243,31.448098000000002,2,2,2,,0
Node3,Cloud-RCS-FP16-Opt-v2,round_02_position_3_Cloud-RCS-FP16-Opt-v2,19,logits,1787658889312226783,1787658889342139983,29.912949999999999,2,2,2,,0
Node3,Cloud-RCS-FP16-Opt-v2,round_02_position_3_Cloud-RCS-FP16-Opt-v2,20,logits,1787658889342140363,1787658889380372048,38.231295000000003,2,2,2,,0
Node3,Cloud-RCS-FP16-Opt-v2,round_02_position_3_Cloud-RCS-FP16-Opt-v2,21,logits,1787658889380372558,1787658889414194798,33.821840000000002,2,2,2,,0
Node3,Cloud-RCS-FP16-Opt-v2,round_02_position_3_Cloud-RCS-FP16-Opt-v2,22,logits,1787658889414195338,1787658889446743093,32.547355000000003,2,2,2,,0
Node3,Cloud-RCS-FP16-Opt-v2,round_02_position_3_Cloud-RCS-FP16-Opt-v2,23,logits,1787658889446743663,1787658889478518018,31.773955000000001,2,2,2,,0
Node3,Cloud-RCS-FP16-Opt-v2,round_02_position_3_Cloud-RCS-FP16-Opt-v2,24,logits,1787658889478518538,1787658889520047872,41.528953999999999,2,2,2,,0
Node3,Cloud-RCS-FP16-Opt-v2,round_02_position_3_Cloud-RCS-FP16-Opt-v2,25,logits,1787658889520048382,1787658889551690150,31.641508000000002,2,2,2,,0
Node3,Cloud-RCS-FP16-Opt-v2,round_02_position_3_Cloud-RCS-FP16-Opt-v2,26,logits,1787658889551690670,1787658889583049474,31.358533999999999,2,2,2,,0
Node3,Cloud-RCS-FP16-Opt-v2,round_02_position_3_Cloud-RCS-FP16-Opt-v2,27,logits,1787658889583050024,1787658889614617449,31.567145,2,2,2,,0
Node3,Cloud-RCS-FP16-Opt-v2,round_02_position_3_Cloud-RCS-FP16-Opt-v2,28,logits,1787658889614617909,1787658889645576032,30.957573,2,2,2,,0
Node3,Cloud-RCS-FP16-Opt-v2,round_02_position_3_Cloud-RCS-FP16-Opt-v2,29,logits,1787658889645576562,1787658889677954918,32.377966000000001,2,2,2,,0
Node3,Cloud-RCS-FP16-Opt-v2,round_02_position_3_Cloud-RCS-FP16-Opt-v2,30,logits,1787658889677955448,1787658889708261348,30.305510000000002,2,2,2,,0
Node3,Cloud-RCS-FP16-Opt-v2,round_02_position_3_Cloud-RCS-FP16-Opt-v2,31,logits,1787658889708261918,1787658889740888977,32.626798999999998,2,2,2,,0
Node3,Cloud-RCS-FP16-Opt-v2,round_02_position_3_Cloud-RCS-FP16-Opt-v2,32,logits,1787658889740889477,1787658889772347445,31.457698000000001,2,2,2,,0
Node3,Cloud-RCS-FP16-Opt-v2,round_02_position_3_Cloud-RCS-FP16-Opt-v2,33,logits,1787658889772347966,1787658889803602924,31.254557999999999,2,2,2,,0
Node3,Cloud-RCS-FP16-Opt-v2,round_02_position_3_Cloud-RCS-FP16-Opt-v2,34,logits,1787658889803603444,1787658889835406931,31.803087000000001,2,2,2,,0
Node3,Cloud-RCS-FP16-Opt-v2,round_02_position_3_Cloud-RCS-FP16-Opt-v2,35,logits,1787658889835407451,1787658889867437949,32.030098000000002,2,2,2,,0
Node3,Cloud-RCS-FP16-Opt-v2,round_02_position_3_Cloud-RCS-FP16-Opt-v2,36,logits,1787658889867438459,1787658889899903849,32.464770000000001,2,2,2,,0
Node3,Cloud-RCS-FP16-Opt-v2,round_02_position_3_Cloud-RCS-FP16-Opt-v2,37,logits,1787658889899904419,1787658889932357589,32.4529,2,2,2,,0
Node3,Cloud-RCS-FP16-Opt-v2,round_02_position_3_Cloud-RCS-FP16-Opt-v2,38,logits,1787658889932358109,1787658889964662791,32.304431999999998,2,2,2,,0
Node3,Cloud-RCS-FP16-Opt-v2,round_02_position_3_Cloud-RCS-FP16-Opt-v2,39,logits,1787658889964663311,1787658889996813916,32.150215000000003,2,2,2,,0
Node3,Cloud-RCS-FP16-Opt-v2,round_02_position_3_Cloud-RCS-FP16-Opt-v2,40,logits,1787658889996814286,1787658890027575449,30.760793,2,2,2,,0
Node3,Cloud-RCS-FP16-Opt-v2,round_02_position_3_Cloud-RCS-FP16-Opt-v2,41,logits,1787658890027575829,1787658890059180955,31.604856000000002,2,2,2,,0
Node3,Cloud-RCS-FP16-Opt-v2,round_02_position_3_Cloud-RCS-FP16-Opt-v2,42,logits,1787658890059181455,1787658890090640244,31.458389,2,2,2,,0
Node3,Cloud-RCS-FP16-Opt-v2,round_02_position_3_Cloud-RCS-FP16-Opt-v2,43,logits,1787658890090640744,1787658890122102693,31.461669000000001,2,2,2,,0
Node3,Cloud-RCS-FP16-Opt-v2,round_02_position_3_Cloud-RCS-FP16-Opt-v2,44,logits,1787658890122103233,1787658890154978155,32.874662000000001,2,2,2,,0
Node3,Cloud-RCS-FP16-Opt-v2,round_02_position_3_Cloud-RCS-FP16-Opt-v2,45,logits,1787658890154978685,1787658890186806463,31.827287999999999,2,2,2,,0
Node3,Cloud-RCS-FP16-Opt-v2,round_02_position_3_Cloud-RCS-FP16-Opt-v2,46,logits,1787658890186806973,1787658890218788208,31.980824999999999,2,2,2,,0
Node3,Cloud-RCS-FP16-Opt-v2,round_02_position_3_Cloud-RCS-FP16-Opt-v2,47,logits,1787658890218788778,1787658890251775985,32.986806999999999,2,2,2,,0
Node3,Cloud-RCS-FP16-Opt-v2,round_02_position_3_Cloud-RCS-FP16-Opt-v2,48,logits,1787658890251776505,1787658890284156041,32.379136000000003,2,2,2,,0
Node3,Cloud-RCS-FP16-Opt-v2,round_02_position_3_Cloud-RCS-FP16-Opt-v2,49,logits,1787658890284156871,1787658890322088912,37.931030999999997,2,2,2,,0
Node3,Cloud-RCS-FP16-Opt-v2,round_02_position_3_Cloud-RCS-FP16-Opt-v2,50,logits,1787658890322090672,1787658890365425088,43.334015999999998,2,2,2,,0
Node3,Cloud-RCS-FP16-Opt-v2,round_02_position_3_Cloud-RCS-FP16-Opt-v2,51,logits,1787658890365425518,1787658890398836147,33.410069,2,2,2,,0
Node3,Cloud-RCS-FP16-Opt-v2,round_02_position_3_Cloud-RCS-FP16-Opt-v2,52,logits,1787658890398836797,1787658890432297758,33.460681000000001,2,2,2,,0
Node3,Cloud-RCS-FP16-Opt-v2,round_02_position_3_Cloud-RCS-FP16-Opt-v2,53,logits,1787658890432298298,1787658890466649515,34.350797,2,2,2,,0
Node3,Cloud-RCS-FP16-Opt-v2,round_02_position_3_Cloud-RCS-FP16-Opt-v2,54,logits,1787658890466649925,1787658890499330356,32.680031,2,2,2,,0
Node3,Cloud-RCS-FP16-Opt-v2,round_02_position_3_Cloud-RCS-FP16-Opt-v2,55,logits,1787658890499330866,1787658890537535710,38.204453999999998,2,2,2,,0
Node3,Cloud-RCS-FP16-Opt-v2,round_02_position_3_Cloud-RCS-FP16-Opt-v2,56,logits,1787658890537536220,1787658890573559403,36.022782999999997,2,2,2,,0
Node3,Cloud-RCS-FP16-Opt-v2,round_02_position_3_Cloud-RCS-FP16-Opt-v2,57,logits,1787658890573559923,1787658890608066048,34.505704000000001,2,2,2,,0
Node3,Cloud-RCS-FP16-Opt-v2,round_02_position_3_Cloud-RCS-FP16-Opt-v2,58,logits,1787658890608066778,1787658890640343748,32.27657,2,2,2,,0
Node3,Cloud-RCS-FP16-Opt-v2,round_02_position_3_Cloud-RCS-FP16-Opt-v2,59,logits,1787658890640344248,1787658890673766778,33.421999999999997,2,2,2,,0
Node3,Cloud-RCS-FP16-Opt-v2,round_02_position_3_Cloud-RCS-FP16-Opt-v2,60,logits,1787658890673767318,1787658890705690120,31.922552,2,2,2,,0
Node3,Cloud-RCS-FP16-Opt-v2,round_02_position_3_Cloud-RCS-FP16-Opt-v2,61,logits,1787658890705690640,1787658890737124078,31.433167999999998,2,2,2,,0
Node3,Cloud-RCS-FP16-Opt-v2,round_02_position_3_Cloud-RCS-FP16-Opt-v2,62,logits,1787658890737124608,1787658890767895032,30.770143999999998,2,2,2,,0
Node3,Cloud-RCS-FP16-Opt-v2,round_02_position_3_Cloud-RCS-FP16-Opt-v2,63,logits,1787658890767895532,1787658890799284077,31.388155000000001,2,2,2,,0
Node3,Cloud-RCS-FP16-Opt-v2,round_02_position_3_Cloud-RCS-FP16-Opt-v2,64,logits,1787658890799284467,1787658890831049132,31.764285000000001,2,2,2,,0
Node3,Cloud-RCS-FP16-Opt-v2,round_02_position_3_Cloud-RCS-FP16-Opt-v2,65,logits,1787658890831049662,1787658890862295970,31.246047999999998,2,2,2,,0
Node3,Cloud-RCS-FP16-Opt-v2,round_02_position_3_Cloud-RCS-FP16-Opt-v2,66,logits,1787658890862296550,1787658890892647312,30.350622000000001,2,2,2,,0
Node3,Cloud-RCS-FP16-Opt-v2,round_02_position_3_Cloud-RCS-FP16-Opt-v2,67,logits,1787658890892647712,1787658890926334465,33.686352999999997,2,2,2,,0
Node3,Cloud-RCS-FP16-Opt-v2,round_02_position_3_Cloud-RCS-FP16-Opt-v2,68,logits,1787658890926334995,1787658890959366654,33.031399,2,2,2,,0
Node3,Cloud-RCS-FP16-Opt-v2,round_02_position_3_Cloud-RCS-FP16-Opt-v2,69,logits,1787658890959367184,1787658890991168831,31.801237,2,2,2,,0
Node3,Cloud-RCS-FP16-Opt-v2,round_02_position_3_Cloud-RCS-FP16-Opt-v2,70,logits,1787658890991169111,1787658891021933335,30.763833999999999,2,2,2,,0
Node3,Cloud-RCS-FP16-Opt-v2,round_02_position_3_Cloud-RCS-FP16-Opt-v2,71,logits,1787658891021933725,1787658891053375163,31.441167,2,2,2,,0
Node3,Cloud-RCS-FP16-Opt-v2,round_02_position_3_Cloud-RCS-FP16-Opt-v2,72,logits,1787658891053375683,1787658891085298645,31.922681999999998,2,2,2,,0
Node3,Cloud-RCS-FP16-Opt-v2,round_02_position_3_Cloud-RCS-FP16-Opt-v2,73,logits,1787658891085299105,1787658891116176024,30.876649,2,2,2,,0
Node3,Cloud-RCS-FP16-Opt-v2,round_02_position_3_Cloud-RCS-FP16-Opt-v2,74,logits,1787658891116176544,1787658891147196501,31.019697000000001,2,2,2,,0
Node3,Cloud-RCS-FP16-Opt-v2,round_02_position_3_Cloud-RCS-FP16-Opt-v2,75,logits,1787658891147196871,1787658891178333933,31.136901999999999,2,2,2,,0
Node3,Cloud-RCS-FP16-Opt-v2,round_02_position_3_Cloud-RCS-FP16-Opt-v2,76,logits,1787658891178334313,1787658891210010103,31.675370000000001,2,2,2,,0
Node3,Cloud-RCS-FP16-Opt-v2,round_02_position_3_Cloud-RCS-FP16-Opt-v2,77,logits,1787658891210010544,1787658891241211039,31.200105000000001,2,2,2,,0
Node3,Cloud-RCS-FP16-Opt-v2,round_02_position_3_Cloud-RCS-FP16-Opt-v2,78,logits,1787658891241211539,1787658891272926131,31.714312,2,2,2,,0
Node3,Cloud-RCS-FP16-Opt-v2,round_02_position_3_Cloud-RCS-FP16-Opt-v2,79,logits,1787658891272926661,1787658891302802689,29.875868000000001,2,2,2,,0
Node3,Cloud-RCS-FP16-Opt-v2,round_02_position_3_Cloud-RCS-FP16-Opt-v2,80,logits,1787658891302803089,1787658891333854057,31.050818,2,2,2,,0
Node3,Cloud-RCS-FP16-Opt-v2,round_02_position_3_Cloud-RCS-FP16-Opt-v2,81,logits,1787658891333854307,1787658891365038412,31.183793999999999,2,2,2,,0
Node3,Cloud-RCS-FP16-Opt-v2,round_02_position_3_Cloud-RCS-FP16-Opt-v2,82,logits,1787658891365038912,1787658891395786765,30.747723000000001,2,2,2,,0
Node3,Cloud-RCS-FP16-Opt-v2,round_02_position_3_Cloud-RCS-FP16-Opt-v2,83,logits,1787658891395787275,1787658891426768099,30.980423999999999,2,2,2,,0
Node3,Cloud-RCS-FP16-Opt-v2,round_02_position_3_Cloud-RCS-FP16-Opt-v2,84,logits,1787658891426768479,1787658891458007207,31.238598,2,2,2,,0
Node3,Cloud-RCS-FP16-Opt-v2,round_02_position_3_Cloud-RCS-FP16-Opt-v2,85,logits,1787658891458007457,1787658891488442864,30.435286999999999,2,2,2,,0
Node3,Cloud-RCS-FP16-Opt-v2,round_02_position_3_Cloud-RCS-FP16-Opt-v2,86,logits,1787658891488443264,1787658891519331143,30.887748999999999,2,2,2,,0
Node3,Cloud-RCS-FP16-Opt-v2,round_02_position_3_Cloud-RCS-FP16-Opt-v2,87,logits,1787658891519331533,1787658891549980781,30.649107999999998,2,2,2,,0
Node3,Cloud-RCS-FP16-Opt-v2,round_02_position_3_Cloud-RCS-FP16-Opt-v2,88,logits,1787658891549981191,1787658891580772796,30.791474999999998,2,2,2,,0
Node3,Cloud-RCS-FP16-Opt-v2,round_02_position_3_Cloud-RCS-FP16-Opt-v2,89,logits,1787658891580773346,1787658891611273606,30.500119999999999,2,2,2,,0
Node3,Cloud-RCS-FP16-Opt-v2,round_02_position_3_Cloud-RCS-FP16-Opt-v2,90,logits,1787658891611274016,1787658891641274620,30.000343999999998,2,2,2,,0
Node3,Cloud-RCS-FP16-Opt-v2,round_02_position_3_Cloud-RCS-FP16-Opt-v2,91,logits,1787658891641275120,1787658891672178141,30.902891,2,2,2,,0
Node3,Cloud-RCS-FP16-Opt-v2,round_02_position_3_Cloud-RCS-FP16-Opt-v2,92,logits,1787658891672178651,1787658891702440739,30.261828000000001,2,2,2,,0
Node3,Cloud-RCS-FP16-Opt-v2,round_02_position_3_Cloud-RCS-FP16-Opt-v2,93,logits,1787658891702441119,1787658891733354790,30.913381000000001,2,2,2,,0
Node3,Cloud-RCS-FP16-Opt-v2,round_02_position_3_Cloud-RCS-FP16-Opt-v2,94,logits,1787658891733355300,1787658891763656699,30.301259000000002,2,2,2,,0
Node3,Cloud-RCS-FP16-Opt-v2,round_02_position_3_Cloud-RCS-FP16-Opt-v2,95,logits,1787658891763657079,1787658891794352819,30.695609999999999,2,2,2,,0
Node3,Cloud-RCS-FP16-Opt-v2,round_02_position_3_Cloud-RCS-FP16-Opt-v2,96,logits,1787658891794353180,1787658891824475770,30.122330000000002,2,2,2,,0
Node3,Cloud-RCS-FP16-Opt-v2,round_02_position_3_Cloud-RCS-FP16-Opt-v2,97,logits,1787658891824476300,1787658891857308569,32.832019000000003,2,2,2,,0
Node3,Cloud-RCS-FP16-Opt-v2,round_02_position_3_Cloud-RCS-FP16-Opt-v2,98,logits,1787658891857308959,1787658891888158257,30.849018000000001,2,2,2,,0
Node3,Cloud-RCS-FP16-Opt-v2,round_02_position_3_Cloud-RCS-FP16-Opt-v2,99,logits,1787658891888158927,1787658891918633995,30.474927999999998,2,2,2,,0
Node3,Cloud-RCS-FP16-Opt-v2,round_02_position_3_Cloud-RCS-FP16-Opt-v2,100,logits,1787658891918634245,1787658891949828611,31.193946,2,2,2,,0
Node3,Cloud-RCS-FP16-Opt-v2,round_02_position_3_Cloud-RCS-FP16-Opt-v2,101,logits,1787658891949829141,1787658891981901221,32.071350000000002,2,2,2,,0
Node3,Cloud-RCS-FP16-Opt-v2,round_02_position_3_Cloud-RCS-FP16-Opt-v2,102,logits,1787658891981901742,1787658892013103497,31.201495000000001,2,2,2,,0
Node3,Cloud-RCS-FP16-Opt-v2,round_02_position_3_Cloud-RCS-FP16-Opt-v2,103,logits,1787658892013103907,1787658892044514214,31.409917,2,2,2,,0
Node3,Cloud-RCS-FP16-Opt-v2,round_02_position_3_Cloud-RCS-FP16-Opt-v2,104,logits,1787658892044514724,1787658892076003494,31.488510000000002,2,2,2,,0
Node3,Cloud-RCS-FP16-Opt-v2,round_02_position_3_Cloud-RCS-FP16-Opt-v2,105,logits,1787658892076003994,1787658892106621830,30.617685999999999,2,2,2,,0
Node3,Cloud-RCS-FP16-Opt-v2,round_02_position_3_Cloud-RCS-FP16-Opt-v2,106,logits,1787658892106622670,1787658892138018456,31.395275999999999,2,2,2,,0
Node3,Cloud-RCS-FP16-Opt-v2,round_02_position_3_Cloud-RCS-FP16-Opt-v2,107,logits,1787658892138018846,1787658892169458884,31.439637999999999,2,2,2,,0
Node3,Cloud-RCS-FP16-Opt-v2,round_02_position_3_Cloud-RCS-FP16-Opt-v2,108,logits,1787658892169459394,1787658892201647680,32.187896000000002,2,2,2,,0
Node3,Cloud-RCS-FP16-Opt-v2,round_02_position_3_Cloud-RCS-FP16-Opt-v2,109,logits,1787658892201648270,1787658892234052597,32.403877000000001,2,2,2,,0
Node3,Cloud-RCS-FP16-Opt-v2,round_02_position_3_Cloud-RCS-FP16-Opt-v2,110,logits,1787658892234052977,1787658892266527879,32.474621999999997,2,2,2,,0
Node3,Cloud-RCS-FP16-Opt-v2,round_02_position_3_Cloud-RCS-FP16-Opt-v2,111,logits,1787658892266528389,1787658892297981027,31.452207999999999,2,2,2,,0
Node3,Cloud-RCS-FP16-Opt-v2,round_02_position_3_Cloud-RCS-FP16-Opt-v2,112,logits,1787658892297981527,1787658892330797526,32.815598999999999,2,2,2,,0
Node3,Cloud-RCS-FP16-Opt-v2,round_02_position_3_Cloud-RCS-FP16-Opt-v2,113,logits,1787658892330798046,1787658892363233055,32.434739,2,2,2,,0
Node3,Cloud-RCS-FP16-Opt-v2,round_02_position_3_Cloud-RCS-FP16-Opt-v2,114,logits,1787658892363233355,1787658892395580249,32.346494,2,2,2,,0
Node3,Cloud-RCS-FP16-Opt-v2,round_02_position_3_Cloud-RCS-FP16-Opt-v2,115,logits,1787658892395580769,1787658892427716882,32.135722999999999,2,2,2,,0
Node3,Cloud-RCS-FP16-Opt-v2,round_02_position_3_Cloud-RCS-FP16-Opt-v2,116,logits,1787658892427717642,1787658892459195703,31.477630999999999,2,2,2,,0
Node3,Cloud-RCS-FP16-Opt-v2,round_02_position_3_Cloud-RCS-FP16-Opt-v2,117,logits,1787658892459196093,1787658892490811630,31.615286999999999,2,2,2,,0
Node3,Cloud-RCS-FP16-Opt-v2,round_02_position_3_Cloud-RCS-FP16-Opt-v2,118,logits,1787658892490812030,1787658892522389285,31.576815,2,2,2,,0
Node3,Cloud-RCS-FP16-Opt-v2,round_02_position_3_Cloud-RCS-FP16-Opt-v2,119,logits,1787658892522389645,1787658892553371569,30.981534,2,2,2,,0
Node3,Cloud-RCS-FP16-Opt-v2,round_02_position_3_Cloud-RCS-FP16-Opt-v2,120,logits,1787658892553372109,1787658892585129583,31.757334,2,2,2,,0
Node3,Cloud-RCS-FP16-Opt-v2,round_02_position_3_Cloud-RCS-FP16-Opt-v2,121,logits,1787658892585129963,1787658892615962120,30.831766999999999,2,2,2,,0
Node3,Cloud-RCS-FP16-Opt-v2,round_02_position_3_Cloud-RCS-FP16-Opt-v2,122,logits,1787658892615962640,1787658892647094043,31.131283,2,2,2,,0
Node3,Cloud-RCS-FP16-Opt-v2,round_02_position_3_Cloud-RCS-FP16-Opt-v2,123,logits,1787658892647094553,1787658892678035685,30.940511999999998,2,2,2,,0
Node3,Cloud-RCS-FP16-Opt-v2,round_02_position_3_Cloud-RCS-FP16-Opt-v2,124,logits,1787658892678036195,1787658892710163238,32.126753000000001,2,2,2,,0
Node3,Cloud-RCS-FP16-Opt-v2,round_02_position_3_Cloud-RCS-FP16-Opt-v2,125,logits,1787658892710163618,1787658892741561474,31.397455999999998,2,2,2,,0
Node3,Cloud-RCS-FP16-Opt-v2,round_02_position_3_Cloud-RCS-FP16-Opt-v2,126,logits,1787658892741561864,1787658892773370991,31.808387,2,2,2,,0
Node3,Cloud-RCS-FP16-Opt-v2,round_02_position_3_Cloud-RCS-FP16-Opt-v2,127,logits,1787658892773371501,1787658892804369097,30.997285000000002,2,2,2,,0
Node3,Cloud-RCS-FP16-Opt-v2,round_02_position_3_Cloud-RCS-FP16-Opt-v2,128,logits,1787658892804369597,1787658892835600824,31.230506999999999,2,2,2,,0
Node3,Cloud-RCS-FP16-Opt-v2,round_02_position_3_Cloud-RCS-FP16-Opt-v2,129,logits,1787658892835601384,1787658892867701515,32.099741000000002,2,2,2,,0
Node3,Cloud-RCS-FP16-Opt-v2,round_02_position_3_Cloud-RCS-FP16-Opt-v2,130,logits,1787658892867701895,1787658892898330712,30.628686999999999,2,2,2,,0
Node3,Cloud-RCS-FP16-Opt-v2,round_02_position_3_Cloud-RCS-FP16-Opt-v2,131,logits,1787658892898331242,1787658892929720118,31.388486,2,2,2,,0
Node3,Cloud-RCS-FP16-Opt-v2,round_02_position_3_Cloud-RCS-FP16-Opt-v2,132,logits,1787658892929720618,1787658892960971556,31.250678000000001,2,2,2,,0
Node3,Cloud-RCS-FP16-Opt-v2,round_02_position_3_Cloud-RCS-FP16-Opt-v2,133,logits,1787658892960972116,1787658892993528101,32.555594999999997,2,2,2,,0
Node3,Cloud-RCS-FP16-Opt-v2,round_02_position_3_Cloud-RCS-FP16-Opt-v2,134,logits,1787658892993528641,1787658893026912328,33.383307000000002,2,2,2,,0
Node3,Cloud-RCS-FP16-Opt-v2,round_02_position_3_Cloud-RCS-FP16-Opt-v2,135,logits,1787658893026912848,1787658893057743785,30.830807,2,2,2,,0
Node3,Cloud-RCS-FP16-Opt-v2,round_02_position_3_Cloud-RCS-FP16-Opt-v2,136,logits,1787658893057744215,1787658893089217465,31.473120000000002,2,2,2,,0
Node3,Cloud-RCS-FP16-Opt-v2,round_02_position_3_Cloud-RCS-FP16-Opt-v2,137,logits,1787658893089217855,1787658893122686077,33.467821999999998,2,2,2,,0
Node3,Cloud-RCS-FP16-Opt-v2,round_02_position_3_Cloud-RCS-FP16-Opt-v2,138,logits,1787658893122686607,1787658893155298965,32.612088,2,2,2,,0
Node3,Cloud-RCS-FP16-Opt-v2,round_02_position_3_Cloud-RCS-FP16-Opt-v2,139,logits,1787658893155299595,1787658893187656130,32.356274999999997,2,2,2,,0
Node3,Cloud-RCS-FP16-Opt-v2,round_02_position_3_Cloud-RCS-FP16-Opt-v2,140,logits,1787658893187656640,1787658893219328219,31.671299000000001,2,2,2,,0
Node3,Cloud-RCS-FP16-Opt-v2,round_02_position_3_Cloud-RCS-FP16-Opt-v2,141,logits,1787658893219328729,1787658893251000250,31.671261000000001,2,2,2,,0
Node3,Cloud-RCS-FP16-Opt-v2,round_02_position_3_Cloud-RCS-FP16-Opt-v2,142,logits,1787658893251000780,1787658893283061049,32.059859000000003,2,2,2,,0
Node3,Cloud-RCS-FP16-Opt-v2,round_02_position_3_Cloud-RCS-FP16-Opt-v2,143,logits,1787658893283061429,1787658893315099088,32.037399000000001,2,2,2,,0
Node3,Cloud-RCS-FP16-Opt-v2,round_02_position_3_Cloud-RCS-FP16-Opt-v2,144,logits,1787658893315099598,1787658893347153637,32.053769000000003,2,2,2,,0
Node3,Cloud-RCS-FP16-Opt-v2,round_02_position_3_Cloud-RCS-FP16-Opt-v2,145,logits,1787658893347154237,1787658893381537536,34.383009000000001,2,2,2,,0
Node3,Cloud-RCS-FP16-Opt-v2,round_02_position_3_Cloud-RCS-FP16-Opt-v2,146,logits,1787658893381538136,1787658893413304141,31.765685000000001,2,2,2,,0
Node3,Cloud-RCS-FP16-Opt-v2,round_02_position_3_Cloud-RCS-FP16-Opt-v2,147,logits,1787658893413304521,1787658893445652915,32.348013999999999,2,2,2,,0
Node3,Cloud-RCS-FP16-Opt-v2,round_02_position_3_Cloud-RCS-FP16-Opt-v2,148,logits,1787658893445653425,1787658893477139566,31.485880999999999,2,2,2,,0
Node3,Cloud-RCS-FP16-Opt-v2,round_02_position_3_Cloud-RCS-FP16-Opt-v2,149,logits,1787658893477140086,1787658893508008324,30.867968000000001,2,2,2,,0
Node3,Cloud-RCS-FP16-Opt-v2,round_02_position_3_Cloud-RCS-FP16-Opt-v2,150,logits,1787658893508008714,1787658893540115496,32.106512000000002,2,2,2,,0
Node3,Cloud-RCS-FP16-Opt-v2,round_02_position_3_Cloud-RCS-FP16-Opt-v2,151,logits,1787658893540116036,1787658893572975507,32.859200999999999,2,2,2,,0
Node3,Cloud-RCS-FP16-Opt-v2,round_02_position_3_Cloud-RCS-FP16-Opt-v2,152,logits,1787658893572976017,1787658893604287878,31.311571000000001,2,2,2,,0
Node3,Cloud-RCS-FP16-Opt-v2,round_02_position_3_Cloud-RCS-FP16-Opt-v2,153,logits,1787658893604288469,1787658893635724597,31.435718000000001,2,2,2,,0
Node3,Cloud-RCS-FP16-Opt-v2,round_02_position_3_Cloud-RCS-FP16-Opt-v2,154,logits,1787658893635725547,1787658893667269520,31.543552999999999,2,2,2,,0
Node3,Cloud-RCS-FP16-Opt-v2,round_02_position_3_Cloud-RCS-FP16-Opt-v2,155,logits,1787658893667270020,1787658893698648865,31.378554999999999,2,2,2,,0
Node3,Cloud-RCS-FP16-Opt-v2,round_02_position_3_Cloud-RCS-FP16-Opt-v2,156,logits,1787658893698649255,1787658893731106845,32.457099999999997,2,2,2,,0
Node3,Cloud-RCS-FP16-Opt-v2,round_02_position_3_Cloud-RCS-FP16-Opt-v2,157,logits,1787658893731107355,1787658893765663522,34.555776999999999,2,2,2,,0
Node3,Cloud-RCS-FP16-Opt-v2,round_02_position_3_Cloud-RCS-FP16-Opt-v2,158,logits,1787658893765664022,1787658893798017227,32.352694999999997,2,2,2,,0
Node3,Cloud-RCS-FP16-Opt-v2,round_02_position_3_Cloud-RCS-FP16-Opt-v2,159,logits,1787658893798017737,1787658893829224193,31.206185999999999,2,2,2,,0
Node3,Cloud-RCS-FP16-Opt-v2,round_02_position_3_Cloud-RCS-FP16-Opt-v2,160,logits,1787658893829224563,1787658893860245370,31.020647,2,2,2,,0
Node3,Cloud-RCS-FP16-Opt-v2,round_02_position_3_Cloud-RCS-FP16-Opt-v2,161,logits,1787658893860245880,1787658893903239089,42.992679000000003,2,2,2,,0
Node3,Cloud-RCS-FP16-Opt-v2,round_02_position_3_Cloud-RCS-FP16-Opt-v2,162,logits,1787658893903239599,1787658893934804853,31.564983999999999,2,2,2,,0
Node3,Cloud-RCS-FP16-Opt-v2,round_02_position_3_Cloud-RCS-FP16-Opt-v2,163,logits,1787658893934805223,1787658893967496095,32.690472,2,2,2,,0
Node3,Cloud-RCS-FP16-Opt-v2,round_02_position_3_Cloud-RCS-FP16-Opt-v2,164,logits,1787658893967496355,1787658893999329663,31.833048000000002,2,2,2,,0
Node3,Cloud-RCS-FP16-Opt-v2,round_02_position_3_Cloud-RCS-FP16-Opt-v2,165,logits,1787658893999330263,1787658894030542329,31.211656000000001,2,2,2,,0
Node3,Cloud-RCS-FP16-Opt-v2,round_02_position_3_Cloud-RCS-FP16-Opt-v2,166,logits,1787658894030542840,1787658894064641224,34.097983999999997,2,2,2,,0
Node3,Cloud-RCS-FP16-Opt-v2,round_02_position_3_Cloud-RCS-FP16-Opt-v2,167,logits,1787658894064641894,1787658894096232919,31.590755000000001,2,2,2,,0
Node3,Cloud-RCS-FP16-Opt-v2,round_02_position_3_Cloud-RCS-FP16-Opt-v2,168,logits,1787658894096233449,1787658894127905259,31.67154,2,2,2,,0
Node3,Cloud-RCS-FP16-Opt-v2,round_02_position_3_Cloud-RCS-FP16-Opt-v2,169,logits,1787658894127905629,1787658894158976868,31.071099,2,2,2,,0
Node3,Cloud-RCS-FP16-Opt-v2,round_02_position_3_Cloud-RCS-FP16-Opt-v2,170,logits,1787658894158977279,1787658894190500281,31.522732000000001,2,2,2,,0
Node3,Cloud-RCS-FP16-Opt-v2,round_02_position_3_Cloud-RCS-FP16-Opt-v2,171,logits,1787658894190500811,1787658894222736470,32.235509,2,2,2,,0
Node3,Cloud-RCS-FP16-Opt-v2,round_02_position_3_Cloud-RCS-FP16-Opt-v2,172,logits,1787658894222737020,1787658894253905054,31.167244,2,2,2,,0
Node3,Cloud-RCS-FP16-Opt-v2,round_02_position_3_Cloud-RCS-FP16-Opt-v2,173,logits,1787658894253905644,1787658894288263191,34.357277000000003,2,2,2,,0
Node3,Cloud-RCS-FP16-Opt-v2,round_02_position_3_Cloud-RCS-FP16-Opt-v2,174,logits,1787658894288263711,1787658894319080507,30.816535999999999,2,2,2,,0
Node3,Cloud-RCS-FP16-Opt-v2,round_02_position_3_Cloud-RCS-FP16-Opt-v2,175,logits,1787658894319081047,1787658894351410211,32.328904000000001,2,2,2,,0
Node3,Cloud-RCS-FP16-Opt-v2,round_02_position_3_Cloud-RCS-FP16-Opt-v2,176,logits,1787658894351411041,1787658894382023317,30.612016000000001,2,2,2,,0
Node3,Cloud-RCS-FP16-Opt-v2,round_02_position_3_Cloud-RCS-FP16-Opt-v2,177,logits,1787658894382023717,1787658894413662875,31.639018,2,2,2,,0
Node3,Cloud-RCS-FP16-Opt-v2,round_02_position_3_Cloud-RCS-FP16-Opt-v2,178,logits,1787658894413663125,1787658894444734194,31.070929,2,2,2,,0
Node3,Cloud-RCS-FP16-Opt-v2,round_02_position_3_Cloud-RCS-FP16-Opt-v2,179,logits,1787658894444734614,1787658894474840804,30.106059999999999,2,2,2,,0
Node3,Cloud-RCS-FP16-Opt-v2,round_02_position_3_Cloud-RCS-FP16-Opt-v2,180,logits,1787658894474841304,1787658894505950075,31.108630999999999,2,2,2,,0
Node3,Cloud-RCS-FP16-Opt-v2,round_02_position_3_Cloud-RCS-FP16-Opt-v2,181,logits,1787658894505950625,1787658894536877437,30.926411999999999,2,2,2,,0
Node3,Cloud-RCS-FP16-Opt-v2,round_02_position_3_Cloud-RCS-FP16-Opt-v2,182,logits,1787658894536877987,1787658894570396781,33.518343999999999,2,2,2,,0
Node3,Cloud-RCS-FP16-Opt-v2,round_02_position_3_Cloud-RCS-FP16-Opt-v2,183,logits,1787658894570397381,1787658894602855901,32.45825,2,2,2,,0
Node3,Cloud-RCS-FP16-Opt-v2,round_02_position_3_Cloud-RCS-FP16-Opt-v2,184,logits,1787658894602856421,1787658894634080098,31.223427000000001,2,2,2,,0
Node3,Cloud-RCS-FP16-Opt-v2,round_02_position_3_Cloud-RCS-FP16-Opt-v2,185,logits,1787658894634080628,1787658894665715076,31.634288000000002,2,2,2,,0
Node3,Cloud-RCS-FP16-Opt-v2,round_02_position_3_Cloud-RCS-FP16-Opt-v2,186,logits,1787658894665715596,1787658894696396435,30.680568999999998,2,2,2,,0
Node3,Cloud-RCS-FP16-Opt-v2,round_02_position_3_Cloud-RCS-FP16-Opt-v2,187,logits,1787658894696396815,1787658894727680976,31.283771000000002,2,2,2,,0
Node3,Cloud-RCS-FP16-Opt-v2,round_02_position_3_Cloud-RCS-FP16-Opt-v2,188,logits,1787658894727681496,1787658894758403477,30.721710999999999,2,2,2,,0
Node3,Cloud-RCS-FP16-Opt-v2,round_02_position_3_Cloud-RCS-FP16-Opt-v2,189,logits,1787658894758403857,1787658894790170971,31.766454,2,2,2,,0
Node3,Cloud-RCS-FP16-Opt-v2,round_02_position_3_Cloud-RCS-FP16-Opt-v2,190,logits,1787658894790171481,1787658894821981679,31.809947999999999,2,2,2,,0
Node3,Cloud-RCS-FP16-Opt-v2,round_02_position_3_Cloud-RCS-FP16-Opt-v2,191,logits,1787658894821982059,1787658894852917171,30.934971999999998,2,2,2,,0
Node3,Cloud-RCS-FP16-Opt-v2,round_02_position_3_Cloud-RCS-FP16-Opt-v2,192,logits,1787658894852917561,1787658894883988350,31.070658999999999,2,2,2,,0
Node3,Cloud-RCS-FP16-Opt-v2,round_02_position_3_Cloud-RCS-FP16-Opt-v2,193,logits,1787658894883988760,1787658894916149485,32.160454999999999,2,2,2,,0
Node3,Cloud-RCS-FP16-Opt-v2,round_02_position_3_Cloud-RCS-FP16-Opt-v2,194,logits,1787658894916149995,1787658894946948340,30.798034999999999,2,2,2,,0
Node3,Cloud-RCS-FP16-Opt-v2,round_02_position_3_Cloud-RCS-FP16-Opt-v2,195,logits,1787658894946948840,1787658894977815369,30.866399000000001,2,2,2,,0
Node3,Cloud-RCS-FP16-Opt-v2,round_02_position_3_Cloud-RCS-FP16-Opt-v2,196,logits,1787658894977815899,1787658895023277654,45.461325000000002,2,2,2,,0
Node3,Cloud-RCS-FP16-Opt-v2,round_02_position_3_Cloud-RCS-FP16-Opt-v2,197,logits,1787658895023278174,1787658895056325594,33.047029999999999,2,2,2,,0
Node3,Cloud-RCS-FP16-Opt-v2,round_02_position_3_Cloud-RCS-FP16-Opt-v2,198,logits,1787658895056326194,1787658895091253811,34.927207000000003,2,2,2,,0
Node3,Cloud-RCS-FP16-Opt-v2,round_02_position_3_Cloud-RCS-FP16-Opt-v2,199,logits,1787658895091254351,1787658895124196846,32.942214999999997,2,2,2,,0
Node3,Cloud-RCS-FP16-Opt-v2,round_03_position_1_Cloud-RCS-FP16-Opt-v2,0,logits,1787658921011845471,1787658921041748341,29.902419999999999,2,2,2,,0
Node3,Cloud-RCS-FP16-Opt-v2,round_03_position_1_Cloud-RCS-FP16-Opt-v2,1,logits,1787658921041748731,1787658921071577397,29.828275999999999,2,2,2,,0
Node3,Cloud-RCS-FP16-Opt-v2,round_03_position_1_Cloud-RCS-FP16-Opt-v2,2,logits,1787658921071577647,1787658921101455336,29.877279000000001,2,2,2,,0
Node3,Cloud-RCS-FP16-Opt-v2,round_03_position_1_Cloud-RCS-FP16-Opt-v2,3,logits,1787658921101455866,1787658921133242372,31.786106,2,2,2,,0
Node3,Cloud-RCS-FP16-Opt-v2,round_03_position_1_Cloud-RCS-FP16-Opt-v2,4,logits,1787658921133242922,1787658921164147783,30.904461000000001,2,2,2,,0
Node3,Cloud-RCS-FP16-Opt-v2,round_03_position_1_Cloud-RCS-FP16-Opt-v2,5,logits,1787658921164148333,1787658921203898856,39.750132999999998,2,2,2,,0
Node3,Cloud-RCS-FP16-Opt-v2,round_03_position_1_Cloud-RCS-FP16-Opt-v2,6,logits,1787658921203899416,1787658921234846930,30.947113999999999,2,2,2,,0
Node3,Cloud-RCS-FP16-Opt-v2,round_03_position_1_Cloud-RCS-FP16-Opt-v2,7,logits,1787658921234847360,1787658921264877176,30.029416000000001,2,2,2,,0
Node3,Cloud-RCS-FP16-Opt-v2,round_03_position_1_Cloud-RCS-FP16-Opt-v2,8,logits,1787658921264877606,1787658921295224638,30.346622,2,2,2,,0
Node3,Cloud-RCS-FP16-Opt-v2,round_03_position_1_Cloud-RCS-FP16-Opt-v2,9,logits,1787658921295224939,1787658921325597552,30.372233000000001,2,2,2,,0
Node3,Cloud-RCS-FP16-Opt-v2,round_03_position_1_Cloud-RCS-FP16-Opt-v2,10,logits,1787658921325597952,1787658921355774676,30.175993999999999,2,2,2,,0
Node3,Cloud-RCS-FP16-Opt-v2,round_03_position_1_Cloud-RCS-FP16-Opt-v2,11,logits,1787658921355775246,1787658921385750870,29.975224000000001,2,2,2,,0
Node3,Cloud-RCS-FP16-Opt-v2,round_03_position_1_Cloud-RCS-FP16-Opt-v2,12,logits,1787658921385751380,1787658921415586996,29.835205999999999,2,2,2,,0
Node3,Cloud-RCS-FP16-Opt-v2,round_03_position_1_Cloud-RCS-FP16-Opt-v2,13,logits,1787658921415587276,1787658921446272826,30.68515,2,2,2,,0
Node3,Cloud-RCS-FP16-Opt-v2,round_03_position_1_Cloud-RCS-FP16-Opt-v2,14,logits,1787658921446273386,1787658921477395829,31.122043000000001,2,2,2,,0
Node3,Cloud-RCS-FP16-Opt-v2,round_03_position_1_Cloud-RCS-FP16-Opt-v2,15,logits,1787658921477396089,1787658921508075158,30.678659,2,2,2,,0
Node3,Cloud-RCS-FP16-Opt-v2,round_03_position_1_Cloud-RCS-FP16-Opt-v2,16,logits,1787658921508075698,1787658921537676832,29.600733999999999,2,2,2,,0
Node3,Cloud-RCS-FP16-Opt-v2,round_03_position_1_Cloud-RCS-FP16-Opt-v2,17,logits,1787658921537677222,1787658921567791603,30.113980999999999,2,2,2,,0
Node3,Cloud-RCS-FP16-Opt-v2,round_03_position_1_Cloud-RCS-FP16-Opt-v2,18,logits,1787658921567791993,1787658921598322815,30.530422000000002,2,2,2,,0
Node3,Cloud-RCS-FP16-Opt-v2,round_03_position_1_Cloud-RCS-FP16-Opt-v2,19,logits,1787658921598323225,1787658921627972831,29.649215999999999,2,2,2,,0
Node3,Cloud-RCS-FP16-Opt-v2,round_03_position_1_Cloud-RCS-FP16-Opt-v2,20,logits,1787658921627973101,1787658921658390037,30.416546,2,2,2,,0
Node3,Cloud-RCS-FP16-Opt-v2,round_03_position_1_Cloud-RCS-FP16-Opt-v2,21,logits,1787658921658390297,1787658921688113258,29.722581000000002,2,2,2,,0
Node3,Cloud-RCS-FP16-Opt-v2,round_03_position_1_Cloud-RCS-FP16-Opt-v2,22,logits,1787658921688113798,1787658921719172177,31.057969,2,2,2,,0
Node3,Cloud-RCS-FP16-Opt-v2,round_03_position_1_Cloud-RCS-FP16-Opt-v2,23,logits,1787658921719172677,1787658921748881367,29.708300000000001,2,2,2,,0
Node3,Cloud-RCS-FP16-Opt-v2,round_03_position_1_Cloud-RCS-FP16-Opt-v2,24,logits,1787658921748881627,1787658921779016899,30.134851000000001,2,2,2,,0
Node3,Cloud-RCS-FP16-Opt-v2,round_03_position_1_Cloud-RCS-FP16-Opt-v2,25,logits,1787658921779017409,1787658921809608344,30.590644999999999,2,2,2,,0
Node3,Cloud-RCS-FP16-Opt-v2,round_03_position_1_Cloud-RCS-FP16-Opt-v2,26,logits,1787658921809608604,1787658921840470042,30.861058,2,2,2,,0
Node3,Cloud-RCS-FP16-Opt-v2,round_03_position_1_Cloud-RCS-FP16-Opt-v2,27,logits,1787658921840470312,1787658921870686768,30.216066000000001,2,2,2,,0
Node3,Cloud-RCS-FP16-Opt-v2,round_03_position_1_Cloud-RCS-FP16-Opt-v2,28,logits,1787658921870687038,1787658921901158877,30.471429000000001,2,2,2,,0
Node3,Cloud-RCS-FP16-Opt-v2,round_03_position_1_Cloud-RCS-FP16-Opt-v2,29,logits,1787658921901159137,1787658921932021256,30.861848999999999,2,2,2,,0
Node3,Cloud-RCS-FP16-Opt-v2,round_03_position_1_Cloud-RCS-FP16-Opt-v2,30,logits,1787658921932021516,1787658921962803571,30.781665,2,2,2,,0
Node3,Cloud-RCS-FP16-Opt-v2,round_03_position_1_Cloud-RCS-FP16-Opt-v2,31,logits,1787658921962803981,1787658921992979485,30.175104000000001,2,2,2,,0
Node3,Cloud-RCS-FP16-Opt-v2,round_03_position_1_Cloud-RCS-FP16-Opt-v2,32,logits,1787658921992979985,1787658922022977660,29.997285000000002,2,2,2,,0
Node3,Cloud-RCS-FP16-Opt-v2,round_03_position_1_Cloud-RCS-FP16-Opt-v2,33,logits,1787658922022977930,1787658922053123482,30.145161999999999,2,2,2,,0
Node3,Cloud-RCS-FP16-Opt-v2,round_03_position_1_Cloud-RCS-FP16-Opt-v2,34,logits,1787658922053123872,1787658922083744739,30.620487000000001,2,2,2,,0
Node3,Cloud-RCS-FP16-Opt-v2,round_03_position_1_Cloud-RCS-FP16-Opt-v2,35,logits,1787658922083745089,1787658922114873851,31.128492000000001,2,2,2,,0
Node3,Cloud-RCS-FP16-Opt-v2,round_03_position_1_Cloud-RCS-FP16-Opt-v2,36,logits,1787658922114874401,1787658922144420723,29.545922000000001,2,2,2,,0
Node3,Cloud-RCS-FP16-Opt-v2,round_03_position_1_Cloud-RCS-FP16-Opt-v2,37,logits,1787658922144421113,1787658922178047413,33.62565,2,2,2,,0
Node3,Cloud-RCS-FP16-Opt-v2,round_03_position_1_Cloud-RCS-FP16-Opt-v2,38,logits,1787658922178047953,1787658922218926684,40.878321,2,2,2,,0
Node3,Cloud-RCS-FP16-Opt-v2,round_03_position_1_Cloud-RCS-FP16-Opt-v2,39,logits,1787658922218927244,1787658922250369873,31.442219000000001,2,2,2,,0
Node3,Cloud-RCS-FP16-Opt-v2,round_03_position_1_Cloud-RCS-FP16-Opt-v2,40,logits,1787658922250370263,1787658922280927246,30.556573,2,2,2,,0
Node3,Cloud-RCS-FP16-Opt-v2,round_03_position_1_Cloud-RCS-FP16-Opt-v2,41,logits,1787658922280927506,1787658922312708292,31.780396,2,2,2,,0
Node3,Cloud-RCS-FP16-Opt-v2,round_03_position_1_Cloud-RCS-FP16-Opt-v2,42,logits,1787658922312708702,1787658922345728291,33.019179000000001,2,2,2,,0
Node3,Cloud-RCS-FP16-Opt-v2,round_03_position_1_Cloud-RCS-FP16-Opt-v2,43,logits,1787658922345728911,1787658922378466566,32.737045000000002,2,2,2,,0
Node3,Cloud-RCS-FP16-Opt-v2,round_03_position_1_Cloud-RCS-FP16-Opt-v2,44,logits,1787658922378467116,1787658922412032184,33.564667999999998,2,2,2,,0
Node3,Cloud-RCS-FP16-Opt-v2,round_03_position_1_Cloud-RCS-FP16-Opt-v2,45,logits,1787658922412032654,1787658922443872713,31.839649000000001,2,2,2,,0
Node3,Cloud-RCS-FP16-Opt-v2,round_03_position_1_Cloud-RCS-FP16-Opt-v2,46,logits,1787658922443873113,1787658922475394745,31.521252,2,2,2,,0
Node3,Cloud-RCS-FP16-Opt-v2,round_03_position_1_Cloud-RCS-FP16-Opt-v2,47,logits,1787658922475395165,1787658922509000425,33.604860000000002,2,2,2,,0
Node3,Cloud-RCS-FP16-Opt-v2,round_03_position_1_Cloud-RCS-FP16-Opt-v2,48,logits,1787658922509000945,1787658922539561968,30.560623,2,2,2,,0
Node3,Cloud-RCS-FP16-Opt-v2,round_03_position_1_Cloud-RCS-FP16-Opt-v2,49,logits,1787658922539562248,1787658922570469429,30.906760999999999,2,2,2,,0
Node3,Cloud-RCS-FP16-Opt-v2,round_03_position_1_Cloud-RCS-FP16-Opt-v2,50,logits,1787658922570469829,1787658922600967550,30.497330999999999,2,2,2,,0
Node3,Cloud-RCS-FP16-Opt-v2,round_03_position_1_Cloud-RCS-FP16-Opt-v2,51,logits,1787658922600967950,1787658922631622758,30.654398,2,2,2,,0
Node3,Cloud-RCS-FP16-Opt-v2,round_03_position_1_Cloud-RCS-FP16-Opt-v2,52,logits,1787658922631623178,1787658922661649534,30.025956000000001,2,2,2,,0
Node3,Cloud-RCS-FP16-Opt-v2,round_03_position_1_Cloud-RCS-FP16-Opt-v2,53,logits,1787658922661649924,1787658922691868720,30.218416000000001,2,2,2,,0
Node3,Cloud-RCS-FP16-Opt-v2,round_03_position_1_Cloud-RCS-FP16-Opt-v2,54,logits,1787658922691869210,1787658922723464616,31.595136,2,2,2,,0
Node3,Cloud-RCS-FP16-Opt-v2,round_03_position_1_Cloud-RCS-FP16-Opt-v2,55,logits,1787658922723465116,1787658922753465231,29.999684999999999,2,2,2,,0
Node3,Cloud-RCS-FP16-Opt-v2,round_03_position_1_Cloud-RCS-FP16-Opt-v2,56,logits,1787658922753465611,1787658922784124670,30.658669,2,2,2,,0
Node3,Cloud-RCS-FP16-Opt-v2,round_03_position_1_Cloud-RCS-FP16-Opt-v2,57,logits,1787658922784125060,1787658922815186389,31.061059,2,2,2,,0
Node3,Cloud-RCS-FP16-Opt-v2,round_03_position_1_Cloud-RCS-FP16-Opt-v2,58,logits,1787658922815186779,1787658922845953373,30.766193999999999,2,2,2,,0
Node3,Cloud-RCS-FP16-Opt-v2,round_03_position_1_Cloud-RCS-FP16-Opt-v2,59,logits,1787658922845953603,1787658922876468474,30.514161000000001,2,2,2,,0
Node3,Cloud-RCS-FP16-Opt-v2,round_03_position_1_Cloud-RCS-FP16-Opt-v2,60,logits,1787658922876468734,1787658922906799716,30.330572,2,2,2,,0
Node3,Cloud-RCS-FP16-Opt-v2,round_03_position_1_Cloud-RCS-FP16-Opt-v2,61,logits,1787658922906799996,1787658922937863835,31.063579000000001,2,2,2,,0
Node3,Cloud-RCS-FP16-Opt-v2,round_03_position_1_Cloud-RCS-FP16-Opt-v2,62,logits,1787658922937864105,1787658922969231290,31.366804999999999,2,2,2,,0
Node3,Cloud-RCS-FP16-Opt-v2,round_03_position_1_Cloud-RCS-FP16-Opt-v2,63,logits,1787658922969231740,1787658922999178702,29.946562,2,2,2,,0
Node3,Cloud-RCS-FP16-Opt-v2,round_03_position_1_Cloud-RCS-FP16-Opt-v2,64,logits,1787658922999179092,1787658923029530805,30.351433,2,2,2,,0
Node3,Cloud-RCS-FP16-Opt-v2,round_03_position_1_Cloud-RCS-FP16-Opt-v2,65,logits,1787658923029531205,1787658923059931030,30.399284999999999,2,2,2,,0
Node3,Cloud-RCS-FP16-Opt-v2,round_03_position_1_Cloud-RCS-FP16-Opt-v2,66,logits,1787658923059931270,1787658923090293233,30.361553000000001,2,2,2,,0
Node3,Cloud-RCS-FP16-Opt-v2,round_03_position_1_Cloud-RCS-FP16-Opt-v2,67,logits,1787658923090293663,1787658923122437918,32.143794999999997,2,2,2,,0
Node3,Cloud-RCS-FP16-Opt-v2,round_03_position_1_Cloud-RCS-FP16-Opt-v2,68,logits,1787658923122438588,1787658923153099357,30.660349,2,2,2,,0
Node3,Cloud-RCS-FP16-Opt-v2,round_03_position_1_Cloud-RCS-FP16-Opt-v2,69,logits,1787658923153099907,1787658923183480091,30.379794,2,2,2,,0
Node3,Cloud-RCS-FP16-Opt-v2,round_03_position_1_Cloud-RCS-FP16-Opt-v2,70,logits,1787658923183480521,1787658923217392516,33.911544999999997,2,2,2,,0
Node3,Cloud-RCS-FP16-Opt-v2,round_03_position_1_Cloud-RCS-FP16-Opt-v2,71,logits,1787658923217393086,1787658923249424325,32.030808999999998,2,2,2,,0
Node3,Cloud-RCS-FP16-Opt-v2,round_03_position_1_Cloud-RCS-FP16-Opt-v2,72,logits,1787658923249424725,1787658923292597963,43.172987999999997,2,2,2,,0
Node3,Cloud-RCS-FP16-Opt-v2,round_03_position_1_Cloud-RCS-FP16-Opt-v2,73,logits,1787658923292598503,1787658923328689580,36.090667000000003,2,2,2,,0
Node3,Cloud-RCS-FP16-Opt-v2,round_03_position_1_Cloud-RCS-FP16-Opt-v2,74,logits,1787658923328690120,1787658923360674926,31.984286000000001,2,2,2,,0
Node3,Cloud-RCS-FP16-Opt-v2,round_03_position_1_Cloud-RCS-FP16-Opt-v2,75,logits,1787658923360675476,1787658923391648861,30.972625000000001,2,2,2,,0
Node3,Cloud-RCS-FP16-Opt-v2,round_03_position_1_Cloud-RCS-FP16-Opt-v2,76,logits,1787658923391649411,1787658923422300749,30.650938,2,2,2,,0
Node3,Cloud-RCS-FP16-Opt-v2,round_03_position_1_Cloud-RCS-FP16-Opt-v2,77,logits,1787658923422301009,1787658923452968418,30.667009,2,2,2,,0
Node3,Cloud-RCS-FP16-Opt-v2,round_03_position_1_Cloud-RCS-FP16-Opt-v2,78,logits,1787658923452968968,1787658923484837828,31.868469999999999,2,2,2,,0
Node3,Cloud-RCS-FP16-Opt-v2,round_03_position_1_Cloud-RCS-FP16-Opt-v2,79,logits,1787658923484838378,1787658923518047917,33.209009000000002,2,2,2,,0
Node3,Cloud-RCS-FP16-Opt-v2,round_03_position_1_Cloud-RCS-FP16-Opt-v2,80,logits,1787658923518048467,1787658923550576372,32.527504999999998,2,2,2,,0
Node3,Cloud-RCS-FP16-Opt-v2,round_03_position_1_Cloud-RCS-FP16-Opt-v2,81,logits,1787658923550576752,1787658923581896514,31.319362000000002,2,2,2,,0
Node3,Cloud-RCS-FP16-Opt-v2,round_03_position_1_Cloud-RCS-FP16-Opt-v2,82,logits,1787658923581896944,1787658923613451558,31.554264,2,2,2,,0
Node3,Cloud-RCS-FP16-Opt-v2,round_03_position_1_Cloud-RCS-FP16-Opt-v2,83,logits,1787658923613451958,1787658923644690627,31.238378999999998,2,2,2,,0
Node3,Cloud-RCS-FP16-Opt-v2,round_03_position_1_Cloud-RCS-FP16-Opt-v2,84,logits,1787658923644691057,1787658923675938105,31.246327999999998,2,2,2,,0
Node3,Cloud-RCS-FP16-Opt-v2,round_03_position_1_Cloud-RCS-FP16-Opt-v2,85,logits,1787658923675938685,1787658923705966781,30.027695999999999,2,2,2,,0
Node3,Cloud-RCS-FP16-Opt-v2,round_03_position_1_Cloud-RCS-FP16-Opt-v2,86,logits,1787658923705967201,1787658923736741836,30.774374999999999,2,2,2,,0
Node3,Cloud-RCS-FP16-Opt-v2,round_03_position_1_Cloud-RCS-FP16-Opt-v2,87,logits,1787658923736742196,1787658923767742442,30.999835999999998,2,2,2,,0
Node3,Cloud-RCS-FP16-Opt-v2,round_03_position_1_Cloud-RCS-FP16-Opt-v2,88,logits,1787658923767742842,1787658923798313146,30.569914000000001,2,2,2,,0
Node3,Cloud-RCS-FP16-Opt-v2,round_03_position_1_Cloud-RCS-FP16-Opt-v2,89,logits,1787658923798313416,1787658923829584266,31.27045,2,2,2,,0
Node3,Cloud-RCS-FP16-Opt-v2,round_03_position_1_Cloud-RCS-FP16-Opt-v2,90,logits,1787658923829584686,1787658923862255207,32.669981,2,2,2,,0
Node3,Cloud-RCS-FP16-Opt-v2,round_03_position_1_Cloud-RCS-FP16-Opt-v2,91,logits,1787658923862255617,1787658923894359399,32.103382000000003,2,2,2,,0
Node3,Cloud-RCS-FP16-Opt-v2,round_03_position_1_Cloud-RCS-FP16-Opt-v2,92,logits,1787658923894359930,1787658923926146936,31.786625999999998,2,2,2,,0
Node3,Cloud-RCS-FP16-Opt-v2,round_03_position_1_Cloud-RCS-FP16-Opt-v2,93,logits,1787658923926147296,1787658923956996684,30.849128,2,2,2,,0
Node3,Cloud-RCS-FP16-Opt-v2,round_03_position_1_Cloud-RCS-FP16-Opt-v2,94,logits,1787658923956997074,1787658923988095085,31.097631,2,2,2,,0
Node3,Cloud-RCS-FP16-Opt-v2,round_03_position_1_Cloud-RCS-FP16-Opt-v2,95,logits,1787658923988095435,1787658924017761393,29.665568,2,2,2,,0
Node3,Cloud-RCS-FP16-Opt-v2,round_03_position_1_Cloud-RCS-FP16-Opt-v2,96,logits,1787658924017761663,1787658924048869975,31.107892,2,2,2,,0
Node3,Cloud-RCS-FP16-Opt-v2,round_03_position_1_Cloud-RCS-FP16-Opt-v2,97,logits,1787658924048870405,1787658924078862369,29.991564,2,2,2,,0
Node3,Cloud-RCS-FP16-Opt-v2,round_03_position_1_Cloud-RCS-FP16-Opt-v2,98,logits,1787658924078862769,1787658924109052764,30.189595000000001,2,2,2,,0
Node3,Cloud-RCS-FP16-Opt-v2,round_03_position_1_Cloud-RCS-FP16-Opt-v2,99,logits,1787658924109053024,1787658924139473740,30.420306,2,2,2,,0
Node3,Cloud-RCS-FP16-Opt-v2,round_03_position_1_Cloud-RCS-FP16-Opt-v2,100,logits,1787658924139474350,1787658924169718587,30.243836999999999,2,2,2,,0
Node3,Cloud-RCS-FP16-Opt-v2,round_03_position_1_Cloud-RCS-FP16-Opt-v2,101,logits,1787658924169718867,1787658924199925562,30.205974999999999,2,2,2,,0
Node3,Cloud-RCS-FP16-Opt-v2,round_03_position_1_Cloud-RCS-FP16-Opt-v2,102,logits,1787658924199926102,1787658924230491746,30.564574,2,2,2,,0
Node3,Cloud-RCS-FP16-Opt-v2,round_03_position_1_Cloud-RCS-FP16-Opt-v2,103,logits,1787658924230492386,1787658924262250571,31.757645,2,2,2,,0
Node3,Cloud-RCS-FP16-Opt-v2,round_03_position_1_Cloud-RCS-FP16-Opt-v2,104,logits,1787658924262250981,1787658924292989914,30.738543,2,2,2,,0
Node3,Cloud-RCS-FP16-Opt-v2,round_03_position_1_Cloud-RCS-FP16-Opt-v2,105,logits,1787658924292990454,1787658924324152668,31.161814,2,2,2,,0
Node3,Cloud-RCS-FP16-Opt-v2,round_03_position_1_Cloud-RCS-FP16-Opt-v2,106,logits,1787658924324153068,1787658924355329483,31.176015,2,2,2,,0
Node3,Cloud-RCS-FP16-Opt-v2,round_03_position_1_Cloud-RCS-FP16-Opt-v2,107,logits,1787658924355329913,1787658924385064225,29.733922,2,2,2,,0
Node3,Cloud-RCS-FP16-Opt-v2,round_03_position_1_Cloud-RCS-FP16-Opt-v2,108,logits,1787658924385064725,1787658924415342374,30.277259000000001,2,2,2,,0
Node3,Cloud-RCS-FP16-Opt-v2,round_03_position_1_Cloud-RCS-FP16-Opt-v2,109,logits,1787658924415342664,1787658924446143279,30.800065,2,2,2,,0
Node3,Cloud-RCS-FP16-Opt-v2,round_03_position_1_Cloud-RCS-FP16-Opt-v2,110,logits,1787658924446143829,1787658924476183326,30.039086999999999,2,2,2,,0
Node3,Cloud-RCS-FP16-Opt-v2,round_03_position_1_Cloud-RCS-FP16-Opt-v2,111,logits,1787658924476183716,1787658924506043964,29.859857999999999,2,2,2,,0
Node3,Cloud-RCS-FP16-Opt-v2,round_03_position_1_Cloud-RCS-FP16-Opt-v2,112,logits,1787658924506044394,1787658924538876283,32.831448999999999,2,2,2,,0
Node3,Cloud-RCS-FP16-Opt-v2,round_03_position_1_Cloud-RCS-FP16-Opt-v2,113,logits,1787658924538876823,1787658924569942413,31.065180000000002,2,2,2,,0
Node3,Cloud-RCS-FP16-Opt-v2,round_03_position_1_Cloud-RCS-FP16-Opt-v2,114,logits,1787658924569943003,1787658924600196611,30.253098000000001,2,2,2,,0
Node3,Cloud-RCS-FP16-Opt-v2,round_03_position_1_Cloud-RCS-FP16-Opt-v2,115,logits,1787658924600197051,1787658924630742444,30.544993000000002,2,2,2,,0
Node3,Cloud-RCS-FP16-Opt-v2,round_03_position_1_Cloud-RCS-FP16-Opt-v2,116,logits,1787658924630742994,1787658924661341109,30.597705000000001,2,2,2,,0
Node3,Cloud-RCS-FP16-Opt-v2,round_03_position_1_Cloud-RCS-FP16-Opt-v2,117,logits,1787658924661341669,1787658924691607668,30.265599000000002,2,2,2,,0
Node3,Cloud-RCS-FP16-Opt-v2,round_03_position_1_Cloud-RCS-FP16-Opt-v2,118,logits,1787658924691607938,1787658924722735710,31.127382000000001,2,2,2,,0
Node3,Cloud-RCS-FP16-Opt-v2,round_03_position_1_Cloud-RCS-FP16-Opt-v2,119,logits,1787658924722735960,1787658924753600189,30.863818999999999,2,2,2,,0
Node3,Cloud-RCS-FP16-Opt-v2,round_03_position_1_Cloud-RCS-FP16-Opt-v2,120,logits,1787658924753600539,1787658924784008465,30.407516000000001,2,2,2,,0
Node3,Cloud-RCS-FP16-Opt-v2,round_03_position_1_Cloud-RCS-FP16-Opt-v2,121,logits,1787658924784009035,1787658924814677284,30.667859,2,2,2,,0
Node3,Cloud-RCS-FP16-Opt-v2,round_03_position_1_Cloud-RCS-FP16-Opt-v2,122,logits,1787658924814677554,1787658924844808245,30.130291,2,2,2,,0
Node3,Cloud-RCS-FP16-Opt-v2,round_03_position_1_Cloud-RCS-FP16-Opt-v2,123,logits,1787658924844808635,1787658924875219731,30.410696000000002,2,2,2,,0
Node3,Cloud-RCS-FP16-Opt-v2,round_03_position_1_Cloud-RCS-FP16-Opt-v2,124,logits,1787658924875220121,1787658924905062698,29.842177,2,2,2,,0
Node3,Cloud-RCS-FP16-Opt-v2,round_03_position_1_Cloud-RCS-FP16-Opt-v2,125,logits,1787658924905063098,1787658924936130298,31.06681,2,2,2,,0
Node3,Cloud-RCS-FP16-Opt-v2,round_03_position_1_Cloud-RCS-FP16-Opt-v2,126,logits,1787658924936130848,1787658924967236179,31.104931000000001,2,2,2,,0
Node3,Cloud-RCS-FP16-Opt-v2,round_03_position_1_Cloud-RCS-FP16-Opt-v2,127,logits,1787658924967236739,1787658924996731728,29.494589000000001,2,2,2,,0
Node3,Cloud-RCS-FP16-Opt-v2,round_03_position_1_Cloud-RCS-FP16-Opt-v2,128,logits,1787658924996732118,1787658925027308022,30.575513999999998,2,2,2,,0
Node3,Cloud-RCS-FP16-Opt-v2,round_03_position_1_Cloud-RCS-FP16-Opt-v2,129,logits,1787658925027308402,1787658925057667925,30.359133,2,2,2,,0
Node3,Cloud-RCS-FP16-Opt-v2,round_03_position_1_Cloud-RCS-FP16-Opt-v2,130,logits,1787658925057668305,1787658925087719063,30.050357999999999,2,2,2,,0
Node3,Cloud-RCS-FP16-Opt-v2,round_03_position_1_Cloud-RCS-FP16-Opt-v2,131,logits,1787658925087719643,1787658925117506667,29.786614,2,2,2,,0
Node3,Cloud-RCS-FP16-Opt-v2,round_03_position_1_Cloud-RCS-FP16-Opt-v2,132,logits,1787658925117506937,1787658925149850872,32.343355000000003,2,2,2,,0
Node3,Cloud-RCS-FP16-Opt-v2,round_03_position_1_Cloud-RCS-FP16-Opt-v2,133,logits,1787658925149851442,1787658925180998245,31.146063000000002,2,2,2,,0
Node3,Cloud-RCS-FP16-Opt-v2,round_03_position_1_Cloud-RCS-FP16-Opt-v2,134,logits,1787658925180998795,1787658925212002452,31.003247000000002,2,2,2,,0
Node3,Cloud-RCS-FP16-Opt-v2,round_03_position_1_Cloud-RCS-FP16-Opt-v2,135,logits,1787658925212003032,1787658925245624862,33.621409999999997,2,2,2,,0
Node3,Cloud-RCS-FP16-Opt-v2,round_03_position_1_Cloud-RCS-FP16-Opt-v2,136,logits,1787658925245625282,1787658925278632010,33.006238000000003,2,2,2,,0
Node3,Cloud-RCS-FP16-Opt-v2,round_03_position_1_Cloud-RCS-FP16-Opt-v2,137,logits,1787658925278632600,1787658925312513964,33.880944,2,2,2,,0
Node3,Cloud-RCS-FP16-Opt-v2,round_03_position_1_Cloud-RCS-FP16-Opt-v2,138,logits,1787658925312514514,1787658925345255499,32.740594999999999,2,2,2,,0
Node3,Cloud-RCS-FP16-Opt-v2,round_03_position_1_Cloud-RCS-FP16-Opt-v2,139,logits,1787658925345256039,1787658925375390631,30.134191999999999,2,2,2,,0
Node3,Cloud-RCS-FP16-Opt-v2,round_03_position_1_Cloud-RCS-FP16-Opt-v2,140,logits,1787658925375391091,1787658925406784367,31.392876000000001,2,2,2,,0
Node3,Cloud-RCS-FP16-Opt-v2,round_03_position_1_Cloud-RCS-FP16-Opt-v2,141,logits,1787658925406784767,1787658925437258976,30.473808999999999,2,2,2,,0
Node3,Cloud-RCS-FP16-Opt-v2,round_03_position_1_Cloud-RCS-FP16-Opt-v2,142,logits,1787658925437259326,1787658925468531486,31.271450000000002,2,2,2,,0
Node3,Cloud-RCS-FP16-Opt-v2,round_03_position_1_Cloud-RCS-FP16-Opt-v2,143,logits,1787658925468532026,1787658925499231906,30.699480000000001,2,2,2,,0
Node3,Cloud-RCS-FP16-Opt-v2,round_03_position_1_Cloud-RCS-FP16-Opt-v2,144,logits,1787658925499232366,1787658925534423277,35.190491000000002,2,2,2,,0
Node3,Cloud-RCS-FP16-Opt-v2,round_03_position_1_Cloud-RCS-FP16-Opt-v2,145,logits,1787658925534423837,1787658925573967250,39.543022999999998,2,2,2,,0
Node3,Cloud-RCS-FP16-Opt-v2,round_03_position_1_Cloud-RCS-FP16-Opt-v2,146,logits,1787658925573967810,1787658925604367686,30.399464999999999,2,2,2,,0
Node3,Cloud-RCS-FP16-Opt-v2,round_03_position_1_Cloud-RCS-FP16-Opt-v2,147,logits,1787658925604368266,1787658925635217704,30.849038,2,2,2,,0
Node3,Cloud-RCS-FP16-Opt-v2,round_03_position_1_Cloud-RCS-FP16-Opt-v2,148,logits,1787658925635218214,1787658925665992558,30.773954,2,2,2,,0
Node3,Cloud-RCS-FP16-Opt-v2,round_03_position_1_Cloud-RCS-FP16-Opt-v2,149,logits,1787658925665993018,1787658925696778023,30.784594999999999,2,2,2,,0
Node3,Cloud-RCS-FP16-Opt-v2,round_03_position_1_Cloud-RCS-FP16-Opt-v2,150,logits,1787658925696778853,1787658925726827410,30.048147,2,2,2,,0
Node3,Cloud-RCS-FP16-Opt-v2,round_03_position_1_Cloud-RCS-FP16-Opt-v2,151,logits,1787658925726827830,1787658925757048387,30.220147000000001,2,2,2,,0
Node3,Cloud-RCS-FP16-Opt-v2,round_03_position_1_Cloud-RCS-FP16-Opt-v2,152,logits,1787658925757048947,1787658925787527646,30.478279000000001,2,2,2,,0
Node3,Cloud-RCS-FP16-Opt-v2,round_03_position_1_Cloud-RCS-FP16-Opt-v2,153,logits,1787658925787528196,1787658925818249958,30.721332,2,2,2,,0
Node3,Cloud-RCS-FP16-Opt-v2,round_03_position_1_Cloud-RCS-FP16-Opt-v2,154,logits,1787658925818250718,1787658925847683754,29.432625999999999,2,2,2,,0
Node3,Cloud-RCS-FP16-Opt-v2,round_03_position_1_Cloud-RCS-FP16-Opt-v2,155,logits,1787658925847684384,1787658925877168812,29.484038000000002,2,2,2,,0
Node3,Cloud-RCS-FP16-Opt-v2,round_03_position_1_Cloud-RCS-FP16-Opt-v2,156,logits,1787658925877169352,1787658925907099053,29.929310999999998,2,2,2,,0
Node3,Cloud-RCS-FP16-Opt-v2,round_03_position_1_Cloud-RCS-FP16-Opt-v2,157,logits,1787658925907099463,1787658925937985473,30.88561,2,2,2,,0
Node3,Cloud-RCS-FP16-Opt-v2,round_03_position_1_Cloud-RCS-FP16-Opt-v2,158,logits,1787658925937986034,1787658925969103826,31.117401999999998,2,2,2,,0
Node3,Cloud-RCS-FP16-Opt-v2,round_03_position_1_Cloud-RCS-FP16-Opt-v2,159,logits,1787658925969104246,1787658926000653580,31.548914,2,2,2,,0
Node3,Cloud-RCS-FP16-Opt-v2,round_03_position_1_Cloud-RCS-FP16-Opt-v2,160,logits,1787658926000654010,1787658926032285078,31.630628000000002,2,2,2,,0
Node3,Cloud-RCS-FP16-Opt-v2,round_03_position_1_Cloud-RCS-FP16-Opt-v2,161,logits,1787658926032285628,1787658926063106155,30.820087000000001,2,2,2,,0
Node3,Cloud-RCS-FP16-Opt-v2,round_03_position_1_Cloud-RCS-FP16-Opt-v2,162,logits,1787658926063106595,1787658926094085480,30.978265,2,2,2,,0
Node3,Cloud-RCS-FP16-Opt-v2,round_03_position_1_Cloud-RCS-FP16-Opt-v2,163,logits,1787658926094086040,1787658926124609652,30.522981999999999,2,2,2,,0
Node3,Cloud-RCS-FP16-Opt-v2,round_03_position_1_Cloud-RCS-FP16-Opt-v2,164,logits,1787658926124610192,1787658926155372225,30.761623,2,2,2,,0
Node3,Cloud-RCS-FP16-Opt-v2,round_03_position_1_Cloud-RCS-FP16-Opt-v2,165,logits,1787658926155372605,1787658926186094747,30.721612,2,2,2,,0
Node3,Cloud-RCS-FP16-Opt-v2,round_03_position_1_Cloud-RCS-FP16-Opt-v2,166,logits,1787658926186095137,1787658926217045221,30.949383999999998,2,2,2,,0
Node3,Cloud-RCS-FP16-Opt-v2,round_03_position_1_Cloud-RCS-FP16-Opt-v2,167,logits,1787658926217045791,1787658926247329190,30.282658999999999,2,2,2,,0
Node3,Cloud-RCS-FP16-Opt-v2,round_03_position_1_Cloud-RCS-FP16-Opt-v2,168,logits,1787658926247329450,1787658926277571738,30.241887999999999,2,2,2,,0
Node3,Cloud-RCS-FP16-Opt-v2,round_03_position_1_Cloud-RCS-FP16-Opt-v2,169,logits,1787658926277572098,1787658926309444098,31.871459999999999,2,2,2,,0
Node3,Cloud-RCS-FP16-Opt-v2,round_03_position_1_Cloud-RCS-FP16-Opt-v2,170,logits,1787658926309444698,1787658926341661526,32.216408000000001,2,2,2,,0
Node3,Cloud-RCS-FP16-Opt-v2,round_03_position_1_Cloud-RCS-FP16-Opt-v2,171,logits,1787658926341662067,1787658926372847762,31.185295,2,2,2,,0
Node3,Cloud-RCS-FP16-Opt-v2,round_03_position_1_Cloud-RCS-FP16-Opt-v2,172,logits,1787658926372848262,1787658926404095911,31.247249,2,2,2,,0
Node3,Cloud-RCS-FP16-Opt-v2,round_03_position_1_Cloud-RCS-FP16-Opt-v2,173,logits,1787658926404096461,1787658926435120108,31.023267000000001,2,2,2,,0
Node3,Cloud-RCS-FP16-Opt-v2,round_03_position_1_Cloud-RCS-FP16-Opt-v2,174,logits,1787658926435120658,1787658926465570516,30.449468,2,2,2,,0
Node3,Cloud-RCS-FP16-Opt-v2,round_03_position_1_Cloud-RCS-FP16-Opt-v2,175,logits,1787658926465571086,1787658926497791645,32.220159000000002,2,2,2,,0
Node3,Cloud-RCS-FP16-Opt-v2,round_03_position_1_Cloud-RCS-FP16-Opt-v2,176,logits,1787658926497792175,1787658926528624542,30.831976999999998,2,2,2,,0
Node3,Cloud-RCS-FP16-Opt-v2,round_03_position_1_Cloud-RCS-FP16-Opt-v2,177,logits,1787658926528625082,1787658926562318116,33.692574,2,2,2,,0
Node3,Cloud-RCS-FP16-Opt-v2,round_03_position_1_Cloud-RCS-FP16-Opt-v2,178,logits,1787658926562319996,1787658926597779150,35.458764000000002,2,2,2,,0
Node3,Cloud-RCS-FP16-Opt-v2,round_03_position_1_Cloud-RCS-FP16-Opt-v2,179,logits,1787658926597779700,1787658926628463130,30.683039999999998,2,2,2,,0
Node3,Cloud-RCS-FP16-Opt-v2,round_03_position_1_Cloud-RCS-FP16-Opt-v2,180,logits,1787658926628463680,1787658926658987612,30.523531999999999,2,2,2,,0
Node3,Cloud-RCS-FP16-Opt-v2,round_03_position_1_Cloud-RCS-FP16-Opt-v2,181,logits,1787658926658988312,1787658926691114185,32.125402999999999,2,2,2,,0
Node3,Cloud-RCS-FP16-Opt-v2,round_03_position_1_Cloud-RCS-FP16-Opt-v2,182,logits,1787658926691114805,1787658926726693466,35.578251000000002,2,2,2,,0
Node3,Cloud-RCS-FP16-Opt-v2,round_03_position_1_Cloud-RCS-FP16-Opt-v2,183,logits,1787658926726693996,1787658926757783906,31.08963,2,2,2,,0
Node3,Cloud-RCS-FP16-Opt-v2,round_03_position_1_Cloud-RCS-FP16-Opt-v2,184,logits,1787658926757784486,1787658926788412663,30.627907,2,2,2,,0
Node3,Cloud-RCS-FP16-Opt-v2,round_03_position_1_Cloud-RCS-FP16-Opt-v2,185,logits,1787658926788413123,1787658926819164946,30.751422999999999,2,2,2,,0
Node3,Cloud-RCS-FP16-Opt-v2,round_03_position_1_Cloud-RCS-FP16-Opt-v2,186,logits,1787658926819165366,1787658926849838026,30.672279,2,2,2,,0
Node3,Cloud-RCS-FP16-Opt-v2,round_03_position_1_Cloud-RCS-FP16-Opt-v2,187,logits,1787658926849838456,1787658926880300924,30.461938,2,2,2,,0
Node3,Cloud-RCS-FP16-Opt-v2,round_03_position_1_Cloud-RCS-FP16-Opt-v2,188,logits,1787658926880301354,1787658926911356843,31.055078999999999,2,2,2,,0
Node3,Cloud-RCS-FP16-Opt-v2,round_03_position_1_Cloud-RCS-FP16-Opt-v2,189,logits,1787658926911357403,1787658926942197991,30.840188000000001,2,2,2,,0
Node3,Cloud-RCS-FP16-Opt-v2,round_03_position_1_Cloud-RCS-FP16-Opt-v2,190,logits,1787658926942198551,1787658926973654970,31.456159,2,2,2,,0
Node3,Cloud-RCS-FP16-Opt-v2,round_03_position_1_Cloud-RCS-FP16-Opt-v2,191,logits,1787658926973655491,1787658927004698739,31.042847999999999,2,2,2,,0
Node3,Cloud-RCS-FP16-Opt-v2,round_03_position_1_Cloud-RCS-FP16-Opt-v2,192,logits,1787658927004699239,1787658927035889764,31.190135000000001,2,2,2,,0
Node3,Cloud-RCS-FP16-Opt-v2,round_03_position_1_Cloud-RCS-FP16-Opt-v2,193,logits,1787658927035890304,1787658927067521293,31.630569000000001,2,2,2,,0
Node3,Cloud-RCS-FP16-Opt-v2,round_03_position_1_Cloud-RCS-FP16-Opt-v2,194,logits,1787658927067521713,1787658927099338380,31.816267,2,2,2,,0
Node3,Cloud-RCS-FP16-Opt-v2,round_03_position_1_Cloud-RCS-FP16-Opt-v2,195,logits,1787658927099338800,1787658927130445732,31.106521999999998,2,2,2,,0
Node3,Cloud-RCS-FP16-Opt-v2,round_03_position_1_Cloud-RCS-FP16-Opt-v2,196,logits,1787658927130445982,1787658927161701962,31.255258999999999,2,2,2,,0
Node3,Cloud-RCS-FP16-Opt-v2,round_03_position_1_Cloud-RCS-FP16-Opt-v2,197,logits,1787658927161702362,1787658927193773732,32.070970000000003,2,2,2,,0
Node3,Cloud-RCS-FP16-Opt-v2,round_03_position_1_Cloud-RCS-FP16-Opt-v2,198,logits,1787658927193774292,1787658927224849502,31.074639999999999,2,2,2,,0
Node3,Cloud-RCS-FP16-Opt-v2,round_03_position_1_Cloud-RCS-FP16-Opt-v2,199,logits,1787658927224849952,1787658927256412937,31.562555,2,2,2,,0
Node3,Cloud-RCS-MP-Task-v2,round_03_position_2_Cloud-RCS-MP-Task-v2,0,logits,1787658953220347184,1787658953251296208,30.948594,2,2,2,,0
Node3,Cloud-RCS-MP-Task-v2,round_03_position_2_Cloud-RCS-MP-Task-v2,1,logits,1787658953251296558,1787658953281488233,30.191205,2,2,2,,0
Node3,Cloud-RCS-MP-Task-v2,round_03_position_2_Cloud-RCS-MP-Task-v2,2,logits,1787658953281488433,1787658953311966523,30.477699999999999,2,2,2,,0
Node3,Cloud-RCS-MP-Task-v2,round_03_position_2_Cloud-RCS-MP-Task-v2,3,logits,1787658953311966773,1787658953342038792,30.071269000000001,2,2,2,,0
Node3,Cloud-RCS-MP-Task-v2,round_03_position_2_Cloud-RCS-MP-Task-v2,4,logits,1787658953342039182,1787658953372083479,30.043907000000001,2,2,2,,0
Node3,Cloud-RCS-MP-Task-v2,round_03_position_2_Cloud-RCS-MP-Task-v2,5,logits,1787658953372083829,1787658953402372769,30.288180000000001,2,2,2,,0
Node3,Cloud-RCS-MP-Task-v2,round_03_position_2_Cloud-RCS-MP-Task-v2,6,logits,1787658953402373140,1787658953433893843,31.520302999999998,2,2,2,,0
Node3,Cloud-RCS-MP-Task-v2,round_03_position_2_Cloud-RCS-MP-Task-v2,7,logits,1787658953433894253,1787658953465292529,31.397886,2,2,2,,0
Node3,Cloud-RCS-MP-Task-v2,round_03_position_2_Cloud-RCS-MP-Task-v2,8,logits,1787658953465292879,1787658953495712846,30.419346999999998,2,2,2,,0
Node3,Cloud-RCS-MP-Task-v2,round_03_position_2_Cloud-RCS-MP-Task-v2,9,logits,1787658953495713476,1787658953525936163,30.222297000000001,2,2,2,,0
Node3,Cloud-RCS-MP-Task-v2,round_03_position_2_Cloud-RCS-MP-Task-v2,10,logits,1787658953525936533,1787658953557182322,31.245359000000001,2,2,2,,0
Node3,Cloud-RCS-MP-Task-v2,round_03_position_2_Cloud-RCS-MP-Task-v2,11,logits,1787658953557182692,1787658953587643921,30.460829,2,2,2,,0
Node3,Cloud-RCS-MP-Task-v2,round_03_position_2_Cloud-RCS-MP-Task-v2,12,logits,1787658953587644271,1787658953617550301,29.90559,2,2,2,,0
Node3,Cloud-RCS-MP-Task-v2,round_03_position_2_Cloud-RCS-MP-Task-v2,13,logits,1787658953617550641,1787658953647347266,29.796234999999999,2,2,2,,0
Node3,Cloud-RCS-MP-Task-v2,round_03_position_2_Cloud-RCS-MP-Task-v2,14,logits,1787658953647347546,1787658953677229605,29.881639,2,2,2,,0
Node3,Cloud-RCS-MP-Task-v2,round_03_position_2_Cloud-RCS-MP-Task-v2,15,logits,1787658953677229995,1787658953707414850,30.184325000000001,2,2,2,,0
Node3,Cloud-RCS-MP-Task-v2,round_03_position_2_Cloud-RCS-MP-Task-v2,16,logits,1787658953707415220,1787658953737874519,30.458708999999999,2,2,2,,0
Node3,Cloud-RCS-MP-Task-v2,round_03_position_2_Cloud-RCS-MP-Task-v2,17,logits,1787658953737874899,1787658953768106996,30.231707,2,2,2,,0
Node3,Cloud-RCS-MP-Task-v2,round_03_position_2_Cloud-RCS-MP-Task-v2,18,logits,1787658953768107346,1787658953799286081,31.178335000000001,2,2,2,,0
Node3,Cloud-RCS-MP-Task-v2,round_03_position_2_Cloud-RCS-MP-Task-v2,19,logits,1787658953799286431,1787658953829252415,29.965584,2,2,2,,0
Node3,Cloud-RCS-MP-Task-v2,round_03_position_2_Cloud-RCS-MP-Task-v2,20,logits,1787658953829252655,1787658953859981207,30.728152000000001,2,2,2,,0
Node3,Cloud-RCS-MP-Task-v2,round_03_position_2_Cloud-RCS-MP-Task-v2,21,logits,1787658953859981547,1787658953890047976,30.065909000000001,2,2,2,,0
Node3,Cloud-RCS-MP-Task-v2,round_03_position_2_Cloud-RCS-MP-Task-v2,22,logits,1787658953890048336,1787658953925245527,35.196790999999997,2,2,2,,0
Node3,Cloud-RCS-MP-Task-v2,round_03_position_2_Cloud-RCS-MP-Task-v2,23,logits,1787658953925245927,1787658953960858650,35.612313,2,2,2,,0
Node3,Cloud-RCS-MP-Task-v2,round_03_position_2_Cloud-RCS-MP-Task-v2,24,logits,1787658953960859000,1787658953992929861,32.070380999999998,2,2,2,,0
Node3,Cloud-RCS-MP-Task-v2,round_03_position_2_Cloud-RCS-MP-Task-v2,25,logits,1787658953992930261,1787658954023180389,30.249487999999999,2,2,2,,0
Node3,Cloud-RCS-MP-Task-v2,round_03_position_2_Cloud-RCS-MP-Task-v2,26,logits,1787658954023180759,1787658954053258718,30.077539000000002,2,2,2,,0
Node3,Cloud-RCS-MP-Task-v2,round_03_position_2_Cloud-RCS-MP-Task-v2,27,logits,1787658954053259068,1787658954083612851,30.353393000000001,2,2,2,,0
Node3,Cloud-RCS-MP-Task-v2,round_03_position_2_Cloud-RCS-MP-Task-v2,28,logits,1787658954083613221,1787658954113683250,30.069638999999999,2,2,2,,0
Node3,Cloud-RCS-MP-Task-v2,round_03_position_2_Cloud-RCS-MP-Task-v2,29,logits,1787658954113683600,1787658954143879046,30.194915999999999,2,2,2,,0
Node3,Cloud-RCS-MP-Task-v2,round_03_position_2_Cloud-RCS-MP-Task-v2,30,logits,1787658954143879386,1787658954173777226,29.89744,2,2,2,,0
Node3,Cloud-RCS-MP-Task-v2,round_03_position_2_Cloud-RCS-MP-Task-v2,31,logits,1787658954173777576,1787658954203834764,30.056798000000001,2,2,2,,0
Node3,Cloud-RCS-MP-Task-v2,round_03_position_2_Cloud-RCS-MP-Task-v2,32,logits,1787658954203835134,1787658954233609987,29.774453000000001,2,2,2,,0
Node3,Cloud-RCS-MP-Task-v2,round_03_position_2_Cloud-RCS-MP-Task-v2,33,logits,1787658954233610337,1787658954263535689,29.924931999999998,2,2,2,,0
Node3,Cloud-RCS-MP-Task-v2,round_03_position_2_Cloud-RCS-MP-Task-v2,34,logits,1787658954263535949,1787658954293660451,30.124122,2,2,2,,0
Node3,Cloud-RCS-MP-Task-v2,round_03_position_2_Cloud-RCS-MP-Task-v2,35,logits,1787658954293660801,1787658954322977671,29.316490000000002,2,2,2,,0
Node3,Cloud-RCS-MP-Task-v2,round_03_position_2_Cloud-RCS-MP-Task-v2,36,logits,1787658954322978021,1787658954351964834,28.986412999999999,2,2,2,,0
Node3,Cloud-RCS-MP-Task-v2,round_03_position_2_Cloud-RCS-MP-Task-v2,37,logits,1787658954351965204,1787658954382000612,30.034887999999999,2,2,2,,0
Node3,Cloud-RCS-MP-Task-v2,round_03_position_2_Cloud-RCS-MP-Task-v2,38,logits,1787658954382001002,1787658954411408076,29.406673999999999,2,2,2,,0
Node3,Cloud-RCS-MP-Task-v2,round_03_position_2_Cloud-RCS-MP-Task-v2,39,logits,1787658954411408346,1787658954442650615,31.241859000000002,2,2,2,,0
Node3,Cloud-RCS-MP-Task-v2,round_03_position_2_Cloud-RCS-MP-Task-v2,40,logits,1787658954442650995,1787658954473730626,31.079241,2,2,2,,0
Node3,Cloud-RCS-MP-Task-v2,round_03_position_2_Cloud-RCS-MP-Task-v2,41,logits,1787658954473731016,1787658954504142232,30.410816000000001,2,2,2,,0
Node3,Cloud-RCS-MP-Task-v2,round_03_position_2_Cloud-RCS-MP-Task-v2,42,logits,1787658954504142522,1787658954536234074,32.091071999999997,2,2,2,,0
Node3,Cloud-RCS-MP-Task-v2,round_03_position_2_Cloud-RCS-MP-Task-v2,43,logits,1787658954536234454,1787658954567280623,31.045729000000001,2,2,2,,0
Node3,Cloud-RCS-MP-Task-v2,round_03_position_2_Cloud-RCS-MP-Task-v2,44,logits,1787658954567281023,1787658954599497412,32.215989,2,2,2,,0
Node3,Cloud-RCS-MP-Task-v2,round_03_position_2_Cloud-RCS-MP-Task-v2,45,logits,1787658954599498082,1787658954628739448,29.240976,2,2,2,,0
Node3,Cloud-RCS-MP-Task-v2,round_03_position_2_Cloud-RCS-MP-Task-v2,46,logits,1787658954628739798,1787658954659320243,30.580044999999998,2,2,2,,0
Node3,Cloud-RCS-MP-Task-v2,round_03_position_2_Cloud-RCS-MP-Task-v2,47,logits,1787658954659320613,1787658954692164844,32.843811000000002,2,2,2,,0
Node3,Cloud-RCS-MP-Task-v2,round_03_position_2_Cloud-RCS-MP-Task-v2,48,logits,1787658954692165224,1787658954722734959,30.569334999999999,2,2,2,,0
Node3,Cloud-RCS-MP-Task-v2,round_03_position_2_Cloud-RCS-MP-Task-v2,49,logits,1787658954722735339,1787658954752487491,29.751752,2,2,2,,0
Node3,Cloud-RCS-MP-Task-v2,round_03_position_2_Cloud-RCS-MP-Task-v2,50,logits,1787658954752487741,1787658954782521368,30.033217,2,2,2,,0
Node3,Cloud-RCS-MP-Task-v2,round_03_position_2_Cloud-RCS-MP-Task-v2,51,logits,1787658954782521708,1787658954812518453,29.996345000000002,2,2,2,,0
Node3,Cloud-RCS-MP-Task-v2,round_03_position_2_Cloud-RCS-MP-Task-v2,52,logits,1787658954812518833,1787658954843387643,30.86835,2,2,2,,0
Node3,Cloud-RCS-MP-Task-v2,round_03_position_2_Cloud-RCS-MP-Task-v2,53,logits,1787658954843387993,1787658954874438452,31.049938999999998,2,2,2,,0
Node3,Cloud-RCS-MP-Task-v2,round_03_position_2_Cloud-RCS-MP-Task-v2,54,logits,1787658954874438692,1787658954905280110,30.840678,2,2,2,,0
Node3,Cloud-RCS-MP-Task-v2,round_03_position_2_Cloud-RCS-MP-Task-v2,55,logits,1787658954905280540,1787658954936638045,31.357115,2,2,2,,0
Node3,Cloud-RCS-MP-Task-v2,round_03_position_2_Cloud-RCS-MP-Task-v2,56,logits,1787658954936638405,1787658954966850291,30.211486000000001,2,2,2,,0
Node3,Cloud-RCS-MP-Task-v2,round_03_position_2_Cloud-RCS-MP-Task-v2,57,logits,1787658954966850641,1787658954997178893,30.327862,2,2,2,,0
Node3,Cloud-RCS-MP-Task-v2,round_03_position_2_Cloud-RCS-MP-Task-v2,58,logits,1787658954997179233,1787658955026990739,29.811095999999999,2,2,2,,0
Node3,Cloud-RCS-MP-Task-v2,round_03_position_2_Cloud-RCS-MP-Task-v2,59,logits,1787658955026991079,1787658955056962193,29.970714000000001,2,2,2,,0
Node3,Cloud-RCS-MP-Task-v2,round_03_position_2_Cloud-RCS-MP-Task-v2,60,logits,1787658955056962543,1787658955086750727,29.787773999999999,2,2,2,,0
Node3,Cloud-RCS-MP-Task-v2,round_03_position_2_Cloud-RCS-MP-Task-v2,61,logits,1787658955086751097,1787658955116323670,29.572192999999999,2,2,2,,0
Node3,Cloud-RCS-MP-Task-v2,round_03_position_2_Cloud-RCS-MP-Task-v2,62,logits,1787658955116324220,1787658955145719904,29.395164000000001,2,2,2,,0
Node3,Cloud-RCS-MP-Task-v2,round_03_position_2_Cloud-RCS-MP-Task-v2,63,logits,1787658955145720254,1787658955175852267,30.131623000000001,2,2,2,,0
Node3,Cloud-RCS-MP-Task-v2,round_03_position_2_Cloud-RCS-MP-Task-v2,64,logits,1787658955175852637,1787658955210966414,35.113247000000001,2,2,2,,0
Node3,Cloud-RCS-MP-Task-v2,round_03_position_2_Cloud-RCS-MP-Task-v2,65,logits,1787658955210966974,1787658955248148886,37.181511999999998,2,2,2,,0
Node3,Cloud-RCS-MP-Task-v2,round_03_position_2_Cloud-RCS-MP-Task-v2,66,logits,1787658955248149236,1787658955280240279,32.090463,2,2,2,,0
Node3,Cloud-RCS-MP-Task-v2,round_03_position_2_Cloud-RCS-MP-Task-v2,67,logits,1787658955280240659,1787658955313189575,32.948535999999997,2,2,2,,0
Node3,Cloud-RCS-MP-Task-v2,round_03_position_2_Cloud-RCS-MP-Task-v2,68,logits,1787658955313189955,1787658955343558739,30.368404000000002,2,2,2,,0
Node3,Cloud-RCS-MP-Task-v2,round_03_position_2_Cloud-RCS-MP-Task-v2,69,logits,1787658955343559079,1787658955373976256,30.416647000000001,2,2,2,,0
Node3,Cloud-RCS-MP-Task-v2,round_03_position_2_Cloud-RCS-MP-Task-v2,70,logits,1787658955373976656,1787658955405950382,31.972715999999998,2,2,2,,0
Node3,Cloud-RCS-MP-Task-v2,round_03_position_2_Cloud-RCS-MP-Task-v2,71,logits,1787658955405950772,1787658955437781271,31.829989000000001,2,2,2,,0
Node3,Cloud-RCS-MP-Task-v2,round_03_position_2_Cloud-RCS-MP-Task-v2,72,logits,1787658955437781621,1787658955469741396,31.959205000000001,2,2,2,,0
Node3,Cloud-RCS-MP-Task-v2,round_03_position_2_Cloud-RCS-MP-Task-v2,73,logits,1787658955469741786,1787658955503873353,34.131146000000001,2,2,2,,0
Node3,Cloud-RCS-MP-Task-v2,round_03_position_2_Cloud-RCS-MP-Task-v2,74,logits,1787658955503873753,1787658955536282682,32.408448999999997,2,2,2,,0
Node3,Cloud-RCS-MP-Task-v2,round_03_position_2_Cloud-RCS-MP-Task-v2,75,logits,1787658955536282872,1787658955567695359,31.411947000000001,2,2,2,,0
Node3,Cloud-RCS-MP-Task-v2,round_03_position_2_Cloud-RCS-MP-Task-v2,76,logits,1787658955567695709,1787658955599523108,31.826858999999999,2,2,2,,0
Node3,Cloud-RCS-MP-Task-v2,round_03_position_2_Cloud-RCS-MP-Task-v2,77,logits,1787658955599523428,1787658955629847450,30.323612000000001,2,2,2,,0
Node3,Cloud-RCS-MP-Task-v2,round_03_position_2_Cloud-RCS-MP-Task-v2,78,logits,1787658955629847740,1787658955660206744,30.358604,2,2,2,,0
Node3,Cloud-RCS-MP-Task-v2,round_03_position_2_Cloud-RCS-MP-Task-v2,79,logits,1787658955660206994,1787658955690504834,30.297450000000001,2,2,2,,0
Node3,Cloud-RCS-MP-Task-v2,round_03_position_2_Cloud-RCS-MP-Task-v2,80,logits,1787658955690505214,1787658955721080909,30.575305,2,2,2,,0
Node3,Cloud-RCS-MP-Task-v2,round_03_position_2_Cloud-RCS-MP-Task-v2,81,logits,1787658955721081259,1787658955751257673,30.176024000000002,2,2,2,,0
Node3,Cloud-RCS-MP-Task-v2,round_03_position_2_Cloud-RCS-MP-Task-v2,82,logits,1787658955751258033,1787658955781770915,30.512481999999999,2,2,2,,0
Node3,Cloud-RCS-MP-Task-v2,round_03_position_2_Cloud-RCS-MP-Task-v2,83,logits,1787658955781771225,1787658955812086446,30.314831000000002,2,2,2,,0
Node3,Cloud-RCS-MP-Task-v2,round_03_position_2_Cloud-RCS-MP-Task-v2,84,logits,1787658955812086816,1787658955842976457,30.889161000000001,2,2,2,,0
Node3,Cloud-RCS-MP-Task-v2,round_03_position_2_Cloud-RCS-MP-Task-v2,85,logits,1787658955842976807,1787658955873009454,30.032236999999999,2,2,2,,0
Node3,Cloud-RCS-MP-Task-v2,round_03_position_2_Cloud-RCS-MP-Task-v2,86,logits,1787658955873009694,1787658955903171548,30.161124000000001,2,2,2,,0
Node3,Cloud-RCS-MP-Task-v2,round_03_position_2_Cloud-RCS-MP-Task-v2,87,logits,1787658955903171898,1787658955934269019,31.096720999999999,2,2,2,,0
Node3,Cloud-RCS-MP-Task-v2,round_03_position_2_Cloud-RCS-MP-Task-v2,88,logits,1787658955934269379,1787658955964997571,30.727661999999999,2,2,2,,0
Node3,Cloud-RCS-MP-Task-v2,round_03_position_2_Cloud-RCS-MP-Task-v2,89,logits,1787658955964997961,1787658955995588257,30.589776000000001,2,2,2,,0
Node3,Cloud-RCS-MP-Task-v2,round_03_position_2_Cloud-RCS-MP-Task-v2,90,logits,1787658955995588597,1787658956027729152,32.140144999999997,2,2,2,,0
Node3,Cloud-RCS-MP-Task-v2,round_03_position_2_Cloud-RCS-MP-Task-v2,91,logits,1787658956027729402,1787658956057559938,29.830116,2,2,2,,0
Node3,Cloud-RCS-MP-Task-v2,round_03_position_2_Cloud-RCS-MP-Task-v2,92,logits,1787658956057560038,1787658956087815977,30.255548999999998,2,2,2,,0
Node3,Cloud-RCS-MP-Task-v2,round_03_position_2_Cloud-RCS-MP-Task-v2,93,logits,1787658956087816327,1787658956117753319,29.936532,2,2,2,,0
Node3,Cloud-RCS-MP-Task-v2,round_03_position_2_Cloud-RCS-MP-Task-v2,94,logits,1787658956117753559,1787658956148256430,30.502431000000001,2,2,2,,0
Node3,Cloud-RCS-MP-Task-v2,round_03_position_2_Cloud-RCS-MP-Task-v2,95,logits,1787658956148256740,1787658956178280206,30.023046000000001,2,2,2,,0
Node3,Cloud-RCS-MP-Task-v2,round_03_position_2_Cloud-RCS-MP-Task-v2,96,logits,1787658956178280446,1787658956208083931,29.802945000000001,2,2,2,,0
Node3,Cloud-RCS-MP-Task-v2,round_03_position_2_Cloud-RCS-MP-Task-v2,97,logits,1787658956208084301,1787658956239974723,31.890032000000001,2,2,2,,0
Node3,Cloud-RCS-MP-Task-v2,round_03_position_2_Cloud-RCS-MP-Task-v2,98,logits,1787658956239975113,1787658956269955428,29.979925000000001,2,2,2,,0
Node3,Cloud-RCS-MP-Task-v2,round_03_position_2_Cloud-RCS-MP-Task-v2,99,logits,1787658956269955768,1787658956300294810,30.338391999999999,2,2,2,,0
Node3,Cloud-RCS-MP-Task-v2,round_03_position_2_Cloud-RCS-MP-Task-v2,100,logits,1787658956300295171,1787658956330647844,30.352283,2,2,2,,0
Node3,Cloud-RCS-MP-Task-v2,round_03_position_2_Cloud-RCS-MP-Task-v2,101,logits,1787658956330648094,1787658956361592928,30.944413999999998,2,2,2,,0
Node3,Cloud-RCS-MP-Task-v2,round_03_position_2_Cloud-RCS-MP-Task-v2,102,logits,1787658956361593038,1787658956391703058,30.109310000000001,2,2,2,,0
Node3,Cloud-RCS-MP-Task-v2,round_03_position_2_Cloud-RCS-MP-Task-v2,103,logits,1787658956391703418,1787658956421934095,30.230277000000001,2,2,2,,0
Node3,Cloud-RCS-MP-Task-v2,round_03_position_2_Cloud-RCS-MP-Task-v2,104,logits,1787658956421934455,1787658956452197864,30.263009,2,2,2,,0
Node3,Cloud-RCS-MP-Task-v2,round_03_position_2_Cloud-RCS-MP-Task-v2,105,logits,1787658956452198214,1787658956482067803,29.869049,2,2,2,,0
Node3,Cloud-RCS-MP-Task-v2,round_03_position_2_Cloud-RCS-MP-Task-v2,106,logits,1787658956482068183,1787658956525325987,43.257274000000002,2,2,2,,0
Node3,Cloud-RCS-MP-Task-v2,round_03_position_2_Cloud-RCS-MP-Task-v2,107,logits,1787658956525326357,1787658956558531406,33.204649000000003,2,2,2,,0
Node3,Cloud-RCS-MP-Task-v2,round_03_position_2_Cloud-RCS-MP-Task-v2,108,logits,1787658956558531756,1787658956589100120,30.567974,2,2,2,,0
Node3,Cloud-RCS-MP-Task-v2,round_03_position_2_Cloud-RCS-MP-Task-v2,109,logits,1787658956589100500,1787658956619532328,30.431438,2,2,2,,0
Node3,Cloud-RCS-MP-Task-v2,round_03_position_2_Cloud-RCS-MP-Task-v2,110,logits,1787658956619532678,1787658956650192447,30.659248999999999,2,2,2,,0
Node3,Cloud-RCS-MP-Task-v2,round_03_position_2_Cloud-RCS-MP-Task-v2,111,logits,1787658956650192677,1787658956680308708,30.115641,2,2,2,,0
Node3,Cloud-RCS-MP-Task-v2,round_03_position_2_Cloud-RCS-MP-Task-v2,112,logits,1787658956680308958,1787658956711332356,31.022998000000001,2,2,2,,0
Node3,Cloud-RCS-MP-Task-v2,round_03_position_2_Cloud-RCS-MP-Task-v2,113,logits,1787658956711332706,1787658956741369433,30.036337,2,2,2,,0
Node3,Cloud-RCS-MP-Task-v2,round_03_position_2_Cloud-RCS-MP-Task-v2,114,logits,1787658956741369663,1787658956772046253,30.676200000000001,2,2,2,,0
Node3,Cloud-RCS-MP-Task-v2,round_03_position_2_Cloud-RCS-MP-Task-v2,115,logits,1787658956772046603,1787658956802738303,30.691310000000001,2,2,2,,0
Node3,Cloud-RCS-MP-Task-v2,round_03_position_2_Cloud-RCS-MP-Task-v2,116,logits,1787658956802738653,1787658956833596242,30.857178999999999,2,2,2,,0
Node3,Cloud-RCS-MP-Task-v2,round_03_position_2_Cloud-RCS-MP-Task-v2,117,logits,1787658956833596492,1787658956863839020,30.242128000000001,2,2,2,,0
Node3,Cloud-RCS-MP-Task-v2,round_03_position_2_Cloud-RCS-MP-Task-v2,118,logits,1787658956863839270,1787658956895085679,31.245999000000001,2,2,2,,0
Node3,Cloud-RCS-MP-Task-v2,round_03_position_2_Cloud-RCS-MP-Task-v2,119,logits,1787658956895086029,1787658956925945169,30.858630000000002,2,2,2,,0
Node3,Cloud-RCS-MP-Task-v2,round_03_position_2_Cloud-RCS-MP-Task-v2,120,logits,1787658956925945629,1787658956958127346,32.181187000000001,2,2,2,,0
Node3,Cloud-RCS-MP-Task-v2,round_03_position_2_Cloud-RCS-MP-Task-v2,121,logits,1787658956958127736,1787658956989474770,31.346644000000001,2,2,2,,0
Node3,Cloud-RCS-MP-Task-v2,round_03_position_2_Cloud-RCS-MP-Task-v2,122,logits,1787658956989475010,1787658957020823924,31.348514000000002,2,2,2,,0
Node3,Cloud-RCS-MP-Task-v2,round_03_position_2_Cloud-RCS-MP-Task-v2,123,logits,1787658957020824274,1787658957051690254,30.865580000000001,2,2,2,,0
Node3,Cloud-RCS-MP-Task-v2,round_03_position_2_Cloud-RCS-MP-Task-v2,124,logits,1787658957051690594,1787658957081978164,30.287179999999999,2,2,2,,0
Node3,Cloud-RCS-MP-Task-v2,round_03_position_2_Cloud-RCS-MP-Task-v2,125,logits,1787658957081978544,1787658957112233692,30.254747999999999,2,2,2,,0
Node3,Cloud-RCS-MP-Task-v2,round_03_position_2_Cloud-RCS-MP-Task-v2,126,logits,1787658957112234052,1787658957142688611,30.453969000000001,2,2,2,,0
Node3,Cloud-RCS-MP-Task-v2,round_03_position_2_Cloud-RCS-MP-Task-v2,127,logits,1787658957142688861,1787658957173157220,30.467979,2,2,2,,0
Node3,Cloud-RCS-MP-Task-v2,round_03_position_2_Cloud-RCS-MP-Task-v2,128,logits,1787658957173157570,1787658957204393079,31.235129000000001,2,2,2,,0
Node3,Cloud-RCS-MP-Task-v2,round_03_position_2_Cloud-RCS-MP-Task-v2,129,logits,1787658957204393349,1787658957234822466,30.428616999999999,2,2,2,,0
Node3,Cloud-RCS-MP-Task-v2,round_03_position_2_Cloud-RCS-MP-Task-v2,130,logits,1787658957234822896,1787658957265307776,30.484480000000001,2,2,2,,0
Node3,Cloud-RCS-MP-Task-v2,round_03_position_2_Cloud-RCS-MP-Task-v2,131,logits,1787658957265308176,1787658957296030978,30.722382,2,2,2,,0
Node3,Cloud-RCS-MP-Task-v2,round_03_position_2_Cloud-RCS-MP-Task-v2,132,logits,1787658957296031318,1787658957329825828,33.794110000000003,2,2,2,,0
Node3,Cloud-RCS-MP-Task-v2,round_03_position_2_Cloud-RCS-MP-Task-v2,133,logits,1787658957329826208,1787658957361139150,31.312282,2,2,2,,0
Node3,Cloud-RCS-MP-Task-v2,round_03_position_2_Cloud-RCS-MP-Task-v2,134,logits,1787658957361139500,1787658957394477026,33.337136000000001,2,2,2,,0
Node3,Cloud-RCS-MP-Task-v2,round_03_position_2_Cloud-RCS-MP-Task-v2,135,logits,1787658957394477386,1787658957425733246,31.25517,2,2,2,,0
Node3,Cloud-RCS-MP-Task-v2,round_03_position_2_Cloud-RCS-MP-Task-v2,136,logits,1787658957425733776,1787658957457903622,32.169286,2,2,2,,0
Node3,Cloud-RCS-MP-Task-v2,round_03_position_2_Cloud-RCS-MP-Task-v2,137,logits,1787658957457903972,1787658957489065707,31.161225000000002,2,2,2,,0
Node3,Cloud-RCS-MP-Task-v2,round_03_position_2_Cloud-RCS-MP-Task-v2,138,logits,1787658957489066077,1787658957520968129,31.901532,2,2,2,,0
Node3,Cloud-RCS-MP-Task-v2,round_03_position_2_Cloud-RCS-MP-Task-v2,139,logits,1787658957520968429,1787658957551766026,30.797037,2,2,2,,0
Node3,Cloud-RCS-MP-Task-v2,round_03_position_2_Cloud-RCS-MP-Task-v2,140,logits,1787658957551766416,1787658957586089792,34.322705999999997,2,2,2,,0
Node3,Cloud-RCS-MP-Task-v2,round_03_position_2_Cloud-RCS-MP-Task-v2,141,logits,1787658957586090552,1787658957617375513,31.284571,2,2,2,,0
Node3,Cloud-RCS-MP-Task-v2,round_03_position_2_Cloud-RCS-MP-Task-v2,142,logits,1787658957617375894,1787658957649176371,31.800077000000002,2,2,2,,0
Node3,Cloud-RCS-MP-Task-v2,round_03_position_2_Cloud-RCS-MP-Task-v2,143,logits,1787658957649176731,1787658957680388868,31.211736999999999,2,2,2,,0
Node3,Cloud-RCS-MP-Task-v2,round_03_position_2_Cloud-RCS-MP-Task-v2,144,logits,1787658957680389158,1787658957711003945,30.614397,2,2,2,,0
Node3,Cloud-RCS-MP-Task-v2,round_03_position_2_Cloud-RCS-MP-Task-v2,145,logits,1787658957711004185,1787658957744187313,33.182738000000001,2,2,2,,0
Node3,Cloud-RCS-MP-Task-v2,round_03_position_2_Cloud-RCS-MP-Task-v2,146,logits,1787658957744187663,1787658957776442754,32.254680999999998,2,2,2,,0
Node3,Cloud-RCS-MP-Task-v2,round_03_position_2_Cloud-RCS-MP-Task-v2,147,logits,1787658957776443094,1787658957824302463,47.858938999999999,2,2,2,,0
Node3,Cloud-RCS-MP-Task-v2,round_03_position_2_Cloud-RCS-MP-Task-v2,148,logits,1787658957824302863,1787658957855834037,31.530633999999999,2,2,2,,0
Node3,Cloud-RCS-MP-Task-v2,round_03_position_2_Cloud-RCS-MP-Task-v2,149,logits,1787658957855834387,1787658957893828731,37.993963999999998,2,2,2,,0
Node3,Cloud-RCS-MP-Task-v2,round_03_position_2_Cloud-RCS-MP-Task-v2,150,logits,1787658957893829151,1787658957927503415,33.673754000000002,2,2,2,,0
Node3,Cloud-RCS-MP-Task-v2,round_03_position_2_Cloud-RCS-MP-Task-v2,151,logits,1787658957927503815,1787658957960118573,32.614297999999998,2,2,2,,0
Node3,Cloud-RCS-MP-Task-v2,round_03_position_2_Cloud-RCS-MP-Task-v2,152,logits,1787658957960119053,1787658957990884138,30.764465000000001,2,2,2,,0
Node3,Cloud-RCS-MP-Task-v2,round_03_position_2_Cloud-RCS-MP-Task-v2,153,logits,1787658957990884498,1787658958021818661,30.933633,2,2,2,,0
Node3,Cloud-RCS-MP-Task-v2,round_03_position_2_Cloud-RCS-MP-Task-v2,154,logits,1787658958021819031,1787658958052236598,30.417176999999999,2,2,2,,0
Node3,Cloud-RCS-MP-Task-v2,round_03_position_2_Cloud-RCS-MP-Task-v2,155,logits,1787658958052236968,1787658958084038165,31.800787,2,2,2,,0
Node3,Cloud-RCS-MP-Task-v2,round_03_position_2_Cloud-RCS-MP-Task-v2,156,logits,1787658958084038555,1787658958115283455,31.244440000000001,2,2,2,,0
Node3,Cloud-RCS-MP-Task-v2,round_03_position_2_Cloud-RCS-MP-Task-v2,157,logits,1787658958115283725,1787658958146291742,31.007605999999999,2,2,2,,0
Node3,Cloud-RCS-MP-Task-v2,round_03_position_2_Cloud-RCS-MP-Task-v2,158,logits,1787658958146292112,1787658958176643535,30.350923000000002,2,2,2,,0
Node3,Cloud-RCS-MP-Task-v2,round_03_position_2_Cloud-RCS-MP-Task-v2,159,logits,1787658958176643905,1787658958207553937,30.909502,2,2,2,,0
Node3,Cloud-RCS-MP-Task-v2,round_03_position_2_Cloud-RCS-MP-Task-v2,160,logits,1787658958207554317,1787658958239120962,31.566205,2,2,2,,0
Node3,Cloud-RCS-MP-Task-v2,round_03_position_2_Cloud-RCS-MP-Task-v2,161,logits,1787658958239121612,1787658958269309907,30.187895000000001,2,2,2,,0
Node3,Cloud-RCS-MP-Task-v2,round_03_position_2_Cloud-RCS-MP-Task-v2,162,logits,1787658958269310307,1787658958299830909,30.520202000000001,2,2,2,,0
Node3,Cloud-RCS-MP-Task-v2,round_03_position_2_Cloud-RCS-MP-Task-v2,163,logits,1787658958299831249,1787658958330049865,30.218066,2,2,2,,0
Node3,Cloud-RCS-MP-Task-v2,round_03_position_2_Cloud-RCS-MP-Task-v2,164,logits,1787658958330050245,1787658958361031971,30.981335999999999,2,2,2,,0
Node3,Cloud-RCS-MP-Task-v2,round_03_position_2_Cloud-RCS-MP-Task-v2,165,logits,1787658958361032361,1787658958390811215,29.778454,2,2,2,,0
Node3,Cloud-RCS-MP-Task-v2,round_03_position_2_Cloud-RCS-MP-Task-v2,166,logits,1787658958390811565,1787658958421026131,30.214126,2,2,2,,0
Node3,Cloud-RCS-MP-Task-v2,round_03_position_2_Cloud-RCS-MP-Task-v2,167,logits,1787658958421026491,1787658958451522282,30.495270999999999,2,2,2,,0
Node3,Cloud-RCS-MP-Task-v2,round_03_position_2_Cloud-RCS-MP-Task-v2,168,logits,1787658958451522642,1787658958481643914,30.120882000000002,2,2,2,,0
Node3,Cloud-RCS-MP-Task-v2,round_03_position_2_Cloud-RCS-MP-Task-v2,169,logits,1787658958481644304,1787658958511958145,30.313431000000001,2,2,2,,0
Node3,Cloud-RCS-MP-Task-v2,round_03_position_2_Cloud-RCS-MP-Task-v2,170,logits,1787658958511958505,1787658958542036264,30.077238999999999,2,2,2,,0
Node3,Cloud-RCS-MP-Task-v2,round_03_position_2_Cloud-RCS-MP-Task-v2,171,logits,1787658958542036614,1787658958572170536,30.133402,2,2,2,,0
Node3,Cloud-RCS-MP-Task-v2,round_03_position_2_Cloud-RCS-MP-Task-v2,172,logits,1787658958572171136,1787658958604752804,32.581228000000003,2,2,2,,0
Node3,Cloud-RCS-MP-Task-v2,round_03_position_2_Cloud-RCS-MP-Task-v2,173,logits,1787658958604753224,1787658958636339580,31.585936,2,2,2,,0
Node3,Cloud-RCS-MP-Task-v2,round_03_position_2_Cloud-RCS-MP-Task-v2,174,logits,1787658958636339960,1787658958667035831,30.695481000000001,2,2,2,,0
Node3,Cloud-RCS-MP-Task-v2,round_03_position_2_Cloud-RCS-MP-Task-v2,175,logits,1787658958667036201,1787658958697149422,30.112821,2,2,2,,0
Node3,Cloud-RCS-MP-Task-v2,round_03_position_2_Cloud-RCS-MP-Task-v2,176,logits,1787658958697149712,1787658958727707476,30.557354,2,2,2,,0
Node3,Cloud-RCS-MP-Task-v2,round_03_position_2_Cloud-RCS-MP-Task-v2,177,logits,1787658958727707816,1787658958757770665,30.062459,2,2,2,,0
Node3,Cloud-RCS-MP-Task-v2,round_03_position_2_Cloud-RCS-MP-Task-v2,178,logits,1787658958757771035,1787658958788062305,30.290870000000002,2,2,2,,0
Node3,Cloud-RCS-MP-Task-v2,round_03_position_2_Cloud-RCS-MP-Task-v2,179,logits,1787658958788062555,1787658958819108514,31.045289,2,2,2,,0
Node3,Cloud-RCS-MP-Task-v2,round_03_position_2_Cloud-RCS-MP-Task-v2,180,logits,1787658958819108864,1787658958849336561,30.227307,2,2,2,,0
Node3,Cloud-RCS-MP-Task-v2,round_03_position_2_Cloud-RCS-MP-Task-v2,181,logits,1787658958849336911,1787658958879152527,29.815206,2,2,2,,0
Node3,Cloud-RCS-MP-Task-v2,round_03_position_2_Cloud-RCS-MP-Task-v2,182,logits,1787658958879152877,1787658958909702050,30.548783,2,2,2,,0
Node3,Cloud-RCS-MP-Task-v2,round_03_position_2_Cloud-RCS-MP-Task-v2,183,logits,1787658958909702400,1787658958940344778,30.641988000000001,2,2,2,,0
Node3,Cloud-RCS-MP-Task-v2,round_03_position_2_Cloud-RCS-MP-Task-v2,184,logits,1787658958940345128,1787658958971373016,31.027508000000001,2,2,2,,0
Node3,Cloud-RCS-MP-Task-v2,round_03_position_2_Cloud-RCS-MP-Task-v2,185,logits,1787658958971373366,1787658959002586053,31.212277,2,2,2,,0
Node3,Cloud-RCS-MP-Task-v2,round_03_position_2_Cloud-RCS-MP-Task-v2,186,logits,1787658959002586403,1787658959034300807,31.714003000000002,2,2,2,,0
Node3,Cloud-RCS-MP-Task-v2,round_03_position_2_Cloud-RCS-MP-Task-v2,187,logits,1787658959034301177,1787658959066113325,31.811627999999999,2,2,2,,0
Node3,Cloud-RCS-MP-Task-v2,round_03_position_2_Cloud-RCS-MP-Task-v2,188,logits,1787658959066113675,1787658959096875719,30.761593999999999,2,2,2,,0
Node3,Cloud-RCS-MP-Task-v2,round_03_position_2_Cloud-RCS-MP-Task-v2,189,logits,1787658959096876269,1787658959127670845,30.794176,2,2,2,,0
Node3,Cloud-RCS-MP-Task-v2,round_03_position_2_Cloud-RCS-MP-Task-v2,190,logits,1787658959127671205,1787658959157560455,29.888860000000001,2,2,2,,0
Node3,Cloud-RCS-MP-Task-v2,round_03_position_2_Cloud-RCS-MP-Task-v2,191,logits,1787658959157560805,1787658959188099718,30.538523000000001,2,2,2,,0
Node3,Cloud-RCS-MP-Task-v2,round_03_position_2_Cloud-RCS-MP-Task-v2,192,logits,1787658959188100068,1787658959218199968,30.099170000000001,2,2,2,,0
Node3,Cloud-RCS-MP-Task-v2,round_03_position_2_Cloud-RCS-MP-Task-v2,193,logits,1787658959218200328,1787658959248994734,30.794015999999999,2,2,2,,0
Node3,Cloud-RCS-MP-Task-v2,round_03_position_2_Cloud-RCS-MP-Task-v2,194,logits,1787658959248995084,1787658959282165662,33.170057999999997,2,2,2,,0
Node3,Cloud-RCS-MP-Task-v2,round_03_position_2_Cloud-RCS-MP-Task-v2,195,logits,1787658959282166092,1787658959312308394,30.141902000000002,2,2,2,,0
Node3,Cloud-RCS-MP-Task-v2,round_03_position_2_Cloud-RCS-MP-Task-v2,196,logits,1787658959312308734,1787658959343070458,30.761334000000002,2,2,2,,0
Node3,Cloud-RCS-MP-Task-v2,round_03_position_2_Cloud-RCS-MP-Task-v2,197,logits,1787658959343070858,1787658959374058864,30.987306,2,2,2,,0
Node3,Cloud-RCS-MP-Task-v2,round_03_position_2_Cloud-RCS-MP-Task-v2,198,logits,1787658959374059224,1787658959404476141,30.416537000000002,2,2,2,,0
Node3,Cloud-RCS-MP-Task-v2,round_03_position_2_Cloud-RCS-MP-Task-v2,199,logits,1787658959404476491,1787658959435350721,30.873809999999999,2,2,2,,0
Node3,Cloud-RCS-FP32-Compat,round_03_position_3_Cloud-RCS-FP32-Compat,0,logits,1787658988955831654,1787658988989674666,33.842702000000003,2,2,2,,0
Node3,Cloud-RCS-FP32-Compat,round_03_position_3_Cloud-RCS-FP32-Compat,1,logits,1787658988989675206,1787658989023177331,33.501375000000003,2,2,2,,0
Node3,Cloud-RCS-FP32-Compat,round_03_position_3_Cloud-RCS-FP32-Compat,2,logits,1787658989023177721,1787658989056506747,33.328626,2,2,2,,0
Node3,Cloud-RCS-FP32-Compat,round_03_position_3_Cloud-RCS-FP32-Compat,3,logits,1787658989056507127,1787658989089463544,32.955697000000001,2,2,2,,0
Node3,Cloud-RCS-FP32-Compat,round_03_position_3_Cloud-RCS-FP32-Compat,4,logits,1787658989089463934,1787658989122362988,32.898634000000001,2,2,2,,0
Node3,Cloud-RCS-FP32-Compat,round_03_position_3_Cloud-RCS-FP32-Compat,5,logits,1787658989122363398,1787658989155241531,32.877752999999998,2,2,2,,0
Node3,Cloud-RCS-FP32-Compat,round_03_position_3_Cloud-RCS-FP32-Compat,6,logits,1787658989155242081,1787658989189384959,34.142477999999997,2,2,2,,0
Node3,Cloud-RCS-FP32-Compat,round_03_position_3_Cloud-RCS-FP32-Compat,7,logits,1787658989189385469,1787658989222824571,33.438692000000003,2,2,2,,0
Node3,Cloud-RCS-FP32-Compat,round_03_position_3_Cloud-RCS-FP32-Compat,8,logits,1787658989222824851,1787658989255902834,33.077603000000003,2,2,2,,0
Node3,Cloud-RCS-FP32-Compat,round_03_position_3_Cloud-RCS-FP32-Compat,9,logits,1787658989255903234,1787658989289225050,33.321545999999998,2,2,2,,0
Node3,Cloud-RCS-FP32-Compat,round_03_position_3_Cloud-RCS-FP32-Compat,10,logits,1787658989289225420,1787658989322631280,33.405470000000001,2,2,2,,0
Node3,Cloud-RCS-FP32-Compat,round_03_position_3_Cloud-RCS-FP32-Compat,11,logits,1787658989322631650,1787658989356428430,33.796390000000002,2,2,2,,0
Node3,Cloud-RCS-FP32-Compat,round_03_position_3_Cloud-RCS-FP32-Compat,12,logits,1787658989356428810,1787658989390402079,33.972819000000001,2,2,2,,0
Node3,Cloud-RCS-FP32-Compat,round_03_position_3_Cloud-RCS-FP32-Compat,13,logits,1787658989390402349,1787658989424837592,34.434812999999998,2,2,2,,0
Node3,Cloud-RCS-FP32-Compat,round_03_position_3_Cloud-RCS-FP32-Compat,14,logits,1787658989424838162,1787658989459032632,34.194200000000002,2,2,2,,0
Node3,Cloud-RCS-FP32-Compat,round_03_position_3_Cloud-RCS-FP32-Compat,15,logits,1787658989459032922,1787658989493173710,34.140658000000002,2,2,2,,0
Node3,Cloud-RCS-FP32-Compat,round_03_position_3_Cloud-RCS-FP32-Compat,16,logits,1787658989493174110,1787658989527208862,34.034492,2,2,2,,0
Node3,Cloud-RCS-FP32-Compat,round_03_position_3_Cloud-RCS-FP32-Compat,17,logits,1787658989527209382,1787658989561420364,34.210582000000002,2,2,2,,0
Node3,Cloud-RCS-FP32-Compat,round_03_position_3_Cloud-RCS-FP32-Compat,18,logits,1787658989561420864,1787658989595295597,33.874343000000003,2,2,2,,0
Node3,Cloud-RCS-FP32-Compat,round_03_position_3_Cloud-RCS-FP32-Compat,19,logits,1787658989595296027,1787658989629260466,33.964049000000003,2,2,2,,0
Node3,Cloud-RCS-FP32-Compat,round_03_position_3_Cloud-RCS-FP32-Compat,20,logits,1787658989629261006,1787658989662854666,33.593260000000001,2,2,2,,0
Node3,Cloud-RCS-FP32-Compat,round_03_position_3_Cloud-RCS-FP32-Compat,21,logits,1787658989662855036,1787658989696841666,33.986240000000002,2,2,2,,0
Node3,Cloud-RCS-FP32-Compat,round_03_position_3_Cloud-RCS-FP32-Compat,22,logits,1787658989696842196,1787658989730963263,34.120797000000003,2,2,2,,0
Node3,Cloud-RCS-FP32-Compat,round_03_position_3_Cloud-RCS-FP32-Compat,23,logits,1787658989730963653,1787658989764961123,33.997079999999997,2,2,2,,0
Node3,Cloud-RCS-FP32-Compat,round_03_position_3_Cloud-RCS-FP32-Compat,24,logits,1787658989764961373,1787658989798688279,33.726506000000001,2,2,2,,0
Node3,Cloud-RCS-FP32-Compat,round_03_position_3_Cloud-RCS-FP32-Compat,25,logits,1787658989798688790,1787658989833101951,34.412770999999999,2,2,2,,0
Node3,Cloud-RCS-FP32-Compat,round_03_position_3_Cloud-RCS-FP32-Compat,26,logits,1787658989833102091,1787658989867009107,33.906616,2,2,2,,0
Node3,Cloud-RCS-FP32-Compat,round_03_position_3_Cloud-RCS-FP32-Compat,27,logits,1787658989867009397,1787658989903111675,36.101888000000002,2,2,2,,0
Node3,Cloud-RCS-FP32-Compat,round_03_position_3_Cloud-RCS-FP32-Compat,28,logits,1787658989903112215,1787658989941094169,37.981524,2,2,2,,0
Node3,Cloud-RCS-FP32-Compat,round_03_position_3_Cloud-RCS-FP32-Compat,29,logits,1787658989941094629,1787658989976840129,35.745080000000002,2,2,2,,0
Node3,Cloud-RCS-FP32-Compat,round_03_position_3_Cloud-RCS-FP32-Compat,30,logits,1787658989976840529,1787658990011216219,34.374960000000002,2,2,2,,0
Node3,Cloud-RCS-FP32-Compat,round_03_position_3_Cloud-RCS-FP32-Compat,31,logits,1787658990011216739,1787658990045614650,34.397641,2,2,2,,0
Node3,Cloud-RCS-FP32-Compat,round_03_position_3_Cloud-RCS-FP32-Compat,32,logits,1787658990045615050,1787658990088322256,42.706806,2,2,2,,0
Node3,Cloud-RCS-FP32-Compat,round_03_position_3_Cloud-RCS-FP32-Compat,33,logits,1787658990088322896,1787658990122640083,34.316487000000002,2,2,2,,0
Node3,Cloud-RCS-FP32-Compat,round_03_position_3_Cloud-RCS-FP32-Compat,34,logits,1787658990122640603,1787658990156739268,34.098255000000002,2,2,2,,0
Node3,Cloud-RCS-FP32-Compat,round_03_position_3_Cloud-RCS-FP32-Compat,35,logits,1787658990156739638,1787658990190959400,34.219301999999999,2,2,2,,0
Node3,Cloud-RCS-FP32-Compat,round_03_position_3_Cloud-RCS-FP32-Compat,36,logits,1787658990190959780,1787658990226442586,35.482135999999997,2,2,2,,0
Node3,Cloud-RCS-FP32-Compat,round_03_position_3_Cloud-RCS-FP32-Compat,37,logits,1787658990226443097,1787658990263516094,37.072606999999998,2,2,2,,0
Node3,Cloud-RCS-FP32-Compat,round_03_position_3_Cloud-RCS-FP32-Compat,38,logits,1787658990263516374,1787658990299564390,36.047635999999997,2,2,2,,0
Node3,Cloud-RCS-FP32-Compat,round_03_position_3_Cloud-RCS-FP32-Compat,39,logits,1787658990299564790,1787658990335327480,35.76229,2,2,2,,0
Node3,Cloud-RCS-FP32-Compat,round_03_position_3_Cloud-RCS-FP32-Compat,40,logits,1787658990335327800,1787658990370434827,35.106617,2,2,2,,0
Node3,Cloud-RCS-FP32-Compat,round_03_position_3_Cloud-RCS-FP32-Compat,41,logits,1787658990370435658,1787658990409626333,39.190275,2,2,2,,0
Node3,Cloud-RCS-FP32-Compat,round_03_position_3_Cloud-RCS-FP32-Compat,42,logits,1787658990409626933,1787658990446669420,37.041887000000003,2,2,2,,0
Node3,Cloud-RCS-FP32-Compat,round_03_position_3_Cloud-RCS-FP32-Compat,43,logits,1787658990446669950,1787658990484646904,37.976543999999997,2,2,2,,0
Node3,Cloud-RCS-FP32-Compat,round_03_position_3_Cloud-RCS-FP32-Compat,44,logits,1787658990484647424,1787658990520112789,35.464964999999999,2,2,2,,0
Node3,Cloud-RCS-FP32-Compat,round_03_position_3_Cloud-RCS-FP32-Compat,45,logits,1787658990520113169,1787658990555121632,35.008043000000001,2,2,2,,0
Node3,Cloud-RCS-FP32-Compat,round_03_position_3_Cloud-RCS-FP32-Compat,46,logits,1787658990555122032,1787658990590230199,35.107587000000002,2,2,2,,0
Node3,Cloud-RCS-FP32-Compat,round_03_position_3_Cloud-RCS-FP32-Compat,47,logits,1787658990590230849,1787658990624819370,34.588121000000001,2,2,2,,0
Node3,Cloud-RCS-FP32-Compat,round_03_position_3_Cloud-RCS-FP32-Compat,48,logits,1787658990624819620,1787658990660087295,35.267344999999999,2,2,2,,0
Node3,Cloud-RCS-FP32-Compat,round_03_position_3_Cloud-RCS-FP32-Compat,49,logits,1787658990660087695,1787658990694413302,34.325217000000002,2,2,2,,0
Node3,Cloud-RCS-FP32-Compat,round_03_position_3_Cloud-RCS-FP32-Compat,50,logits,1787658990694413822,1787658990729519239,35.105007000000001,2,2,2,,0
Node3,Cloud-RCS-FP32-Compat,round_03_position_3_Cloud-RCS-FP32-Compat,51,logits,1787658990729519619,1787658990763540221,34.020332000000003,2,2,2,,0
Node3,Cloud-RCS-FP32-Compat,round_03_position_3_Cloud-RCS-FP32-Compat,52,logits,1787658990763540501,1787658990797756672,34.215770999999997,2,2,2,,0
Node3,Cloud-RCS-FP32-Compat,round_03_position_3_Cloud-RCS-FP32-Compat,53,logits,1787658990797756932,1787658990832340452,34.583120000000001,2,2,2,,0
Node3,Cloud-RCS-FP32-Compat,round_03_position_3_Cloud-RCS-FP32-Compat,54,logits,1787658990832340962,1787658990866691061,34.349839000000003,2,2,2,,0
Node3,Cloud-RCS-FP32-Compat,round_03_position_3_Cloud-RCS-FP32-Compat,55,logits,1787658990866691471,1787658990900784936,34.093055,2,2,2,,0
Node3,Cloud-RCS-FP32-Compat,round_03_position_3_Cloud-RCS-FP32-Compat,56,logits,1787658990900785226,1787658990937947669,37.161802999999999,2,2,2,,0
Node3,Cloud-RCS-FP32-Compat,round_03_position_3_Cloud-RCS-FP32-Compat,57,logits,1787658990937948219,1787658990977126364,39.177705000000003,2,2,2,,0
Node3,Cloud-RCS-FP32-Compat,round_03_position_3_Cloud-RCS-FP32-Compat,58,logits,1787658990977126874,1787658991017921853,40.794708999999997,2,2,2,,0
Node3,Cloud-RCS-FP32-Compat,round_03_position_3_Cloud-RCS-FP32-Compat,59,logits,1787658991017922263,1787658991052712614,34.789951000000002,2,2,2,,0
Node3,Cloud-RCS-FP32-Compat,round_03_position_3_Cloud-RCS-FP32-Compat,60,logits,1787658991052713014,1787658991087077063,34.363649000000002,2,2,2,,0
Node3,Cloud-RCS-FP32-Compat,round_03_position_3_Cloud-RCS-FP32-Compat,61,logits,1787658991087077483,1787658991121029241,33.951357999999999,2,2,2,,0
Node3,Cloud-RCS-FP32-Compat,round_03_position_3_Cloud-RCS-FP32-Compat,62,logits,1787658991121029641,1787658991155187649,34.157598,2,2,2,,0
Node3,Cloud-RCS-FP32-Compat,round_03_position_3_Cloud-RCS-FP32-Compat,63,logits,1787658991155188019,1787658991189315306,34.127026999999998,2,2,2,,0
Node3,Cloud-RCS-FP32-Compat,round_03_position_3_Cloud-RCS-FP32-Compat,64,logits,1787658991189315816,1787658991223877666,34.56147,2,2,2,,0
Node3,Cloud-RCS-FP32-Compat,round_03_position_3_Cloud-RCS-FP32-Compat,65,logits,1787658991223878066,1787658991258654006,34.775469999999999,2,2,2,,0
Node3,Cloud-RCS-FP32-Compat,round_03_position_3_Cloud-RCS-FP32-Compat,66,logits,1787658991258654256,1787658991293048967,34.394430999999997,2,2,2,,0
Node3,Cloud-RCS-FP32-Compat,round_03_position_3_Cloud-RCS-FP32-Compat,67,logits,1787658991293049377,1787658991327331531,34.281773999999999,2,2,2,,0
Node3,Cloud-RCS-FP32-Compat,round_03_position_3_Cloud-RCS-FP32-Compat,68,logits,1787658991327332031,1787658991362368815,35.036534000000003,2,2,2,,0
Node3,Cloud-RCS-FP32-Compat,round_03_position_3_Cloud-RCS-FP32-Compat,69,logits,1787658991362369245,1787658991396883782,34.514147000000001,2,2,2,,0
Node3,Cloud-RCS-FP32-Compat,round_03_position_3_Cloud-RCS-FP32-Compat,70,logits,1787658991396884312,1787658991431410959,34.526217000000003,2,2,2,,0
Node3,Cloud-RCS-FP32-Compat,round_03_position_3_Cloud-RCS-FP32-Compat,71,logits,1787658991431411229,1787658991468040595,36.628976000000002,2,2,2,,0
Node3,Cloud-RCS-FP32-Compat,round_03_position_3_Cloud-RCS-FP32-Compat,72,logits,1787658991468041135,1787658991503053437,35.011572000000001,2,2,2,,0
Node3,Cloud-RCS-FP32-Compat,round_03_position_3_Cloud-RCS-FP32-Compat,73,logits,1787658991503053957,1787658991538030817,34.976430000000001,2,2,2,,0
Node3,Cloud-RCS-FP32-Compat,round_03_position_3_Cloud-RCS-FP32-Compat,74,logits,1787658991538031337,1787658991572874201,34.842323999999998,2,2,2,,0
Node3,Cloud-RCS-FP32-Compat,round_03_position_3_Cloud-RCS-FP32-Compat,75,logits,1787658991572874601,1787658991607775308,34.900297000000002,2,2,2,,0
Node3,Cloud-RCS-FP32-Compat,round_03_position_3_Cloud-RCS-FP32-Compat,76,logits,1787658991607776038,1787658991642737098,34.960769999999997,2,2,2,,0
Node3,Cloud-RCS-FP32-Compat,round_03_position_3_Cloud-RCS-FP32-Compat,77,logits,1787658991642737628,1787658991677398632,34.660603999999999,2,2,2,,0
Node3,Cloud-RCS-FP32-Compat,round_03_position_3_Cloud-RCS-FP32-Compat,78,logits,1787658991677399052,1787658991712117129,34.717677000000002,2,2,2,,0
Node3,Cloud-RCS-FP32-Compat,round_03_position_3_Cloud-RCS-FP32-Compat,79,logits,1787658991712117519,1787658991747000365,34.882426000000002,2,2,2,,0
Node3,Cloud-RCS-FP32-Compat,round_03_position_3_Cloud-RCS-FP32-Compat,80,logits,1787658991747000815,1787658991781916012,34.914797,2,2,2,,0
Node3,Cloud-RCS-FP32-Compat,round_03_position_3_Cloud-RCS-FP32-Compat,81,logits,1787658991781916542,1787658991817063161,35.146219000000002,2,2,2,,0
Node3,Cloud-RCS-FP32-Compat,round_03_position_3_Cloud-RCS-FP32-Compat,82,logits,1787658991817063441,1787658991852422461,35.358580000000003,2,2,2,,0
Node3,Cloud-RCS-FP32-Compat,round_03_position_3_Cloud-RCS-FP32-Compat,83,logits,1787658991852422851,1787658991887748430,35.325308999999997,2,2,2,,0
Node3,Cloud-RCS-FP32-Compat,round_03_position_3_Cloud-RCS-FP32-Compat,84,logits,1787658991887748930,1787658991922183363,34.433852999999999,2,2,2,,0
Node3,Cloud-RCS-FP32-Compat,round_03_position_3_Cloud-RCS-FP32-Compat,85,logits,1787658991922183773,1787658991957668129,35.483946000000003,2,2,2,,0
Node3,Cloud-RCS-FP32-Compat,round_03_position_3_Cloud-RCS-FP32-Compat,86,logits,1787658991957668509,1787658991994200819,36.531779999999998,2,2,2,,0
Node3,Cloud-RCS-FP32-Compat,round_03_position_3_Cloud-RCS-FP32-Compat,87,logits,1787658991994201259,1787658992029383310,35.181781000000001,2,2,2,,0
Node3,Cloud-RCS-FP32-Compat,round_03_position_3_Cloud-RCS-FP32-Compat,88,logits,1787658992029383600,1787658992063343969,33.960109000000003,2,2,2,,0
Node3,Cloud-RCS-FP32-Compat,round_03_position_3_Cloud-RCS-FP32-Compat,89,logits,1787658992063344479,1787658992097544080,34.199201000000002,2,2,2,,0
Node3,Cloud-RCS-FP32-Compat,round_03_position_3_Cloud-RCS-FP32-Compat,90,logits,1787658992097544490,1787658992131485777,33.941037000000001,2,2,2,,0
Node3,Cloud-RCS-FP32-Compat,round_03_position_3_Cloud-RCS-FP32-Compat,91,logits,1787658992131486197,1787658992165621134,34.134546999999998,2,2,2,,0
Node3,Cloud-RCS-FP32-Compat,round_03_position_3_Cloud-RCS-FP32-Compat,92,logits,1787658992165621525,1787658992199496219,33.874304000000002,2,2,2,,0
Node3,Cloud-RCS-FP32-Compat,round_03_position_3_Cloud-RCS-FP32-Compat,93,logits,1787658992199496629,1787658992233226945,33.729895999999997,2,2,2,,0
Node3,Cloud-RCS-FP32-Compat,round_03_position_3_Cloud-RCS-FP32-Compat,94,logits,1787658992233227325,1787658992267051897,33.824171999999997,2,2,2,,0
Node3,Cloud-RCS-FP32-Compat,round_03_position_3_Cloud-RCS-FP32-Compat,95,logits,1787658992267052287,1787658992300958952,33.906264999999998,2,2,2,,0
Node3,Cloud-RCS-FP32-Compat,round_03_position_3_Cloud-RCS-FP32-Compat,96,logits,1787658992300959352,1787658992337052290,36.092278,2,2,2,,0
Node3,Cloud-RCS-FP32-Compat,round_03_position_3_Cloud-RCS-FP32-Compat,97,logits,1787658992337052880,1787658992373487506,36.434235999999999,2,2,2,,0
Node3,Cloud-RCS-FP32-Compat,round_03_position_3_Cloud-RCS-FP32-Compat,98,logits,1787658992373488036,1787658992408965221,35.476785,2,2,2,,0
Node3,Cloud-RCS-FP32-Compat,round_03_position_3_Cloud-RCS-FP32-Compat,99,logits,1787658992408965731,1787658992443345302,34.379300999999998,2,2,2,,0
Node3,Cloud-RCS-FP32-Compat,round_03_position_3_Cloud-RCS-FP32-Compat,100,logits,1787658992443345672,1787658992477865379,34.519317000000001,2,2,2,,0
Node3,Cloud-RCS-FP32-Compat,round_03_position_3_Cloud-RCS-FP32-Compat,101,logits,1787658992477865759,1787658992513691583,35.825403999999999,2,2,2,,0
Node3,Cloud-RCS-FP32-Compat,round_03_position_3_Cloud-RCS-FP32-Compat,102,logits,1787658992513692433,1787658992549370299,35.677546,2,2,2,,0
Node3,Cloud-RCS-FP32-Compat,round_03_position_3_Cloud-RCS-FP32-Compat,103,logits,1787658992549370709,1787658992583769180,34.398091000000001,2,2,2,,0
Node3,Cloud-RCS-FP32-Compat,round_03_position_3_Cloud-RCS-FP32-Compat,104,logits,1787658992583769610,1787658992617687866,33.917876,2,2,2,,0
Node3,Cloud-RCS-FP32-Compat,round_03_position_3_Cloud-RCS-FP32-Compat,105,logits,1787658992617688146,1787658992651497587,33.809050999999997,2,2,2,,0
Node3,Cloud-RCS-FP32-Compat,round_03_position_3_Cloud-RCS-FP32-Compat,106,logits,1787658992651497957,1787658992686675768,35.177551000000001,2,2,2,,0
Node3,Cloud-RCS-FP32-Compat,round_03_position_3_Cloud-RCS-FP32-Compat,107,logits,1787658992686676158,1787658992721499961,34.823532999999998,2,2,2,,0
Node3,Cloud-RCS-FP32-Compat,round_03_position_3_Cloud-RCS-FP32-Compat,108,logits,1787658992721500381,1787658992755786806,34.286034999999998,2,2,2,,0
Node3,Cloud-RCS-FP32-Compat,round_03_position_3_Cloud-RCS-FP32-Compat,109,logits,1787658992755787186,1787658992789917753,34.130177000000003,2,2,2,,0
Node3,Cloud-RCS-FP32-Compat,round_03_position_3_Cloud-RCS-FP32-Compat,110,logits,1787658992789918013,1787658992823930744,34.012340999999999,2,2,2,,0
Node3,Cloud-RCS-FP32-Compat,round_03_position_3_Cloud-RCS-FP32-Compat,111,logits,1787658992823931284,1787658992857819389,33.887794999999997,2,2,2,,0
Node3,Cloud-RCS-FP32-Compat,round_03_position_3_Cloud-RCS-FP32-Compat,112,logits,1787658992857819789,1787658992891688523,33.868284000000003,2,2,2,,0
Node3,Cloud-RCS-FP32-Compat,round_03_position_3_Cloud-RCS-FP32-Compat,113,logits,1787658992891689333,1787658992926347907,34.658174000000002,2,2,2,,0
Node3,Cloud-RCS-FP32-Compat,round_03_position_3_Cloud-RCS-FP32-Compat,114,logits,1787658992926348417,1787658992961014331,34.665514000000002,2,2,2,,0
Node3,Cloud-RCS-FP32-Compat,round_03_position_3_Cloud-RCS-FP32-Compat,115,logits,1787658992961014992,1787658992997879799,36.864376999999998,2,2,2,,0
Node3,Cloud-RCS-FP32-Compat,round_03_position_3_Cloud-RCS-FP32-Compat,116,logits,1787658992997880329,1787658993034193018,36.311788999999997,2,2,2,,0
Node3,Cloud-RCS-FP32-Compat,round_03_position_3_Cloud-RCS-FP32-Compat,117,logits,1787658993034193518,1787658993069684475,35.490566999999999,2,2,2,,0
Node3,Cloud-RCS-FP32-Compat,round_03_position_3_Cloud-RCS-FP32-Compat,118,logits,1787658993069684875,1787658993104132148,34.446872999999997,2,2,2,,0
Node3,Cloud-RCS-FP32-Compat,round_03_position_3_Cloud-RCS-FP32-Compat,119,logits,1787658993104132548,1787658993138731140,34.598112,2,2,2,,0
Node3,Cloud-RCS-FP32-Compat,round_03_position_3_Cloud-RCS-FP32-Compat,120,logits,1787658993138731510,1787658993172784462,34.052542000000003,2,2,2,,0
Node3,Cloud-RCS-FP32-Compat,round_03_position_3_Cloud-RCS-FP32-Compat,121,logits,1787658993172784852,1787658993206583413,33.798150999999997,2,2,2,,0
Node3,Cloud-RCS-FP32-Compat,round_03_position_3_Cloud-RCS-FP32-Compat,122,logits,1787658993206583813,1787658993240806215,34.221932000000002,2,2,2,,0
Node3,Cloud-RCS-FP32-Compat,round_03_position_3_Cloud-RCS-FP32-Compat,123,logits,1787658993240806645,1787658993274820806,34.013750999999999,2,2,2,,0
Node3,Cloud-RCS-FP32-Compat,round_03_position_3_Cloud-RCS-FP32-Compat,124,logits,1787658993274821226,1787658993309656769,34.835143000000002,2,2,2,,0
Node3,Cloud-RCS-FP32-Compat,round_03_position_3_Cloud-RCS-FP32-Compat,125,logits,1787658993309657369,1787658993344153616,34.495857000000001,2,2,2,,0
Node3,Cloud-RCS-FP32-Compat,round_03_position_3_Cloud-RCS-FP32-Compat,126,logits,1787658993344154126,1787658993378834581,34.680045,2,2,2,,0
Node3,Cloud-RCS-FP32-Compat,round_03_position_3_Cloud-RCS-FP32-Compat,127,logits,1787658993378835111,1787658993413152868,34.317366999999997,2,2,2,,0
Node3,Cloud-RCS-FP32-Compat,round_03_position_3_Cloud-RCS-FP32-Compat,128,logits,1787658993413153278,1787658993447188890,34.035221999999997,2,2,2,,0
Node3,Cloud-RCS-FP32-Compat,round_03_position_3_Cloud-RCS-FP32-Compat,129,logits,1787658993447189410,1787658993481571980,34.382159999999999,2,2,2,,0
Node3,Cloud-RCS-FP32-Compat,round_03_position_3_Cloud-RCS-FP32-Compat,130,logits,1787658993481572490,1787658993516857516,35.284306000000001,2,2,2,,0
Node3,Cloud-RCS-FP32-Compat,round_03_position_3_Cloud-RCS-FP32-Compat,131,logits,1787658993516858016,1787658993551514300,34.655864000000001,2,2,2,,0
Node3,Cloud-RCS-FP32-Compat,round_03_position_3_Cloud-RCS-FP32-Compat,132,logits,1787658993551514800,1787658993592707589,41.192388999999999,2,2,2,,0
Node3,Cloud-RCS-FP32-Compat,round_03_position_3_Cloud-RCS-FP32-Compat,133,logits,1787658993592708599,1787658993628921273,36.212414000000003,2,2,2,,0
Node3,Cloud-RCS-FP32-Compat,round_03_position_3_Cloud-RCS-FP32-Compat,134,logits,1787658993628921803,1787658993664137316,35.215113000000002,2,2,2,,0
Node3,Cloud-RCS-FP32-Compat,round_03_position_3_Cloud-RCS-FP32-Compat,135,logits,1787658993664137816,1787658993699371280,35.233054000000003,2,2,2,,0
Node3,Cloud-RCS-FP32-Compat,round_03_position_3_Cloud-RCS-FP32-Compat,136,logits,1787658993699371820,1787658993734667897,35.295696999999997,2,2,2,,0
Node3,Cloud-RCS-FP32-Compat,round_03_position_3_Cloud-RCS-FP32-Compat,137,logits,1787658993734668437,1787658993769402154,34.733336999999999,2,2,2,,0
Node3,Cloud-RCS-FP32-Compat,round_03_position_3_Cloud-RCS-FP32-Compat,138,logits,1787658993769402674,1787658993803698180,34.294766000000003,2,2,2,,0
Node3,Cloud-RCS-FP32-Compat,round_03_position_3_Cloud-RCS-FP32-Compat,139,logits,1787658993803698550,1787658993838658760,34.959820000000001,2,2,2,,0
Node3,Cloud-RCS-FP32-Compat,round_03_position_3_Cloud-RCS-FP32-Compat,140,logits,1787658993838659270,1787658993874402750,35.742840000000001,2,2,2,,0
Node3,Cloud-RCS-FP32-Compat,round_03_position_3_Cloud-RCS-FP32-Compat,141,logits,1787658993874403270,1787658993910251875,35.848185000000001,2,2,2,,0
Node3,Cloud-RCS-FP32-Compat,round_03_position_3_Cloud-RCS-FP32-Compat,142,logits,1787658993910252275,1787658993945426176,35.173631,2,2,2,,0
Node3,Cloud-RCS-FP32-Compat,round_03_position_3_Cloud-RCS-FP32-Compat,143,logits,1787658993945426586,1787658993980886571,35.459465000000002,2,2,2,,0
Node3,Cloud-RCS-FP32-Compat,round_03_position_3_Cloud-RCS-FP32-Compat,144,logits,1787658993980886971,1787658994016005169,35.117908,2,2,2,,0
Node3,Cloud-RCS-FP32-Compat,round_03_position_3_Cloud-RCS-FP32-Compat,145,logits,1787658994016005709,1787658994052082445,36.076335999999998,2,2,2,,0
Node3,Cloud-RCS-FP32-Compat,round_03_position_3_Cloud-RCS-FP32-Compat,146,logits,1787658994052082995,1787658994089066999,36.983533999999999,2,2,2,,0
Node3,Cloud-RCS-FP32-Compat,round_03_position_3_Cloud-RCS-FP32-Compat,147,logits,1787658994089067629,1787658994125092633,36.024594,2,2,2,,0
Node3,Cloud-RCS-FP32-Compat,round_03_position_3_Cloud-RCS-FP32-Compat,148,logits,1787658994125093223,1787658994163523080,38.429456999999999,2,2,2,,0
Node3,Cloud-RCS-FP32-Compat,round_03_position_3_Cloud-RCS-FP32-Compat,149,logits,1787658994163523590,1787658994199445299,35.921289000000002,2,2,2,,0
Node3,Cloud-RCS-FP32-Compat,round_03_position_3_Cloud-RCS-FP32-Compat,150,logits,1787658994199445679,1787658994235190509,35.744520000000001,2,2,2,,0
Node3,Cloud-RCS-FP32-Compat,round_03_position_3_Cloud-RCS-FP32-Compat,151,logits,1787658994235190889,1787658994269783360,34.591951000000002,2,2,2,,0
Node3,Cloud-RCS-FP32-Compat,round_03_position_3_Cloud-RCS-FP32-Compat,152,logits,1787658994269783860,1787658994304146759,34.362488999999997,2,2,2,,0
Node3,Cloud-RCS-FP32-Compat,round_03_position_3_Cloud-RCS-FP32-Compat,153,logits,1787658994304147439,1787658994338662106,34.513967000000001,2,2,2,,0
Node3,Cloud-RCS-FP32-Compat,round_03_position_3_Cloud-RCS-FP32-Compat,154,logits,1787658994338662776,1787658994372895148,34.232101999999998,2,2,2,,0
Node3,Cloud-RCS-FP32-Compat,round_03_position_3_Cloud-RCS-FP32-Compat,155,logits,1787658994372895658,1787658994407335722,34.439804000000002,2,2,2,,0
Node3,Cloud-RCS-FP32-Compat,round_03_position_3_Cloud-RCS-FP32-Compat,156,logits,1787658994407336272,1787658994441679900,34.343237999999999,2,2,2,,0
Node3,Cloud-RCS-FP32-Compat,round_03_position_3_Cloud-RCS-FP32-Compat,157,logits,1787658994441680420,1787658994475845579,34.164758999999997,2,2,2,,0
Node3,Cloud-RCS-FP32-Compat,round_03_position_3_Cloud-RCS-FP32-Compat,158,logits,1787658994475845949,1787658994510412638,34.566288999999998,2,2,2,,0
Node3,Cloud-RCS-FP32-Compat,round_03_position_3_Cloud-RCS-FP32-Compat,159,logits,1787658994510413158,1787658994547502617,37.089058999999999,2,2,2,,0
Node3,Cloud-RCS-FP32-Compat,round_03_position_3_Cloud-RCS-FP32-Compat,160,logits,1787658994547503117,1787658994582305639,34.802101999999998,2,2,2,,0
Node3,Cloud-RCS-FP32-Compat,round_03_position_3_Cloud-RCS-FP32-Compat,161,logits,1787658994582306159,1787658994625664578,43.358159000000001,2,2,2,,0
Node3,Cloud-RCS-FP32-Compat,round_03_position_3_Cloud-RCS-FP32-Compat,162,logits,1787658994625665098,1787658994664508237,38.842419,2,2,2,,0
Node3,Cloud-RCS-FP32-Compat,round_03_position_3_Cloud-RCS-FP32-Compat,163,logits,1787658994664508787,1787658994699087937,34.578890000000001,2,2,2,,0
Node3,Cloud-RCS-FP32-Compat,round_03_position_3_Cloud-RCS-FP32-Compat,164,logits,1787658994699088457,1787658994733697659,34.608812,2,2,2,,0
Node3,Cloud-RCS-FP32-Compat,round_03_position_3_Cloud-RCS-FP32-Compat,165,logits,1787658994733697929,1787658994767499019,33.800550000000001,2,2,2,,0
Node3,Cloud-RCS-FP32-Compat,round_03_position_3_Cloud-RCS-FP32-Compat,166,logits,1787658994767499309,1787658994801775414,34.275705000000002,2,2,2,,0
Node3,Cloud-RCS-FP32-Compat,round_03_position_3_Cloud-RCS-FP32-Compat,167,logits,1787658994801775784,1787658994836007876,34.231811999999998,2,2,2,,0
Node3,Cloud-RCS-FP32-Compat,round_03_position_3_Cloud-RCS-FP32-Compat,168,logits,1787658994836008646,1787658994870236409,34.227463,2,2,2,,0
Node3,Cloud-RCS-FP32-Compat,round_03_position_3_Cloud-RCS-FP32-Compat,169,logits,1787658994870236929,1787658994904814689,34.577309999999997,2,2,2,,0
Node3,Cloud-RCS-FP32-Compat,round_03_position_3_Cloud-RCS-FP32-Compat,170,logits,1787658994904815129,1787658994940097935,35.282375999999999,2,2,2,,0
Node3,Cloud-RCS-FP32-Compat,round_03_position_3_Cloud-RCS-FP32-Compat,171,logits,1787658994940098515,1787658994974850914,34.751998999999998,2,2,2,,0
Node3,Cloud-RCS-FP32-Compat,round_03_position_3_Cloud-RCS-FP32-Compat,172,logits,1787658994974851184,1787658995009445685,34.594101000000002,2,2,2,,0
Node3,Cloud-RCS-FP32-Compat,round_03_position_3_Cloud-RCS-FP32-Compat,173,logits,1787658995009446205,1787658995043396383,33.949897999999997,2,2,2,,0
Node3,Cloud-RCS-FP32-Compat,round_03_position_3_Cloud-RCS-FP32-Compat,174,logits,1787658995043396793,1787658995078813666,35.416452999999997,2,2,2,,0
Node3,Cloud-RCS-FP32-Compat,round_03_position_3_Cloud-RCS-FP32-Compat,175,logits,1787658995078814176,1787658995116419752,37.605175000000003,2,2,2,,0
Node3,Cloud-RCS-FP32-Compat,round_03_position_3_Cloud-RCS-FP32-Compat,176,logits,1787658995116420292,1787658995151587911,35.167338999999998,2,2,2,,0
Node3,Cloud-RCS-FP32-Compat,round_03_position_3_Cloud-RCS-FP32-Compat,177,logits,1787658995151588711,1787658995185763181,34.174010000000003,2,2,2,,0
Node3,Cloud-RCS-FP32-Compat,round_03_position_3_Cloud-RCS-FP32-Compat,178,logits,1787658995185763591,1787658995221631388,35.867235999999998,2,2,2,,0
Node3,Cloud-RCS-FP32-Compat,round_03_position_3_Cloud-RCS-FP32-Compat,179,logits,1787658995221631908,1787658995259072944,37.440116000000003,2,2,2,,0
Node3,Cloud-RCS-FP32-Compat,round_03_position_3_Cloud-RCS-FP32-Compat,180,logits,1787658995259073364,1787658995298052119,38.978164999999997,2,2,2,,0
Node3,Cloud-RCS-FP32-Compat,round_03_position_3_Cloud-RCS-FP32-Compat,181,logits,1787658995298052510,1787658995334257883,36.204982999999999,2,2,2,,0
Node3,Cloud-RCS-FP32-Compat,round_03_position_3_Cloud-RCS-FP32-Compat,182,logits,1787658995334258393,1787658995370056175,35.797221999999998,2,2,2,,0
Node3,Cloud-RCS-FP32-Compat,round_03_position_3_Cloud-RCS-FP32-Compat,183,logits,1787658995370056635,1787658995406793316,36.736230999999997,2,2,2,,0
Node3,Cloud-RCS-FP32-Compat,round_03_position_3_Cloud-RCS-FP32-Compat,184,logits,1787658995406793846,1787658995442424260,35.630014000000003,2,2,2,,0
Node3,Cloud-RCS-FP32-Compat,round_03_position_3_Cloud-RCS-FP32-Compat,185,logits,1787658995442424690,1787658995478882397,36.457206999999997,2,2,2,,0
Node3,Cloud-RCS-FP32-Compat,round_03_position_3_Cloud-RCS-FP32-Compat,186,logits,1787658995478882827,1787658995514708121,35.824993999999997,2,2,2,,0
Node3,Cloud-RCS-FP32-Compat,round_03_position_3_Cloud-RCS-FP32-Compat,187,logits,1787658995514708941,1787658995549470530,34.761139,2,2,2,,0
Node3,Cloud-RCS-FP32-Compat,round_03_position_3_Cloud-RCS-FP32-Compat,188,logits,1787658995549470810,1787658995584495734,35.024524,2,2,2,,0
Node3,Cloud-RCS-FP32-Compat,round_03_position_3_Cloud-RCS-FP32-Compat,189,logits,1787658995584496274,1787658995619096724,34.599980000000002,2,2,2,,0
Node3,Cloud-RCS-FP32-Compat,round_03_position_3_Cloud-RCS-FP32-Compat,190,logits,1787658995619096994,1787658995654713398,35.615974000000001,2,2,2,,0
Node3,Cloud-RCS-FP32-Compat,round_03_position_3_Cloud-RCS-FP32-Compat,191,logits,1787658995654713918,1787658995689494109,34.779930999999998,2,2,2,,0
Node3,Cloud-RCS-FP32-Compat,round_03_position_3_Cloud-RCS-FP32-Compat,192,logits,1787658995689494499,1787658995724562353,35.067583999999997,2,2,2,,0
Node3,Cloud-RCS-FP32-Compat,round_03_position_3_Cloud-RCS-FP32-Compat,193,logits,1787658995724562613,1787658995759155575,34.592571999999997,2,2,2,,0
Node3,Cloud-RCS-FP32-Compat,round_03_position_3_Cloud-RCS-FP32-Compat,194,logits,1787658995759155965,1787658995793947896,34.791651000000002,2,2,2,,0
Node3,Cloud-RCS-FP32-Compat,round_03_position_3_Cloud-RCS-FP32-Compat,195,logits,1787658995793948396,1787658995834306562,40.357785999999997,2,2,2,,0
Node3,Cloud-RCS-FP32-Compat,round_03_position_3_Cloud-RCS-FP32-Compat,196,logits,1787658995834306952,1787658995876390386,42.083154,2,2,2,,0
Node3,Cloud-RCS-FP32-Compat,round_03_position_3_Cloud-RCS-FP32-Compat,197,logits,1787658995876390896,1787658995911131145,34.739868999999999,2,2,2,,0
Node3,Cloud-RCS-FP32-Compat,round_03_position_3_Cloud-RCS-FP32-Compat,198,logits,1787658995911131845,1787658995946159378,35.027132999999999,2,2,2,,0
Node3,Cloud-RCS-FP32-Compat,round_03_position_3_Cloud-RCS-FP32-Compat,199,logits,1787658995946159908,1787658995980875495,34.715197000000003,2,2,2,,0
Node3,Cloud-RCS-FP32-Compat,round_04_position_1_Cloud-RCS-FP32-Compat,0,logits,1787659024994618840,1787659025030707281,36.088011000000002,2,2,2,,0
Node3,Cloud-RCS-FP32-Compat,round_04_position_1_Cloud-RCS-FP32-Compat,1,logits,1787659025030707822,1787659025065245433,34.537210999999999,2,2,2,,0
Node3,Cloud-RCS-FP32-Compat,round_04_position_1_Cloud-RCS-FP32-Compat,2,logits,1787659025065245803,1787659025100297873,35.05162,2,2,2,,0
Node3,Cloud-RCS-FP32-Compat,round_04_position_1_Cloud-RCS-FP32-Compat,3,logits,1787659025100298514,1787659025135198476,34.899552,2,2,2,,0
Node3,Cloud-RCS-FP32-Compat,round_04_position_1_Cloud-RCS-FP32-Compat,4,logits,1787659025135199016,1787659025170125461,34.925823999999999,2,2,2,,0
Node3,Cloud-RCS-FP32-Compat,round_04_position_1_Cloud-RCS-FP32-Compat,5,logits,1787659025170126161,1787659025207064802,36.938051000000002,2,2,2,,0
Node3,Cloud-RCS-FP32-Compat,round_04_position_1_Cloud-RCS-FP32-Compat,6,logits,1787659025207065482,1787659025244190907,37.125005000000002,2,2,2,,0
Node3,Cloud-RCS-FP32-Compat,round_04_position_1_Cloud-RCS-FP32-Compat,7,logits,1787659025244191497,1787659025279892387,35.700198999999998,2,2,2,,0
Node3,Cloud-RCS-FP32-Compat,round_04_position_1_Cloud-RCS-FP32-Compat,8,logits,1787659025279892927,1787659025317494173,37.600706000000002,2,2,2,,0
Node3,Cloud-RCS-FP32-Compat,round_04_position_1_Cloud-RCS-FP32-Compat,9,logits,1787659025317494774,1787659025353304962,35.809787999999998,2,2,2,,0
Node3,Cloud-RCS-FP32-Compat,round_04_position_1_Cloud-RCS-FP32-Compat,10,logits,1787659025353305502,1787659025387989389,34.683236000000001,2,2,2,,0
Node3,Cloud-RCS-FP32-Compat,round_04_position_1_Cloud-RCS-FP32-Compat,11,logits,1787659025387990169,1787659025423103167,35.112597000000001,2,2,2,,0
Node3,Cloud-RCS-FP32-Compat,round_04_position_1_Cloud-RCS-FP32-Compat,12,logits,1787659025423103727,1787659025458135838,35.031540999999997,2,2,2,,0
Node3,Cloud-RCS-FP32-Compat,round_04_position_1_Cloud-RCS-FP32-Compat,13,logits,1787659025458136339,1787659025493454388,35.317647999999998,2,2,2,,0
Node3,Cloud-RCS-FP32-Compat,round_04_position_1_Cloud-RCS-FP32-Compat,14,logits,1787659025493455208,1787659025527935323,34.479714999999999,2,2,2,,0
Node3,Cloud-RCS-FP32-Compat,round_04_position_1_Cloud-RCS-FP32-Compat,15,logits,1787659025527935844,1787659025562314033,34.377778999999997,2,2,2,,0
Node3,Cloud-RCS-FP32-Compat,round_04_position_1_Cloud-RCS-FP32-Compat,16,logits,1787659025562314404,1787659025595474551,33.159747000000003,2,2,2,,0
Node3,Cloud-RCS-FP32-Compat,round_04_position_1_Cloud-RCS-FP32-Compat,17,logits,1787659025595475051,1787659025628747759,33.272418000000002,2,2,2,,0
Node3,Cloud-RCS-FP32-Compat,round_04_position_1_Cloud-RCS-FP32-Compat,18,logits,1787659025628748299,1787659025662558216,33.809657000000001,2,2,2,,0
Node3,Cloud-RCS-FP32-Compat,round_04_position_1_Cloud-RCS-FP32-Compat,19,logits,1787659025662558696,1787659025696160030,33.600943999999998,2,2,2,,0
Node3,Cloud-RCS-FP32-Compat,round_04_position_1_Cloud-RCS-FP32-Compat,20,logits,1787659025696160530,1787659025729709871,33.548951000000002,2,2,2,,0
Node3,Cloud-RCS-FP32-Compat,round_04_position_1_Cloud-RCS-FP32-Compat,21,logits,1787659025729710371,1787659025762994194,33.283563000000001,2,2,2,,0
Node3,Cloud-RCS-FP32-Compat,round_04_position_1_Cloud-RCS-FP32-Compat,22,logits,1787659025762994594,1787659025796482077,33.487082999999998,2,2,2,,0
Node3,Cloud-RCS-FP32-Compat,round_04_position_1_Cloud-RCS-FP32-Compat,23,logits,1787659025796482688,1787659025830276517,33.793438999999999,2,2,2,,0
Node3,Cloud-RCS-FP32-Compat,round_04_position_1_Cloud-RCS-FP32-Compat,24,logits,1787659025830277047,1787659025863805679,33.528222,2,2,2,,0
Node3,Cloud-RCS-FP32-Compat,round_04_position_1_Cloud-RCS-FP32-Compat,25,logits,1787659025863806219,1787659025897216048,33.409408999999997,2,2,2,,0
Node3,Cloud-RCS-FP32-Compat,round_04_position_1_Cloud-RCS-FP32-Compat,26,logits,1787659025897216588,1787659025932626668,35.409700000000001,2,2,2,,0
Node3,Cloud-RCS-FP32-Compat,round_04_position_1_Cloud-RCS-FP32-Compat,27,logits,1787659025932627198,1787659025967907901,35.280301999999999,2,2,2,,0
Node3,Cloud-RCS-FP32-Compat,round_04_position_1_Cloud-RCS-FP32-Compat,28,logits,1787659025967908391,1787659026002259199,34.350408000000002,2,2,2,,0
Node3,Cloud-RCS-FP32-Compat,round_04_position_1_Cloud-RCS-FP32-Compat,29,logits,1787659026002259629,1787659026037288497,35.028467999999997,2,2,2,,0
Node3,Cloud-RCS-FP32-Compat,round_04_position_1_Cloud-RCS-FP32-Compat,30,logits,1787659026037288997,1787659026072316750,35.027352999999998,2,2,2,,0
Node3,Cloud-RCS-FP32-Compat,round_04_position_1_Cloud-RCS-FP32-Compat,31,logits,1787659026072317291,1787659026107293611,34.975929999999998,2,2,2,,0
Node3,Cloud-RCS-FP32-Compat,round_04_position_1_Cloud-RCS-FP32-Compat,32,logits,1787659026107294141,1787659026141609058,34.314517000000002,2,2,2,,0
Node3,Cloud-RCS-FP32-Compat,round_04_position_1_Cloud-RCS-FP32-Compat,33,logits,1787659026141609548,1787659026175785753,34.175935000000003,2,2,2,,0
Node3,Cloud-RCS-FP32-Compat,round_04_position_1_Cloud-RCS-FP32-Compat,34,logits,1787659026175786613,1787659026209819464,34.032550999999998,2,2,2,,0
Node3,Cloud-RCS-FP32-Compat,round_04_position_1_Cloud-RCS-FP32-Compat,35,logits,1787659026209820004,1787659026243789127,33.968702999999998,2,2,2,,0
Node3,Cloud-RCS-FP32-Compat,round_04_position_1_Cloud-RCS-FP32-Compat,36,logits,1787659026243789638,1787659026277703796,33.913747999999998,2,2,2,,0
Node3,Cloud-RCS-FP32-Compat,round_04_position_1_Cloud-RCS-FP32-Compat,37,logits,1787659026277704396,1787659026311599056,33.89425,2,2,2,,0
Node3,Cloud-RCS-FP32-Compat,round_04_position_1_Cloud-RCS-FP32-Compat,38,logits,1787659026311599606,1787659026347592798,35.992801999999998,2,2,2,,0
Node3,Cloud-RCS-FP32-Compat,round_04_position_1_Cloud-RCS-FP32-Compat,39,logits,1787659026347593309,1787659026382989385,35.395676000000002,2,2,2,,0
Node3,Cloud-RCS-FP32-Compat,round_04_position_1_Cloud-RCS-FP32-Compat,40,logits,1787659026382989805,1787659026417144961,34.154885999999998,2,2,2,,0
Node3,Cloud-RCS-FP32-Compat,round_04_position_1_Cloud-RCS-FP32-Compat,41,logits,1787659026417145481,1787659026451189277,34.043205999999998,2,2,2,,0
Node3,Cloud-RCS-FP32-Compat,round_04_position_1_Cloud-RCS-FP32-Compat,42,logits,1787659026451189777,1787659026485241697,34.051519999999996,2,2,2,,0
Node3,Cloud-RCS-FP32-Compat,round_04_position_1_Cloud-RCS-FP32-Compat,43,logits,1787659026485242087,1787659026518255675,33.013178000000003,2,2,2,,0
Node3,Cloud-RCS-FP32-Compat,round_04_position_1_Cloud-RCS-FP32-Compat,44,logits,1787659026518256226,1787659026552616852,34.360236,2,2,2,,0
Node3,Cloud-RCS-FP32-Compat,round_04_position_1_Cloud-RCS-FP32-Compat,45,logits,1787659026552617393,1787659026587245238,34.627445000000002,2,2,2,,0
Node3,Cloud-RCS-FP32-Compat,round_04_position_1_Cloud-RCS-FP32-Compat,46,logits,1787659026587245758,1787659026621532222,34.285834000000001,2,2,2,,0
Node3,Cloud-RCS-FP32-Compat,round_04_position_1_Cloud-RCS-FP32-Compat,47,logits,1787659026621532592,1787659026655900012,34.367060000000002,2,2,2,,0
Node3,Cloud-RCS-FP32-Compat,round_04_position_1_Cloud-RCS-FP32-Compat,48,logits,1787659026655900572,1787659026690758380,34.857418000000003,2,2,2,,0
Node3,Cloud-RCS-FP32-Compat,round_04_position_1_Cloud-RCS-FP32-Compat,49,logits,1787659026690758870,1787659026727728806,36.969546000000001,2,2,2,,0
Node3,Cloud-RCS-FP32-Compat,round_04_position_1_Cloud-RCS-FP32-Compat,50,logits,1787659026727729307,1787659026762812795,35.083227999999998,2,2,2,,0
Node3,Cloud-RCS-FP32-Compat,round_04_position_1_Cloud-RCS-FP32-Compat,51,logits,1787659026762813355,1787659026797199022,34.385396999999998,2,2,2,,0
Node3,Cloud-RCS-FP32-Compat,round_04_position_1_Cloud-RCS-FP32-Compat,52,logits,1787659026797199563,1787659026831238217,34.038223000000002,2,2,2,,0
Node3,Cloud-RCS-FP32-Compat,round_04_position_1_Cloud-RCS-FP32-Compat,53,logits,1787659026831239047,1787659026864798728,33.559300999999998,2,2,2,,0
Node3,Cloud-RCS-FP32-Compat,round_04_position_1_Cloud-RCS-FP32-Compat,54,logits,1787659026864799268,1787659026898931703,34.132044999999998,2,2,2,,0
Node3,Cloud-RCS-FP32-Compat,round_04_position_1_Cloud-RCS-FP32-Compat,55,logits,1787659026898932083,1787659026934012180,35.079697000000003,2,2,2,,0
Node3,Cloud-RCS-FP32-Compat,round_04_position_1_Cloud-RCS-FP32-Compat,56,logits,1787659026934012990,1787659026968498653,34.485261999999999,2,2,2,,0
Node3,Cloud-RCS-FP32-Compat,round_04_position_1_Cloud-RCS-FP32-Compat,57,logits,1787659026968499143,1787659027002456421,33.956997000000001,2,2,2,,0
Node3,Cloud-RCS-FP32-Compat,round_04_position_1_Cloud-RCS-FP32-Compat,58,logits,1787659027002456981,1787659027036321247,33.863985999999997,2,2,2,,0
Node3,Cloud-RCS-FP32-Compat,round_04_position_1_Cloud-RCS-FP32-Compat,59,logits,1787659027036321747,1787659027070339516,34.017429,2,2,2,,0
Node3,Cloud-RCS-FP32-Compat,round_04_position_1_Cloud-RCS-FP32-Compat,60,logits,1787659027070339826,1787659027104187481,33.847254,2,2,2,,0
Node3,Cloud-RCS-FP32-Compat,round_04_position_1_Cloud-RCS-FP32-Compat,61,logits,1787659027104187971,1787659027138287637,34.099276000000003,2,2,2,,0
Node3,Cloud-RCS-FP32-Compat,round_04_position_1_Cloud-RCS-FP32-Compat,62,logits,1787659027138288407,1787659027172803687,34.514859999999999,2,2,2,,0
Node3,Cloud-RCS-FP32-Compat,round_04_position_1_Cloud-RCS-FP32-Compat,63,logits,1787659027172804227,1787659027207790556,34.986078999999997,2,2,2,,0
Node3,Cloud-RCS-FP32-Compat,round_04_position_1_Cloud-RCS-FP32-Compat,64,logits,1787659027207791076,1787659027242650258,34.858781999999998,2,2,2,,0
Node3,Cloud-RCS-FP32-Compat,round_04_position_1_Cloud-RCS-FP32-Compat,65,logits,1787659027242650789,1787659027276927163,34.276124000000003,2,2,2,,0
Node3,Cloud-RCS-FP32-Compat,round_04_position_1_Cloud-RCS-FP32-Compat,66,logits,1787659027276927743,1787659027312155348,35.227105000000002,2,2,2,,0
Node3,Cloud-RCS-FP32-Compat,round_04_position_1_Cloud-RCS-FP32-Compat,67,logits,1787659027312155899,1787659027349252502,37.096183000000003,2,2,2,,0
Node3,Cloud-RCS-FP32-Compat,round_04_position_1_Cloud-RCS-FP32-Compat,68,logits,1787659027349253032,1787659027387758230,38.504798000000001,2,2,2,,0
Node3,Cloud-RCS-FP32-Compat,round_04_position_1_Cloud-RCS-FP32-Compat,69,logits,1787659027387758830,1787659027424157134,36.397903999999997,2,2,2,,0
Node3,Cloud-RCS-FP32-Compat,round_04_position_1_Cloud-RCS-FP32-Compat,70,logits,1787659027424157584,1787659027459401317,35.243322999999997,2,2,2,,0
Node3,Cloud-RCS-FP32-Compat,round_04_position_1_Cloud-RCS-FP32-Compat,71,logits,1787659027459401827,1787659027493557088,34.15484,2,2,2,,0
Node3,Cloud-RCS-FP32-Compat,round_04_position_1_Cloud-RCS-FP32-Compat,72,logits,1787659027493557578,1787659027527822367,34.264378999999998,2,2,2,,0
Node3,Cloud-RCS-FP32-Compat,round_04_position_1_Cloud-RCS-FP32-Compat,73,logits,1787659027527822927,1787659027562464743,34.641565999999997,2,2,2,,0
Node3,Cloud-RCS-FP32-Compat,round_04_position_1_Cloud-RCS-FP32-Compat,74,logits,1787659027562465083,1787659027597243970,34.778497000000002,2,2,2,,0
Node3,Cloud-RCS-FP32-Compat,round_04_position_1_Cloud-RCS-FP32-Compat,75,logits,1787659027597244470,1787659027631758560,34.513829000000001,2,2,2,,0
Node3,Cloud-RCS-FP32-Compat,round_04_position_1_Cloud-RCS-FP32-Compat,76,logits,1787659027631758970,1787659027667972932,36.213552,2,2,2,,0
Node3,Cloud-RCS-FP32-Compat,round_04_position_1_Cloud-RCS-FP32-Compat,77,logits,1787659027667974803,1787659027702593169,34.617975000000001,2,2,2,,0
Node3,Cloud-RCS-FP32-Compat,round_04_position_1_Cloud-RCS-FP32-Compat,78,logits,1787659027702593699,1787659027736334236,33.740136,2,2,2,,0
Node3,Cloud-RCS-FP32-Compat,round_04_position_1_Cloud-RCS-FP32-Compat,79,logits,1787659027736334686,1787659027770563939,34.228833000000002,2,2,2,,0
Node3,Cloud-RCS-FP32-Compat,round_04_position_1_Cloud-RCS-FP32-Compat,80,logits,1787659027770564439,1787659027805557691,34.992851999999999,2,2,2,,0
Node3,Cloud-RCS-FP32-Compat,round_04_position_1_Cloud-RCS-FP32-Compat,81,logits,1787659027805558201,1787659027840766638,35.208036999999997,2,2,2,,0
Node3,Cloud-RCS-FP32-Compat,round_04_position_1_Cloud-RCS-FP32-Compat,82,logits,1787659027840767158,1787659027875091314,34.323884999999997,2,2,2,,0
Node3,Cloud-RCS-FP32-Compat,round_04_position_1_Cloud-RCS-FP32-Compat,83,logits,1787659027875091824,1787659027909464330,34.372076,2,2,2,,0
Node3,Cloud-RCS-FP32-Compat,round_04_position_1_Cloud-RCS-FP32-Compat,84,logits,1787659027909464851,1787659027945275754,35.810493000000001,2,2,2,,0
Node3,Cloud-RCS-FP32-Compat,round_04_position_1_Cloud-RCS-FP32-Compat,85,logits,1787659027945276325,1787659027980162189,34.885474000000002,2,2,2,,0
Node3,Cloud-RCS-FP32-Compat,round_04_position_1_Cloud-RCS-FP32-Compat,86,logits,1787659027980162589,1787659028015828566,35.665446000000003,2,2,2,,0
Node3,Cloud-RCS-FP32-Compat,round_04_position_1_Cloud-RCS-FP32-Compat,87,logits,1787659028015829126,1787659028051272980,35.443454000000003,2,2,2,,0
Node3,Cloud-RCS-FP32-Compat,round_04_position_1_Cloud-RCS-FP32-Compat,88,logits,1787659028051273541,1787659028086535945,35.262143999999999,2,2,2,,0
Node3,Cloud-RCS-FP32-Compat,round_04_position_1_Cloud-RCS-FP32-Compat,89,logits,1787659028086536335,1787659028120957198,34.420343000000003,2,2,2,,0
Node3,Cloud-RCS-FP32-Compat,round_04_position_1_Cloud-RCS-FP32-Compat,90,logits,1787659028120957728,1787659028155173331,34.215223000000002,2,2,2,,0
Node3,Cloud-RCS-FP32-Compat,round_04_position_1_Cloud-RCS-FP32-Compat,91,logits,1787659028155173831,1787659028191432396,36.258034000000002,2,2,2,,0
Node3,Cloud-RCS-FP32-Compat,round_04_position_1_Cloud-RCS-FP32-Compat,92,logits,1787659028191433006,1787659028227052998,35.619252000000003,2,2,2,,0
Node3,Cloud-RCS-FP32-Compat,round_04_position_1_Cloud-RCS-FP32-Compat,93,logits,1787659028227053619,1787659028264718194,37.664155000000001,2,2,2,,0
Node3,Cloud-RCS-FP32-Compat,round_04_position_1_Cloud-RCS-FP32-Compat,94,logits,1787659028264718764,1787659028300732631,36.013466999999999,2,2,2,,0
Node3,Cloud-RCS-FP32-Compat,round_04_position_1_Cloud-RCS-FP32-Compat,95,logits,1787659028300733201,1787659028336023838,35.290506999999998,2,2,2,,0
Node3,Cloud-RCS-FP32-Compat,round_04_position_1_Cloud-RCS-FP32-Compat,96,logits,1787659028336024348,1787659028371355523,35.330784999999999,2,2,2,,0
Node3,Cloud-RCS-FP32-Compat,round_04_position_1_Cloud-RCS-FP32-Compat,97,logits,1787659028371356043,1787659028407051679,35.695155999999997,2,2,2,,0
Node3,Cloud-RCS-FP32-Compat,round_04_position_1_Cloud-RCS-FP32-Compat,98,logits,1787659028407052209,1787659028444536896,37.484166000000002,2,2,2,,0
Node3,Cloud-RCS-FP32-Compat,round_04_position_1_Cloud-RCS-FP32-Compat,99,logits,1787659028444537476,1787659028480581946,36.04401,2,2,2,,0
Node3,Cloud-RCS-FP32-Compat,round_04_position_1_Cloud-RCS-FP32-Compat,100,logits,1787659028480582436,1787659028516444665,35.861969000000002,2,2,2,,0
Node3,Cloud-RCS-FP32-Compat,round_04_position_1_Cloud-RCS-FP32-Compat,101,logits,1787659028516445196,1787659028551773049,35.327593,2,2,2,,0
Node3,Cloud-RCS-FP32-Compat,round_04_position_1_Cloud-RCS-FP32-Compat,102,logits,1787659028551773540,1787659028586393941,34.620010000000001,2,2,2,,0
Node3,Cloud-RCS-FP32-Compat,round_04_position_1_Cloud-RCS-FP32-Compat,103,logits,1787659028586394381,1787659028621193550,34.798898999999999,2,2,2,,0
Node3,Cloud-RCS-FP32-Compat,round_04_position_1_Cloud-RCS-FP32-Compat,104,logits,1787659028621194051,1787659028656513600,35.319139,2,2,2,,0
Node3,Cloud-RCS-FP32-Compat,round_04_position_1_Cloud-RCS-FP32-Compat,105,logits,1787659028656514141,1787659028691672189,35.157648000000002,2,2,2,,0
Node3,Cloud-RCS-FP32-Compat,round_04_position_1_Cloud-RCS-FP32-Compat,106,logits,1787659028691672760,1787659028727138064,35.464554,2,2,2,,0
Node3,Cloud-RCS-FP32-Compat,round_04_position_1_Cloud-RCS-FP32-Compat,107,logits,1787659028727138634,1787659028762400358,35.261434000000001,2,2,2,,0
Node3,Cloud-RCS-FP32-Compat,round_04_position_1_Cloud-RCS-FP32-Compat,108,logits,1787659028762400909,1787659028796691974,34.290675,2,2,2,,0
Node3,Cloud-RCS-FP32-Compat,round_04_position_1_Cloud-RCS-FP32-Compat,109,logits,1787659028796692424,1787659028832112408,35.419263999999998,2,2,2,,0
Node3,Cloud-RCS-FP32-Compat,round_04_position_1_Cloud-RCS-FP32-Compat,110,logits,1787659028832112949,1787659028867572260,35.458911000000001,2,2,2,,0
Node3,Cloud-RCS-FP32-Compat,round_04_position_1_Cloud-RCS-FP32-Compat,111,logits,1787659028867572800,1787659028902744285,35.171235000000003,2,2,2,,0
Node3,Cloud-RCS-FP32-Compat,round_04_position_1_Cloud-RCS-FP32-Compat,112,logits,1787659028902744735,1787659028937908666,35.163511,2,2,2,,0
Node3,Cloud-RCS-FP32-Compat,round_04_position_1_Cloud-RCS-FP32-Compat,113,logits,1787659028937909206,1787659028973489161,35.579545000000003,2,2,2,,0
Node3,Cloud-RCS-FP32-Compat,round_04_position_1_Cloud-RCS-FP32-Compat,114,logits,1787659028973489771,1787659029008741557,35.251396,2,2,2,,0
Node3,Cloud-RCS-FP32-Compat,round_04_position_1_Cloud-RCS-FP32-Compat,115,logits,1787659029008741998,1787659029046087973,37.345154999999998,2,2,2,,0
Node3,Cloud-RCS-FP32-Compat,round_04_position_1_Cloud-RCS-FP32-Compat,116,logits,1787659029046088593,1787659029082317818,36.228834999999997,2,2,2,,0
Node3,Cloud-RCS-FP32-Compat,round_04_position_1_Cloud-RCS-FP32-Compat,117,logits,1787659029082318378,1787659029117528193,35.209445000000002,2,2,2,,0
Node3,Cloud-RCS-FP32-Compat,round_04_position_1_Cloud-RCS-FP32-Compat,118,logits,1787659029117528694,1787659029153951003,36.422027999999997,2,2,2,,0
Node3,Cloud-RCS-FP32-Compat,round_04_position_1_Cloud-RCS-FP32-Compat,119,logits,1787659029153951453,1787659029188761662,34.809818999999997,2,2,2,,0
Node3,Cloud-RCS-FP32-Compat,round_04_position_1_Cloud-RCS-FP32-Compat,120,logits,1787659029188762132,1787659029224143873,35.381360999999998,2,2,2,,0
Node3,Cloud-RCS-FP32-Compat,round_04_position_1_Cloud-RCS-FP32-Compat,121,logits,1787659029224144583,1787659029259102188,34.957335,2,2,2,,0
Node3,Cloud-RCS-FP32-Compat,round_04_position_1_Cloud-RCS-FP32-Compat,122,logits,1787659029259102848,1787659029294380253,35.277135000000001,2,2,2,,0
Node3,Cloud-RCS-FP32-Compat,round_04_position_1_Cloud-RCS-FP32-Compat,123,logits,1787659029294380543,1787659029330391651,36.010728,2,2,2,,0
Node3,Cloud-RCS-FP32-Compat,round_04_position_1_Cloud-RCS-FP32-Compat,124,logits,1787659029330392101,1787659029365686364,35.293863000000002,2,2,2,,0
Node3,Cloud-RCS-FP32-Compat,round_04_position_1_Cloud-RCS-FP32-Compat,125,logits,1787659029365686854,1787659029400839884,35.152760000000001,2,2,2,,0
Node3,Cloud-RCS-FP32-Compat,round_04_position_1_Cloud-RCS-FP32-Compat,126,logits,1787659029400840244,1787659029450546904,49.705908999999998,2,2,2,,0
Node3,Cloud-RCS-FP32-Compat,round_04_position_1_Cloud-RCS-FP32-Compat,127,logits,1787659029450547834,1787659029490278920,39.730575999999999,2,2,2,,0
Node3,Cloud-RCS-FP32-Compat,round_04_position_1_Cloud-RCS-FP32-Compat,128,logits,1787659029490279460,1787659029527132700,36.852829,2,2,2,,0
Node3,Cloud-RCS-FP32-Compat,round_04_position_1_Cloud-RCS-FP32-Compat,129,logits,1787659029527133250,1787659029565483528,38.349877999999997,2,2,2,,0
Node3,Cloud-RCS-FP32-Compat,round_04_position_1_Cloud-RCS-FP32-Compat,130,logits,1787659029565484078,1787659029601859837,36.375368999999999,2,2,2,,0
Node3,Cloud-RCS-FP32-Compat,round_04_position_1_Cloud-RCS-FP32-Compat,131,logits,1787659029601860297,1787659029639319593,37.458914999999998,2,2,2,,0
Node3,Cloud-RCS-FP32-Compat,round_04_position_1_Cloud-RCS-FP32-Compat,132,logits,1787659029639320133,1787659029675080531,35.760007999999999,2,2,2,,0
Node3,Cloud-RCS-FP32-Compat,round_04_position_1_Cloud-RCS-FP32-Compat,133,logits,1787659029675080941,1787659029710458220,35.376899000000002,2,2,2,,0
Node3,Cloud-RCS-FP32-Compat,round_04_position_1_Cloud-RCS-FP32-Compat,134,logits,1787659029710458670,1787659029744601755,34.142695000000003,2,2,2,,0
Node3,Cloud-RCS-FP32-Compat,round_04_position_1_Cloud-RCS-FP32-Compat,135,logits,1787659029744602306,1787659029778894597,34.291880999999997,2,2,2,,0
Node3,Cloud-RCS-FP32-Compat,round_04_position_1_Cloud-RCS-FP32-Compat,136,logits,1787659029778895137,1787659029815952766,37.057219000000003,2,2,2,,0
Node3,Cloud-RCS-FP32-Compat,round_04_position_1_Cloud-RCS-FP32-Compat,137,logits,1787659029815953256,1787659029850710933,34.757255999999998,2,2,2,,0
Node3,Cloud-RCS-FP32-Compat,round_04_position_1_Cloud-RCS-FP32-Compat,138,logits,1787659029850711443,1787659029884918016,34.206183000000003,2,2,2,,0
Node3,Cloud-RCS-FP32-Compat,round_04_position_1_Cloud-RCS-FP32-Compat,139,logits,1787659029884918566,1787659029919126810,34.207974,2,2,2,,0
Node3,Cloud-RCS-FP32-Compat,round_04_position_1_Cloud-RCS-FP32-Compat,140,logits,1787659029919127331,1787659029955088687,35.960956000000003,2,2,2,,0
Node3,Cloud-RCS-FP32-Compat,round_04_position_1_Cloud-RCS-FP32-Compat,141,logits,1787659029955089067,1787659029989364101,34.274393000000003,2,2,2,,0
Node3,Cloud-RCS-FP32-Compat,round_04_position_1_Cloud-RCS-FP32-Compat,142,logits,1787659029989364601,1787659030023146886,33.782024,2,2,2,,0
Node3,Cloud-RCS-FP32-Compat,round_04_position_1_Cloud-RCS-FP32-Compat,143,logits,1787659030023147316,1787659030056772409,33.624833000000002,2,2,2,,0
Node3,Cloud-RCS-FP32-Compat,round_04_position_1_Cloud-RCS-FP32-Compat,144,logits,1787659030056772899,1787659030090299169,33.525869999999998,2,2,2,,0
Node3,Cloud-RCS-FP32-Compat,round_04_position_1_Cloud-RCS-FP32-Compat,145,logits,1787659030090299560,1787659030124955966,34.655886000000002,2,2,2,,0
Node3,Cloud-RCS-FP32-Compat,round_04_position_1_Cloud-RCS-FP32-Compat,146,logits,1787659030124956456,1787659030160366003,35.409146999999997,2,2,2,,0
Node3,Cloud-RCS-FP32-Compat,round_04_position_1_Cloud-RCS-FP32-Compat,147,logits,1787659030160366533,1787659030194814618,34.447685,2,2,2,,0
Node3,Cloud-RCS-FP32-Compat,round_04_position_1_Cloud-RCS-FP32-Compat,148,logits,1787659030194815118,1787659030231078210,36.262701999999997,2,2,2,,0
Node3,Cloud-RCS-FP32-Compat,round_04_position_1_Cloud-RCS-FP32-Compat,149,logits,1787659030231078811,1787659030266803796,35.724575000000002,2,2,2,,0
Node3,Cloud-RCS-FP32-Compat,round_04_position_1_Cloud-RCS-FP32-Compat,150,logits,1787659030266804436,1787659030303428887,36.624049999999997,2,2,2,,0
Node3,Cloud-RCS-FP32-Compat,round_04_position_1_Cloud-RCS-FP32-Compat,151,logits,1787659030303429347,1787659030338106232,34.676485,2,2,2,,0
Node3,Cloud-RCS-FP32-Compat,round_04_position_1_Cloud-RCS-FP32-Compat,152,logits,1787659030338106642,1787659030371882462,33.775550000000003,2,2,2,,0
Node3,Cloud-RCS-FP32-Compat,round_04_position_1_Cloud-RCS-FP32-Compat,153,logits,1787659030371883132,1787659030407861029,35.977487000000004,2,2,2,,0
Node3,Cloud-RCS-FP32-Compat,round_04_position_1_Cloud-RCS-FP32-Compat,154,logits,1787659030407861569,1787659030443417480,35.555501,2,2,2,,0
Node3,Cloud-RCS-FP32-Compat,round_04_position_1_Cloud-RCS-FP32-Compat,155,logits,1787659030443418031,1787659030479705303,36.286881999999999,2,2,2,,0
Node3,Cloud-RCS-FP32-Compat,round_04_position_1_Cloud-RCS-FP32-Compat,156,logits,1787659030479705693,1787659030516173455,36.467351999999998,2,2,2,,0
Node3,Cloud-RCS-FP32-Compat,round_04_position_1_Cloud-RCS-FP32-Compat,157,logits,1787659030516173875,1787659030551799347,35.625081999999999,2,2,2,,0
Node3,Cloud-RCS-FP32-Compat,round_04_position_1_Cloud-RCS-FP32-Compat,158,logits,1787659030551799857,1787659030585989108,34.188851,2,2,2,,0
Node3,Cloud-RCS-FP32-Compat,round_04_position_1_Cloud-RCS-FP32-Compat,159,logits,1787659030585989629,1787659030620359389,34.369370000000004,2,2,2,,0
Node3,Cloud-RCS-FP32-Compat,round_04_position_1_Cloud-RCS-FP32-Compat,160,logits,1787659030620359769,1787659030654407568,34.047389000000003,2,2,2,,0
Node3,Cloud-RCS-FP32-Compat,round_04_position_1_Cloud-RCS-FP32-Compat,161,logits,1787659030654408048,1787659030689322328,34.914009999999998,2,2,2,,0
Node3,Cloud-RCS-FP32-Compat,round_04_position_1_Cloud-RCS-FP32-Compat,162,logits,1787659030689322828,1787659030723459316,34.136208000000003,2,2,2,,0
Node3,Cloud-RCS-FP32-Compat,round_04_position_1_Cloud-RCS-FP32-Compat,163,logits,1787659030723459806,1787659030757128959,33.668751999999998,2,2,2,,0
Node3,Cloud-RCS-FP32-Compat,round_04_position_1_Cloud-RCS-FP32-Compat,164,logits,1787659030757129340,1787659030790760846,33.631115999999999,2,2,2,,0
Node3,Cloud-RCS-FP32-Compat,round_04_position_1_Cloud-RCS-FP32-Compat,165,logits,1787659030790761346,1787659030824989714,34.227978,2,2,2,,0
Node3,Cloud-RCS-FP32-Compat,round_04_position_1_Cloud-RCS-FP32-Compat,166,logits,1787659030824990215,1787659030859477757,34.487152000000002,2,2,2,,0
Node3,Cloud-RCS-FP32-Compat,round_04_position_1_Cloud-RCS-FP32-Compat,167,logits,1787659030859478067,1787659030893547196,34.068708999999998,2,2,2,,0
Node3,Cloud-RCS-FP32-Compat,round_04_position_1_Cloud-RCS-FP32-Compat,168,logits,1787659030893547996,1787659030927743590,34.195203999999997,2,2,2,,0
Node3,Cloud-RCS-FP32-Compat,round_04_position_1_Cloud-RCS-FP32-Compat,169,logits,1787659030927743960,1787659030961534746,33.790396000000001,2,2,2,,0
Node3,Cloud-RCS-FP32-Compat,round_04_position_1_Cloud-RCS-FP32-Compat,170,logits,1787659030961535147,1787659030995303143,33.767735999999999,2,2,2,,0
Node3,Cloud-RCS-FP32-Compat,round_04_position_1_Cloud-RCS-FP32-Compat,171,logits,1787659030995303633,1787659031029286428,33.982405,2,2,2,,0
Node3,Cloud-RCS-FP32-Compat,round_04_position_1_Cloud-RCS-FP32-Compat,172,logits,1787659031029286928,1787659031063385505,34.098326999999998,2,2,2,,0
Node3,Cloud-RCS-FP32-Compat,round_04_position_1_Cloud-RCS-FP32-Compat,173,logits,1787659031063386005,1787659031097334667,33.948272000000003,2,2,2,,0
Node3,Cloud-RCS-FP32-Compat,round_04_position_1_Cloud-RCS-FP32-Compat,174,logits,1787659031097335177,1787659031131063352,33.727915000000003,2,2,2,,0
Node3,Cloud-RCS-FP32-Compat,round_04_position_1_Cloud-RCS-FP32-Compat,175,logits,1787659031131063812,1787659031165399373,34.335160999999999,2,2,2,,0
Node3,Cloud-RCS-FP32-Compat,round_04_position_1_Cloud-RCS-FP32-Compat,176,logits,1787659031165399863,1787659031199936282,34.536149000000002,2,2,2,,0
Node3,Cloud-RCS-FP32-Compat,round_04_position_1_Cloud-RCS-FP32-Compat,177,logits,1787659031199936742,1787659031234672208,34.735205999999998,2,2,2,,0
Node3,Cloud-RCS-FP32-Compat,round_04_position_1_Cloud-RCS-FP32-Compat,178,logits,1787659031234672708,1787659031269399721,34.726742000000002,2,2,2,,0
Node3,Cloud-RCS-FP32-Compat,round_04_position_1_Cloud-RCS-FP32-Compat,179,logits,1787659031269400211,1787659031303538675,34.138204000000002,2,2,2,,0
Node3,Cloud-RCS-FP32-Compat,round_04_position_1_Cloud-RCS-FP32-Compat,180,logits,1787659031303539266,1787659031340380624,36.841087999999999,2,2,2,,0
Node3,Cloud-RCS-FP32-Compat,round_04_position_1_Cloud-RCS-FP32-Compat,181,logits,1787659031340381124,1787659031375773127,35.391742999999998,2,2,2,,0
Node3,Cloud-RCS-FP32-Compat,round_04_position_1_Cloud-RCS-FP32-Compat,182,logits,1787659031375773657,1787659031413130241,37.356313999999998,2,2,2,,0
Node3,Cloud-RCS-FP32-Compat,round_04_position_1_Cloud-RCS-FP32-Compat,183,logits,1787659031413130741,1787659031447868908,34.737757000000002,2,2,2,,0
Node3,Cloud-RCS-FP32-Compat,round_04_position_1_Cloud-RCS-FP32-Compat,184,logits,1787659031447869488,1787659031483266314,35.396405000000001,2,2,2,,0
Node3,Cloud-RCS-FP32-Compat,round_04_position_1_Cloud-RCS-FP32-Compat,185,logits,1787659031483266814,1787659031531037036,47.769821999999998,2,2,2,,0
Node3,Cloud-RCS-FP32-Compat,round_04_position_1_Cloud-RCS-FP32-Compat,186,logits,1787659031531037576,1787659031568808481,37.770505,2,2,2,,0
Node3,Cloud-RCS-FP32-Compat,round_04_position_1_Cloud-RCS-FP32-Compat,187,logits,1787659031568808911,1787659031603598370,34.789068999999998,2,2,2,,0
Node3,Cloud-RCS-FP32-Compat,round_04_position_1_Cloud-RCS-FP32-Compat,188,logits,1787659031603598951,1787659031639228848,35.629277000000002,2,2,2,,0
Node3,Cloud-RCS-FP32-Compat,round_04_position_1_Cloud-RCS-FP32-Compat,189,logits,1787659031639229389,1787659031674546939,35.317169999999997,2,2,2,,0
Node3,Cloud-RCS-FP32-Compat,round_04_position_1_Cloud-RCS-FP32-Compat,190,logits,1787659031674547439,1787659031709239787,34.691647000000003,2,2,2,,0
Node3,Cloud-RCS-FP32-Compat,round_04_position_1_Cloud-RCS-FP32-Compat,191,logits,1787659031709240047,1787659031744131501,34.891074000000003,2,2,2,,0
Node3,Cloud-RCS-FP32-Compat,round_04_position_1_Cloud-RCS-FP32-Compat,192,logits,1787659031744132211,1787659031778982538,34.849856000000003,2,2,2,,0
Node3,Cloud-RCS-FP32-Compat,round_04_position_1_Cloud-RCS-FP32-Compat,193,logits,1787659031778983018,1787659031813630145,34.646706999999999,2,2,2,,0
Node3,Cloud-RCS-FP32-Compat,round_04_position_1_Cloud-RCS-FP32-Compat,194,logits,1787659031813630545,1787659031849524108,35.893163000000001,2,2,2,,0
Node3,Cloud-RCS-FP32-Compat,round_04_position_1_Cloud-RCS-FP32-Compat,195,logits,1787659031849524658,1787659031884510194,34.985225,2,2,2,,0
Node3,Cloud-RCS-FP32-Compat,round_04_position_1_Cloud-RCS-FP32-Compat,196,logits,1787659031884510734,1787659031919340201,34.829206999999997,2,2,2,,0
Node3,Cloud-RCS-FP32-Compat,round_04_position_1_Cloud-RCS-FP32-Compat,197,logits,1787659031919340731,1787659031954138654,34.797373,2,2,2,,0
Node3,Cloud-RCS-FP32-Compat,round_04_position_1_Cloud-RCS-FP32-Compat,198,logits,1787659031954139195,1787659031988545356,34.405771000000001,2,2,2,,0
Node3,Cloud-RCS-FP32-Compat,round_04_position_1_Cloud-RCS-FP32-Compat,199,logits,1787659031988545796,1787659032022525414,33.979348000000002,2,2,2,,0
Node3,Cloud-RCS-MP-Task-v2,round_04_position_2_Cloud-RCS-MP-Task-v2,0,logits,1787659057168926429,1787659057199673384,30.746473999999999,2,2,2,,0
Node3,Cloud-RCS-MP-Task-v2,round_04_position_2_Cloud-RCS-MP-Task-v2,1,logits,1787659057199673944,1787659057229771995,30.097781000000001,2,2,2,,0
Node3,Cloud-RCS-MP-Task-v2,round_04_position_2_Cloud-RCS-MP-Task-v2,2,logits,1787659057229772526,1787659057260057052,30.284265999999999,2,2,2,,0
Node3,Cloud-RCS-MP-Task-v2,round_04_position_2_Cloud-RCS-MP-Task-v2,3,logits,1787659057260057572,1787659057291241674,31.183492000000001,2,2,2,,0
Node3,Cloud-RCS-MP-Task-v2,round_04_position_2_Cloud-RCS-MP-Task-v2,4,logits,1787659057291242215,1787659057324366624,33.123578000000002,2,2,2,,0
Node3,Cloud-RCS-MP-Task-v2,round_04_position_2_Cloud-RCS-MP-Task-v2,5,logits,1787659057324367144,1787659057356109772,31.742238,2,2,2,,0
Node3,Cloud-RCS-MP-Task-v2,round_04_position_2_Cloud-RCS-MP-Task-v2,6,logits,1787659057356110292,1787659057388961741,32.851028999999997,2,2,2,,0
Node3,Cloud-RCS-MP-Task-v2,round_04_position_2_Cloud-RCS-MP-Task-v2,7,logits,1787659057388962421,1787659057425322783,36.359941999999997,2,2,2,,0
Node3,Cloud-RCS-MP-Task-v2,round_04_position_2_Cloud-RCS-MP-Task-v2,8,logits,1787659057425323333,1787659057456301411,30.977688000000001,2,2,2,,0
Node3,Cloud-RCS-MP-Task-v2,round_04_position_2_Cloud-RCS-MP-Task-v2,9,logits,1787659057456301931,1787659057487604602,31.30228,2,2,2,,0
Node3,Cloud-RCS-MP-Task-v2,round_04_position_2_Cloud-RCS-MP-Task-v2,10,logits,1787659057487605022,1787659057518586961,30.981449000000001,2,2,2,,0
Node3,Cloud-RCS-MP-Task-v2,round_04_position_2_Cloud-RCS-MP-Task-v2,11,logits,1787659057518587451,1787659057549366039,30.778198,2,2,2,,0
Node3,Cloud-RCS-MP-Task-v2,round_04_position_2_Cloud-RCS-MP-Task-v2,12,logits,1787659057549366549,1787659057582111594,32.744635000000002,2,2,2,,0
Node3,Cloud-RCS-MP-Task-v2,round_04_position_2_Cloud-RCS-MP-Task-v2,13,logits,1787659057582112114,1787659057613823000,31.710376,2,2,2,,0
Node3,Cloud-RCS-MP-Task-v2,round_04_position_2_Cloud-RCS-MP-Task-v2,14,logits,1787659057613823530,1787659057645821702,31.997782000000001,2,2,2,,0
Node3,Cloud-RCS-MP-Task-v2,round_04_position_2_Cloud-RCS-MP-Task-v2,15,logits,1787659057645822283,1787659057677075762,31.253208999999998,2,2,2,,0
Node3,Cloud-RCS-MP-Task-v2,round_04_position_2_Cloud-RCS-MP-Task-v2,16,logits,1787659057677076142,1787659057707541673,30.465140999999999,2,2,2,,0
Node3,Cloud-RCS-MP-Task-v2,round_04_position_2_Cloud-RCS-MP-Task-v2,17,logits,1787659057707542183,1787659057738082203,30.539619999999999,2,2,2,,0
Node3,Cloud-RCS-MP-Task-v2,round_04_position_2_Cloud-RCS-MP-Task-v2,18,logits,1787659057738082583,1787659057768627006,30.543952999999998,2,2,2,,0
Node3,Cloud-RCS-MP-Task-v2,round_04_position_2_Cloud-RCS-MP-Task-v2,19,logits,1787659057768627506,1787659057799613447,30.985461000000001,2,2,2,,0
Node3,Cloud-RCS-MP-Task-v2,round_04_position_2_Cloud-RCS-MP-Task-v2,20,logits,1787659057799613988,1787659057841693510,42.079141999999997,2,2,2,,0
Node3,Cloud-RCS-MP-Task-v2,round_04_position_2_Cloud-RCS-MP-Task-v2,21,logits,1787659057841694230,1787659057872654311,30.959491,2,2,2,,0
Node3,Cloud-RCS-MP-Task-v2,round_04_position_2_Cloud-RCS-MP-Task-v2,22,logits,1787659057872654791,1787659057903889804,31.234722999999999,2,2,2,,0
Node3,Cloud-RCS-MP-Task-v2,round_04_position_2_Cloud-RCS-MP-Task-v2,23,logits,1787659057903890204,1787659057936445272,32.554678000000003,2,2,2,,0
Node3,Cloud-RCS-MP-Task-v2,round_04_position_2_Cloud-RCS-MP-Task-v2,24,logits,1787659057936445802,1787659057967742740,31.296668,2,2,2,,0
Node3,Cloud-RCS-MP-Task-v2,round_04_position_2_Cloud-RCS-MP-Task-v2,25,logits,1787659057967743140,1787659057998744657,31.001107000000001,2,2,2,,0
Node3,Cloud-RCS-MP-Task-v2,round_04_position_2_Cloud-RCS-MP-Task-v2,26,logits,1787659057998745178,1787659058029209430,30.463992000000001,2,2,2,,0
Node3,Cloud-RCS-MP-Task-v2,round_04_position_2_Cloud-RCS-MP-Task-v2,27,logits,1787659058029209941,1787659058060440064,31.229552999999999,2,2,2,,0
Node3,Cloud-RCS-MP-Task-v2,round_04_position_2_Cloud-RCS-MP-Task-v2,28,logits,1787659058060440574,1787659058091965098,31.524132999999999,2,2,2,,0
Node3,Cloud-RCS-MP-Task-v2,round_04_position_2_Cloud-RCS-MP-Task-v2,29,logits,1787659058091965498,1787659058123077204,31.111086,2,2,2,,0
Node3,Cloud-RCS-MP-Task-v2,round_04_position_2_Cloud-RCS-MP-Task-v2,30,logits,1787659058123077614,1787659058154530988,31.453123999999999,2,2,2,,0
Node3,Cloud-RCS-MP-Task-v2,round_04_position_2_Cloud-RCS-MP-Task-v2,31,logits,1787659058154531588,1787659058185044692,30.512694,2,2,2,,0
Node3,Cloud-RCS-MP-Task-v2,round_04_position_2_Cloud-RCS-MP-Task-v2,32,logits,1787659058185045243,1787659058215680336,30.634682999999999,2,2,2,,0
Node3,Cloud-RCS-MP-Task-v2,round_04_position_2_Cloud-RCS-MP-Task-v2,33,logits,1787659058215680716,1787659058246602996,30.92202,2,2,2,,0
Node3,Cloud-RCS-MP-Task-v2,round_04_position_2_Cloud-RCS-MP-Task-v2,34,logits,1787659058246603406,1787659058279459577,32.855831000000002,2,2,2,,0
Node3,Cloud-RCS-MP-Task-v2,round_04_position_2_Cloud-RCS-MP-Task-v2,35,logits,1787659058279460118,1787659058309888917,30.428419000000002,2,2,2,,0
Node3,Cloud-RCS-MP-Task-v2,round_04_position_2_Cloud-RCS-MP-Task-v2,36,logits,1787659058309889468,1787659058340871371,30.981393000000001,2,2,2,,0
Node3,Cloud-RCS-MP-Task-v2,round_04_position_2_Cloud-RCS-MP-Task-v2,37,logits,1787659058340871751,1787659058374116931,33.244788999999997,2,2,2,,0
Node3,Cloud-RCS-MP-Task-v2,round_04_position_2_Cloud-RCS-MP-Task-v2,38,logits,1787659058374117761,1787659058407619454,33.501303,2,2,2,,0
Node3,Cloud-RCS-MP-Task-v2,round_04_position_2_Cloud-RCS-MP-Task-v2,39,logits,1787659058407620204,1787659058440167061,32.546456999999997,2,2,2,,0
Node3,Cloud-RCS-MP-Task-v2,round_04_position_2_Cloud-RCS-MP-Task-v2,40,logits,1787659058440167581,1787659058472076030,31.907907999999999,2,2,2,,0
Node3,Cloud-RCS-MP-Task-v2,round_04_position_2_Cloud-RCS-MP-Task-v2,41,logits,1787659058472076560,1787659058504361830,32.284880000000001,2,2,2,,0
Node3,Cloud-RCS-MP-Task-v2,round_04_position_2_Cloud-RCS-MP-Task-v2,42,logits,1787659058504362331,1787659058536449041,32.08614,2,2,2,,0
Node3,Cloud-RCS-MP-Task-v2,round_04_position_2_Cloud-RCS-MP-Task-v2,43,logits,1787659058536449581,1787659058568395305,31.945333999999999,2,2,2,,0
Node3,Cloud-RCS-MP-Task-v2,round_04_position_2_Cloud-RCS-MP-Task-v2,44,logits,1787659058568396065,1787659058601708872,33.312396999999997,2,2,2,,0
Node3,Cloud-RCS-MP-Task-v2,round_04_position_2_Cloud-RCS-MP-Task-v2,45,logits,1787659058601709392,1787659058634625538,32.915736000000003,2,2,2,,0
Node3,Cloud-RCS-MP-Task-v2,round_04_position_2_Cloud-RCS-MP-Task-v2,46,logits,1787659058634626038,1787659058666318239,31.691780999999999,2,2,2,,0
Node3,Cloud-RCS-MP-Task-v2,round_04_position_2_Cloud-RCS-MP-Task-v2,47,logits,1787659058666318609,1787659058697986290,31.667151,2,2,2,,0
Node3,Cloud-RCS-MP-Task-v2,round_04_position_2_Cloud-RCS-MP-Task-v2,48,logits,1787659058697986840,1787659058729172716,31.185006000000001,2,2,2,,0
Node3,Cloud-RCS-MP-Task-v2,round_04_position_2_Cloud-RCS-MP-Task-v2,49,logits,1787659058729173297,1787659058759587440,30.413743,2,2,2,,0
Node3,Cloud-RCS-MP-Task-v2,round_04_position_2_Cloud-RCS-MP-Task-v2,50,logits,1787659058759587821,1787659058790921366,31.333144999999998,2,2,2,,0
Node3,Cloud-RCS-MP-Task-v2,round_04_position_2_Cloud-RCS-MP-Task-v2,51,logits,1787659058790921777,1787659058821787463,30.865286000000001,2,2,2,,0
Node3,Cloud-RCS-MP-Task-v2,round_04_position_2_Cloud-RCS-MP-Task-v2,52,logits,1787659058821787983,1787659058856072103,34.283729999999998,2,2,2,,0
Node3,Cloud-RCS-MP-Task-v2,round_04_position_2_Cloud-RCS-MP-Task-v2,53,logits,1787659058856072613,1787659058892247687,36.174683999999999,2,2,2,,0
Node3,Cloud-RCS-MP-Task-v2,round_04_position_2_Cloud-RCS-MP-Task-v2,54,logits,1787659058892248088,1787659058923028460,30.779831999999999,2,2,2,,0
Node3,Cloud-RCS-MP-Task-v2,round_04_position_2_Cloud-RCS-MP-Task-v2,55,logits,1787659058923029230,1787659058955789793,32.760072999999998,2,2,2,,0
Node3,Cloud-RCS-MP-Task-v2,round_04_position_2_Cloud-RCS-MP-Task-v2,56,logits,1787659058955790193,1787659058986022723,30.232130000000002,2,2,2,,0
Node3,Cloud-RCS-MP-Task-v2,round_04_position_2_Cloud-RCS-MP-Task-v2,57,logits,1787659058986023114,1787659059016322909,30.299405,2,2,2,,0
Node3,Cloud-RCS-MP-Task-v2,round_04_position_2_Cloud-RCS-MP-Task-v2,58,logits,1787659059016323309,1787659059046495540,30.171831000000001,2,2,2,,0
Node3,Cloud-RCS-MP-Task-v2,round_04_position_2_Cloud-RCS-MP-Task-v2,59,logits,1787659059046496050,1787659059077231809,30.735509,2,2,2,,0
Node3,Cloud-RCS-MP-Task-v2,round_04_position_2_Cloud-RCS-MP-Task-v2,60,logits,1787659059077232209,1787659059107474648,30.242179,2,2,2,,0
Node3,Cloud-RCS-MP-Task-v2,round_04_position_2_Cloud-RCS-MP-Task-v2,61,logits,1787659059107475058,1787659059137925351,30.450023000000002,2,2,2,,0
Node3,Cloud-RCS-MP-Task-v2,round_04_position_2_Cloud-RCS-MP-Task-v2,62,logits,1787659059137925882,1787659059169054438,31.128405999999998,2,2,2,,0
Node3,Cloud-RCS-MP-Task-v2,round_04_position_2_Cloud-RCS-MP-Task-v2,63,logits,1787659059169055028,1787659059199560664,30.505275999999999,2,2,2,,0
Node3,Cloud-RCS-MP-Task-v2,round_04_position_2_Cloud-RCS-MP-Task-v2,64,logits,1787659059199561194,1787659059230138348,30.576623999999999,2,2,2,,0
Node3,Cloud-RCS-MP-Task-v2,round_04_position_2_Cloud-RCS-MP-Task-v2,65,logits,1787659059230138868,1787659059259992001,29.852861999999998,2,2,2,,0
Node3,Cloud-RCS-MP-Task-v2,round_04_position_2_Cloud-RCS-MP-Task-v2,66,logits,1787659059259992381,1787659059290769335,30.776824000000001,2,2,2,,0
Node3,Cloud-RCS-MP-Task-v2,round_04_position_2_Cloud-RCS-MP-Task-v2,67,logits,1787659059290769836,1787659059320954121,30.184014999999999,2,2,2,,0
Node3,Cloud-RCS-MP-Task-v2,round_04_position_2_Cloud-RCS-MP-Task-v2,68,logits,1787659059320954682,1787659059351565049,30.609877000000001,2,2,2,,0
Node3,Cloud-RCS-MP-Task-v2,round_04_position_2_Cloud-RCS-MP-Task-v2,69,logits,1787659059351565589,1787659059382074736,30.508697000000002,2,2,2,,0
Node3,Cloud-RCS-MP-Task-v2,round_04_position_2_Cloud-RCS-MP-Task-v2,70,logits,1787659059382075286,1787659059412830582,30.754905999999998,2,2,2,,0
Node3,Cloud-RCS-MP-Task-v2,round_04_position_2_Cloud-RCS-MP-Task-v2,71,logits,1787659059412830963,1787659059443630167,30.799074000000001,2,2,2,,0
Node3,Cloud-RCS-MP-Task-v2,round_04_position_2_Cloud-RCS-MP-Task-v2,72,logits,1787659059443630417,1787659059473501496,29.870678999999999,2,2,2,,0
Node3,Cloud-RCS-MP-Task-v2,round_04_position_2_Cloud-RCS-MP-Task-v2,73,logits,1787659059473501876,1787659059503987563,30.485287,2,2,2,,0
Node3,Cloud-RCS-MP-Task-v2,round_04_position_2_Cloud-RCS-MP-Task-v2,74,logits,1787659059503988063,1787659059534672581,30.683997000000002,2,2,2,,0
Node3,Cloud-RCS-MP-Task-v2,round_04_position_2_Cloud-RCS-MP-Task-v2,75,logits,1787659059534673201,1787659059568217753,33.544141000000003,2,2,2,,0
Node3,Cloud-RCS-MP-Task-v2,round_04_position_2_Cloud-RCS-MP-Task-v2,76,logits,1787659059568218263,1787659059599739858,31.521335000000001,2,2,2,,0
Node3,Cloud-RCS-MP-Task-v2,round_04_position_2_Cloud-RCS-MP-Task-v2,77,logits,1787659059599740378,1787659059630604248,30.863340000000001,2,2,2,,0
Node3,Cloud-RCS-MP-Task-v2,round_04_position_2_Cloud-RCS-MP-Task-v2,78,logits,1787659059630604758,1787659059665674875,35.069727,2,2,2,,0
Node3,Cloud-RCS-MP-Task-v2,round_04_position_2_Cloud-RCS-MP-Task-v2,79,logits,1787659059665675375,1787659059696256801,30.580895999999999,2,2,2,,0
Node3,Cloud-RCS-MP-Task-v2,round_04_position_2_Cloud-RCS-MP-Task-v2,80,logits,1787659059696257321,1787659059727453835,31.195983999999999,2,2,2,,0
Node3,Cloud-RCS-MP-Task-v2,round_04_position_2_Cloud-RCS-MP-Task-v2,81,logits,1787659059727454346,1787659059757829488,30.374852000000001,2,2,2,,0
Node3,Cloud-RCS-MP-Task-v2,round_04_position_2_Cloud-RCS-MP-Task-v2,82,logits,1787659059757829998,1787659059788373369,30.543101,2,2,2,,0
Node3,Cloud-RCS-MP-Task-v2,round_04_position_2_Cloud-RCS-MP-Task-v2,83,logits,1787659059788373929,1787659059818570010,30.195810999999999,2,2,2,,0
Node3,Cloud-RCS-MP-Task-v2,round_04_position_2_Cloud-RCS-MP-Task-v2,84,logits,1787659059818570410,1787659059848813960,30.243310000000001,2,2,2,,0
Node3,Cloud-RCS-MP-Task-v2,round_04_position_2_Cloud-RCS-MP-Task-v2,85,logits,1787659059848814480,1787659059878784979,29.970329,2,2,2,,0
Node3,Cloud-RCS-MP-Task-v2,round_04_position_2_Cloud-RCS-MP-Task-v2,86,logits,1787659059878785580,1787659059909053169,30.267339,2,2,2,,0
Node3,Cloud-RCS-MP-Task-v2,round_04_position_2_Cloud-RCS-MP-Task-v2,87,logits,1787659059909053549,1787659059942540147,33.486167999999999,2,2,2,,0
Node3,Cloud-RCS-MP-Task-v2,round_04_position_2_Cloud-RCS-MP-Task-v2,88,logits,1787659059942540807,1787659059974451549,31.910612,2,2,2,,0
Node3,Cloud-RCS-MP-Task-v2,round_04_position_2_Cloud-RCS-MP-Task-v2,89,logits,1787659059974452100,1787659060004880230,30.42793,2,2,2,,0
Node3,Cloud-RCS-MP-Task-v2,round_04_position_2_Cloud-RCS-MP-Task-v2,90,logits,1787659060004880620,1787659060035288891,30.408141000000001,2,2,2,,0
Node3,Cloud-RCS-MP-Task-v2,round_04_position_2_Cloud-RCS-MP-Task-v2,91,logits,1787659060035289311,1787659060065648262,30.358671000000001,2,2,2,,0
Node3,Cloud-RCS-MP-Task-v2,round_04_position_2_Cloud-RCS-MP-Task-v2,92,logits,1787659060065648662,1787659060095800260,30.151208,2,2,2,,0
Node3,Cloud-RCS-MP-Task-v2,round_04_position_2_Cloud-RCS-MP-Task-v2,93,logits,1787659060095800780,1787659060125379607,29.578427000000001,2,2,2,,0
Node3,Cloud-RCS-MP-Task-v2,round_04_position_2_Cloud-RCS-MP-Task-v2,94,logits,1787659060125380037,1787659060155112726,29.732399000000001,2,2,2,,0
Node3,Cloud-RCS-MP-Task-v2,round_04_position_2_Cloud-RCS-MP-Task-v2,95,logits,1787659060155113237,1787659060185600939,30.487562,2,2,2,,0
Node3,Cloud-RCS-MP-Task-v2,round_04_position_2_Cloud-RCS-MP-Task-v2,96,logits,1787659060185601350,1787659060217111494,31.509743,2,2,2,,0
Node3,Cloud-RCS-MP-Task-v2,round_04_position_2_Cloud-RCS-MP-Task-v2,97,logits,1787659060217112024,1787659060249217897,32.105623000000001,2,2,2,,0
Node3,Cloud-RCS-MP-Task-v2,round_04_position_2_Cloud-RCS-MP-Task-v2,98,logits,1787659060249218418,1787659060281149781,31.930872999999998,2,2,2,,0
Node3,Cloud-RCS-MP-Task-v2,round_04_position_2_Cloud-RCS-MP-Task-v2,99,logits,1787659060281150321,1787659060312518818,31.367967,2,2,2,,0
Node3,Cloud-RCS-MP-Task-v2,round_04_position_2_Cloud-RCS-MP-Task-v2,100,logits,1787659060312519299,1787659060343550590,31.030901,2,2,2,,0
Node3,Cloud-RCS-MP-Task-v2,round_04_position_2_Cloud-RCS-MP-Task-v2,101,logits,1787659060343550860,1787659060374263633,30.712513000000001,2,2,2,,0
Node3,Cloud-RCS-MP-Task-v2,round_04_position_2_Cloud-RCS-MP-Task-v2,102,logits,1787659060374264154,1787659060406584924,32.320369999999997,2,2,2,,0
Node3,Cloud-RCS-MP-Task-v2,round_04_position_2_Cloud-RCS-MP-Task-v2,103,logits,1787659060406585464,1787659060437567666,30.981812000000001,2,2,2,,0
Node3,Cloud-RCS-MP-Task-v2,round_04_position_2_Cloud-RCS-MP-Task-v2,104,logits,1787659060437568096,1787659060471035117,33.466360999999999,2,2,2,,0
Node3,Cloud-RCS-MP-Task-v2,round_04_position_2_Cloud-RCS-MP-Task-v2,105,logits,1787659060471035707,1787659060502691350,31.655123,2,2,2,,0
Node3,Cloud-RCS-MP-Task-v2,round_04_position_2_Cloud-RCS-MP-Task-v2,106,logits,1787659060502691890,1787659060533051751,30.359480999999999,2,2,2,,0
Node3,Cloud-RCS-MP-Task-v2,round_04_position_2_Cloud-RCS-MP-Task-v2,107,logits,1787659060533052152,1787659060563355590,30.303038000000001,2,2,2,,0
Node3,Cloud-RCS-MP-Task-v2,round_04_position_2_Cloud-RCS-MP-Task-v2,108,logits,1787659060563356110,1787659060593883009,30.526629,2,2,2,,0
Node3,Cloud-RCS-MP-Task-v2,round_04_position_2_Cloud-RCS-MP-Task-v2,109,logits,1787659060593883519,1787659060624548403,30.664494000000001,2,2,2,,0
Node3,Cloud-RCS-MP-Task-v2,round_04_position_2_Cloud-RCS-MP-Task-v2,110,logits,1787659060624548953,1787659060655551503,31.002140000000001,2,2,2,,0
Node3,Cloud-RCS-MP-Task-v2,round_04_position_2_Cloud-RCS-MP-Task-v2,111,logits,1787659060655551923,1787659060687059747,31.507432999999999,2,2,2,,0
Node3,Cloud-RCS-MP-Task-v2,round_04_position_2_Cloud-RCS-MP-Task-v2,112,logits,1787659060687060697,1787659060719733138,32.672041,2,2,2,,0
Node3,Cloud-RCS-MP-Task-v2,round_04_position_2_Cloud-RCS-MP-Task-v2,113,logits,1787659060719733669,1787659060751076245,31.342136,2,2,2,,0
Node3,Cloud-RCS-MP-Task-v2,round_04_position_2_Cloud-RCS-MP-Task-v2,114,logits,1787659060751076656,1787659060782065180,30.987613,2,2,2,,0
Node3,Cloud-RCS-MP-Task-v2,round_04_position_2_Cloud-RCS-MP-Task-v2,115,logits,1787659060782065620,1787659060813344901,31.279140999999999,2,2,2,,0
Node3,Cloud-RCS-MP-Task-v2,round_04_position_2_Cloud-RCS-MP-Task-v2,116,logits,1787659060813345301,1787659060844089737,30.744066,2,2,2,,0
Node3,Cloud-RCS-MP-Task-v2,round_04_position_2_Cloud-RCS-MP-Task-v2,117,logits,1787659060844090588,1787659060874919418,30.828419,2,2,2,,0
Node3,Cloud-RCS-MP-Task-v2,round_04_position_2_Cloud-RCS-MP-Task-v2,118,logits,1787659060874919838,1787659060906916508,31.996248999999999,2,2,2,,0
Node3,Cloud-RCS-MP-Task-v2,round_04_position_2_Cloud-RCS-MP-Task-v2,119,logits,1787659060906916958,1787659060938412186,31.494688,2,2,2,,0
Node3,Cloud-RCS-MP-Task-v2,round_04_position_2_Cloud-RCS-MP-Task-v2,120,logits,1787659060938412696,1787659060969339365,30.926269000000001,2,2,2,,0
Node3,Cloud-RCS-MP-Task-v2,round_04_position_2_Cloud-RCS-MP-Task-v2,121,logits,1787659060969339745,1787659061000366195,31.026289999999999,2,2,2,,0
Node3,Cloud-RCS-MP-Task-v2,round_04_position_2_Cloud-RCS-MP-Task-v2,122,logits,1787659061000366735,1787659061031253254,30.886258999999999,2,2,2,,0
Node3,Cloud-RCS-MP-Task-v2,round_04_position_2_Cloud-RCS-MP-Task-v2,123,logits,1787659061031253754,1787659061062348655,31.094501000000001,2,2,2,,0
Node3,Cloud-RCS-MP-Task-v2,round_04_position_2_Cloud-RCS-MP-Task-v2,124,logits,1787659061062349335,1787659061093046557,30.696832000000001,2,2,2,,0
Node3,Cloud-RCS-MP-Task-v2,round_04_position_2_Cloud-RCS-MP-Task-v2,125,logits,1787659061093046947,1787659061124092769,31.045442000000001,2,2,2,,0
Node3,Cloud-RCS-MP-Task-v2,round_04_position_2_Cloud-RCS-MP-Task-v2,126,logits,1787659061124093169,1787659061154793502,30.700063,2,2,2,,0
Node3,Cloud-RCS-MP-Task-v2,round_04_position_2_Cloud-RCS-MP-Task-v2,127,logits,1787659061154794082,1787659061185467814,30.673321999999999,2,2,2,,0
Node3,Cloud-RCS-MP-Task-v2,round_04_position_2_Cloud-RCS-MP-Task-v2,128,logits,1787659061185468204,1787659061216312435,30.843510999999999,2,2,2,,0
Node3,Cloud-RCS-MP-Task-v2,round_04_position_2_Cloud-RCS-MP-Task-v2,129,logits,1787659061216313045,1787659061247040969,30.727664000000001,2,2,2,,0
Node3,Cloud-RCS-MP-Task-v2,round_04_position_2_Cloud-RCS-MP-Task-v2,130,logits,1787659061247041359,1787659061277660190,30.618570999999999,2,2,2,,0
Node3,Cloud-RCS-MP-Task-v2,round_04_position_2_Cloud-RCS-MP-Task-v2,131,logits,1787659061277660720,1787659061308214403,30.553422999999999,2,2,2,,0
Node3,Cloud-RCS-MP-Task-v2,round_04_position_2_Cloud-RCS-MP-Task-v2,132,logits,1787659061308214944,1787659061338813016,30.597811,2,2,2,,0
Node3,Cloud-RCS-MP-Task-v2,round_04_position_2_Cloud-RCS-MP-Task-v2,133,logits,1787659061338813286,1787659061369406376,30.592689,2,2,2,,0
Node3,Cloud-RCS-MP-Task-v2,round_04_position_2_Cloud-RCS-MP-Task-v2,134,logits,1787659061369406786,1787659061400473596,31.066229,2,2,2,,0
Node3,Cloud-RCS-MP-Task-v2,round_04_position_2_Cloud-RCS-MP-Task-v2,135,logits,1787659061400473986,1787659061431077600,30.603344,2,2,2,,0
Node3,Cloud-RCS-MP-Task-v2,round_04_position_2_Cloud-RCS-MP-Task-v2,136,logits,1787659061431078000,1787659061462324522,31.246122,2,2,2,,0
Node3,Cloud-RCS-MP-Task-v2,round_04_position_2_Cloud-RCS-MP-Task-v2,137,logits,1787659061462325052,1787659061493896675,31.571332000000002,2,2,2,,0
Node3,Cloud-RCS-MP-Task-v2,round_04_position_2_Cloud-RCS-MP-Task-v2,138,logits,1787659061493897105,1787659061526714967,32.817461999999999,2,2,2,,0
Node3,Cloud-RCS-MP-Task-v2,round_04_position_2_Cloud-RCS-MP-Task-v2,139,logits,1787659061526715367,1787659061557833377,31.1173,2,2,2,,0
Node3,Cloud-RCS-MP-Task-v2,round_04_position_2_Cloud-RCS-MP-Task-v2,140,logits,1787659061557833787,1787659061588549296,30.714708999999999,2,2,2,,0
Node3,Cloud-RCS-MP-Task-v2,round_04_position_2_Cloud-RCS-MP-Task-v2,141,logits,1787659061588549756,1787659061619363265,30.812857999999999,2,2,2,,0
Node3,Cloud-RCS-MP-Task-v2,round_04_position_2_Cloud-RCS-MP-Task-v2,142,logits,1787659061619363805,1787659061650615829,31.251874000000001,2,2,2,,0
Node3,Cloud-RCS-MP-Task-v2,round_04_position_2_Cloud-RCS-MP-Task-v2,143,logits,1787659061650616229,1787659061680932938,30.316319,2,2,2,,0
Node3,Cloud-RCS-MP-Task-v2,round_04_position_2_Cloud-RCS-MP-Task-v2,144,logits,1787659061680933358,1787659061711093865,30.160077000000001,2,2,2,,0
Node3,Cloud-RCS-MP-Task-v2,round_04_position_2_Cloud-RCS-MP-Task-v2,145,logits,1787659061711094395,1787659061743633265,32.538609999999998,2,2,2,,0
Node3,Cloud-RCS-MP-Task-v2,round_04_position_2_Cloud-RCS-MP-Task-v2,146,logits,1787659061743633785,1787659061774849125,31.214929000000001,2,2,2,,0
Node3,Cloud-RCS-MP-Task-v2,round_04_position_2_Cloud-RCS-MP-Task-v2,147,logits,1787659061774849655,1787659061805490194,30.640118000000001,2,2,2,,0
Node3,Cloud-RCS-MP-Task-v2,round_04_position_2_Cloud-RCS-MP-Task-v2,148,logits,1787659061805490724,1787659061836079662,30.588688000000001,2,2,2,,0
Node3,Cloud-RCS-MP-Task-v2,round_04_position_2_Cloud-RCS-MP-Task-v2,149,logits,1787659061836080072,1787659061867018691,30.938237999999998,2,2,2,,0
Node3,Cloud-RCS-MP-Task-v2,round_04_position_2_Cloud-RCS-MP-Task-v2,150,logits,1787659061867019091,1787659061897370574,30.351092999999999,2,2,2,,0
Node3,Cloud-RCS-MP-Task-v2,round_04_position_2_Cloud-RCS-MP-Task-v2,151,logits,1787659061897370974,1787659061928548798,31.177023999999999,2,2,2,,0
Node3,Cloud-RCS-MP-Task-v2,round_04_position_2_Cloud-RCS-MP-Task-v2,152,logits,1787659061928549349,1787659061967785305,39.235565999999999,2,2,2,,0
Node3,Cloud-RCS-MP-Task-v2,round_04_position_2_Cloud-RCS-MP-Task-v2,153,logits,1787659061967785835,1787659062001211831,33.425626000000001,2,2,2,,0
Node3,Cloud-RCS-MP-Task-v2,round_04_position_2_Cloud-RCS-MP-Task-v2,154,logits,1787659062001212371,1787659062032437089,31.224298000000001,2,2,2,,0
Node3,Cloud-RCS-MP-Task-v2,round_04_position_2_Cloud-RCS-MP-Task-v2,155,logits,1787659062032437599,1787659062063088377,30.650376999999999,2,2,2,,0
Node3,Cloud-RCS-MP-Task-v2,round_04_position_2_Cloud-RCS-MP-Task-v2,156,logits,1787659062063088897,1787659062093587124,30.497957,2,2,2,,0
Node3,Cloud-RCS-MP-Task-v2,round_04_position_2_Cloud-RCS-MP-Task-v2,157,logits,1787659062093587684,1787659062124048896,30.460892000000001,2,2,2,,0
Node3,Cloud-RCS-MP-Task-v2,round_04_position_2_Cloud-RCS-MP-Task-v2,158,logits,1787659062124049276,1787659062154975274,30.925737999999999,2,2,2,,0
Node3,Cloud-RCS-MP-Task-v2,round_04_position_2_Cloud-RCS-MP-Task-v2,159,logits,1787659062154975544,1787659062185828613,30.852909,2,2,2,,0
Node3,Cloud-RCS-MP-Task-v2,round_04_position_2_Cloud-RCS-MP-Task-v2,160,logits,1787659062185829143,1787659062217058332,31.228929000000001,2,2,2,,0
Node3,Cloud-RCS-MP-Task-v2,round_04_position_2_Cloud-RCS-MP-Task-v2,161,logits,1787659062217058732,1787659062247752077,30.692815,2,2,2,,0
Node3,Cloud-RCS-MP-Task-v2,round_04_position_2_Cloud-RCS-MP-Task-v2,162,logits,1787659062247752467,1787659062278628175,30.875578000000001,2,2,2,,0
Node3,Cloud-RCS-MP-Task-v2,round_04_position_2_Cloud-RCS-MP-Task-v2,163,logits,1787659062278628725,1787659062310231594,31.602328,2,2,2,,0
Node3,Cloud-RCS-MP-Task-v2,round_04_position_2_Cloud-RCS-MP-Task-v2,164,logits,1787659062310232144,1787659062343068475,32.835811,2,2,2,,0
Node3,Cloud-RCS-MP-Task-v2,round_04_position_2_Cloud-RCS-MP-Task-v2,165,logits,1787659062343068976,1787659062377069383,33.999946999999999,2,2,2,,0
Node3,Cloud-RCS-MP-Task-v2,round_04_position_2_Cloud-RCS-MP-Task-v2,166,logits,1787659062377069783,1787659062409338208,32.268025000000002,2,2,2,,0
Node3,Cloud-RCS-MP-Task-v2,round_04_position_2_Cloud-RCS-MP-Task-v2,167,logits,1787659062409338588,1787659062449457942,40.118344,2,2,2,,0
Node3,Cloud-RCS-MP-Task-v2,round_04_position_2_Cloud-RCS-MP-Task-v2,168,logits,1787659062449458492,1787659062486608169,37.149296999999997,2,2,2,,0
Node3,Cloud-RCS-MP-Task-v2,round_04_position_2_Cloud-RCS-MP-Task-v2,169,logits,1787659062486608689,1787659062518618300,32.009211000000001,2,2,2,,0
Node3,Cloud-RCS-MP-Task-v2,round_04_position_2_Cloud-RCS-MP-Task-v2,170,logits,1787659062518618691,1787659062550449530,31.830459000000001,2,2,2,,0
Node3,Cloud-RCS-MP-Task-v2,round_04_position_2_Cloud-RCS-MP-Task-v2,171,logits,1787659062550450060,1787659062582058331,31.607751,2,2,2,,0
Node3,Cloud-RCS-MP-Task-v2,round_04_position_2_Cloud-RCS-MP-Task-v2,172,logits,1787659062582058852,1787659062612923075,30.863821999999999,2,2,2,,0
Node3,Cloud-RCS-MP-Task-v2,round_04_position_2_Cloud-RCS-MP-Task-v2,173,logits,1787659062612923605,1787659062644303374,31.379439000000001,2,2,2,,0
Node3,Cloud-RCS-MP-Task-v2,round_04_position_2_Cloud-RCS-MP-Task-v2,174,logits,1787659062644303894,1787659062676228081,31.923717,2,2,2,,0
Node3,Cloud-RCS-MP-Task-v2,round_04_position_2_Cloud-RCS-MP-Task-v2,175,logits,1787659062676228481,1787659062707781800,31.552918999999999,2,2,2,,0
Node3,Cloud-RCS-MP-Task-v2,round_04_position_2_Cloud-RCS-MP-Task-v2,176,logits,1787659062707782320,1787659062739183758,31.400988000000002,2,2,2,,0
Node3,Cloud-RCS-MP-Task-v2,round_04_position_2_Cloud-RCS-MP-Task-v2,177,logits,1787659062739184158,1787659062771354714,32.170155999999999,2,2,2,,0
Node3,Cloud-RCS-MP-Task-v2,round_04_position_2_Cloud-RCS-MP-Task-v2,178,logits,1787659062771355164,1787659062803917486,32.561922000000003,2,2,2,,0
Node3,Cloud-RCS-MP-Task-v2,round_04_position_2_Cloud-RCS-MP-Task-v2,179,logits,1787659062803918036,1787659062835152587,31.234141000000001,2,2,2,,0
Node3,Cloud-RCS-MP-Task-v2,round_04_position_2_Cloud-RCS-MP-Task-v2,180,logits,1787659062835153008,1787659062866658907,31.505499,2,2,2,,0
Node3,Cloud-RCS-MP-Task-v2,round_04_position_2_Cloud-RCS-MP-Task-v2,181,logits,1787659062866659437,1787659062897895969,31.236091999999999,2,2,2,,0
Node3,Cloud-RCS-MP-Task-v2,round_04_position_2_Cloud-RCS-MP-Task-v2,182,logits,1787659062897896500,1787659062929284692,31.387812,2,2,2,,0
Node3,Cloud-RCS-MP-Task-v2,round_04_position_2_Cloud-RCS-MP-Task-v2,183,logits,1787659062929285102,1787659062964619373,35.333880999999998,2,2,2,,0
Node3,Cloud-RCS-MP-Task-v2,round_04_position_2_Cloud-RCS-MP-Task-v2,184,logits,1787659062964619873,1787659062999279514,34.659241000000002,2,2,2,,0
Node3,Cloud-RCS-MP-Task-v2,round_04_position_2_Cloud-RCS-MP-Task-v2,185,logits,1787659062999280074,1787659063030749896,31.469432000000001,2,2,2,,0
Node3,Cloud-RCS-MP-Task-v2,round_04_position_2_Cloud-RCS-MP-Task-v2,186,logits,1787659063030750396,1787659063061741505,30.990679,2,2,2,,0
Node3,Cloud-RCS-MP-Task-v2,round_04_position_2_Cloud-RCS-MP-Task-v2,187,logits,1787659063061741905,1787659063092951690,31.209534999999999,2,2,2,,0
Node3,Cloud-RCS-MP-Task-v2,round_04_position_2_Cloud-RCS-MP-Task-v2,188,logits,1787659063092952200,1787659063124863446,31.911085,2,2,2,,0
Node3,Cloud-RCS-MP-Task-v2,round_04_position_2_Cloud-RCS-MP-Task-v2,189,logits,1787659063124863946,1787659063155961957,31.097531,2,2,2,,0
Node3,Cloud-RCS-MP-Task-v2,round_04_position_2_Cloud-RCS-MP-Task-v2,190,logits,1787659063155962627,1787659063187039149,31.075991999999999,2,2,2,,0
Node3,Cloud-RCS-MP-Task-v2,round_04_position_2_Cloud-RCS-MP-Task-v2,191,logits,1787659063187039440,1787659063217927136,30.887295999999999,2,2,2,,0
Node3,Cloud-RCS-MP-Task-v2,round_04_position_2_Cloud-RCS-MP-Task-v2,192,logits,1787659063217927577,1787659063249604118,31.676280999999999,2,2,2,,0
Node3,Cloud-RCS-MP-Task-v2,round_04_position_2_Cloud-RCS-MP-Task-v2,193,logits,1787659063249604389,1787659063280044837,30.440168,2,2,2,,0
Node3,Cloud-RCS-MP-Task-v2,round_04_position_2_Cloud-RCS-MP-Task-v2,194,logits,1787659063280045377,1787659063311045899,31.000122000000001,2,2,2,,0
Node3,Cloud-RCS-MP-Task-v2,round_04_position_2_Cloud-RCS-MP-Task-v2,195,logits,1787659063311046420,1787659063341508247,30.461507000000001,2,2,2,,0
Node3,Cloud-RCS-MP-Task-v2,round_04_position_2_Cloud-RCS-MP-Task-v2,196,logits,1787659063341508667,1787659063371876987,30.36806,2,2,2,,0
Node3,Cloud-RCS-MP-Task-v2,round_04_position_2_Cloud-RCS-MP-Task-v2,197,logits,1787659063371877507,1787659063402121227,30.243189999999998,2,2,2,,0
Node3,Cloud-RCS-MP-Task-v2,round_04_position_2_Cloud-RCS-MP-Task-v2,198,logits,1787659063402121638,1787659063433188176,31.066278000000001,2,2,2,,0
Node3,Cloud-RCS-MP-Task-v2,round_04_position_2_Cloud-RCS-MP-Task-v2,199,logits,1787659063433188556,1787659063463410187,30.221371000000001,2,2,2,,0
Node3,Cloud-RCS-FP16-Opt-v2,round_04_position_3_Cloud-RCS-FP16-Opt-v2,0,logits,1787659089710580367,1787659089743216378,32.635430999999997,2,2,2,,0
Node3,Cloud-RCS-FP16-Opt-v2,round_04_position_3_Cloud-RCS-FP16-Opt-v2,1,logits,1787659089743217098,1787659089772761074,29.543506000000001,2,2,2,,0
Node3,Cloud-RCS-FP16-Opt-v2,round_04_position_3_Cloud-RCS-FP16-Opt-v2,2,logits,1787659089772761524,1787659089803258093,30.495868999999999,2,2,2,,0
Node3,Cloud-RCS-FP16-Opt-v2,round_04_position_3_Cloud-RCS-FP16-Opt-v2,3,logits,1787659089803258463,1787659089834543574,31.284431000000001,2,2,2,,0
Node3,Cloud-RCS-FP16-Opt-v2,round_04_position_3_Cloud-RCS-FP16-Opt-v2,4,logits,1787659089834543944,1787659089864343615,29.79918,2,2,2,,0
Node3,Cloud-RCS-FP16-Opt-v2,round_04_position_3_Cloud-RCS-FP16-Opt-v2,5,logits,1787659089864344035,1787659089897153560,32.808985,2,2,2,,0
Node3,Cloud-RCS-FP16-Opt-v2,round_04_position_3_Cloud-RCS-FP16-Opt-v2,6,logits,1787659089897154071,1787659089929325890,32.170938,2,2,2,,0
Node3,Cloud-RCS-FP16-Opt-v2,round_04_position_3_Cloud-RCS-FP16-Opt-v2,7,logits,1787659089929326400,1787659089960031156,30.704235000000001,2,2,2,,0
Node3,Cloud-RCS-FP16-Opt-v2,round_04_position_3_Cloud-RCS-FP16-Opt-v2,8,logits,1787659089960031716,1787659089990788091,30.755965,2,2,2,,0
Node3,Cloud-RCS-FP16-Opt-v2,round_04_position_3_Cloud-RCS-FP16-Opt-v2,9,logits,1787659089990788341,1787659090021087771,30.298639999999999,2,2,2,,0
Node3,Cloud-RCS-FP16-Opt-v2,round_04_position_3_Cloud-RCS-FP16-Opt-v2,10,logits,1787659090021088041,1787659090051371479,30.283038000000001,2,2,2,,0
Node3,Cloud-RCS-FP16-Opt-v2,round_04_position_3_Cloud-RCS-FP16-Opt-v2,11,logits,1787659090051371990,1787659090081557852,30.185331999999999,2,2,2,,0
Node3,Cloud-RCS-FP16-Opt-v2,round_04_position_3_Cloud-RCS-FP16-Opt-v2,12,logits,1787659090081558242,1787659090111955553,30.396789999999999,2,2,2,,0
Node3,Cloud-RCS-FP16-Opt-v2,round_04_position_3_Cloud-RCS-FP16-Opt-v2,13,logits,1787659090111956083,1787659090141687567,29.731034000000001,2,2,2,,0
Node3,Cloud-RCS-FP16-Opt-v2,round_04_position_3_Cloud-RCS-FP16-Opt-v2,14,logits,1787659090141687948,1787659090171981980,30.293482000000001,2,2,2,,0
Node3,Cloud-RCS-FP16-Opt-v2,round_04_position_3_Cloud-RCS-FP16-Opt-v2,15,logits,1787659090171982410,1787659090201967539,29.984738,2,2,2,,0
Node3,Cloud-RCS-FP16-Opt-v2,round_04_position_3_Cloud-RCS-FP16-Opt-v2,16,logits,1787659090201968039,1787659090235760053,33.791584,2,2,2,,0
Node3,Cloud-RCS-FP16-Opt-v2,round_04_position_3_Cloud-RCS-FP16-Opt-v2,17,logits,1787659090235760633,1787659090266833304,31.07206,2,2,2,,0
Node3,Cloud-RCS-FP16-Opt-v2,round_04_position_3_Cloud-RCS-FP16-Opt-v2,18,logits,1787659090266833804,1787659090299709810,32.875145000000003,2,2,2,,0
Node3,Cloud-RCS-FP16-Opt-v2,round_04_position_3_Cloud-RCS-FP16-Opt-v2,19,logits,1787659090299710320,1787659090340072092,40.361381999999999,2,2,2,,0
Node3,Cloud-RCS-FP16-Opt-v2,round_04_position_3_Cloud-RCS-FP16-Opt-v2,20,logits,1787659090340072622,1787659090370175544,30.102492000000002,2,2,2,,0
Node3,Cloud-RCS-FP16-Opt-v2,round_04_position_3_Cloud-RCS-FP16-Opt-v2,21,logits,1787659090370175804,1787659090402687606,32.511392000000001,2,2,2,,0
Node3,Cloud-RCS-FP16-Opt-v2,round_04_position_3_Cloud-RCS-FP16-Opt-v2,22,logits,1787659090402687996,1787659090434063198,31.374631000000001,2,2,2,,0
Node3,Cloud-RCS-FP16-Opt-v2,round_04_position_3_Cloud-RCS-FP16-Opt-v2,23,logits,1787659090434063588,1787659090464853343,30.789214999999999,2,2,2,,0
Node3,Cloud-RCS-FP16-Opt-v2,round_04_position_3_Cloud-RCS-FP16-Opt-v2,24,logits,1787659090464853844,1787659090496239339,31.385095,2,2,2,,0
Node3,Cloud-RCS-FP16-Opt-v2,round_04_position_3_Cloud-RCS-FP16-Opt-v2,25,logits,1787659090496239759,1787659090526603268,30.363116999999999,2,2,2,,0
Node3,Cloud-RCS-FP16-Opt-v2,round_04_position_3_Cloud-RCS-FP16-Opt-v2,26,logits,1787659090526603808,1787659090557101615,30.497406999999999,2,2,2,,0
Node3,Cloud-RCS-FP16-Opt-v2,round_04_position_3_Cloud-RCS-FP16-Opt-v2,27,logits,1787659090557102135,1787659090587563049,30.460374000000002,2,2,2,,0
Node3,Cloud-RCS-FP16-Opt-v2,round_04_position_3_Cloud-RCS-FP16-Opt-v2,28,logits,1787659090587563660,1787659090618180551,30.616371000000001,2,2,2,,0
Node3,Cloud-RCS-FP16-Opt-v2,round_04_position_3_Cloud-RCS-FP16-Opt-v2,29,logits,1787659090618180952,1787659090651595327,33.413964999999997,2,2,2,,0
Node3,Cloud-RCS-FP16-Opt-v2,round_04_position_3_Cloud-RCS-FP16-Opt-v2,30,logits,1787659090651595837,1787659090682167802,30.571335000000001,2,2,2,,0
Node3,Cloud-RCS-FP16-Opt-v2,round_04_position_3_Cloud-RCS-FP16-Opt-v2,31,logits,1787659090682168232,1787659090712161233,29.992611,2,2,2,,0
Node3,Cloud-RCS-FP16-Opt-v2,round_04_position_3_Cloud-RCS-FP16-Opt-v2,32,logits,1787659090712161643,1787659090742140229,29.978055999999999,2,2,2,,0
Node3,Cloud-RCS-FP16-Opt-v2,round_04_position_3_Cloud-RCS-FP16-Opt-v2,33,logits,1787659090742140600,1787659090772627233,30.486243000000002,2,2,2,,0
Node3,Cloud-RCS-FP16-Opt-v2,round_04_position_3_Cloud-RCS-FP16-Opt-v2,34,logits,1787659090772627753,1787659090804957397,32.329244000000003,2,2,2,,0
Node3,Cloud-RCS-FP16-Opt-v2,round_04_position_3_Cloud-RCS-FP16-Opt-v2,35,logits,1787659090804957798,1787659090836250969,31.292770999999998,2,2,2,,0
Node3,Cloud-RCS-FP16-Opt-v2,round_04_position_3_Cloud-RCS-FP16-Opt-v2,36,logits,1787659090836251499,1787659090866868901,30.616941000000001,2,2,2,,0
Node3,Cloud-RCS-FP16-Opt-v2,round_04_position_3_Cloud-RCS-FP16-Opt-v2,37,logits,1787659090866869422,1787659090897318451,30.448599000000002,2,2,2,,0
Node3,Cloud-RCS-FP16-Opt-v2,round_04_position_3_Cloud-RCS-FP16-Opt-v2,38,logits,1787659090897318991,1787659090929914494,32.594963,2,2,2,,0
Node3,Cloud-RCS-FP16-Opt-v2,round_04_position_3_Cloud-RCS-FP16-Opt-v2,39,logits,1787659090929915014,1787659090961241098,31.325673999999999,2,2,2,,0
Node3,Cloud-RCS-FP16-Opt-v2,round_04_position_3_Cloud-RCS-FP16-Opt-v2,40,logits,1787659090961241608,1787659090991932047,30.689909,2,2,2,,0
Node3,Cloud-RCS-FP16-Opt-v2,round_04_position_3_Cloud-RCS-FP16-Opt-v2,41,logits,1787659090991932347,1787659091022902071,30.969294000000001,2,2,2,,0
Node3,Cloud-RCS-FP16-Opt-v2,round_04_position_3_Cloud-RCS-FP16-Opt-v2,42,logits,1787659091022902532,1787659091053846202,30.943269999999998,2,2,2,,0
Node3,Cloud-RCS-FP16-Opt-v2,round_04_position_3_Cloud-RCS-FP16-Opt-v2,43,logits,1787659091053846692,1787659091084720477,30.873265,2,2,2,,0
Node3,Cloud-RCS-FP16-Opt-v2,round_04_position_3_Cloud-RCS-FP16-Opt-v2,44,logits,1787659091084720787,1787659091117202354,32.481177000000002,2,2,2,,0
Node3,Cloud-RCS-FP16-Opt-v2,round_04_position_3_Cloud-RCS-FP16-Opt-v2,45,logits,1787659091117202905,1787659091149483878,32.280583,2,2,2,,0
Node3,Cloud-RCS-FP16-Opt-v2,round_04_position_3_Cloud-RCS-FP16-Opt-v2,46,logits,1787659091149484138,1787659091180423677,30.939129000000001,2,2,2,,0
Node3,Cloud-RCS-FP16-Opt-v2,round_04_position_3_Cloud-RCS-FP16-Opt-v2,47,logits,1787659091180424047,1787659091210902246,30.477809000000001,2,2,2,,0
Node3,Cloud-RCS-FP16-Opt-v2,round_04_position_3_Cloud-RCS-FP16-Opt-v2,48,logits,1787659091210902656,1787659091242185572,31.282066,2,2,2,,0
Node3,Cloud-RCS-FP16-Opt-v2,round_04_position_3_Cloud-RCS-FP16-Opt-v2,49,logits,1787659091242185972,1787659091272561854,30.375451000000002,2,2,2,,0
Node3,Cloud-RCS-FP16-Opt-v2,round_04_position_3_Cloud-RCS-FP16-Opt-v2,50,logits,1787659091272562234,1787659091302743744,30.181228999999998,2,2,2,,0
Node3,Cloud-RCS-FP16-Opt-v2,round_04_position_3_Cloud-RCS-FP16-Opt-v2,51,logits,1787659091302744154,1787659091332621181,29.876747000000002,2,2,2,,0
Node3,Cloud-RCS-FP16-Opt-v2,round_04_position_3_Cloud-RCS-FP16-Opt-v2,52,logits,1787659091332621981,1787659091372165071,39.542679999999997,2,2,2,,0
Node3,Cloud-RCS-FP16-Opt-v2,round_04_position_3_Cloud-RCS-FP16-Opt-v2,53,logits,1787659091372165571,1787659091403658363,31.492062000000001,2,2,2,,0
Node3,Cloud-RCS-FP16-Opt-v2,round_04_position_3_Cloud-RCS-FP16-Opt-v2,54,logits,1787659091403658744,1787659091434970630,31.311465999999999,2,2,2,,0
Node3,Cloud-RCS-FP16-Opt-v2,round_04_position_3_Cloud-RCS-FP16-Opt-v2,55,logits,1787659091434971180,1787659091465199847,30.228176999999999,2,2,2,,0
Node3,Cloud-RCS-FP16-Opt-v2,round_04_position_3_Cloud-RCS-FP16-Opt-v2,56,logits,1787659091465200117,1787659091495489297,30.288630000000001,2,2,2,,0
Node3,Cloud-RCS-FP16-Opt-v2,round_04_position_3_Cloud-RCS-FP16-Opt-v2,57,logits,1787659091495489567,1787659091525521912,30.031925000000001,2,2,2,,0
Node3,Cloud-RCS-FP16-Opt-v2,round_04_position_3_Cloud-RCS-FP16-Opt-v2,58,logits,1787659091525522302,1787659091555409473,29.886771,2,2,2,,0
Node3,Cloud-RCS-FP16-Opt-v2,round_04_position_3_Cloud-RCS-FP16-Opt-v2,59,logits,1787659091555409844,1787659091585664180,30.253826,2,2,2,,0
Node3,Cloud-RCS-FP16-Opt-v2,round_04_position_3_Cloud-RCS-FP16-Opt-v2,60,logits,1787659091585664580,1787659091616043263,30.378412999999998,2,2,2,,0
Node3,Cloud-RCS-FP16-Opt-v2,round_04_position_3_Cloud-RCS-FP16-Opt-v2,61,logits,1787659091616043543,1787659091647590856,31.546702,2,2,2,,0
Node3,Cloud-RCS-FP16-Opt-v2,round_04_position_3_Cloud-RCS-FP16-Opt-v2,62,logits,1787659091647591256,1787659091678589847,30.998180999999999,2,2,2,,0
Node3,Cloud-RCS-FP16-Opt-v2,round_04_position_3_Cloud-RCS-FP16-Opt-v2,63,logits,1787659091678590357,1787659091709615267,31.024629999999998,2,2,2,,0
Node3,Cloud-RCS-FP16-Opt-v2,round_04_position_3_Cloud-RCS-FP16-Opt-v2,64,logits,1787659091709615667,1787659091740909707,31.293620000000001,2,2,2,,0
Node3,Cloud-RCS-FP16-Opt-v2,round_04_position_3_Cloud-RCS-FP16-Opt-v2,65,logits,1787659091740910218,1787659091772816072,31.905453999999999,2,2,2,,0
Node3,Cloud-RCS-FP16-Opt-v2,round_04_position_3_Cloud-RCS-FP16-Opt-v2,66,logits,1787659091772816813,1787659091802762716,29.945253000000001,2,2,2,,0
Node3,Cloud-RCS-FP16-Opt-v2,round_04_position_3_Cloud-RCS-FP16-Opt-v2,67,logits,1787659091802763136,1787659091834145218,31.381352,2,2,2,,0
Node3,Cloud-RCS-FP16-Opt-v2,round_04_position_3_Cloud-RCS-FP16-Opt-v2,68,logits,1787659091834145648,1787659091864877821,30.731642999999998,2,2,2,,0
Node3,Cloud-RCS-FP16-Opt-v2,round_04_position_3_Cloud-RCS-FP16-Opt-v2,69,logits,1787659091864878081,1787659091895634642,30.756160999999999,2,2,2,,0
Node3,Cloud-RCS-FP16-Opt-v2,round_04_position_3_Cloud-RCS-FP16-Opt-v2,70,logits,1787659091895634913,1787659091926370327,30.734894000000001,2,2,2,,0
Node3,Cloud-RCS-FP16-Opt-v2,round_04_position_3_Cloud-RCS-FP16-Opt-v2,71,logits,1787659091926370757,1787659091959759408,33.388230999999998,2,2,2,,0
Node3,Cloud-RCS-FP16-Opt-v2,round_04_position_3_Cloud-RCS-FP16-Opt-v2,72,logits,1787659091959760258,1787659091991549541,31.788882999999998,2,2,2,,0
Node3,Cloud-RCS-FP16-Opt-v2,round_04_position_3_Cloud-RCS-FP16-Opt-v2,73,logits,1787659091991550051,1787659092022412050,30.861598999999998,2,2,2,,0
Node3,Cloud-RCS-FP16-Opt-v2,round_04_position_3_Cloud-RCS-FP16-Opt-v2,74,logits,1787659092022412450,1787659092053422383,31.009543000000001,2,2,2,,0
Node3,Cloud-RCS-FP16-Opt-v2,round_04_position_3_Cloud-RCS-FP16-Opt-v2,75,logits,1787659092053422884,1787659092084172181,30.748896999999999,2,2,2,,0
Node3,Cloud-RCS-FP16-Opt-v2,round_04_position_3_Cloud-RCS-FP16-Opt-v2,76,logits,1787659092084172442,1787659092115231613,31.058440000000001,2,2,2,,0
Node3,Cloud-RCS-FP16-Opt-v2,round_04_position_3_Cloud-RCS-FP16-Opt-v2,77,logits,1787659092115231733,1787659092145326290,30.094246999999999,2,2,2,,0
Node3,Cloud-RCS-FP16-Opt-v2,round_04_position_3_Cloud-RCS-FP16-Opt-v2,78,logits,1787659092145326680,1787659092178536811,33.209611000000002,2,2,2,,0
Node3,Cloud-RCS-FP16-Opt-v2,round_04_position_3_Cloud-RCS-FP16-Opt-v2,79,logits,1787659092178537332,1787659092208837664,30.299942000000001,2,2,2,,0
Node3,Cloud-RCS-FP16-Opt-v2,round_04_position_3_Cloud-RCS-FP16-Opt-v2,80,logits,1787659092208837925,1787659092239553579,30.715254000000002,2,2,2,,0
Node3,Cloud-RCS-FP16-Opt-v2,round_04_position_3_Cloud-RCS-FP16-Opt-v2,81,logits,1787659092239553950,1787659092269967964,30.413533999999999,2,2,2,,0
Node3,Cloud-RCS-FP16-Opt-v2,round_04_position_3_Cloud-RCS-FP16-Opt-v2,82,logits,1787659092269968364,1787659092301583790,31.615006000000001,2,2,2,,0
Node3,Cloud-RCS-FP16-Opt-v2,round_04_position_3_Cloud-RCS-FP16-Opt-v2,83,logits,1787659092301584300,1787659092335539446,33.954726000000001,2,2,2,,0
Node3,Cloud-RCS-FP16-Opt-v2,round_04_position_3_Cloud-RCS-FP16-Opt-v2,84,logits,1787659092335539976,1787659092367405793,31.865047000000001,2,2,2,,0
Node3,Cloud-RCS-FP16-Opt-v2,round_04_position_3_Cloud-RCS-FP16-Opt-v2,85,logits,1787659092367406374,1787659092399258376,31.851602,2,2,2,,0
Node3,Cloud-RCS-FP16-Opt-v2,round_04_position_3_Cloud-RCS-FP16-Opt-v2,86,logits,1787659092399258897,1787659092430816751,31.557444,2,2,2,,0
Node3,Cloud-RCS-FP16-Opt-v2,round_04_position_3_Cloud-RCS-FP16-Opt-v2,87,logits,1787659092430817271,1787659092461832777,31.015115999999999,2,2,2,,0
Node3,Cloud-RCS-FP16-Opt-v2,round_04_position_3_Cloud-RCS-FP16-Opt-v2,88,logits,1787659092461833327,1787659092492086742,30.252925000000001,2,2,2,,0
Node3,Cloud-RCS-FP16-Opt-v2,round_04_position_3_Cloud-RCS-FP16-Opt-v2,89,logits,1787659092492087132,1787659092521878898,29.791346000000001,2,2,2,,0
Node3,Cloud-RCS-FP16-Opt-v2,round_04_position_3_Cloud-RCS-FP16-Opt-v2,90,logits,1787659092521879408,1787659092552142107,30.262308999999998,2,2,2,,0
Node3,Cloud-RCS-FP16-Opt-v2,round_04_position_3_Cloud-RCS-FP16-Opt-v2,91,logits,1787659092552142397,1787659092583049943,30.907156000000001,2,2,2,,0
Node3,Cloud-RCS-FP16-Opt-v2,round_04_position_3_Cloud-RCS-FP16-Opt-v2,92,logits,1787659092583050213,1787659092613020904,29.970161000000001,2,2,2,,0
Node3,Cloud-RCS-FP16-Opt-v2,round_04_position_3_Cloud-RCS-FP16-Opt-v2,93,logits,1787659092613021174,1787659092643376257,30.354543,2,2,2,,0
Node3,Cloud-RCS-FP16-Opt-v2,round_04_position_3_Cloud-RCS-FP16-Opt-v2,94,logits,1787659092643376687,1787659092677322809,33.945742000000003,2,2,2,,0
Node3,Cloud-RCS-FP16-Opt-v2,round_04_position_3_Cloud-RCS-FP16-Opt-v2,95,logits,1787659092677323319,1787659092708394135,31.070276,2,2,2,,0
Node3,Cloud-RCS-FP16-Opt-v2,round_04_position_3_Cloud-RCS-FP16-Opt-v2,96,logits,1787659092708394555,1787659092740286612,31.891646999999999,2,2,2,,0
Node3,Cloud-RCS-FP16-Opt-v2,round_04_position_3_Cloud-RCS-FP16-Opt-v2,97,logits,1787659092740286993,1787659092769932445,29.645042,2,2,2,,0
Node3,Cloud-RCS-FP16-Opt-v2,round_04_position_3_Cloud-RCS-FP16-Opt-v2,98,logits,1787659092769932955,1787659092801025979,31.092452999999999,2,2,2,,0
Node3,Cloud-RCS-FP16-Opt-v2,round_04_position_3_Cloud-RCS-FP16-Opt-v2,99,logits,1787659092801026389,1787659092831869671,30.842881999999999,2,2,2,,0
Node3,Cloud-RCS-FP16-Opt-v2,round_04_position_3_Cloud-RCS-FP16-Opt-v2,100,logits,1787659092831870061,1787659092863767480,31.897029,2,2,2,,0
Node3,Cloud-RCS-FP16-Opt-v2,round_04_position_3_Cloud-RCS-FP16-Opt-v2,101,logits,1787659092863768070,1787659092896071769,32.303179,2,2,2,,0
Node3,Cloud-RCS-FP16-Opt-v2,round_04_position_3_Cloud-RCS-FP16-Opt-v2,102,logits,1787659092896072059,1787659092927992717,31.920266999999999,2,2,2,,0
Node3,Cloud-RCS-FP16-Opt-v2,round_04_position_3_Cloud-RCS-FP16-Opt-v2,103,logits,1787659092927993217,1787659092959659962,31.666364999999999,2,2,2,,0
Node3,Cloud-RCS-FP16-Opt-v2,round_04_position_3_Cloud-RCS-FP16-Opt-v2,104,logits,1787659092959660392,1787659092993096207,33.435263999999997,2,2,2,,0
Node3,Cloud-RCS-FP16-Opt-v2,round_04_position_3_Cloud-RCS-FP16-Opt-v2,105,logits,1787659092993096767,1787659093027627548,34.530360999999999,2,2,2,,0
Node3,Cloud-RCS-FP16-Opt-v2,round_04_position_3_Cloud-RCS-FP16-Opt-v2,106,logits,1787659093027628058,1787659093058926305,31.297857,2,2,2,,0
Node3,Cloud-RCS-FP16-Opt-v2,round_04_position_3_Cloud-RCS-FP16-Opt-v2,107,logits,1787659093058926856,1787659093090113222,31.185835999999998,2,2,2,,0
Node3,Cloud-RCS-FP16-Opt-v2,round_04_position_3_Cloud-RCS-FP16-Opt-v2,108,logits,1787659093090114082,1787659093122113946,31.999334000000001,2,2,2,,0
Node3,Cloud-RCS-FP16-Opt-v2,round_04_position_3_Cloud-RCS-FP16-Opt-v2,109,logits,1787659093122114487,1787659093153055363,30.940466000000001,2,2,2,,0
Node3,Cloud-RCS-FP16-Opt-v2,round_04_position_3_Cloud-RCS-FP16-Opt-v2,110,logits,1787659093153055783,1787659093183871274,30.815090999999999,2,2,2,,0
Node3,Cloud-RCS-FP16-Opt-v2,round_04_position_3_Cloud-RCS-FP16-Opt-v2,111,logits,1787659093183871534,1787659093215256473,31.384398999999998,2,2,2,,0
Node3,Cloud-RCS-FP16-Opt-v2,round_04_position_3_Cloud-RCS-FP16-Opt-v2,112,logits,1787659093215256733,1787659093257440778,42.183635000000002,2,2,2,,0
Node3,Cloud-RCS-FP16-Opt-v2,round_04_position_3_Cloud-RCS-FP16-Opt-v2,113,logits,1787659093257441349,1787659093290003469,32.561430000000001,2,2,2,,0
Node3,Cloud-RCS-FP16-Opt-v2,round_04_position_3_Cloud-RCS-FP16-Opt-v2,114,logits,1787659093290003989,1787659093321690719,31.686219999999999,2,2,2,,0
Node3,Cloud-RCS-FP16-Opt-v2,round_04_position_3_Cloud-RCS-FP16-Opt-v2,115,logits,1787659093321691219,1787659093353513449,31.821840000000002,2,2,2,,0
Node3,Cloud-RCS-FP16-Opt-v2,round_04_position_3_Cloud-RCS-FP16-Opt-v2,116,logits,1787659093353513969,1787659093384843898,31.329537999999999,2,2,2,,0
Node3,Cloud-RCS-FP16-Opt-v2,round_04_position_3_Cloud-RCS-FP16-Opt-v2,117,logits,1787659093384844398,1787659093415692070,30.847272,2,2,2,,0
Node3,Cloud-RCS-FP16-Opt-v2,round_04_position_3_Cloud-RCS-FP16-Opt-v2,118,logits,1787659093415692490,1787659093447939865,32.246955,2,2,2,,0
Node3,Cloud-RCS-FP16-Opt-v2,round_04_position_3_Cloud-RCS-FP16-Opt-v2,119,logits,1787659093447940286,1787659093479093079,31.152142999999999,2,2,2,,0
Node3,Cloud-RCS-FP16-Opt-v2,round_04_position_3_Cloud-RCS-FP16-Opt-v2,120,logits,1787659093479093529,1787659093510330544,31.236225000000001,2,2,2,,0
Node3,Cloud-RCS-FP16-Opt-v2,round_04_position_3_Cloud-RCS-FP16-Opt-v2,121,logits,1787659093510331085,1787659093542265735,31.934090000000001,2,2,2,,0
Node3,Cloud-RCS-FP16-Opt-v2,round_04_position_3_Cloud-RCS-FP16-Opt-v2,122,logits,1787659093542266275,1787659093573486234,31.219559,2,2,2,,0
Node3,Cloud-RCS-FP16-Opt-v2,round_04_position_3_Cloud-RCS-FP16-Opt-v2,123,logits,1787659093573486734,1787659093605620738,32.133383000000002,2,2,2,,0
Node3,Cloud-RCS-FP16-Opt-v2,round_04_position_3_Cloud-RCS-FP16-Opt-v2,124,logits,1787659093605621238,1787659093636256902,30.635273999999999,2,2,2,,0
Node3,Cloud-RCS-FP16-Opt-v2,round_04_position_3_Cloud-RCS-FP16-Opt-v2,125,logits,1787659093636257603,1787659093667451912,31.193909000000001,2,2,2,,0
Node3,Cloud-RCS-FP16-Opt-v2,round_04_position_3_Cloud-RCS-FP16-Opt-v2,126,logits,1787659093667452452,1787659093697743210,30.290217999999999,2,2,2,,0
Node3,Cloud-RCS-FP16-Opt-v2,round_04_position_3_Cloud-RCS-FP16-Opt-v2,127,logits,1787659093697743580,1787659093728865743,31.121752999999998,2,2,2,,0
Node3,Cloud-RCS-FP16-Opt-v2,round_04_position_3_Cloud-RCS-FP16-Opt-v2,128,logits,1787659093728866013,1787659093759416167,30.549773999999999,2,2,2,,0
Node3,Cloud-RCS-FP16-Opt-v2,round_04_position_3_Cloud-RCS-FP16-Opt-v2,129,logits,1787659093759416677,1787659093790688594,31.271436999999999,2,2,2,,0
Node3,Cloud-RCS-FP16-Opt-v2,round_04_position_3_Cloud-RCS-FP16-Opt-v2,130,logits,1787659093790688994,1787659093821046267,30.356883,2,2,2,,0
Node3,Cloud-RCS-FP16-Opt-v2,round_04_position_3_Cloud-RCS-FP16-Opt-v2,131,logits,1787659093821046957,1787659093851717895,30.670538000000001,2,2,2,,0
Node3,Cloud-RCS-FP16-Opt-v2,round_04_position_3_Cloud-RCS-FP16-Opt-v2,132,logits,1787659093851718465,1787659093883012050,31.293105000000001,2,2,2,,0
Node3,Cloud-RCS-FP16-Opt-v2,round_04_position_3_Cloud-RCS-FP16-Opt-v2,133,logits,1787659093883012591,1787659093913436227,30.423116,2,2,2,,0
Node3,Cloud-RCS-FP16-Opt-v2,round_04_position_3_Cloud-RCS-FP16-Opt-v2,134,logits,1787659093913436728,1787659093944252909,30.81579,2,2,2,,0
Node3,Cloud-RCS-FP16-Opt-v2,round_04_position_3_Cloud-RCS-FP16-Opt-v2,135,logits,1787659093944253419,1787659093975560189,31.306370000000001,2,2,2,,0
Node3,Cloud-RCS-FP16-Opt-v2,round_04_position_3_Cloud-RCS-FP16-Opt-v2,136,logits,1787659093975560700,1787659094006112639,30.551387999999999,2,2,2,,0
Node3,Cloud-RCS-FP16-Opt-v2,round_04_position_3_Cloud-RCS-FP16-Opt-v2,137,logits,1787659094006113039,1787659094039191295,33.077824999999997,2,2,2,,0
Node3,Cloud-RCS-FP16-Opt-v2,round_04_position_3_Cloud-RCS-FP16-Opt-v2,138,logits,1787659094039191865,1787659094080954434,41.762168000000003,2,2,2,,0
Node3,Cloud-RCS-FP16-Opt-v2,round_04_position_3_Cloud-RCS-FP16-Opt-v2,139,logits,1787659094080954934,1787659094112453373,31.498038999999999,2,2,2,,0
Node3,Cloud-RCS-FP16-Opt-v2,round_04_position_3_Cloud-RCS-FP16-Opt-v2,140,logits,1787659094112453913,1787659094143966267,31.511942999999999,2,2,2,,0
Node3,Cloud-RCS-FP16-Opt-v2,round_04_position_3_Cloud-RCS-FP16-Opt-v2,141,logits,1787659094143966667,1787659094174272600,30.305513000000001,2,2,2,,0
Node3,Cloud-RCS-FP16-Opt-v2,round_04_position_3_Cloud-RCS-FP16-Opt-v2,142,logits,1787659094174273100,1787659094208120537,33.847026999999997,2,2,2,,0
Node3,Cloud-RCS-FP16-Opt-v2,round_04_position_3_Cloud-RCS-FP16-Opt-v2,143,logits,1787659094208121387,1787659094238248695,30.126908,2,2,2,,0
Node3,Cloud-RCS-FP16-Opt-v2,round_04_position_3_Cloud-RCS-FP16-Opt-v2,144,logits,1787659094238249205,1787659094269316546,31.066941,2,2,2,,0
Node3,Cloud-RCS-FP16-Opt-v2,round_04_position_3_Cloud-RCS-FP16-Opt-v2,145,logits,1787659094269317336,1787659094300358398,31.040641999999998,2,2,2,,0
Node3,Cloud-RCS-FP16-Opt-v2,round_04_position_3_Cloud-RCS-FP16-Opt-v2,146,logits,1787659094300358818,1787659094330622606,30.263387000000002,2,2,2,,0
Node3,Cloud-RCS-FP16-Opt-v2,round_04_position_3_Cloud-RCS-FP16-Opt-v2,147,logits,1787659094330622916,1787659094360194490,29.571183999999999,2,2,2,,0
Node3,Cloud-RCS-FP16-Opt-v2,round_04_position_3_Cloud-RCS-FP16-Opt-v2,148,logits,1787659094360194770,1787659094391136446,30.941136,2,2,2,,0
Node3,Cloud-RCS-FP16-Opt-v2,round_04_position_3_Cloud-RCS-FP16-Opt-v2,149,logits,1787659094391136706,1787659094425779754,34.642668,2,2,2,,0
Node3,Cloud-RCS-FP16-Opt-v2,round_04_position_3_Cloud-RCS-FP16-Opt-v2,150,logits,1787659094425780274,1787659094459209308,33.428634000000002,2,2,2,,0
Node3,Cloud-RCS-FP16-Opt-v2,round_04_position_3_Cloud-RCS-FP16-Opt-v2,151,logits,1787659094459209568,1787659094490263544,31.053576,2,2,2,,0
Node3,Cloud-RCS-FP16-Opt-v2,round_04_position_3_Cloud-RCS-FP16-Opt-v2,152,logits,1787659094490263684,1787659094521226027,30.961803,2,2,2,,0
Node3,Cloud-RCS-FP16-Opt-v2,round_04_position_3_Cloud-RCS-FP16-Opt-v2,153,logits,1787659094521226557,1787659094554749986,33.522917999999997,2,2,2,,0
Node3,Cloud-RCS-FP16-Opt-v2,round_04_position_3_Cloud-RCS-FP16-Opt-v2,154,logits,1787659094554750506,1787659094585854991,31.103684999999999,2,2,2,,0
Node3,Cloud-RCS-FP16-Opt-v2,round_04_position_3_Cloud-RCS-FP16-Opt-v2,155,logits,1787659094585855441,1787659094616192445,30.336604000000001,2,2,2,,0
Node3,Cloud-RCS-FP16-Opt-v2,round_04_position_3_Cloud-RCS-FP16-Opt-v2,156,logits,1787659094616192725,1787659094647184639,30.991503000000002,2,2,2,,0
Node3,Cloud-RCS-FP16-Opt-v2,round_04_position_3_Cloud-RCS-FP16-Opt-v2,157,logits,1787659094647184919,1787659094678030859,30.845109999999998,2,2,2,,0
Node3,Cloud-RCS-FP16-Opt-v2,round_04_position_3_Cloud-RCS-FP16-Opt-v2,158,logits,1787659094678031129,1787659094709069410,31.037751,2,2,2,,0
Node3,Cloud-RCS-FP16-Opt-v2,round_04_position_3_Cloud-RCS-FP16-Opt-v2,159,logits,1787659094709069810,1787659094739473759,30.403538999999999,2,2,2,,0
Node3,Cloud-RCS-FP16-Opt-v2,round_04_position_3_Cloud-RCS-FP16-Opt-v2,160,logits,1787659094739474259,1787659094769790376,30.315787,2,2,2,,0
Node3,Cloud-RCS-FP16-Opt-v2,round_04_position_3_Cloud-RCS-FP16-Opt-v2,161,logits,1787659094769790746,1787659094799786655,29.995379,2,2,2,,0
Node3,Cloud-RCS-FP16-Opt-v2,round_04_position_3_Cloud-RCS-FP16-Opt-v2,162,logits,1787659094799787056,1787659094829970524,30.183077999999998,2,2,2,,0
Node3,Cloud-RCS-FP16-Opt-v2,round_04_position_3_Cloud-RCS-FP16-Opt-v2,163,logits,1787659094829970794,1787659094860880587,30.909533,2,2,2,,0
Node3,Cloud-RCS-FP16-Opt-v2,round_04_position_3_Cloud-RCS-FP16-Opt-v2,164,logits,1787659094860880958,1787659094890887871,30.006563,2,2,2,,0
Node3,Cloud-RCS-FP16-Opt-v2,round_04_position_3_Cloud-RCS-FP16-Opt-v2,165,logits,1787659094890888132,1787659094921516942,30.628419999999998,2,2,2,,0
Node3,Cloud-RCS-FP16-Opt-v2,round_04_position_3_Cloud-RCS-FP16-Opt-v2,166,logits,1787659094921517452,1787659094953504620,31.986757999999998,2,2,2,,0
Node3,Cloud-RCS-FP16-Opt-v2,round_04_position_3_Cloud-RCS-FP16-Opt-v2,167,logits,1787659094953505170,1787659094985474151,31.968461000000001,2,2,2,,0
Node3,Cloud-RCS-FP16-Opt-v2,round_04_position_3_Cloud-RCS-FP16-Opt-v2,168,logits,1787659094985474661,1787659095017043500,31.568369000000001,2,2,2,,0
Node3,Cloud-RCS-FP16-Opt-v2,round_04_position_3_Cloud-RCS-FP16-Opt-v2,169,logits,1787659095017043890,1787659095047829647,30.785226999999999,2,2,2,,0
Node3,Cloud-RCS-FP16-Opt-v2,round_04_position_3_Cloud-RCS-FP16-Opt-v2,170,logits,1787659095047830007,1787659095078897377,31.066939999999999,2,2,2,,0
Node3,Cloud-RCS-FP16-Opt-v2,round_04_position_3_Cloud-RCS-FP16-Opt-v2,171,logits,1787659095078897877,1787659095112445020,33.546712999999997,2,2,2,,0
Node3,Cloud-RCS-FP16-Opt-v2,round_04_position_3_Cloud-RCS-FP16-Opt-v2,172,logits,1787659095112445581,1787659095143057294,30.611193,2,2,2,,0
Node3,Cloud-RCS-FP16-Opt-v2,round_04_position_3_Cloud-RCS-FP16-Opt-v2,173,logits,1787659095143057584,1787659095174331279,31.273305000000001,2,2,2,,0
Node3,Cloud-RCS-FP16-Opt-v2,round_04_position_3_Cloud-RCS-FP16-Opt-v2,174,logits,1787659095174331949,1787659095205029094,30.696584999999999,2,2,2,,0
Node3,Cloud-RCS-FP16-Opt-v2,round_04_position_3_Cloud-RCS-FP16-Opt-v2,175,logits,1787659095205029345,1787659095237940106,32.910370999999998,2,2,2,,0
Node3,Cloud-RCS-FP16-Opt-v2,round_04_position_3_Cloud-RCS-FP16-Opt-v2,176,logits,1787659095237940606,1787659095270083048,32.140731000000002,2,2,2,,0
Node3,Cloud-RCS-FP16-Opt-v2,round_04_position_3_Cloud-RCS-FP16-Opt-v2,177,logits,1787659095270083988,1787659095301872231,31.787811999999999,2,2,2,,0
Node3,Cloud-RCS-FP16-Opt-v2,round_04_position_3_Cloud-RCS-FP16-Opt-v2,178,logits,1787659095301872681,1787659095333015728,31.142645999999999,2,2,2,,0
Node3,Cloud-RCS-FP16-Opt-v2,round_04_position_3_Cloud-RCS-FP16-Opt-v2,179,logits,1787659095333016238,1787659095363877903,30.861245,2,2,2,,0
Node3,Cloud-RCS-FP16-Opt-v2,round_04_position_3_Cloud-RCS-FP16-Opt-v2,180,logits,1787659095363878403,1787659095394625736,30.746803,2,2,2,,0
Node3,Cloud-RCS-FP16-Opt-v2,round_04_position_3_Cloud-RCS-FP16-Opt-v2,181,logits,1787659095394626246,1787659095427252644,32.626117999999998,2,2,2,,0
Node3,Cloud-RCS-FP16-Opt-v2,round_04_position_3_Cloud-RCS-FP16-Opt-v2,182,logits,1787659095427252914,1787659095463625007,36.371552999999999,2,2,2,,0
Node3,Cloud-RCS-FP16-Opt-v2,round_04_position_3_Cloud-RCS-FP16-Opt-v2,183,logits,1787659095463625557,1787659095499700792,36.074814000000003,2,2,2,,0
Node3,Cloud-RCS-FP16-Opt-v2,round_04_position_3_Cloud-RCS-FP16-Opt-v2,184,logits,1787659095499701202,1787659095529762315,30.060251999999998,2,2,2,,0
Node3,Cloud-RCS-FP16-Opt-v2,round_04_position_3_Cloud-RCS-FP16-Opt-v2,185,logits,1787659095529762835,1787659095560962563,31.199178,2,2,2,,0
Node3,Cloud-RCS-FP16-Opt-v2,round_04_position_3_Cloud-RCS-FP16-Opt-v2,186,logits,1787659095560962963,1787659095590908344,29.944970999999999,2,2,2,,0
Node3,Cloud-RCS-FP16-Opt-v2,round_04_position_3_Cloud-RCS-FP16-Opt-v2,187,logits,1787659095590908604,1787659095622137363,31.228228000000001,2,2,2,,0
Node3,Cloud-RCS-FP16-Opt-v2,round_04_position_3_Cloud-RCS-FP16-Opt-v2,188,logits,1787659095622137813,1787659095654494702,32.356169000000001,2,2,2,,0
Node3,Cloud-RCS-FP16-Opt-v2,round_04_position_3_Cloud-RCS-FP16-Opt-v2,189,logits,1787659095654495223,1787659095686299221,31.803388000000002,2,2,2,,0
Node3,Cloud-RCS-FP16-Opt-v2,round_04_position_3_Cloud-RCS-FP16-Opt-v2,190,logits,1787659095686299651,1787659095717864332,31.564281000000001,2,2,2,,0
Node3,Cloud-RCS-FP16-Opt-v2,round_04_position_3_Cloud-RCS-FP16-Opt-v2,191,logits,1787659095717864722,1787659095750629780,32.764657999999997,2,2,2,,0
Node3,Cloud-RCS-FP16-Opt-v2,round_04_position_3_Cloud-RCS-FP16-Opt-v2,192,logits,1787659095750630300,1787659095782355180,31.724489999999999,2,2,2,,0
Node3,Cloud-RCS-FP16-Opt-v2,round_04_position_3_Cloud-RCS-FP16-Opt-v2,193,logits,1787659095782355600,1787659095813601075,31.245083999999999,2,2,2,,0
Node3,Cloud-RCS-FP16-Opt-v2,round_04_position_3_Cloud-RCS-FP16-Opt-v2,194,logits,1787659095813601365,1787659095844288956,30.687121000000001,2,2,2,,0
Node3,Cloud-RCS-FP16-Opt-v2,round_04_position_3_Cloud-RCS-FP16-Opt-v2,195,logits,1787659095844289356,1787659095874813518,30.523232,2,2,2,,0
Node3,Cloud-RCS-FP16-Opt-v2,round_04_position_3_Cloud-RCS-FP16-Opt-v2,196,logits,1787659095874814058,1787659095906097597,31.283118999999999,2,2,2,,0
Node3,Cloud-RCS-FP16-Opt-v2,round_04_position_3_Cloud-RCS-FP16-Opt-v2,197,logits,1787659095906098227,1787659095937433714,31.335107000000001,2,2,2,,0
Node3,Cloud-RCS-FP16-Opt-v2,round_04_position_3_Cloud-RCS-FP16-Opt-v2,198,logits,1787659095937434215,1787659095969052615,31.617850000000001,2,2,2,,0
Node3,Cloud-RCS-FP16-Opt-v2,round_04_position_3_Cloud-RCS-FP16-Opt-v2,199,logits,1787659095969052985,1787659095999940780,30.887405000000001,2,2,2,,0
Node3,Cloud-RCS-FP16-Opt-v2,round_05_position_1_Cloud-RCS-FP16-Opt-v2,0,logits,1787659121954622650,1787659121986395484,31.771923999999999,2,2,2,,0
Node3,Cloud-RCS-FP16-Opt-v2,round_05_position_1_Cloud-RCS-FP16-Opt-v2,1,logits,1787659121986395864,1787659122016476274,30.080030000000001,2,2,2,,0
Node3,Cloud-RCS-FP16-Opt-v2,round_05_position_1_Cloud-RCS-FP16-Opt-v2,2,logits,1787659122016476804,1787659122051709631,35.232137000000002,2,2,2,,0
Node3,Cloud-RCS-FP16-Opt-v2,round_05_position_1_Cloud-RCS-FP16-Opt-v2,3,logits,1787659122051710151,1787659122085571643,33.861082000000003,2,2,2,,0
Node3,Cloud-RCS-FP16-Opt-v2,round_05_position_1_Cloud-RCS-FP16-Opt-v2,4,logits,1787659122085572193,1787659122116472913,30.90033,2,2,2,,0
Node3,Cloud-RCS-FP16-Opt-v2,round_05_position_1_Cloud-RCS-FP16-Opt-v2,5,logits,1787659122116473513,1787659122148831967,32.358024,2,2,2,,0
Node3,Cloud-RCS-FP16-Opt-v2,round_05_position_1_Cloud-RCS-FP16-Opt-v2,6,logits,1787659122148832497,1787659122183086872,34.253965000000001,2,2,2,,0
Node3,Cloud-RCS-FP16-Opt-v2,round_05_position_1_Cloud-RCS-FP16-Opt-v2,7,logits,1787659122183087562,1787659122215702572,32.614620000000002,2,2,2,,0
Node3,Cloud-RCS-FP16-Opt-v2,round_05_position_1_Cloud-RCS-FP16-Opt-v2,8,logits,1787659122215703103,1787659122246521555,30.818051000000001,2,2,2,,0
Node3,Cloud-RCS-FP16-Opt-v2,round_05_position_1_Cloud-RCS-FP16-Opt-v2,9,logits,1787659122246522075,1787659122276941862,30.419377000000001,2,2,2,,0
Node3,Cloud-RCS-FP16-Opt-v2,round_05_position_1_Cloud-RCS-FP16-Opt-v2,10,logits,1787659122276942542,1787659122308866018,31.923075999999998,2,2,2,,0
Node3,Cloud-RCS-FP16-Opt-v2,round_05_position_1_Cloud-RCS-FP16-Opt-v2,11,logits,1787659122308866428,1787659122342082852,33.215904000000002,2,2,2,,0
Node3,Cloud-RCS-FP16-Opt-v2,round_05_position_1_Cloud-RCS-FP16-Opt-v2,12,logits,1787659122342083402,1787659122374716699,32.632886999999997,2,2,2,,0
Node3,Cloud-RCS-FP16-Opt-v2,round_05_position_1_Cloud-RCS-FP16-Opt-v2,13,logits,1787659122374717409,1787659122407071371,32.353701999999998,2,2,2,,0
Node3,Cloud-RCS-FP16-Opt-v2,round_05_position_1_Cloud-RCS-FP16-Opt-v2,14,logits,1787659122407071911,1787659122437561641,30.489460000000001,2,2,2,,0
Node3,Cloud-RCS-FP16-Opt-v2,round_05_position_1_Cloud-RCS-FP16-Opt-v2,15,logits,1787659122437562171,1787659122468282661,30.720099999999999,2,2,2,,0
Node3,Cloud-RCS-FP16-Opt-v2,round_05_position_1_Cloud-RCS-FP16-Opt-v2,16,logits,1787659122468283181,1787659122498854169,30.570717999999999,2,2,2,,0
Node3,Cloud-RCS-FP16-Opt-v2,round_05_position_1_Cloud-RCS-FP16-Opt-v2,17,logits,1787659122498854689,1787659122530253558,31.398599000000001,2,2,2,,0
Node3,Cloud-RCS-FP16-Opt-v2,round_05_position_1_Cloud-RCS-FP16-Opt-v2,18,logits,1787659122530254098,1787659122560422150,30.167691000000001,2,2,2,,0
Node3,Cloud-RCS-FP16-Opt-v2,round_05_position_1_Cloud-RCS-FP16-Opt-v2,19,logits,1787659122560422710,1787659122590582639,30.159659000000001,2,2,2,,0
Node3,Cloud-RCS-FP16-Opt-v2,round_05_position_1_Cloud-RCS-FP16-Opt-v2,20,logits,1787659122590583169,1787659122620799097,30.215658000000001,2,2,2,,0
Node3,Cloud-RCS-FP16-Opt-v2,round_05_position_1_Cloud-RCS-FP16-Opt-v2,21,logits,1787659122620799798,1787659122652389331,31.589262999999999,2,2,2,,0
Node3,Cloud-RCS-FP16-Opt-v2,round_05_position_1_Cloud-RCS-FP16-Opt-v2,22,logits,1787659122652389981,1787659122683355432,30.965101000000001,2,2,2,,0
Node3,Cloud-RCS-FP16-Opt-v2,round_05_position_1_Cloud-RCS-FP16-Opt-v2,23,logits,1787659122683356043,1787659122713402964,30.046500999999999,2,2,2,,0
Node3,Cloud-RCS-FP16-Opt-v2,round_05_position_1_Cloud-RCS-FP16-Opt-v2,24,logits,1787659122713403504,1787659122744139188,30.735254000000001,2,2,2,,0
Node3,Cloud-RCS-FP16-Opt-v2,round_05_position_1_Cloud-RCS-FP16-Opt-v2,25,logits,1787659122744139868,1787659122775172943,31.032785000000001,2,2,2,,0
Node3,Cloud-RCS-FP16-Opt-v2,round_05_position_1_Cloud-RCS-FP16-Opt-v2,26,logits,1787659122775173473,1787659122806022615,30.848731999999998,2,2,2,,0
Node3,Cloud-RCS-FP16-Opt-v2,round_05_position_1_Cloud-RCS-FP16-Opt-v2,27,logits,1787659122806023326,1787659122836471603,30.447876000000001,2,2,2,,0
Node3,Cloud-RCS-FP16-Opt-v2,round_05_position_1_Cloud-RCS-FP16-Opt-v2,28,logits,1787659122836472123,1787659122866614616,30.142143000000001,2,2,2,,0
Node3,Cloud-RCS-FP16-Opt-v2,round_05_position_1_Cloud-RCS-FP16-Opt-v2,29,logits,1787659122866615146,1787659122897322891,30.707474999999999,2,2,2,,0
Node3,Cloud-RCS-FP16-Opt-v2,round_05_position_1_Cloud-RCS-FP16-Opt-v2,30,logits,1787659122897323291,1787659122928787501,31.463509999999999,2,2,2,,0
Node3,Cloud-RCS-FP16-Opt-v2,round_05_position_1_Cloud-RCS-FP16-Opt-v2,31,logits,1787659122928788051,1787659122959712960,30.924648000000001,2,2,2,,0
Node3,Cloud-RCS-FP16-Opt-v2,round_05_position_1_Cloud-RCS-FP16-Opt-v2,32,logits,1787659122959713500,1787659122990613149,30.899259000000001,2,2,2,,0
Node3,Cloud-RCS-FP16-Opt-v2,round_05_position_1_Cloud-RCS-FP16-Opt-v2,33,logits,1787659122990614050,1787659123021167298,30.552848000000001,2,2,2,,0
Node3,Cloud-RCS-FP16-Opt-v2,round_05_position_1_Cloud-RCS-FP16-Opt-v2,34,logits,1787659123021167998,1787659123052961762,31.793493000000002,2,2,2,,0
Node3,Cloud-RCS-FP16-Opt-v2,round_05_position_1_Cloud-RCS-FP16-Opt-v2,35,logits,1787659123052962592,1787659123089073272,36.110289999999999,2,2,2,,0
Node3,Cloud-RCS-FP16-Opt-v2,round_05_position_1_Cloud-RCS-FP16-Opt-v2,36,logits,1787659123089073783,1787659123123471135,34.396962000000002,2,2,2,,0
Node3,Cloud-RCS-FP16-Opt-v2,round_05_position_1_Cloud-RCS-FP16-Opt-v2,37,logits,1787659123123471535,1787659123154489437,31.017392000000001,2,2,2,,0
Node3,Cloud-RCS-FP16-Opt-v2,round_05_position_1_Cloud-RCS-FP16-Opt-v2,38,logits,1787659123154489987,1787659123185055155,30.564768000000001,2,2,2,,0
Node3,Cloud-RCS-FP16-Opt-v2,round_05_position_1_Cloud-RCS-FP16-Opt-v2,39,logits,1787659123185055665,1787659123217105755,32.049669999999999,2,2,2,,0
Node3,Cloud-RCS-FP16-Opt-v2,round_05_position_1_Cloud-RCS-FP16-Opt-v2,40,logits,1787659123217106465,1787659123249635477,32.528621000000001,2,2,2,,0
Node3,Cloud-RCS-FP16-Opt-v2,round_05_position_1_Cloud-RCS-FP16-Opt-v2,41,logits,1787659123249635997,1787659123281487350,31.850943000000001,2,2,2,,0
Node3,Cloud-RCS-FP16-Opt-v2,round_05_position_1_Cloud-RCS-FP16-Opt-v2,42,logits,1787659123281487871,1787659123313055557,31.567305999999999,2,2,2,,0
Node3,Cloud-RCS-FP16-Opt-v2,round_05_position_1_Cloud-RCS-FP16-Opt-v2,43,logits,1787659123313056097,1787659123345606126,32.549619,2,2,2,,0
Node3,Cloud-RCS-FP16-Opt-v2,round_05_position_1_Cloud-RCS-FP16-Opt-v2,44,logits,1787659123345606586,1787659123377773336,32.166330000000002,2,2,2,,0
Node3,Cloud-RCS-FP16-Opt-v2,round_05_position_1_Cloud-RCS-FP16-Opt-v2,45,logits,1787659123377773876,1787659123409746139,31.971872999999999,2,2,2,,0
Node3,Cloud-RCS-FP16-Opt-v2,round_05_position_1_Cloud-RCS-FP16-Opt-v2,46,logits,1787659123409746669,1787659123440818799,31.071850000000001,2,2,2,,0
Node3,Cloud-RCS-FP16-Opt-v2,round_05_position_1_Cloud-RCS-FP16-Opt-v2,47,logits,1787659123440819369,1787659123470610907,29.791138,2,2,2,,0
Node3,Cloud-RCS-FP16-Opt-v2,round_05_position_1_Cloud-RCS-FP16-Opt-v2,48,logits,1787659123470611427,1787659123501572209,30.960381999999999,2,2,2,,0
Node3,Cloud-RCS-FP16-Opt-v2,round_05_position_1_Cloud-RCS-FP16-Opt-v2,49,logits,1787659123501572770,1787659123532064393,30.491212999999998,2,2,2,,0
Node3,Cloud-RCS-FP16-Opt-v2,round_05_position_1_Cloud-RCS-FP16-Opt-v2,50,logits,1787659123532064913,1787659123563649656,31.584333000000001,2,2,2,,0
Node3,Cloud-RCS-FP16-Opt-v2,round_05_position_1_Cloud-RCS-FP16-Opt-v2,51,logits,1787659123563650226,1787659123594418844,30.768367000000001,2,2,2,,0
Node3,Cloud-RCS-FP16-Opt-v2,round_05_position_1_Cloud-RCS-FP16-Opt-v2,52,logits,1787659123594419224,1787659123626573439,32.154065000000003,2,2,2,,0
Node3,Cloud-RCS-FP16-Opt-v2,round_05_position_1_Cloud-RCS-FP16-Opt-v2,53,logits,1787659123626574179,1787659123656872838,30.298528999999998,2,2,2,,0
Node3,Cloud-RCS-FP16-Opt-v2,round_05_position_1_Cloud-RCS-FP16-Opt-v2,54,logits,1787659123656873358,1787659123687666173,30.792694999999998,2,2,2,,0
Node3,Cloud-RCS-FP16-Opt-v2,round_05_position_1_Cloud-RCS-FP16-Opt-v2,55,logits,1787659123687666874,1787659123717581142,29.913878,2,2,2,,0
Node3,Cloud-RCS-FP16-Opt-v2,round_05_position_1_Cloud-RCS-FP16-Opt-v2,56,logits,1787659123717581642,1787659123747925066,30.343033999999999,2,2,2,,0
Node3,Cloud-RCS-FP16-Opt-v2,round_05_position_1_Cloud-RCS-FP16-Opt-v2,57,logits,1787659123747925576,1787659123779044982,31.119015999999998,2,2,2,,0
Node3,Cloud-RCS-FP16-Opt-v2,round_05_position_1_Cloud-RCS-FP16-Opt-v2,58,logits,1787659123779045522,1787659123809585443,30.539539999999999,2,2,2,,0
Node3,Cloud-RCS-FP16-Opt-v2,round_05_position_1_Cloud-RCS-FP16-Opt-v2,59,logits,1787659123809586123,1787659123839814127,30.227613999999999,2,2,2,,0
Node3,Cloud-RCS-FP16-Opt-v2,round_05_position_1_Cloud-RCS-FP16-Opt-v2,60,logits,1787659123839814647,1787659123870307662,30.492633000000001,2,2,2,,0
Node3,Cloud-RCS-FP16-Opt-v2,round_05_position_1_Cloud-RCS-FP16-Opt-v2,61,logits,1787659123870308172,1787659123900240117,29.931524,2,2,2,,0
Node3,Cloud-RCS-FP16-Opt-v2,round_05_position_1_Cloud-RCS-FP16-Opt-v2,62,logits,1787659123900240637,1787659123930750647,30.50949,2,2,2,,0
Node3,Cloud-RCS-FP16-Opt-v2,round_05_position_1_Cloud-RCS-FP16-Opt-v2,63,logits,1787659123930751197,1787659123961081667,30.329829,2,2,2,,0
Node3,Cloud-RCS-FP16-Opt-v2,round_05_position_1_Cloud-RCS-FP16-Opt-v2,64,logits,1787659123961082217,1787659123991702304,30.619477,2,2,2,,0
Node3,Cloud-RCS-FP16-Opt-v2,round_05_position_1_Cloud-RCS-FP16-Opt-v2,65,logits,1787659123991702824,1787659124023271796,31.568570999999999,2,2,2,,0
Node3,Cloud-RCS-FP16-Opt-v2,round_05_position_1_Cloud-RCS-FP16-Opt-v2,66,logits,1787659124023272356,1787659124053844159,30.571522999999999,2,2,2,,0
Node3,Cloud-RCS-FP16-Opt-v2,round_05_position_1_Cloud-RCS-FP16-Opt-v2,67,logits,1787659124053844680,1787659124083754620,29.909549999999999,2,2,2,,0
Node3,Cloud-RCS-FP16-Opt-v2,round_05_position_1_Cloud-RCS-FP16-Opt-v2,68,logits,1787659124083755140,1787659124119690449,35.934919000000001,2,2,2,,0
Node3,Cloud-RCS-FP16-Opt-v2,round_05_position_1_Cloud-RCS-FP16-Opt-v2,69,logits,1787659124119690859,1787659124155966313,36.275053999999997,2,2,2,,0
Node3,Cloud-RCS-FP16-Opt-v2,round_05_position_1_Cloud-RCS-FP16-Opt-v2,70,logits,1787659124155966983,1787659124186559543,30.592279999999999,2,2,2,,0
Node3,Cloud-RCS-FP16-Opt-v2,round_05_position_1_Cloud-RCS-FP16-Opt-v2,71,logits,1787659124186560503,1787659124217322841,30.761948,2,2,2,,0
Node3,Cloud-RCS-FP16-Opt-v2,round_05_position_1_Cloud-RCS-FP16-Opt-v2,72,logits,1787659124217323441,1787659124249255452,31.931571000000002,2,2,2,,0
Node3,Cloud-RCS-FP16-Opt-v2,round_05_position_1_Cloud-RCS-FP16-Opt-v2,73,logits,1787659124249256162,1787659124292889824,43.633260999999997,2,2,2,,0
Node3,Cloud-RCS-FP16-Opt-v2,round_05_position_1_Cloud-RCS-FP16-Opt-v2,74,logits,1787659124292890244,1787659124325242586,32.351951999999997,2,2,2,,0
Node3,Cloud-RCS-FP16-Opt-v2,round_05_position_1_Cloud-RCS-FP16-Opt-v2,75,logits,1787659124325243107,1787659124356031883,30.788385999999999,2,2,2,,0
Node3,Cloud-RCS-FP16-Opt-v2,round_05_position_1_Cloud-RCS-FP16-Opt-v2,76,logits,1787659124356032443,1787659124387473719,31.440885999999999,2,2,2,,0
Node3,Cloud-RCS-FP16-Opt-v2,round_05_position_1_Cloud-RCS-FP16-Opt-v2,77,logits,1787659124387474259,1787659124417785515,30.310866000000001,2,2,2,,0
Node3,Cloud-RCS-FP16-Opt-v2,round_05_position_1_Cloud-RCS-FP16-Opt-v2,78,logits,1787659124417786045,1787659124447198297,29.411852,2,2,2,,0
Node3,Cloud-RCS-FP16-Opt-v2,round_05_position_1_Cloud-RCS-FP16-Opt-v2,79,logits,1787659124447198848,1787659124477511954,30.312705999999999,2,2,2,,0
Node3,Cloud-RCS-FP16-Opt-v2,round_05_position_1_Cloud-RCS-FP16-Opt-v2,80,logits,1787659124477512484,1787659124507351471,29.838716000000002,2,2,2,,0
Node3,Cloud-RCS-FP16-Opt-v2,round_05_position_1_Cloud-RCS-FP16-Opt-v2,81,logits,1787659124507351981,1787659124538081987,30.729596000000001,2,2,2,,0
Node3,Cloud-RCS-FP16-Opt-v2,round_05_position_1_Cloud-RCS-FP16-Opt-v2,82,logits,1787659124538082397,1787659124567879640,29.796932999999999,2,2,2,,0
Node3,Cloud-RCS-FP16-Opt-v2,round_05_position_1_Cloud-RCS-FP16-Opt-v2,83,logits,1787659124567880260,1787659124598648970,30.768439000000001,2,2,2,,0
Node3,Cloud-RCS-FP16-Opt-v2,round_05_position_1_Cloud-RCS-FP16-Opt-v2,84,logits,1787659124598649480,1787659124629107935,30.458075000000001,2,2,2,,0
Node3,Cloud-RCS-FP16-Opt-v2,round_05_position_1_Cloud-RCS-FP16-Opt-v2,85,logits,1787659124629108465,1787659124661252808,32.143943,2,2,2,,0
Node3,Cloud-RCS-FP16-Opt-v2,round_05_position_1_Cloud-RCS-FP16-Opt-v2,86,logits,1787659124661253338,1787659124692839363,31.585744999999999,2,2,2,,0
Node3,Cloud-RCS-FP16-Opt-v2,round_05_position_1_Cloud-RCS-FP16-Opt-v2,87,logits,1787659124692839903,1787659124722188484,29.348110999999999,2,2,2,,0
Node3,Cloud-RCS-FP16-Opt-v2,round_05_position_1_Cloud-RCS-FP16-Opt-v2,88,logits,1787659124722189024,1787659124752028971,29.839527,2,2,2,,0
Node3,Cloud-RCS-FP16-Opt-v2,round_05_position_1_Cloud-RCS-FP16-Opt-v2,89,logits,1787659124752029531,1787659124782055741,30.025689,2,2,2,,0
Node3,Cloud-RCS-FP16-Opt-v2,round_05_position_1_Cloud-RCS-FP16-Opt-v2,90,logits,1787659124782056291,1787659124812097045,30.040344000000001,2,2,2,,0
Node3,Cloud-RCS-FP16-Opt-v2,round_05_position_1_Cloud-RCS-FP16-Opt-v2,91,logits,1787659124812097606,1787659124843644657,31.546671,2,2,2,,0
Node3,Cloud-RCS-FP16-Opt-v2,round_05_position_1_Cloud-RCS-FP16-Opt-v2,92,logits,1787659124843645187,1787659124874893428,31.247861,2,2,2,,0
Node3,Cloud-RCS-FP16-Opt-v2,round_05_position_1_Cloud-RCS-FP16-Opt-v2,93,logits,1787659124874893929,1787659124905592414,30.698094999999999,2,2,2,,0
Node3,Cloud-RCS-FP16-Opt-v2,round_05_position_1_Cloud-RCS-FP16-Opt-v2,94,logits,1787659124905592934,1787659124935676493,30.082929,2,2,2,,0
Node3,Cloud-RCS-FP16-Opt-v2,round_05_position_1_Cloud-RCS-FP16-Opt-v2,95,logits,1787659124935677014,1787659124966725487,31.048203000000001,2,2,2,,0
Node3,Cloud-RCS-FP16-Opt-v2,round_05_position_1_Cloud-RCS-FP16-Opt-v2,96,logits,1787659124966726298,1787659124996452026,29.725328000000001,2,2,2,,0
Node3,Cloud-RCS-FP16-Opt-v2,round_05_position_1_Cloud-RCS-FP16-Opt-v2,97,logits,1787659124996452526,1787659125026363749,29.910952999999999,2,2,2,,0
Node3,Cloud-RCS-FP16-Opt-v2,round_05_position_1_Cloud-RCS-FP16-Opt-v2,98,logits,1787659125026364279,1787659125056491735,30.127065999999999,2,2,2,,0
Node3,Cloud-RCS-FP16-Opt-v2,round_05_position_1_Cloud-RCS-FP16-Opt-v2,99,logits,1787659125056492236,1787659125086479315,29.986678999999999,2,2,2,,0
Node3,Cloud-RCS-FP16-Opt-v2,round_05_position_1_Cloud-RCS-FP16-Opt-v2,100,logits,1787659125086479865,1787659125117742323,31.262208000000001,2,2,2,,0
Node3,Cloud-RCS-FP16-Opt-v2,round_05_position_1_Cloud-RCS-FP16-Opt-v2,101,logits,1787659125117742853,1787659125147982867,30.239384000000001,2,2,2,,0
Node3,Cloud-RCS-FP16-Opt-v2,round_05_position_1_Cloud-RCS-FP16-Opt-v2,102,logits,1787659125147983357,1787659125177562860,29.579093,2,2,2,,0
Node3,Cloud-RCS-FP16-Opt-v2,round_05_position_1_Cloud-RCS-FP16-Opt-v2,103,logits,1787659125177563290,1787659125216034678,38.470998000000002,2,2,2,,0
Node3,Cloud-RCS-FP16-Opt-v2,round_05_position_1_Cloud-RCS-FP16-Opt-v2,104,logits,1787659125216035338,1787659125254265396,38.229517000000001,2,2,2,,0
Node3,Cloud-RCS-FP16-Opt-v2,round_05_position_1_Cloud-RCS-FP16-Opt-v2,105,logits,1787659125254265956,1787659125286681761,32.415053999999998,2,2,2,,0
Node3,Cloud-RCS-FP16-Opt-v2,round_05_position_1_Cloud-RCS-FP16-Opt-v2,106,logits,1787659125286682271,1787659125321335517,34.652836000000001,2,2,2,,0
Node3,Cloud-RCS-FP16-Opt-v2,round_05_position_1_Cloud-RCS-FP16-Opt-v2,107,logits,1787659125321336178,1787659125353013355,31.676786,2,2,2,,0
Node3,Cloud-RCS-FP16-Opt-v2,round_05_position_1_Cloud-RCS-FP16-Opt-v2,108,logits,1787659125353013865,1787659125385200023,32.185617000000001,2,2,2,,0
Node3,Cloud-RCS-FP16-Opt-v2,round_05_position_1_Cloud-RCS-FP16-Opt-v2,109,logits,1787659125385200563,1787659125426651371,41.450297999999997,2,2,2,,0
Node3,Cloud-RCS-FP16-Opt-v2,round_05_position_1_Cloud-RCS-FP16-Opt-v2,110,logits,1787659125426651882,1787659125459704120,33.051478000000003,2,2,2,,0
Node3,Cloud-RCS-FP16-Opt-v2,round_05_position_1_Cloud-RCS-FP16-Opt-v2,111,logits,1787659125459704810,1787659125491304682,31.599460000000001,2,2,2,,0
Node3,Cloud-RCS-FP16-Opt-v2,round_05_position_1_Cloud-RCS-FP16-Opt-v2,112,logits,1787659125491305202,1787659125522619777,31.314164000000002,2,2,2,,0
Node3,Cloud-RCS-FP16-Opt-v2,round_05_position_1_Cloud-RCS-FP16-Opt-v2,113,logits,1787659125522620277,1787659125552883179,30.262492000000002,2,2,2,,0
Node3,Cloud-RCS-FP16-Opt-v2,round_05_position_1_Cloud-RCS-FP16-Opt-v2,114,logits,1787659125552883739,1787659125583539663,30.655524,2,2,2,,0
Node3,Cloud-RCS-FP16-Opt-v2,round_05_position_1_Cloud-RCS-FP16-Opt-v2,115,logits,1787659125583540173,1787659125613776757,30.236194000000001,2,2,2,,0
Node3,Cloud-RCS-FP16-Opt-v2,round_05_position_1_Cloud-RCS-FP16-Opt-v2,116,logits,1787659125613777267,1787659125644688186,30.910509000000001,2,2,2,,0
Node3,Cloud-RCS-FP16-Opt-v2,round_05_position_1_Cloud-RCS-FP16-Opt-v2,117,logits,1787659125644688846,1787659125676013065,31.323819,2,2,2,,0
Node3,Cloud-RCS-FP16-Opt-v2,round_05_position_1_Cloud-RCS-FP16-Opt-v2,118,logits,1787659125676013865,1787659125707941956,31.927620999999998,2,2,2,,0
Node3,Cloud-RCS-FP16-Opt-v2,round_05_position_1_Cloud-RCS-FP16-Opt-v2,119,logits,1787659125707942496,1787659125739274187,31.331281000000001,2,2,2,,0
Node3,Cloud-RCS-FP16-Opt-v2,round_05_position_1_Cloud-RCS-FP16-Opt-v2,120,logits,1787659125739274587,1787659125770686635,31.411648,2,2,2,,0
Node3,Cloud-RCS-FP16-Opt-v2,round_05_position_1_Cloud-RCS-FP16-Opt-v2,121,logits,1787659125770687345,1787659125802018756,31.330870999999998,2,2,2,,0
Node3,Cloud-RCS-FP16-Opt-v2,round_05_position_1_Cloud-RCS-FP16-Opt-v2,122,logits,1787659125802019276,1787659125832167870,30.148174000000001,2,2,2,,0
Node3,Cloud-RCS-FP16-Opt-v2,round_05_position_1_Cloud-RCS-FP16-Opt-v2,123,logits,1787659125832168400,1787659125863693436,31.524656,2,2,2,,0
Node3,Cloud-RCS-FP16-Opt-v2,round_05_position_1_Cloud-RCS-FP16-Opt-v2,124,logits,1787659125863693946,1787659125894350230,30.655884,2,2,2,,0
Node3,Cloud-RCS-FP16-Opt-v2,round_05_position_1_Cloud-RCS-FP16-Opt-v2,125,logits,1787659125894350760,1787659125926424731,32.073571000000001,2,2,2,,0
Node3,Cloud-RCS-FP16-Opt-v2,round_05_position_1_Cloud-RCS-FP16-Opt-v2,126,logits,1787659125926425271,1787659125956759187,30.333506,2,2,2,,0
Node3,Cloud-RCS-FP16-Opt-v2,round_05_position_1_Cloud-RCS-FP16-Opt-v2,127,logits,1787659125956759717,1787659125989013217,32.253120000000003,2,2,2,,0
Node3,Cloud-RCS-FP16-Opt-v2,round_05_position_1_Cloud-RCS-FP16-Opt-v2,128,logits,1787659125989013758,1787659126018749061,29.734902999999999,2,2,2,,0
Node3,Cloud-RCS-FP16-Opt-v2,round_05_position_1_Cloud-RCS-FP16-Opt-v2,129,logits,1787659126018749501,1787659126049863271,31.113379999999999,2,2,2,,0
Node3,Cloud-RCS-FP16-Opt-v2,round_05_position_1_Cloud-RCS-FP16-Opt-v2,130,logits,1787659126049863781,1787659126081054707,31.190505999999999,2,2,2,,0
Node3,Cloud-RCS-FP16-Opt-v2,round_05_position_1_Cloud-RCS-FP16-Opt-v2,131,logits,1787659126081055487,1787659126111180086,30.124189000000001,2,2,2,,0
Node3,Cloud-RCS-FP16-Opt-v2,round_05_position_1_Cloud-RCS-FP16-Opt-v2,132,logits,1787659126111180636,1787659126141635285,30.454369,2,2,2,,0
Node3,Cloud-RCS-FP16-Opt-v2,round_05_position_1_Cloud-RCS-FP16-Opt-v2,133,logits,1787659126141635855,1787659126171872211,30.236086,2,2,2,,0
Node3,Cloud-RCS-FP16-Opt-v2,round_05_position_1_Cloud-RCS-FP16-Opt-v2,134,logits,1787659126171872741,1787659126202815764,30.942533000000001,2,2,2,,0
Node3,Cloud-RCS-FP16-Opt-v2,round_05_position_1_Cloud-RCS-FP16-Opt-v2,135,logits,1787659126202816354,1787659126233150123,30.333497999999999,2,2,2,,0
Node3,Cloud-RCS-FP16-Opt-v2,round_05_position_1_Cloud-RCS-FP16-Opt-v2,136,logits,1787659126233150873,1787659126263752101,30.600968000000002,2,2,2,,0
Node3,Cloud-RCS-FP16-Opt-v2,round_05_position_1_Cloud-RCS-FP16-Opt-v2,137,logits,1787659126263752611,1787659126294484523,30.731472,2,2,2,,0
Node3,Cloud-RCS-FP16-Opt-v2,round_05_position_1_Cloud-RCS-FP16-Opt-v2,138,logits,1787659126294485333,1787659126328173826,33.688163000000003,2,2,2,,0
Node3,Cloud-RCS-FP16-Opt-v2,round_05_position_1_Cloud-RCS-FP16-Opt-v2,139,logits,1787659126328174096,1787659126362196510,34.021884,2,2,2,,0
Node3,Cloud-RCS-FP16-Opt-v2,round_05_position_1_Cloud-RCS-FP16-Opt-v2,140,logits,1787659126362197130,1787659126396513312,34.315792000000002,2,2,2,,0
Node3,Cloud-RCS-FP16-Opt-v2,round_05_position_1_Cloud-RCS-FP16-Opt-v2,141,logits,1787659126396514093,1787659126426639862,30.125368000000002,2,2,2,,0
Node3,Cloud-RCS-FP16-Opt-v2,round_05_position_1_Cloud-RCS-FP16-Opt-v2,142,logits,1787659126426640282,1787659126458188987,31.548185,2,2,2,,0
Node3,Cloud-RCS-FP16-Opt-v2,round_05_position_1_Cloud-RCS-FP16-Opt-v2,143,logits,1787659126458189617,1787659126487837767,29.647749000000001,2,2,2,,0
Node3,Cloud-RCS-FP16-Opt-v2,round_05_position_1_Cloud-RCS-FP16-Opt-v2,144,logits,1787659126487838297,1787659126517682731,29.844163999999999,2,2,2,,0
Node3,Cloud-RCS-FP16-Opt-v2,round_05_position_1_Cloud-RCS-FP16-Opt-v2,145,logits,1787659126517683272,1787659126547873852,30.190449999999998,2,2,2,,0
Node3,Cloud-RCS-FP16-Opt-v2,round_05_position_1_Cloud-RCS-FP16-Opt-v2,146,logits,1787659126547874413,1787659126578512133,30.6372,2,2,2,,0
Node3,Cloud-RCS-FP16-Opt-v2,round_05_position_1_Cloud-RCS-FP16-Opt-v2,147,logits,1787659126578512563,1787659126609438200,30.925246000000001,2,2,2,,0
Node3,Cloud-RCS-FP16-Opt-v2,round_05_position_1_Cloud-RCS-FP16-Opt-v2,148,logits,1787659126609438750,1787659126639381678,29.942778000000001,2,2,2,,0
Node3,Cloud-RCS-FP16-Opt-v2,round_05_position_1_Cloud-RCS-FP16-Opt-v2,149,logits,1787659126639382238,1787659126670164897,30.782268999999999,2,2,2,,0
Node3,Cloud-RCS-FP16-Opt-v2,round_05_position_1_Cloud-RCS-FP16-Opt-v2,150,logits,1787659126670165447,1787659126710846451,40.680734000000001,2,2,2,,0
Node3,Cloud-RCS-FP16-Opt-v2,round_05_position_1_Cloud-RCS-FP16-Opt-v2,151,logits,1787659126710848131,1787659126743279353,32.430961000000003,2,2,2,,0
Node3,Cloud-RCS-FP16-Opt-v2,round_05_position_1_Cloud-RCS-FP16-Opt-v2,152,logits,1787659126743280113,1787659126773653655,30.373152000000001,2,2,2,,0
Node3,Cloud-RCS-FP16-Opt-v2,round_05_position_1_Cloud-RCS-FP16-Opt-v2,153,logits,1787659126773654195,1787659126804845781,31.191196000000001,2,2,2,,0
Node3,Cloud-RCS-FP16-Opt-v2,round_05_position_1_Cloud-RCS-FP16-Opt-v2,154,logits,1787659126804846321,1787659126835393381,30.546659999999999,2,2,2,,0
Node3,Cloud-RCS-FP16-Opt-v2,round_05_position_1_Cloud-RCS-FP16-Opt-v2,155,logits,1787659126835393901,1787659126867031957,31.637796000000002,2,2,2,,0
Node3,Cloud-RCS-FP16-Opt-v2,round_05_position_1_Cloud-RCS-FP16-Opt-v2,156,logits,1787659126867032617,1787659126897418503,30.385486,2,2,2,,0
Node3,Cloud-RCS-FP16-Opt-v2,round_05_position_1_Cloud-RCS-FP16-Opt-v2,157,logits,1787659126897418893,1787659126928199752,30.780457999999999,2,2,2,,0
Node3,Cloud-RCS-FP16-Opt-v2,round_05_position_1_Cloud-RCS-FP16-Opt-v2,158,logits,1787659126928200252,1787659126959290123,31.089461,2,2,2,,0
Node3,Cloud-RCS-FP16-Opt-v2,round_05_position_1_Cloud-RCS-FP16-Opt-v2,159,logits,1787659126959290654,1787659126989970108,30.679054000000001,2,2,2,,0
Node3,Cloud-RCS-FP16-Opt-v2,round_05_position_1_Cloud-RCS-FP16-Opt-v2,160,logits,1787659126989970648,1787659127021328032,31.356964000000001,2,2,2,,0
Node3,Cloud-RCS-FP16-Opt-v2,round_05_position_1_Cloud-RCS-FP16-Opt-v2,161,logits,1787659127021328632,1787659127051999317,30.670283999999999,2,2,2,,0
Node3,Cloud-RCS-FP16-Opt-v2,round_05_position_1_Cloud-RCS-FP16-Opt-v2,162,logits,1787659127051999837,1787659127082792051,30.791934000000001,2,2,2,,0
Node3,Cloud-RCS-FP16-Opt-v2,round_05_position_1_Cloud-RCS-FP16-Opt-v2,163,logits,1787659127082792562,1787659127113498948,30.706116000000002,2,2,2,,0
Node3,Cloud-RCS-FP16-Opt-v2,round_05_position_1_Cloud-RCS-FP16-Opt-v2,164,logits,1787659127113499478,1787659127144052013,30.552123999999999,2,2,2,,0
Node3,Cloud-RCS-FP16-Opt-v2,round_05_position_1_Cloud-RCS-FP16-Opt-v2,165,logits,1787659127144052763,1787659127175306361,31.253208000000001,2,2,2,,0
Node3,Cloud-RCS-FP16-Opt-v2,round_05_position_1_Cloud-RCS-FP16-Opt-v2,166,logits,1787659127175306982,1787659127206876606,31.569213999999999,2,2,2,,0
Node3,Cloud-RCS-FP16-Opt-v2,round_05_position_1_Cloud-RCS-FP16-Opt-v2,167,logits,1787659127206877486,1787659127237171004,30.293247999999998,2,2,2,,0
Node3,Cloud-RCS-FP16-Opt-v2,round_05_position_1_Cloud-RCS-FP16-Opt-v2,168,logits,1787659127237171534,1787659127267599678,30.427864,2,2,2,,0
Node3,Cloud-RCS-FP16-Opt-v2,round_05_position_1_Cloud-RCS-FP16-Opt-v2,169,logits,1787659127267600378,1787659127298879986,31.279197,2,2,2,,0
Node3,Cloud-RCS-FP16-Opt-v2,round_05_position_1_Cloud-RCS-FP16-Opt-v2,170,logits,1787659127298880516,1787659127331871244,32.990327999999998,2,2,2,,0
Node3,Cloud-RCS-FP16-Opt-v2,round_05_position_1_Cloud-RCS-FP16-Opt-v2,171,logits,1787659127331872015,1787659127364017391,32.144956000000001,2,2,2,,0
Node3,Cloud-RCS-FP16-Opt-v2,round_05_position_1_Cloud-RCS-FP16-Opt-v2,172,logits,1787659127364017932,1787659127401231101,37.212738999999999,2,2,2,,0
Node3,Cloud-RCS-FP16-Opt-v2,round_05_position_1_Cloud-RCS-FP16-Opt-v2,173,logits,1787659127401231831,1787659127433157334,31.925103,2,2,2,,0
Node3,Cloud-RCS-FP16-Opt-v2,round_05_position_1_Cloud-RCS-FP16-Opt-v2,174,logits,1787659127433157914,1787659127464673961,31.515636000000001,2,2,2,,0
Node3,Cloud-RCS-FP16-Opt-v2,round_05_position_1_Cloud-RCS-FP16-Opt-v2,175,logits,1787659127464674461,1787659127495338583,30.663712,2,2,2,,0
Node3,Cloud-RCS-FP16-Opt-v2,round_05_position_1_Cloud-RCS-FP16-Opt-v2,176,logits,1787659127495339233,1787659127526308107,30.968174000000001,2,2,2,,0
Node3,Cloud-RCS-FP16-Opt-v2,round_05_position_1_Cloud-RCS-FP16-Opt-v2,177,logits,1787659127526308657,1787659127557989839,31.680772000000001,2,2,2,,0
Node3,Cloud-RCS-FP16-Opt-v2,round_05_position_1_Cloud-RCS-FP16-Opt-v2,178,logits,1787659127557990389,1787659127588759926,30.769286999999998,2,2,2,,0
Node3,Cloud-RCS-FP16-Opt-v2,round_05_position_1_Cloud-RCS-FP16-Opt-v2,179,logits,1787659127588760446,1787659127619190080,30.429373999999999,2,2,2,,0
Node3,Cloud-RCS-FP16-Opt-v2,round_05_position_1_Cloud-RCS-FP16-Opt-v2,180,logits,1787659127619190620,1787659127649938420,30.747399999999999,2,2,2,,0
Node3,Cloud-RCS-FP16-Opt-v2,round_05_position_1_Cloud-RCS-FP16-Opt-v2,181,logits,1787659127649938950,1787659127681283690,31.344339000000002,2,2,2,,0
Node3,Cloud-RCS-FP16-Opt-v2,round_05_position_1_Cloud-RCS-FP16-Opt-v2,182,logits,1787659127681284120,1787659127715595599,34.311078999999999,2,2,2,,0
Node3,Cloud-RCS-FP16-Opt-v2,round_05_position_1_Cloud-RCS-FP16-Opt-v2,183,logits,1787659127715596140,1787659127751417824,35.821263999999999,2,2,2,,0
Node3,Cloud-RCS-FP16-Opt-v2,round_05_position_1_Cloud-RCS-FP16-Opt-v2,184,logits,1787659127751418204,1787659127782697452,31.278977999999999,2,2,2,,0
Node3,Cloud-RCS-FP16-Opt-v2,round_05_position_1_Cloud-RCS-FP16-Opt-v2,185,logits,1787659127782697992,1787659127814668340,31.969908,2,2,2,,0
Node3,Cloud-RCS-FP16-Opt-v2,round_05_position_1_Cloud-RCS-FP16-Opt-v2,186,logits,1787659127814668740,1787659127844913162,30.244022000000001,2,2,2,,0
Node3,Cloud-RCS-FP16-Opt-v2,round_05_position_1_Cloud-RCS-FP16-Opt-v2,187,logits,1787659127844913702,1787659127875246523,30.332401000000001,2,2,2,,0
Node3,Cloud-RCS-FP16-Opt-v2,round_05_position_1_Cloud-RCS-FP16-Opt-v2,188,logits,1787659127875247043,1787659127905430845,30.183522,2,2,2,,0
Node3,Cloud-RCS-FP16-Opt-v2,round_05_position_1_Cloud-RCS-FP16-Opt-v2,189,logits,1787659127905431395,1787659127938196359,32.764564,2,2,2,,0
Node3,Cloud-RCS-FP16-Opt-v2,round_05_position_1_Cloud-RCS-FP16-Opt-v2,190,logits,1787659127938196749,1787659127969485459,31.28858,2,2,2,,0
Node3,Cloud-RCS-FP16-Opt-v2,round_05_position_1_Cloud-RCS-FP16-Opt-v2,191,logits,1787659127969485980,1787659128000173349,30.686838999999999,2,2,2,,0
Node3,Cloud-RCS-FP16-Opt-v2,round_05_position_1_Cloud-RCS-FP16-Opt-v2,192,logits,1787659128000173890,1787659128030239226,30.064945999999999,2,2,2,,0
Node3,Cloud-RCS-FP16-Opt-v2,round_05_position_1_Cloud-RCS-FP16-Opt-v2,193,logits,1787659128030239756,1787659128059951624,29.711478,2,2,2,,0
Node3,Cloud-RCS-FP16-Opt-v2,round_05_position_1_Cloud-RCS-FP16-Opt-v2,194,logits,1787659128059952174,1787659128090597782,30.645468000000001,2,2,2,,0
Node3,Cloud-RCS-FP16-Opt-v2,round_05_position_1_Cloud-RCS-FP16-Opt-v2,195,logits,1787659128090598433,1787659128120588573,29.989730000000002,2,2,2,,0
Node3,Cloud-RCS-FP16-Opt-v2,round_05_position_1_Cloud-RCS-FP16-Opt-v2,196,logits,1787659128120589083,1787659128150908082,30.318608999999999,2,2,2,,0
Node3,Cloud-RCS-FP16-Opt-v2,round_05_position_1_Cloud-RCS-FP16-Opt-v2,197,logits,1787659128150908633,1787659128180903724,29.994700999999999,2,2,2,,0
Node3,Cloud-RCS-FP16-Opt-v2,round_05_position_1_Cloud-RCS-FP16-Opt-v2,198,logits,1787659128180904255,1787659128210986946,30.082411,2,2,2,,0
Node3,Cloud-RCS-FP16-Opt-v2,round_05_position_1_Cloud-RCS-FP16-Opt-v2,199,logits,1787659128210987486,1787659128242134101,31.146094999999999,2,2,2,,0
Node3,Cloud-RCS-FP32-Compat,round_05_position_2_Cloud-RCS-FP32-Compat,0,logits,1787659158334676627,1787659158367528696,32.851599,2,2,2,,0
Node3,Cloud-RCS-FP32-Compat,round_05_position_2_Cloud-RCS-FP32-Compat,1,logits,1787659158367529086,1787659158400923792,33.394426000000003,2,2,2,,0
Node3,Cloud-RCS-FP32-Compat,round_05_position_2_Cloud-RCS-FP32-Compat,2,logits,1787659158400924492,1787659158434580218,33.655326000000002,2,2,2,,0
Node3,Cloud-RCS-FP32-Compat,round_05_position_2_Cloud-RCS-FP32-Compat,3,logits,1787659158434580598,1787659158467331055,32.750036999999999,2,2,2,,0
Node3,Cloud-RCS-FP32-Compat,round_05_position_2_Cloud-RCS-FP32-Compat,4,logits,1787659158467331305,1787659158500392628,33.060923000000003,2,2,2,,0
Node3,Cloud-RCS-FP32-Compat,round_05_position_2_Cloud-RCS-FP32-Compat,5,logits,1787659158500393018,1787659158533294882,32.901474,2,2,2,,0
Node3,Cloud-RCS-FP32-Compat,round_05_position_2_Cloud-RCS-FP32-Compat,6,logits,1787659158533295272,1787659158566896772,33.601098999999998,2,2,2,,0
Node3,Cloud-RCS-FP32-Compat,round_05_position_2_Cloud-RCS-FP32-Compat,7,logits,1787659158566897492,1787659158602629407,35.731524999999998,2,2,2,,0
Node3,Cloud-RCS-FP32-Compat,round_05_position_2_Cloud-RCS-FP32-Compat,8,logits,1787659158602629927,1787659158635380775,32.750438000000003,2,2,2,,0
Node3,Cloud-RCS-FP32-Compat,round_05_position_2_Cloud-RCS-FP32-Compat,9,logits,1787659158635381276,1787659158670107501,34.725695000000002,2,2,2,,0
Node3,Cloud-RCS-FP32-Compat,round_05_position_2_Cloud-RCS-FP32-Compat,10,logits,1787659158670108021,1787659158704568615,34.459884000000002,2,2,2,,0
Node3,Cloud-RCS-FP32-Compat,round_05_position_2_Cloud-RCS-FP32-Compat,11,logits,1787659158704569105,1787659158739227440,34.657803999999999,2,2,2,,0
Node3,Cloud-RCS-FP32-Compat,round_05_position_2_Cloud-RCS-FP32-Compat,12,logits,1787659158739227940,1787659158773798138,34.569927999999997,2,2,2,,0
Node3,Cloud-RCS-FP32-Compat,round_05_position_2_Cloud-RCS-FP32-Compat,13,logits,1787659158773798698,1787659158807291924,33.492826000000001,2,2,2,,0
Node3,Cloud-RCS-FP32-Compat,round_05_position_2_Cloud-RCS-FP32-Compat,14,logits,1787659158807292314,1787659158840660892,33.368167999999997,2,2,2,,0
Node3,Cloud-RCS-FP32-Compat,round_05_position_2_Cloud-RCS-FP32-Compat,15,logits,1787659158840661272,1787659158873844663,33.183110999999997,2,2,2,,0
Node3,Cloud-RCS-FP32-Compat,round_05_position_2_Cloud-RCS-FP32-Compat,16,logits,1787659158873845053,1787659158906891542,33.046089000000002,2,2,2,,0
Node3,Cloud-RCS-FP32-Compat,round_05_position_2_Cloud-RCS-FP32-Compat,17,logits,1787659158906891932,1787659158940544427,33.652095000000003,2,2,2,,0
Node3,Cloud-RCS-FP32-Compat,round_05_position_2_Cloud-RCS-FP32-Compat,18,logits,1787659158940544807,1787659158973594196,33.048988999999999,2,2,2,,0
Node3,Cloud-RCS-FP32-Compat,round_05_position_2_Cloud-RCS-FP32-Compat,19,logits,1787659158973594716,1787659159007191313,33.596176999999997,2,2,2,,0
Node3,Cloud-RCS-FP32-Compat,round_05_position_2_Cloud-RCS-FP32-Compat,20,logits,1787659159007191823,1787659159040047987,32.855773999999997,2,2,2,,0
Node3,Cloud-RCS-FP32-Compat,round_05_position_2_Cloud-RCS-FP32-Compat,21,logits,1787659159040048367,1787659159073185838,33.137079999999997,2,2,2,,0
Node3,Cloud-RCS-FP32-Compat,round_05_position_2_Cloud-RCS-FP32-Compat,22,logits,1787659159073186248,1787659159107089913,33.903244999999998,2,2,2,,0
Node3,Cloud-RCS-FP32-Compat,round_05_position_2_Cloud-RCS-FP32-Compat,23,logits,1787659159107090303,1787659159140738371,33.647796999999997,2,2,2,,0
Node3,Cloud-RCS-FP32-Compat,round_05_position_2_Cloud-RCS-FP32-Compat,24,logits,1787659159140738791,1787659159175762110,35.022919000000002,2,2,2,,0
Node3,Cloud-RCS-FP32-Compat,round_05_position_2_Cloud-RCS-FP32-Compat,25,logits,1787659159175762480,1787659159210527401,34.764491,2,2,2,,0
Node3,Cloud-RCS-FP32-Compat,round_05_position_2_Cloud-RCS-FP32-Compat,26,logits,1787659159210527781,1787659159244318612,33.790560999999997,2,2,2,,0
Node3,Cloud-RCS-FP32-Compat,round_05_position_2_Cloud-RCS-FP32-Compat,27,logits,1787659159244318982,1787659159278099170,33.779608000000003,2,2,2,,0
Node3,Cloud-RCS-FP32-Compat,round_05_position_2_Cloud-RCS-FP32-Compat,28,logits,1787659159278099920,1787659159312126924,34.026744000000001,2,2,2,,0
Node3,Cloud-RCS-FP32-Compat,round_05_position_2_Cloud-RCS-FP32-Compat,29,logits,1787659159312127424,1787659159345264234,33.136400000000002,2,2,2,,0
Node3,Cloud-RCS-FP32-Compat,round_05_position_2_Cloud-RCS-FP32-Compat,30,logits,1787659159345264624,1787659159378574198,33.309173999999999,2,2,2,,0
Node3,Cloud-RCS-FP32-Compat,round_05_position_2_Cloud-RCS-FP32-Compat,31,logits,1787659159378574438,1787659159411963395,33.388677000000001,2,2,2,,0
Node3,Cloud-RCS-FP32-Compat,round_05_position_2_Cloud-RCS-FP32-Compat,32,logits,1787659159411963785,1787659159445220342,33.256297000000004,2,2,2,,0
Node3,Cloud-RCS-FP32-Compat,round_05_position_2_Cloud-RCS-FP32-Compat,33,logits,1787659159445220902,1787659159478333585,33.112412999999997,2,2,2,,0
Node3,Cloud-RCS-FP32-Compat,round_05_position_2_Cloud-RCS-FP32-Compat,34,logits,1787659159478333965,1787659159511771778,33.437403000000003,2,2,2,,0
Node3,Cloud-RCS-FP32-Compat,round_05_position_2_Cloud-RCS-FP32-Compat,35,logits,1787659159511772168,1787659159545055413,33.282834999999999,2,2,2,,0
Node3,Cloud-RCS-FP32-Compat,round_05_position_2_Cloud-RCS-FP32-Compat,36,logits,1787659159545055793,1787659159578376140,33.319946999999999,2,2,2,,0
Node3,Cloud-RCS-FP32-Compat,round_05_position_2_Cloud-RCS-FP32-Compat,37,logits,1787659159578376530,1787659159611773760,33.396839999999997,2,2,2,,0
Node3,Cloud-RCS-FP32-Compat,round_05_position_2_Cloud-RCS-FP32-Compat,38,logits,1787659159611774151,1787659159644818632,33.044210999999997,2,2,2,,0
Node3,Cloud-RCS-FP32-Compat,round_05_position_2_Cloud-RCS-FP32-Compat,39,logits,1787659159644819083,1787659159678272180,33.452826000000002,2,2,2,,0
Node3,Cloud-RCS-FP32-Compat,round_05_position_2_Cloud-RCS-FP32-Compat,40,logits,1787659159678272550,1787659159713447206,35.174205999999998,2,2,2,,0
Node3,Cloud-RCS-FP32-Compat,round_05_position_2_Cloud-RCS-FP32-Compat,41,logits,1787659159713447716,1787659159749221957,35.773971000000003,2,2,2,,0
Node3,Cloud-RCS-FP32-Compat,round_05_position_2_Cloud-RCS-FP32-Compat,42,logits,1787659159749222357,1787659159783552774,34.330115999999997,2,2,2,,0
Node3,Cloud-RCS-FP32-Compat,round_05_position_2_Cloud-RCS-FP32-Compat,43,logits,1787659159783553154,1787659159817983471,34.430036999999999,2,2,2,,0
Node3,Cloud-RCS-FP32-Compat,round_05_position_2_Cloud-RCS-FP32-Compat,44,logits,1787659159817983711,1787659159851732229,33.748257000000002,2,2,2,,0
Node3,Cloud-RCS-FP32-Compat,round_05_position_2_Cloud-RCS-FP32-Compat,45,logits,1787659159851732900,1787659159885484399,33.751218999999999,2,2,2,,0
Node3,Cloud-RCS-FP32-Compat,round_05_position_2_Cloud-RCS-FP32-Compat,46,logits,1787659159885484649,1787659159918741476,33.256407000000003,2,2,2,,0
Node3,Cloud-RCS-FP32-Compat,round_05_position_2_Cloud-RCS-FP32-Compat,47,logits,1787659159918741846,1787659159953023038,34.280752,2,2,2,,0
Node3,Cloud-RCS-FP32-Compat,round_05_position_2_Cloud-RCS-FP32-Compat,48,logits,1787659159953023408,1787659159987265577,34.241449000000003,2,2,2,,0
Node3,Cloud-RCS-FP32-Compat,round_05_position_2_Cloud-RCS-FP32-Compat,49,logits,1787659159987266088,1787659160021308644,34.042285999999997,2,2,2,,0
Node3,Cloud-RCS-FP32-Compat,round_05_position_2_Cloud-RCS-FP32-Compat,50,logits,1787659160021308894,1787659160055201330,33.892006000000002,2,2,2,,0
Node3,Cloud-RCS-FP32-Compat,round_05_position_2_Cloud-RCS-FP32-Compat,51,logits,1787659160055201930,1787659160088735966,33.533625999999998,2,2,2,,0
Node3,Cloud-RCS-FP32-Compat,round_05_position_2_Cloud-RCS-FP32-Compat,52,logits,1787659160088736216,1787659160125055525,36.318868999999999,2,2,2,,0
Node3,Cloud-RCS-FP32-Compat,round_05_position_2_Cloud-RCS-FP32-Compat,53,logits,1787659160125055936,1787659160159495019,34.438653000000002,2,2,2,,0
Node3,Cloud-RCS-FP32-Compat,round_05_position_2_Cloud-RCS-FP32-Compat,54,logits,1787659160159495389,1787659160194163873,34.668202999999998,2,2,2,,0
Node3,Cloud-RCS-FP32-Compat,round_05_position_2_Cloud-RCS-FP32-Compat,55,logits,1787659160194164243,1787659160232213162,38.048509000000003,2,2,2,,0
Node3,Cloud-RCS-FP32-Compat,round_05_position_2_Cloud-RCS-FP32-Compat,56,logits,1787659160232213972,1787659160268503633,36.289090000000002,2,2,2,,0
Node3,Cloud-RCS-FP32-Compat,round_05_position_2_Cloud-RCS-FP32-Compat,57,logits,1787659160268504173,1787659160306331544,37.826911000000003,2,2,2,,0
Node3,Cloud-RCS-FP32-Compat,round_05_position_2_Cloud-RCS-FP32-Compat,58,logits,1787659160306331914,1787659160342190893,35.858499000000002,2,2,2,,0
Node3,Cloud-RCS-FP32-Compat,round_05_position_2_Cloud-RCS-FP32-Compat,59,logits,1787659160342191613,1787659160376856705,34.664692000000002,2,2,2,,0
Node3,Cloud-RCS-FP32-Compat,round_05_position_2_Cloud-RCS-FP32-Compat,60,logits,1787659160376857076,1787659160414256776,37.39931,2,2,2,,0
Node3,Cloud-RCS-FP32-Compat,round_05_position_2_Cloud-RCS-FP32-Compat,61,logits,1787659160414257166,1787659160450363881,36.106315000000002,2,2,2,,0
Node3,Cloud-RCS-FP32-Compat,round_05_position_2_Cloud-RCS-FP32-Compat,62,logits,1787659160450364391,1787659160487218444,36.853633000000002,2,2,2,,0
Node3,Cloud-RCS-FP32-Compat,round_05_position_2_Cloud-RCS-FP32-Compat,63,logits,1787659160487218944,1787659160523438243,36.218899,2,2,2,,0
Node3,Cloud-RCS-FP32-Compat,round_05_position_2_Cloud-RCS-FP32-Compat,64,logits,1787659160523438643,1787659160569145219,45.706186000000002,2,2,2,,0
Node3,Cloud-RCS-FP32-Compat,round_05_position_2_Cloud-RCS-FP32-Compat,65,logits,1787659160569145929,1787659160606435516,37.289186999999998,2,2,2,,0
Node3,Cloud-RCS-FP32-Compat,round_05_position_2_Cloud-RCS-FP32-Compat,66,logits,1787659160606436016,1787659160641554758,35.118332000000002,2,2,2,,0
Node3,Cloud-RCS-FP32-Compat,round_05_position_2_Cloud-RCS-FP32-Compat,67,logits,1787659160641555008,1787659160676882113,35.326715,2,2,2,,0
Node3,Cloud-RCS-FP32-Compat,round_05_position_2_Cloud-RCS-FP32-Compat,68,logits,1787659160676882633,1787659160711901544,35.018250999999999,2,2,2,,0
Node3,Cloud-RCS-FP32-Compat,round_05_position_2_Cloud-RCS-FP32-Compat,69,logits,1787659160711902064,1787659160748857398,36.954934000000002,2,2,2,,0
Node3,Cloud-RCS-FP32-Compat,round_05_position_2_Cloud-RCS-FP32-Compat,70,logits,1787659160748857949,1787659160783993685,35.135345999999998,2,2,2,,0
Node3,Cloud-RCS-FP32-Compat,round_05_position_2_Cloud-RCS-FP32-Compat,71,logits,1787659160783994185,1787659160818399899,34.405282999999997,2,2,2,,0
Node3,Cloud-RCS-FP32-Compat,round_05_position_2_Cloud-RCS-FP32-Compat,72,logits,1787659160818400439,1787659160853471095,35.070245999999997,2,2,2,,0
Node3,Cloud-RCS-FP32-Compat,round_05_position_2_Cloud-RCS-FP32-Compat,73,logits,1787659160853471606,1787659160887712888,34.241002000000002,2,2,2,,0
Node3,Cloud-RCS-FP32-Compat,round_05_position_2_Cloud-RCS-FP32-Compat,74,logits,1787659160887713278,1787659160922679323,34.965634999999999,2,2,2,,0
Node3,Cloud-RCS-FP32-Compat,round_05_position_2_Cloud-RCS-FP32-Compat,75,logits,1787659160922679903,1787659160957162270,34.481937000000002,2,2,2,,0
Node3,Cloud-RCS-FP32-Compat,round_05_position_2_Cloud-RCS-FP32-Compat,76,logits,1787659160957162780,1787659160990600156,33.437106,2,2,2,,0
Node3,Cloud-RCS-FP32-Compat,round_05_position_2_Cloud-RCS-FP32-Compat,77,logits,1787659160990600676,1787659161024495828,33.894882000000003,2,2,2,,0
Node3,Cloud-RCS-FP32-Compat,round_05_position_2_Cloud-RCS-FP32-Compat,78,logits,1787659161024496219,1787659161058084755,33.588206,2,2,2,,0
Node3,Cloud-RCS-FP32-Compat,round_05_position_2_Cloud-RCS-FP32-Compat,79,logits,1787659161058085135,1787659161105171407,47.085881999999998,2,2,2,,0
Node3,Cloud-RCS-FP32-Compat,round_05_position_2_Cloud-RCS-FP32-Compat,80,logits,1787659161105171787,1787659161140793975,35.621797999999998,2,2,2,,0
Node3,Cloud-RCS-FP32-Compat,round_05_position_2_Cloud-RCS-FP32-Compat,81,logits,1787659161140794355,1787659161174843462,34.048717000000003,2,2,2,,0
Node3,Cloud-RCS-FP32-Compat,round_05_position_2_Cloud-RCS-FP32-Compat,82,logits,1787659161174843852,1787659161208727779,33.883516999999998,2,2,2,,0
Node3,Cloud-RCS-FP32-Compat,round_05_position_2_Cloud-RCS-FP32-Compat,83,logits,1787659161208728289,1787659161243184901,34.456212000000001,2,2,2,,0
Node3,Cloud-RCS-FP32-Compat,round_05_position_2_Cloud-RCS-FP32-Compat,84,logits,1787659161243185401,1787659161277385405,34.199432999999999,2,2,2,,0
Node3,Cloud-RCS-FP32-Compat,round_05_position_2_Cloud-RCS-FP32-Compat,85,logits,1787659161277385765,1787659161311573414,34.187319000000002,2,2,2,,0
Node3,Cloud-RCS-FP32-Compat,round_05_position_2_Cloud-RCS-FP32-Compat,86,logits,1787659161311573784,1787659161345205914,33.631869999999999,2,2,2,,0
Node3,Cloud-RCS-FP32-Compat,round_05_position_2_Cloud-RCS-FP32-Compat,87,logits,1787659161345206304,1787659161378750927,33.544103,2,2,2,,0
Node3,Cloud-RCS-FP32-Compat,round_05_position_2_Cloud-RCS-FP32-Compat,88,logits,1787659161378751327,1787659161412111264,33.359276000000001,2,2,2,,0
Node3,Cloud-RCS-FP32-Compat,round_05_position_2_Cloud-RCS-FP32-Compat,89,logits,1787659161412111664,1787659161445612723,33.500629000000004,2,2,2,,0
Node3,Cloud-RCS-FP32-Compat,round_05_position_2_Cloud-RCS-FP32-Compat,90,logits,1787659161445613134,1787659161479021175,33.407631000000002,2,2,2,,0
Node3,Cloud-RCS-FP32-Compat,round_05_position_2_Cloud-RCS-FP32-Compat,91,logits,1787659161479021685,1787659161512132465,33.110370000000003,2,2,2,,0
Node3,Cloud-RCS-FP32-Compat,round_05_position_2_Cloud-RCS-FP32-Compat,92,logits,1787659161512132985,1787659161545309786,33.176521000000001,2,2,2,,0
Node3,Cloud-RCS-FP32-Compat,round_05_position_2_Cloud-RCS-FP32-Compat,93,logits,1787659161545310546,1787659161578290546,32.979590000000002,2,2,2,,0
Node3,Cloud-RCS-FP32-Compat,round_05_position_2_Cloud-RCS-FP32-Compat,94,logits,1787659161578291067,1787659161611414831,33.123364000000002,2,2,2,,0
Node3,Cloud-RCS-FP32-Compat,round_05_position_2_Cloud-RCS-FP32-Compat,95,logits,1787659161611415221,1787659161644336473,32.920862,2,2,2,,0
Node3,Cloud-RCS-FP32-Compat,round_05_position_2_Cloud-RCS-FP32-Compat,96,logits,1787659161644336874,1787659161680451172,36.113888000000003,2,2,2,,0
Node3,Cloud-RCS-FP32-Compat,round_05_position_2_Cloud-RCS-FP32-Compat,97,logits,1787659161680451672,1787659161713676567,33.224485000000001,2,2,2,,0
Node3,Cloud-RCS-FP32-Compat,round_05_position_2_Cloud-RCS-FP32-Compat,98,logits,1787659161713676807,1787659161746642483,32.965276000000003,2,2,2,,0
Node3,Cloud-RCS-FP32-Compat,round_05_position_2_Cloud-RCS-FP32-Compat,99,logits,1787659161746642863,1787659161781640170,34.996896999999997,2,2,2,,0
Node3,Cloud-RCS-FP32-Compat,round_05_position_2_Cloud-RCS-FP32-Compat,100,logits,1787659161781640681,1787659161817272392,35.631279999999997,2,2,2,,0
Node3,Cloud-RCS-FP32-Compat,round_05_position_2_Cloud-RCS-FP32-Compat,101,logits,1787659161817272772,1787659161852765810,35.492628000000003,2,2,2,,0
Node3,Cloud-RCS-FP32-Compat,round_05_position_2_Cloud-RCS-FP32-Compat,102,logits,1787659161852766340,1787659161887204356,34.437576,2,2,2,,0
Node3,Cloud-RCS-FP32-Compat,round_05_position_2_Cloud-RCS-FP32-Compat,103,logits,1787659161887204967,1787659161921021212,33.815835,2,2,2,,0
Node3,Cloud-RCS-FP32-Compat,round_05_position_2_Cloud-RCS-FP32-Compat,104,logits,1787659161921021592,1787659161959404684,38.382702000000002,2,2,2,,0
Node3,Cloud-RCS-FP32-Compat,round_05_position_2_Cloud-RCS-FP32-Compat,105,logits,1787659161959405074,1787659161994175282,34.769658,2,2,2,,0
Node3,Cloud-RCS-FP32-Compat,round_05_position_2_Cloud-RCS-FP32-Compat,106,logits,1787659161994175542,1787659162027966642,33.790680000000002,2,2,2,,0
Node3,Cloud-RCS-FP32-Compat,round_05_position_2_Cloud-RCS-FP32-Compat,107,logits,1787659162027967143,1787659162061837279,33.869745999999999,2,2,2,,0
Node3,Cloud-RCS-FP32-Compat,round_05_position_2_Cloud-RCS-FP32-Compat,108,logits,1787659162061837669,1787659162095373373,33.535314,2,2,2,,0
Node3,Cloud-RCS-FP32-Compat,round_05_position_2_Cloud-RCS-FP32-Compat,109,logits,1787659162095373873,1787659162129113199,33.738916000000003,2,2,2,,0
Node3,Cloud-RCS-FP32-Compat,round_05_position_2_Cloud-RCS-FP32-Compat,110,logits,1787659162129113710,1787659162162776443,33.662322000000003,2,2,2,,0
Node3,Cloud-RCS-FP32-Compat,round_05_position_2_Cloud-RCS-FP32-Compat,111,logits,1787659162162776693,1787659162196601715,33.824621999999998,2,2,2,,0
Node3,Cloud-RCS-FP32-Compat,round_05_position_2_Cloud-RCS-FP32-Compat,112,logits,1787659162196601965,1787659162230096667,33.494312000000001,2,2,2,,0
Node3,Cloud-RCS-FP32-Compat,round_05_position_2_Cloud-RCS-FP32-Compat,113,logits,1787659162230097047,1787659162263964962,33.867514999999997,2,2,2,,0
Node3,Cloud-RCS-FP32-Compat,round_05_position_2_Cloud-RCS-FP32-Compat,114,logits,1787659162263965462,1787659162297723654,33.757801999999998,2,2,2,,0
Node3,Cloud-RCS-FP32-Compat,round_05_position_2_Cloud-RCS-FP32-Compat,115,logits,1787659162297724255,1787659162333450637,35.725620999999997,2,2,2,,0
Node3,Cloud-RCS-FP32-Compat,round_05_position_2_Cloud-RCS-FP32-Compat,116,logits,1787659162333451167,1787659162367934029,34.482441999999999,2,2,2,,0
Node3,Cloud-RCS-FP32-Compat,round_05_position_2_Cloud-RCS-FP32-Compat,117,logits,1787659162367934619,1787659162403238142,35.303103,2,2,2,,0
Node3,Cloud-RCS-FP32-Compat,round_05_position_2_Cloud-RCS-FP32-Compat,118,logits,1787659162403238553,1787659162438108754,34.869931000000001,2,2,2,,0
Node3,Cloud-RCS-FP32-Compat,round_05_position_2_Cloud-RCS-FP32-Compat,119,logits,1787659162438109144,1787659162472156454,34.046930000000003,2,2,2,,0
Node3,Cloud-RCS-FP32-Compat,round_05_position_2_Cloud-RCS-FP32-Compat,120,logits,1787659162472156864,1787659162505783146,33.625902000000004,2,2,2,,0
Node3,Cloud-RCS-FP32-Compat,round_05_position_2_Cloud-RCS-FP32-Compat,121,logits,1787659162505783546,1787659162539399575,33.615617999999998,2,2,2,,0
Node3,Cloud-RCS-FP32-Compat,round_05_position_2_Cloud-RCS-FP32-Compat,122,logits,1787659162539399985,1787659162572892926,33.492660999999998,2,2,2,,0
Node3,Cloud-RCS-FP32-Compat,round_05_position_2_Cloud-RCS-FP32-Compat,123,logits,1787659162572893336,1787659162606257638,33.364012000000002,2,2,2,,0
Node3,Cloud-RCS-FP32-Compat,round_05_position_2_Cloud-RCS-FP32-Compat,124,logits,1787659162606258008,1787659162639626401,33.367992999999998,2,2,2,,0
Node3,Cloud-RCS-FP32-Compat,round_05_position_2_Cloud-RCS-FP32-Compat,125,logits,1787659162639626921,1787659162673001626,33.374315000000003,2,2,2,,0
Node3,Cloud-RCS-FP32-Compat,round_05_position_2_Cloud-RCS-FP32-Compat,126,logits,1787659162673002017,1787659162706695079,33.692802,2,2,2,,0
Node3,Cloud-RCS-FP32-Compat,round_05_position_2_Cloud-RCS-FP32-Compat,127,logits,1787659162706695589,1787659162740275156,33.579287000000001,2,2,2,,0
Node3,Cloud-RCS-FP32-Compat,round_05_position_2_Cloud-RCS-FP32-Compat,128,logits,1787659162740275657,1787659162773492433,33.216036000000003,2,2,2,,0
Node3,Cloud-RCS-FP32-Compat,round_05_position_2_Cloud-RCS-FP32-Compat,129,logits,1787659162773492944,1787659162807498941,34.005586000000001,2,2,2,,0
Node3,Cloud-RCS-FP32-Compat,round_05_position_2_Cloud-RCS-FP32-Compat,130,logits,1787659162807499471,1787659162843664647,36.164774999999999,2,2,2,,0
Node3,Cloud-RCS-FP32-Compat,round_05_position_2_Cloud-RCS-FP32-Compat,131,logits,1787659162843665167,1787659162878100945,34.434958000000002,2,2,2,,0
Node3,Cloud-RCS-FP32-Compat,round_05_position_2_Cloud-RCS-FP32-Compat,132,logits,1787659162878101325,1787659162911687265,33.58567,2,2,2,,0
Node3,Cloud-RCS-FP32-Compat,round_05_position_2_Cloud-RCS-FP32-Compat,133,logits,1787659162911687505,1787659162945298502,33.610596999999999,2,2,2,,0
Node3,Cloud-RCS-FP32-Compat,round_05_position_2_Cloud-RCS-FP32-Compat,134,logits,1787659162945299012,1787659162978470665,33.171253,2,2,2,,0
Node3,Cloud-RCS-FP32-Compat,round_05_position_2_Cloud-RCS-FP32-Compat,135,logits,1787659162978471056,1787659163011442924,32.971468000000002,2,2,2,,0
Node3,Cloud-RCS-FP32-Compat,round_05_position_2_Cloud-RCS-FP32-Compat,136,logits,1787659163011443324,1787659163044880942,33.437227999999998,2,2,2,,0
Node3,Cloud-RCS-FP32-Compat,round_05_position_2_Cloud-RCS-FP32-Compat,137,logits,1787659163044881452,1787659163078456882,33.575029999999998,2,2,2,,0
Node3,Cloud-RCS-FP32-Compat,round_05_position_2_Cloud-RCS-FP32-Compat,138,logits,1787659163078457392,1787659163112338726,33.880913999999997,2,2,2,,0
Node3,Cloud-RCS-FP32-Compat,round_05_position_2_Cloud-RCS-FP32-Compat,139,logits,1787659163112339236,1787659163146023259,33.683472999999999,2,2,2,,0
Node3,Cloud-RCS-FP32-Compat,round_05_position_2_Cloud-RCS-FP32-Compat,140,logits,1787659163146023669,1787659163181911643,35.887574000000001,2,2,2,,0
Node3,Cloud-RCS-FP32-Compat,round_05_position_2_Cloud-RCS-FP32-Compat,141,logits,1787659163181912033,1787659163217089660,35.177227000000002,2,2,2,,0
Node3,Cloud-RCS-FP32-Compat,round_05_position_2_Cloud-RCS-FP32-Compat,142,logits,1787659163217090060,1787659163251457751,34.367291000000002,2,2,2,,0
Node3,Cloud-RCS-FP32-Compat,round_05_position_2_Cloud-RCS-FP32-Compat,143,logits,1787659163251458262,1787659163285658962,34.200310000000002,2,2,2,,0
Node3,Cloud-RCS-FP32-Compat,round_05_position_2_Cloud-RCS-FP32-Compat,144,logits,1787659163285659212,1787659163319800895,34.141292,2,2,2,,0
Node3,Cloud-RCS-FP32-Compat,round_05_position_2_Cloud-RCS-FP32-Compat,145,logits,1787659163319801285,1787659163353728672,33.926986999999997,2,2,2,,0
Node3,Cloud-RCS-FP32-Compat,round_05_position_2_Cloud-RCS-FP32-Compat,146,logits,1787659163353729042,1787659163388641119,34.911786999999997,2,2,2,,0
Node3,Cloud-RCS-FP32-Compat,round_05_position_2_Cloud-RCS-FP32-Compat,147,logits,1787659163388641519,1787659163423458697,34.816898000000002,2,2,2,,0
Node3,Cloud-RCS-FP32-Compat,round_05_position_2_Cloud-RCS-FP32-Compat,148,logits,1787659163423459097,1787659163457645383,34.186036000000001,2,2,2,,0
Node3,Cloud-RCS-FP32-Compat,round_05_position_2_Cloud-RCS-FP32-Compat,149,logits,1787659163457645773,1787659163491547102,33.900928999999998,2,2,2,,0
Node3,Cloud-RCS-FP32-Compat,round_05_position_2_Cloud-RCS-FP32-Compat,150,logits,1787659163491547482,1787659163526305882,34.758009999999999,2,2,2,,0
Node3,Cloud-RCS-FP32-Compat,round_05_position_2_Cloud-RCS-FP32-Compat,151,logits,1787659163526306502,1787659163561046627,34.739714999999997,2,2,2,,0
Node3,Cloud-RCS-FP32-Compat,round_05_position_2_Cloud-RCS-FP32-Compat,152,logits,1787659163561047137,1787659163595418880,34.371032,2,2,2,,0
Node3,Cloud-RCS-FP32-Compat,round_05_position_2_Cloud-RCS-FP32-Compat,153,logits,1787659163595419290,1787659163631047054,35.627364,2,2,2,,0
Node3,Cloud-RCS-FP32-Compat,round_05_position_2_Cloud-RCS-FP32-Compat,154,logits,1787659163631047864,1787659163665777235,34.729090999999997,2,2,2,,0
Node3,Cloud-RCS-FP32-Compat,round_05_position_2_Cloud-RCS-FP32-Compat,155,logits,1787659163665777615,1787659163700074225,34.295990000000003,2,2,2,,0
Node3,Cloud-RCS-FP32-Compat,round_05_position_2_Cloud-RCS-FP32-Compat,156,logits,1787659163700074605,1787659163734293771,34.218905999999997,2,2,2,,0
Node3,Cloud-RCS-FP32-Compat,round_05_position_2_Cloud-RCS-FP32-Compat,157,logits,1787659163734294151,1787659163768534983,34.240442000000002,2,2,2,,0
Node3,Cloud-RCS-FP32-Compat,round_05_position_2_Cloud-RCS-FP32-Compat,158,logits,1787659163768535384,1787659163802524110,33.988455999999999,2,2,2,,0
Node3,Cloud-RCS-FP32-Compat,round_05_position_2_Cloud-RCS-FP32-Compat,159,logits,1787659163802524500,1787659163836663321,34.138390999999999,2,2,2,,0
Node3,Cloud-RCS-FP32-Compat,round_05_position_2_Cloud-RCS-FP32-Compat,160,logits,1787659163836663822,1787659163873563333,36.89911,2,2,2,,0
Node3,Cloud-RCS-FP32-Compat,round_05_position_2_Cloud-RCS-FP32-Compat,161,logits,1787659163873563863,1787659163909773524,36.209390999999997,2,2,2,,0
Node3,Cloud-RCS-FP32-Compat,round_05_position_2_Cloud-RCS-FP32-Compat,162,logits,1787659163909773904,1787659163945929649,36.155465,2,2,2,,0
Node3,Cloud-RCS-FP32-Compat,round_05_position_2_Cloud-RCS-FP32-Compat,163,logits,1787659163945930149,1787659163981267875,35.336995999999999,2,2,2,,0
Node3,Cloud-RCS-FP32-Compat,round_05_position_2_Cloud-RCS-FP32-Compat,164,logits,1787659163981268245,1787659164015943202,34.674517000000002,2,2,2,,0
Node3,Cloud-RCS-FP32-Compat,round_05_position_2_Cloud-RCS-FP32-Compat,165,logits,1787659164015943592,1787659164052198419,36.253557000000001,2,2,2,,0
Node3,Cloud-RCS-FP32-Compat,round_05_position_2_Cloud-RCS-FP32-Compat,166,logits,1787659164052199059,1787659164099027894,46.828384,2,2,2,,0
Node3,Cloud-RCS-FP32-Compat,round_05_position_2_Cloud-RCS-FP32-Compat,167,logits,1787659164099028414,1787659164136802012,37.773038,2,2,2,,0
Node3,Cloud-RCS-FP32-Compat,round_05_position_2_Cloud-RCS-FP32-Compat,168,logits,1787659164136802532,1787659164173375225,36.572293000000002,2,2,2,,0
Node3,Cloud-RCS-FP32-Compat,round_05_position_2_Cloud-RCS-FP32-Compat,169,logits,1787659164173375725,1787659164209613818,36.237692000000003,2,2,2,,0
Node3,Cloud-RCS-FP32-Compat,round_05_position_2_Cloud-RCS-FP32-Compat,170,logits,1787659164209614338,1787659164248110975,38.495925999999997,2,2,2,,0
Node3,Cloud-RCS-FP32-Compat,round_05_position_2_Cloud-RCS-FP32-Compat,171,logits,1787659164248111505,1787659164284628671,36.516756000000001,2,2,2,,0
Node3,Cloud-RCS-FP32-Compat,round_05_position_2_Cloud-RCS-FP32-Compat,172,logits,1787659164284629371,1787659164319419844,34.790083000000003,2,2,2,,0
Node3,Cloud-RCS-FP32-Compat,round_05_position_2_Cloud-RCS-FP32-Compat,173,logits,1787659164319420354,1787659164354174536,34.753742000000003,2,2,2,,0
Node3,Cloud-RCS-FP32-Compat,round_05_position_2_Cloud-RCS-FP32-Compat,174,logits,1787659164354175066,1787659164389964893,35.789427000000003,2,2,2,,0
Node3,Cloud-RCS-FP32-Compat,round_05_position_2_Cloud-RCS-FP32-Compat,175,logits,1787659164389965263,1787659164426641587,36.675933999999998,2,2,2,,0
Node3,Cloud-RCS-FP32-Compat,round_05_position_2_Cloud-RCS-FP32-Compat,176,logits,1787659164426642098,1787659164461951428,35.308790000000002,2,2,2,,0
Node3,Cloud-RCS-FP32-Compat,round_05_position_2_Cloud-RCS-FP32-Compat,177,logits,1787659164461951948,1787659164497072241,35.119872999999998,2,2,2,,0
Node3,Cloud-RCS-FP32-Compat,round_05_position_2_Cloud-RCS-FP32-Compat,178,logits,1787659164497072651,1787659164533202300,36.129188999999997,2,2,2,,0
Node3,Cloud-RCS-FP32-Compat,round_05_position_2_Cloud-RCS-FP32-Compat,179,logits,1787659164533202690,1787659164571577960,38.374859999999998,2,2,2,,0
Node3,Cloud-RCS-FP32-Compat,round_05_position_2_Cloud-RCS-FP32-Compat,180,logits,1787659164571578491,1787659164608108631,36.529730000000001,2,2,2,,0
Node3,Cloud-RCS-FP32-Compat,round_05_position_2_Cloud-RCS-FP32-Compat,181,logits,1787659164608109131,1787659164644627198,36.517667000000003,2,2,2,,0
Node3,Cloud-RCS-FP32-Compat,round_05_position_2_Cloud-RCS-FP32-Compat,182,logits,1787659164644627598,1787659164681055468,36.427460000000004,2,2,2,,0
Node3,Cloud-RCS-FP32-Compat,round_05_position_2_Cloud-RCS-FP32-Compat,183,logits,1787659164681055838,1787659164718754643,37.698414999999997,2,2,2,,0
Node3,Cloud-RCS-FP32-Compat,round_05_position_2_Cloud-RCS-FP32-Compat,184,logits,1787659164718755163,1787659164753910616,35.155073000000002,2,2,2,,0
Node3,Cloud-RCS-FP32-Compat,round_05_position_2_Cloud-RCS-FP32-Compat,185,logits,1787659164753911156,1787659164789704784,35.793208,2,2,2,,0
Node3,Cloud-RCS-FP32-Compat,round_05_position_2_Cloud-RCS-FP32-Compat,186,logits,1787659164789705344,1787659164828221707,38.515973000000002,2,2,2,,0
Node3,Cloud-RCS-FP32-Compat,round_05_position_2_Cloud-RCS-FP32-Compat,187,logits,1787659164828222077,1787659164864235061,36.012583999999997,2,2,2,,0
Node3,Cloud-RCS-FP32-Compat,round_05_position_2_Cloud-RCS-FP32-Compat,188,logits,1787659164864235571,1787659164902283582,38.047601,2,2,2,,0
Node3,Cloud-RCS-FP32-Compat,round_05_position_2_Cloud-RCS-FP32-Compat,189,logits,1787659164902284102,1787659164939237481,36.952969000000003,2,2,2,,0
Node3,Cloud-RCS-FP32-Compat,round_05_position_2_Cloud-RCS-FP32-Compat,190,logits,1787659164939237991,1787659164975524388,36.285727000000001,2,2,2,,0
Node3,Cloud-RCS-FP32-Compat,round_05_position_2_Cloud-RCS-FP32-Compat,191,logits,1787659164975525088,1787659165011451181,35.925682999999999,2,2,2,,0
Node3,Cloud-RCS-FP32-Compat,round_05_position_2_Cloud-RCS-FP32-Compat,192,logits,1787659165011451551,1787659165047450593,35.998761999999999,2,2,2,,0
Node3,Cloud-RCS-FP32-Compat,round_05_position_2_Cloud-RCS-FP32-Compat,193,logits,1787659165047451103,1787659165082537439,35.085935999999997,2,2,2,,0
Node3,Cloud-RCS-FP32-Compat,round_05_position_2_Cloud-RCS-FP32-Compat,194,logits,1787659165082537849,1787659165117426004,34.887675000000002,2,2,2,,0
Node3,Cloud-RCS-FP32-Compat,round_05_position_2_Cloud-RCS-FP32-Compat,195,logits,1787659165117426415,1787659165152512540,35.085735,2,2,2,,0
Node3,Cloud-RCS-FP32-Compat,round_05_position_2_Cloud-RCS-FP32-Compat,196,logits,1787659165152512790,1787659165187539458,35.026257999999999,2,2,2,,0
Node3,Cloud-RCS-FP32-Compat,round_05_position_2_Cloud-RCS-FP32-Compat,197,logits,1787659165187539968,1787659165225526271,37.985892999999997,2,2,2,,0
Node3,Cloud-RCS-FP32-Compat,round_05_position_2_Cloud-RCS-FP32-Compat,198,logits,1787659165225526841,1787659165262376730,36.849488999999998,2,2,2,,0
Node3,Cloud-RCS-FP32-Compat,round_05_position_2_Cloud-RCS-FP32-Compat,199,logits,1787659165262377241,1787659165299171453,36.793801999999999,2,2,2,,0
Node3,Cloud-RCS-MP-Task-v2,round_05_position_3_Cloud-RCS-MP-Task-v2,0,logits,1787659190492686295,1787659190532965595,40.278880000000001,2,2,2,,0
Node3,Cloud-RCS-MP-Task-v2,round_05_position_3_Cloud-RCS-MP-Task-v2,1,logits,1787659190532966105,1787659190563209003,30.242498000000001,2,2,2,,0
Node3,Cloud-RCS-MP-Task-v2,round_05_position_3_Cloud-RCS-MP-Task-v2,2,logits,1787659190563209503,1787659190593534484,30.324591000000002,2,2,2,,0
Node3,Cloud-RCS-MP-Task-v2,round_05_position_3_Cloud-RCS-MP-Task-v2,3,logits,1787659190593534984,1787659190623416449,29.881043999999999,2,2,2,,0
Node3,Cloud-RCS-MP-Task-v2,round_05_position_3_Cloud-RCS-MP-Task-v2,4,logits,1787659190623416949,1787659190653290581,29.873232000000002,2,2,2,,0
Node3,Cloud-RCS-MP-Task-v2,round_05_position_3_Cloud-RCS-MP-Task-v2,5,logits,1787659190653290931,1787659190683235184,29.943852,2,2,2,,0
Node3,Cloud-RCS-MP-Task-v2,round_05_position_3_Cloud-RCS-MP-Task-v2,6,logits,1787659190683235684,1787659190713415453,30.179238999999999,2,2,2,,0
Node3,Cloud-RCS-MP-Task-v2,round_05_position_3_Cloud-RCS-MP-Task-v2,7,logits,1787659190713416024,1787659190743270140,29.853705999999999,2,2,2,,0
Node3,Cloud-RCS-MP-Task-v2,round_05_position_3_Cloud-RCS-MP-Task-v2,8,logits,1787659190743270640,1787659190773124087,29.853166999999999,2,2,2,,0
Node3,Cloud-RCS-MP-Task-v2,round_05_position_3_Cloud-RCS-MP-Task-v2,9,logits,1787659190773124597,1787659190804653990,31.529112999999999,2,2,2,,0
Node3,Cloud-RCS-MP-Task-v2,round_05_position_3_Cloud-RCS-MP-Task-v2,10,logits,1787659190804654510,1787659190835207976,30.553056000000002,2,2,2,,0
Node3,Cloud-RCS-MP-Task-v2,round_05_position_3_Cloud-RCS-MP-Task-v2,11,logits,1787659190835208476,1787659190865589043,30.380155999999999,2,2,2,,0
Node3,Cloud-RCS-MP-Task-v2,round_05_position_3_Cloud-RCS-MP-Task-v2,12,logits,1787659190865589553,1787659190895260217,29.670283999999999,2,2,2,,0
Node3,Cloud-RCS-MP-Task-v2,round_05_position_3_Cloud-RCS-MP-Task-v2,13,logits,1787659190895260738,1787659190925139031,29.877542999999999,2,2,2,,0
Node3,Cloud-RCS-MP-Task-v2,round_05_position_3_Cloud-RCS-MP-Task-v2,14,logits,1787659190925139551,1787659190956601265,31.461314000000002,2,2,2,,0
Node3,Cloud-RCS-MP-Task-v2,round_05_position_3_Cloud-RCS-MP-Task-v2,15,logits,1787659190956601765,1787659190987482744,30.880569000000001,2,2,2,,0
Node3,Cloud-RCS-MP-Task-v2,round_05_position_3_Cloud-RCS-MP-Task-v2,16,logits,1787659190987483264,1787659191017645711,30.162057000000001,2,2,2,,0
Node3,Cloud-RCS-MP-Task-v2,round_05_position_3_Cloud-RCS-MP-Task-v2,17,logits,1787659191017646231,1787659191048042361,30.39573,2,2,2,,0
Node3,Cloud-RCS-MP-Task-v2,round_05_position_3_Cloud-RCS-MP-Task-v2,18,logits,1787659191048042711,1787659191078855689,30.812508000000001,2,2,2,,0
Node3,Cloud-RCS-MP-Task-v2,round_05_position_3_Cloud-RCS-MP-Task-v2,19,logits,1787659191078856039,1787659191109088452,30.232012999999998,2,2,2,,0
Node3,Cloud-RCS-MP-Task-v2,round_05_position_3_Cloud-RCS-MP-Task-v2,20,logits,1787659191109088952,1787659191138965745,29.876383000000001,2,2,2,,0
Node3,Cloud-RCS-MP-Task-v2,round_05_position_3_Cloud-RCS-MP-Task-v2,21,logits,1787659191138966265,1787659191169199309,30.232534000000001,2,2,2,,0
Node3,Cloud-RCS-MP-Task-v2,round_05_position_3_Cloud-RCS-MP-Task-v2,22,logits,1787659191169200139,1787659191199712622,30.511952999999998,2,2,2,,0
Node3,Cloud-RCS-MP-Task-v2,round_05_position_3_Cloud-RCS-MP-Task-v2,23,logits,1787659191199713152,1787659191231336760,31.623218000000001,2,2,2,,0
Node3,Cloud-RCS-MP-Task-v2,round_05_position_3_Cloud-RCS-MP-Task-v2,24,logits,1787659191231337290,1787659191261171360,29.833670000000001,2,2,2,,0
Node3,Cloud-RCS-MP-Task-v2,round_05_position_3_Cloud-RCS-MP-Task-v2,25,logits,1787659191261171880,1787659191291459130,30.286840000000002,2,2,2,,0
Node3,Cloud-RCS-MP-Task-v2,round_05_position_3_Cloud-RCS-MP-Task-v2,26,logits,1787659191291459650,1787659191321879956,30.419906000000001,2,2,2,,0
Node3,Cloud-RCS-MP-Task-v2,round_05_position_3_Cloud-RCS-MP-Task-v2,27,logits,1787659191321880707,1787659191351849085,29.967977999999999,2,2,2,,0
Node3,Cloud-RCS-MP-Task-v2,round_05_position_3_Cloud-RCS-MP-Task-v2,28,logits,1787659191351849605,1787659191382021741,30.171745999999999,2,2,2,,0
Node3,Cloud-RCS-MP-Task-v2,round_05_position_3_Cloud-RCS-MP-Task-v2,29,logits,1787659191382022091,1787659191411928752,29.906251000000001,2,2,2,,0
Node3,Cloud-RCS-MP-Task-v2,round_05_position_3_Cloud-RCS-MP-Task-v2,30,logits,1787659191411929162,1787659191441529177,29.599615,2,2,2,,0
Node3,Cloud-RCS-MP-Task-v2,round_05_position_3_Cloud-RCS-MP-Task-v2,31,logits,1787659191441529677,1787659191471399357,29.869289999999999,2,2,2,,0
Node3,Cloud-RCS-MP-Task-v2,round_05_position_3_Cloud-RCS-MP-Task-v2,32,logits,1787659191471399898,1787659191501459732,30.059443999999999,2,2,2,,0
Node3,Cloud-RCS-MP-Task-v2,round_05_position_3_Cloud-RCS-MP-Task-v2,33,logits,1787659191501460242,1787659191531720583,30.259910999999999,2,2,2,,0
Node3,Cloud-RCS-MP-Task-v2,round_05_position_3_Cloud-RCS-MP-Task-v2,34,logits,1787659191531721103,1787659191561079009,29.357505,2,2,2,,0
Node3,Cloud-RCS-MP-Task-v2,round_05_position_3_Cloud-RCS-MP-Task-v2,35,logits,1787659191561079529,1787659191590984710,29.904661000000001,2,2,2,,0
Node3,Cloud-RCS-MP-Task-v2,round_05_position_3_Cloud-RCS-MP-Task-v2,36,logits,1787659191590985220,1787659191620444804,29.459254000000001,2,2,2,,0
Node3,Cloud-RCS-MP-Task-v2,round_05_position_3_Cloud-RCS-MP-Task-v2,37,logits,1787659191620445484,1787659191650289767,29.843782999999998,2,2,2,,0
Node3,Cloud-RCS-MP-Task-v2,round_05_position_3_Cloud-RCS-MP-Task-v2,38,logits,1787659191650290287,1787659191680035873,29.745184999999999,2,2,2,,0
Node3,Cloud-RCS-MP-Task-v2,round_05_position_3_Cloud-RCS-MP-Task-v2,39,logits,1787659191680036713,1787659191710099588,30.062474999999999,2,2,2,,0
Node3,Cloud-RCS-MP-Task-v2,round_05_position_3_Cloud-RCS-MP-Task-v2,40,logits,1787659191710100088,1787659191739934889,29.834401,2,2,2,,0
Node3,Cloud-RCS-MP-Task-v2,round_05_position_3_Cloud-RCS-MP-Task-v2,41,logits,1787659191739935409,1787659191769726448,29.790648000000001,2,2,2,,0
Node3,Cloud-RCS-MP-Task-v2,round_05_position_3_Cloud-RCS-MP-Task-v2,42,logits,1787659191769726988,1787659191805502193,35.774805000000001,2,2,2,,0
Node3,Cloud-RCS-MP-Task-v2,round_05_position_3_Cloud-RCS-MP-Task-v2,43,logits,1787659191805502713,1787659191840342053,34.838939000000003,2,2,2,,0
Node3,Cloud-RCS-MP-Task-v2,round_05_position_3_Cloud-RCS-MP-Task-v2,44,logits,1787659191840342583,1787659191871436670,31.093696999999999,2,2,2,,0
Node3,Cloud-RCS-MP-Task-v2,round_05_position_3_Cloud-RCS-MP-Task-v2,45,logits,1787659191871437170,1787659191901377792,29.940100000000001,2,2,2,,0
Node3,Cloud-RCS-MP-Task-v2,round_05_position_3_Cloud-RCS-MP-Task-v2,46,logits,1787659191901378302,1787659191931617437,30.238734999999998,2,2,2,,0
Node3,Cloud-RCS-MP-Task-v2,round_05_position_3_Cloud-RCS-MP-Task-v2,47,logits,1787659191931617957,1787659191961980497,30.36214,2,2,2,,0
Node3,Cloud-RCS-MP-Task-v2,round_05_position_3_Cloud-RCS-MP-Task-v2,48,logits,1787659191961981207,1787659191994208106,32.226118999999997,2,2,2,,0
Node3,Cloud-RCS-MP-Task-v2,round_05_position_3_Cloud-RCS-MP-Task-v2,49,logits,1787659191994208636,1787659192025292698,31.083662,2,2,2,,0
Node3,Cloud-RCS-MP-Task-v2,round_05_position_3_Cloud-RCS-MP-Task-v2,50,logits,1787659192025293218,1787659192055774151,30.480523000000002,2,2,2,,0
Node3,Cloud-RCS-MP-Task-v2,round_05_position_3_Cloud-RCS-MP-Task-v2,51,logits,1787659192055774661,1787659192086067190,30.292138999999999,2,2,2,,0
Node3,Cloud-RCS-MP-Task-v2,round_05_position_3_Cloud-RCS-MP-Task-v2,52,logits,1787659192086067571,1787659192116095425,30.027453999999999,2,2,2,,0
Node3,Cloud-RCS-MP-Task-v2,round_05_position_3_Cloud-RCS-MP-Task-v2,53,logits,1787659192116095955,1787659192146237832,30.141456999999999,2,2,2,,0
Node3,Cloud-RCS-MP-Task-v2,round_05_position_3_Cloud-RCS-MP-Task-v2,54,logits,1787659192146238352,1787659192176355432,30.116700000000002,2,2,2,,0
Node3,Cloud-RCS-MP-Task-v2,round_05_position_3_Cloud-RCS-MP-Task-v2,55,logits,1787659192176355952,1787659192206165295,29.808933,2,2,2,,0
Node3,Cloud-RCS-MP-Task-v2,round_05_position_3_Cloud-RCS-MP-Task-v2,56,logits,1787659192206165825,1787659192235804540,29.638444,2,2,2,,0
Node3,Cloud-RCS-MP-Task-v2,round_05_position_3_Cloud-RCS-MP-Task-v2,57,logits,1787659192235805060,1787659192265950608,30.145137999999999,2,2,2,,0
Node3,Cloud-RCS-MP-Task-v2,round_05_position_3_Cloud-RCS-MP-Task-v2,58,logits,1787659192265951128,1787659192296062266,30.110588,2,2,2,,0
Node3,Cloud-RCS-MP-Task-v2,round_05_position_3_Cloud-RCS-MP-Task-v2,59,logits,1787659192296062636,1787659192332342119,36.278843000000002,2,2,2,,0
Node3,Cloud-RCS-MP-Task-v2,round_05_position_3_Cloud-RCS-MP-Task-v2,60,logits,1787659192332342629,1787659192364356475,32.013095999999997,2,2,2,,0
Node3,Cloud-RCS-MP-Task-v2,round_05_position_3_Cloud-RCS-MP-Task-v2,61,logits,1787659192364357016,1787659192397041692,32.684275999999997,2,2,2,,0
Node3,Cloud-RCS-MP-Task-v2,round_05_position_3_Cloud-RCS-MP-Task-v2,62,logits,1787659192397042192,1787659192428021986,30.979384,2,2,2,,0
Node3,Cloud-RCS-MP-Task-v2,round_05_position_3_Cloud-RCS-MP-Task-v2,63,logits,1787659192428022486,1787659192459098467,31.075571,2,2,2,,0
Node3,Cloud-RCS-MP-Task-v2,round_05_position_3_Cloud-RCS-MP-Task-v2,64,logits,1787659192459099137,1787659192490204717,31.105049999999999,2,2,2,,0
Node3,Cloud-RCS-MP-Task-v2,round_05_position_3_Cloud-RCS-MP-Task-v2,65,logits,1787659192490205227,1787659192520411412,30.205745,2,2,2,,0
Node3,Cloud-RCS-MP-Task-v2,round_05_position_3_Cloud-RCS-MP-Task-v2,66,logits,1787659192520411932,1787659192550756116,30.343783999999999,2,2,2,,0
Node3,Cloud-RCS-MP-Task-v2,round_05_position_3_Cloud-RCS-MP-Task-v2,67,logits,1787659192550756616,1787659192581507275,30.750129000000001,2,2,2,,0
Node3,Cloud-RCS-MP-Task-v2,round_05_position_3_Cloud-RCS-MP-Task-v2,68,logits,1787659192581507666,1787659192612251953,30.743715999999999,2,2,2,,0
Node3,Cloud-RCS-MP-Task-v2,round_05_position_3_Cloud-RCS-MP-Task-v2,69,logits,1787659192612252483,1787659192642657354,30.404471000000001,2,2,2,,0
Node3,Cloud-RCS-MP-Task-v2,round_05_position_3_Cloud-RCS-MP-Task-v2,70,logits,1787659192642658024,1787659192673270094,30.611450000000001,2,2,2,,0
Node3,Cloud-RCS-MP-Task-v2,round_05_position_3_Cloud-RCS-MP-Task-v2,71,logits,1787659192673270604,1787659192703939690,30.668576000000002,2,2,2,,0
Node3,Cloud-RCS-MP-Task-v2,round_05_position_3_Cloud-RCS-MP-Task-v2,72,logits,1787659192703940090,1787659192738394387,34.452517,2,2,2,,0
Node3,Cloud-RCS-MP-Task-v2,round_05_position_3_Cloud-RCS-MP-Task-v2,73,logits,1787659192738395008,1787659192775975828,37.580399999999997,2,2,2,,0
Node3,Cloud-RCS-MP-Task-v2,round_05_position_3_Cloud-RCS-MP-Task-v2,74,logits,1787659192775976519,1787659192808003159,32.026108999999998,2,2,2,,0
Node3,Cloud-RCS-MP-Task-v2,round_05_position_3_Cloud-RCS-MP-Task-v2,75,logits,1787659192808003579,1787659192839105287,31.101417999999999,2,2,2,,0
Node3,Cloud-RCS-MP-Task-v2,round_05_position_3_Cloud-RCS-MP-Task-v2,76,logits,1787659192839105797,1787659192870047130,30.940753000000001,2,2,2,,0
Node3,Cloud-RCS-MP-Task-v2,round_05_position_3_Cloud-RCS-MP-Task-v2,77,logits,1787659192870047650,1787659192900310442,30.262401000000001,2,2,2,,0
Node3,Cloud-RCS-MP-Task-v2,round_05_position_3_Cloud-RCS-MP-Task-v2,78,logits,1787659192900310992,1787659192931935258,31.623846,2,2,2,,0
Node3,Cloud-RCS-MP-Task-v2,round_05_position_3_Cloud-RCS-MP-Task-v2,79,logits,1787659192931935968,1787659192962636783,30.700415,2,2,2,,0
Node3,Cloud-RCS-MP-Task-v2,round_05_position_3_Cloud-RCS-MP-Task-v2,80,logits,1787659192962637303,1787659192993687007,31.049294,2,2,2,,0
Node3,Cloud-RCS-MP-Task-v2,round_05_position_3_Cloud-RCS-MP-Task-v2,81,logits,1787659192993687507,1787659193027909873,34.221935000000002,2,2,2,,0
Node3,Cloud-RCS-MP-Task-v2,round_05_position_3_Cloud-RCS-MP-Task-v2,82,logits,1787659193027910373,1787659193057174131,29.263348000000001,2,2,2,,0
Node3,Cloud-RCS-MP-Task-v2,round_05_position_3_Cloud-RCS-MP-Task-v2,83,logits,1787659193057174642,1787659193087967051,30.792019,2,2,2,,0
Node3,Cloud-RCS-MP-Task-v2,round_05_position_3_Cloud-RCS-MP-Task-v2,84,logits,1787659193087967551,1787659193119666047,31.698084999999999,2,2,2,,0
Node3,Cloud-RCS-MP-Task-v2,round_05_position_3_Cloud-RCS-MP-Task-v2,85,logits,1787659193119666877,1787659193151198245,31.530818,2,2,2,,0
Node3,Cloud-RCS-MP-Task-v2,round_05_position_3_Cloud-RCS-MP-Task-v2,86,logits,1787659193151199025,1787659193182865612,31.666205999999999,2,2,2,,0
Node3,Cloud-RCS-MP-Task-v2,round_05_position_3_Cloud-RCS-MP-Task-v2,87,logits,1787659193182865982,1787659193213747296,30.880583999999999,2,2,2,,0
Node3,Cloud-RCS-MP-Task-v2,round_05_position_3_Cloud-RCS-MP-Task-v2,88,logits,1787659193213747806,1787659193245094552,31.346366,2,2,2,,0
Node3,Cloud-RCS-MP-Task-v2,round_05_position_3_Cloud-RCS-MP-Task-v2,89,logits,1787659193245095063,1787659193275598171,30.502687000000002,2,2,2,,0
Node3,Cloud-RCS-MP-Task-v2,round_05_position_3_Cloud-RCS-MP-Task-v2,90,logits,1787659193275598691,1787659193305531108,29.932016000000001,2,2,2,,0
Node3,Cloud-RCS-MP-Task-v2,round_05_position_3_Cloud-RCS-MP-Task-v2,91,logits,1787659193305531618,1787659193336245015,30.713007000000001,2,2,2,,0
Node3,Cloud-RCS-MP-Task-v2,round_05_position_3_Cloud-RCS-MP-Task-v2,92,logits,1787659193336245665,1787659193366604102,30.358017,2,2,2,,0
Node3,Cloud-RCS-MP-Task-v2,round_05_position_3_Cloud-RCS-MP-Task-v2,93,logits,1787659193366604502,1787659193397196355,30.591463000000001,2,2,2,,0
Node3,Cloud-RCS-MP-Task-v2,round_05_position_3_Cloud-RCS-MP-Task-v2,94,logits,1787659193397196856,1787659193428203566,31.005990000000001,2,2,2,,0
Node3,Cloud-RCS-MP-Task-v2,round_05_position_3_Cloud-RCS-MP-Task-v2,95,logits,1787659193428204096,1787659193458849574,30.645078000000002,2,2,2,,0
Node3,Cloud-RCS-MP-Task-v2,round_05_position_3_Cloud-RCS-MP-Task-v2,96,logits,1787659193458849814,1787659193488887001,30.036477000000001,2,2,2,,0
Node3,Cloud-RCS-MP-Task-v2,round_05_position_3_Cloud-RCS-MP-Task-v2,97,logits,1787659193488887511,1787659193519111810,30.223769000000001,2,2,2,,0
Node3,Cloud-RCS-MP-Task-v2,round_05_position_3_Cloud-RCS-MP-Task-v2,98,logits,1787659193519112361,1787659193550214267,31.101496000000001,2,2,2,,0
Node3,Cloud-RCS-MP-Task-v2,round_05_position_3_Cloud-RCS-MP-Task-v2,99,logits,1787659193550214788,1787659193579993831,29.778632999999999,2,2,2,,0
Node3,Cloud-RCS-MP-Task-v2,round_05_position_3_Cloud-RCS-MP-Task-v2,100,logits,1787659193579994581,1787659193609674897,29.679915999999999,2,2,2,,0
Node3,Cloud-RCS-MP-Task-v2,round_05_position_3_Cloud-RCS-MP-Task-v2,101,logits,1787659193609675437,1787659193639879481,30.203644000000001,2,2,2,,0
Node3,Cloud-RCS-MP-Task-v2,round_05_position_3_Cloud-RCS-MP-Task-v2,102,logits,1787659193639879981,1787659193670024118,30.143726999999998,2,2,2,,0
Node3,Cloud-RCS-MP-Task-v2,round_05_position_3_Cloud-RCS-MP-Task-v2,103,logits,1787659193670024878,1787659193700163553,30.138414999999998,2,2,2,,0
Node3,Cloud-RCS-MP-Task-v2,round_05_position_3_Cloud-RCS-MP-Task-v2,104,logits,1787659193700164064,1787659193730375319,30.210864999999998,2,2,2,,0
Node3,Cloud-RCS-MP-Task-v2,round_05_position_3_Cloud-RCS-MP-Task-v2,105,logits,1787659193730375819,1787659193760899943,30.523724000000001,2,2,2,,0
Node3,Cloud-RCS-MP-Task-v2,round_05_position_3_Cloud-RCS-MP-Task-v2,106,logits,1787659193760900603,1787659193791033817,30.132814,2,2,2,,0
Node3,Cloud-RCS-MP-Task-v2,round_05_position_3_Cloud-RCS-MP-Task-v2,107,logits,1787659193791034327,1787659193821745374,30.710425999999998,2,2,2,,0
Node3,Cloud-RCS-MP-Task-v2,round_05_position_3_Cloud-RCS-MP-Task-v2,108,logits,1787659193821745884,1787659193856001651,34.255217000000002,2,2,2,,0
Node3,Cloud-RCS-MP-Task-v2,round_05_position_3_Cloud-RCS-MP-Task-v2,109,logits,1787659193856002151,1787659193886036117,30.033345000000001,2,2,2,,0
Node3,Cloud-RCS-MP-Task-v2,round_05_position_3_Cloud-RCS-MP-Task-v2,110,logits,1787659193886036647,1787659193916587408,30.550221000000001,2,2,2,,0
Node3,Cloud-RCS-MP-Task-v2,round_05_position_3_Cloud-RCS-MP-Task-v2,111,logits,1787659193916587928,1787659193948672633,32.084164999999999,2,2,2,,0
Node3,Cloud-RCS-MP-Task-v2,round_05_position_3_Cloud-RCS-MP-Task-v2,112,logits,1787659193948673153,1787659193979581245,30.907682000000001,2,2,2,,0
Node3,Cloud-RCS-MP-Task-v2,round_05_position_3_Cloud-RCS-MP-Task-v2,113,logits,1787659193979581745,1787659194009929944,30.347659,2,2,2,,0
Node3,Cloud-RCS-MP-Task-v2,round_05_position_3_Cloud-RCS-MP-Task-v2,114,logits,1787659194009930495,1787659194040877357,30.946470999999999,2,2,2,,0
Node3,Cloud-RCS-MP-Task-v2,round_05_position_3_Cloud-RCS-MP-Task-v2,115,logits,1787659194040877727,1787659194073897162,33.018904999999997,2,2,2,,0
Node3,Cloud-RCS-MP-Task-v2,round_05_position_3_Cloud-RCS-MP-Task-v2,116,logits,1787659194073898032,1787659194106069479,32.170766999999998,2,2,2,,0
Node3,Cloud-RCS-MP-Task-v2,round_05_position_3_Cloud-RCS-MP-Task-v2,117,logits,1787659194106069829,1787659194137453214,31.382964999999999,2,2,2,,0
Node3,Cloud-RCS-MP-Task-v2,round_05_position_3_Cloud-RCS-MP-Task-v2,118,logits,1787659194137453754,1787659194168213974,30.759820000000001,2,2,2,,0
Node3,Cloud-RCS-MP-Task-v2,round_05_position_3_Cloud-RCS-MP-Task-v2,119,logits,1787659194168214494,1787659194198654823,30.439928999999999,2,2,2,,0
Node3,Cloud-RCS-MP-Task-v2,round_05_position_3_Cloud-RCS-MP-Task-v2,120,logits,1787659194198655434,1787659194229382314,30.726489000000001,2,2,2,,0
Node3,Cloud-RCS-MP-Task-v2,round_05_position_3_Cloud-RCS-MP-Task-v2,121,logits,1787659194229382734,1787659194260099501,30.715917000000001,2,2,2,,0
Node3,Cloud-RCS-MP-Task-v2,round_05_position_3_Cloud-RCS-MP-Task-v2,122,logits,1787659194260100011,1787659194290083152,29.982579999999999,2,2,2,,0
Node3,Cloud-RCS-MP-Task-v2,round_05_position_3_Cloud-RCS-MP-Task-v2,123,logits,1787659194290083652,1787659194320555370,30.471328,2,2,2,,0
Node3,Cloud-RCS-MP-Task-v2,round_05_position_3_Cloud-RCS-MP-Task-v2,124,logits,1787659194320555880,1787659194350795393,30.239103,2,2,2,,0
Node3,Cloud-RCS-MP-Task-v2,round_05_position_3_Cloud-RCS-MP-Task-v2,125,logits,1787659194350795913,1787659194381082189,30.286006,2,2,2,,0
Node3,Cloud-RCS-MP-Task-v2,round_05_position_3_Cloud-RCS-MP-Task-v2,126,logits,1787659194381082699,1787659194411200198,30.117077999999999,2,2,2,,0
Node3,Cloud-RCS-MP-Task-v2,round_05_position_3_Cloud-RCS-MP-Task-v2,127,logits,1787659194411200728,1787659194441879284,30.678146000000002,2,2,2,,0
Node3,Cloud-RCS-MP-Task-v2,round_05_position_3_Cloud-RCS-MP-Task-v2,128,logits,1787659194441879794,1787659194472764899,30.884705,2,2,2,,0
Node3,Cloud-RCS-MP-Task-v2,round_05_position_3_Cloud-RCS-MP-Task-v2,129,logits,1787659194472765419,1787659194503310598,30.544789000000002,2,2,2,,0
Node3,Cloud-RCS-MP-Task-v2,round_05_position_3_Cloud-RCS-MP-Task-v2,130,logits,1787659194503311138,1787659194533566446,30.254918,2,2,2,,0
Node3,Cloud-RCS-MP-Task-v2,round_05_position_3_Cloud-RCS-MP-Task-v2,131,logits,1787659194533566936,1787659194566270102,32.702765999999997,2,2,2,,0
Node3,Cloud-RCS-MP-Task-v2,round_05_position_3_Cloud-RCS-MP-Task-v2,132,logits,1787659194566270662,1787659194597227277,30.956225,2,2,2,,0
Node3,Cloud-RCS-MP-Task-v2,round_05_position_3_Cloud-RCS-MP-Task-v2,133,logits,1787659194597227807,1787659194627764754,30.536487000000001,2,2,2,,0
Node3,Cloud-RCS-MP-Task-v2,round_05_position_3_Cloud-RCS-MP-Task-v2,134,logits,1787659194627765264,1787659194658029464,30.263670000000001,2,2,2,,0
Node3,Cloud-RCS-MP-Task-v2,round_05_position_3_Cloud-RCS-MP-Task-v2,135,logits,1787659194658029964,1787659194687862852,29.832618,2,2,2,,0
Node3,Cloud-RCS-MP-Task-v2,round_05_position_3_Cloud-RCS-MP-Task-v2,136,logits,1787659194687863352,1787659194718373401,30.509639,2,2,2,,0
Node3,Cloud-RCS-MP-Task-v2,round_05_position_3_Cloud-RCS-MP-Task-v2,137,logits,1787659194718374221,1787659194748420450,30.045829000000001,2,2,2,,0
Node3,Cloud-RCS-MP-Task-v2,round_05_position_3_Cloud-RCS-MP-Task-v2,138,logits,1787659194748420960,1787659194779840055,31.418704999999999,2,2,2,,0
Node3,Cloud-RCS-MP-Task-v2,round_05_position_3_Cloud-RCS-MP-Task-v2,139,logits,1787659194779840585,1787659194810102454,30.261469000000002,2,2,2,,0
Node3,Cloud-RCS-MP-Task-v2,round_05_position_3_Cloud-RCS-MP-Task-v2,140,logits,1787659194810102974,1787659194839850869,29.747285000000002,2,2,2,,0
Node3,Cloud-RCS-MP-Task-v2,round_05_position_3_Cloud-RCS-MP-Task-v2,141,logits,1787659194839851399,1787659194869301260,29.449470999999999,2,2,2,,0
Node3,Cloud-RCS-MP-Task-v2,round_05_position_3_Cloud-RCS-MP-Task-v2,142,logits,1787659194869301790,1787659194899436473,30.134402999999999,2,2,2,,0
Node3,Cloud-RCS-MP-Task-v2,round_05_position_3_Cloud-RCS-MP-Task-v2,143,logits,1787659194899436844,1787659194931628366,32.191111999999997,2,2,2,,0
Node3,Cloud-RCS-MP-Task-v2,round_05_position_3_Cloud-RCS-MP-Task-v2,144,logits,1787659194931629056,1787659194962592283,30.962845999999999,2,2,2,,0
Node3,Cloud-RCS-MP-Task-v2,round_05_position_3_Cloud-RCS-MP-Task-v2,145,logits,1787659194962592803,1787659194992891422,30.298228999999999,2,2,2,,0
Node3,Cloud-RCS-MP-Task-v2,round_05_position_3_Cloud-RCS-MP-Task-v2,146,logits,1787659194992891942,1787659195023060590,30.168237999999999,2,2,2,,0
Node3,Cloud-RCS-MP-Task-v2,round_05_position_3_Cloud-RCS-MP-Task-v2,147,logits,1787659195023061111,1787659195052878104,29.816583000000001,2,2,2,,0
Node3,Cloud-RCS-MP-Task-v2,round_05_position_3_Cloud-RCS-MP-Task-v2,148,logits,1787659195052878854,1787659195083000373,30.121109000000001,2,2,2,,0
Node3,Cloud-RCS-MP-Task-v2,round_05_position_3_Cloud-RCS-MP-Task-v2,149,logits,1787659195083000713,1787659195114383296,31.382183000000001,2,2,2,,0
Node3,Cloud-RCS-MP-Task-v2,round_05_position_3_Cloud-RCS-MP-Task-v2,150,logits,1787659195114383857,1787659195151483775,37.099518000000003,2,2,2,,0
Node3,Cloud-RCS-MP-Task-v2,round_05_position_3_Cloud-RCS-MP-Task-v2,151,logits,1787659195151484696,1787659195186000379,34.515282999999997,2,2,2,,0
Node3,Cloud-RCS-MP-Task-v2,round_05_position_3_Cloud-RCS-MP-Task-v2,152,logits,1787659195186000889,1787659195217971918,31.970497999999999,2,2,2,,0
Node3,Cloud-RCS-MP-Task-v2,round_05_position_3_Cloud-RCS-MP-Task-v2,153,logits,1787659195217972348,1787659195251891863,33.918984999999999,2,2,2,,0
Node3,Cloud-RCS-MP-Task-v2,round_05_position_3_Cloud-RCS-MP-Task-v2,154,logits,1787659195251892714,1787659195283863232,31.970106999999999,2,2,2,,0
Node3,Cloud-RCS-MP-Task-v2,round_05_position_3_Cloud-RCS-MP-Task-v2,155,logits,1787659195283863732,1787659195314686468,30.822206000000001,2,2,2,,0
Node3,Cloud-RCS-MP-Task-v2,round_05_position_3_Cloud-RCS-MP-Task-v2,156,logits,1787659195314686998,1787659195345560878,30.873480000000001,2,2,2,,0
Node3,Cloud-RCS-MP-Task-v2,round_05_position_3_Cloud-RCS-MP-Task-v2,157,logits,1787659195345561418,1787659195378090624,32.528596,2,2,2,,0
Node3,Cloud-RCS-MP-Task-v2,round_05_position_3_Cloud-RCS-MP-Task-v2,158,logits,1787659195378090974,1787659195409968396,31.876902000000001,2,2,2,,0
Node3,Cloud-RCS-MP-Task-v2,round_05_position_3_Cloud-RCS-MP-Task-v2,159,logits,1787659195409968966,1787659195440430871,30.461283999999999,2,2,2,,0
Node3,Cloud-RCS-MP-Task-v2,round_05_position_3_Cloud-RCS-MP-Task-v2,160,logits,1787659195440431371,1787659195471872430,31.440649000000001,2,2,2,,0
Node3,Cloud-RCS-MP-Task-v2,round_05_position_3_Cloud-RCS-MP-Task-v2,161,logits,1787659195471873231,1787659195502581895,30.708404000000002,2,2,2,,0
Node3,Cloud-RCS-MP-Task-v2,round_05_position_3_Cloud-RCS-MP-Task-v2,162,logits,1787659195502582395,1787659195533371881,30.789196,2,2,2,,0
Node3,Cloud-RCS-MP-Task-v2,round_05_position_3_Cloud-RCS-MP-Task-v2,163,logits,1787659195533372381,1787659195563512536,30.139765000000001,2,2,2,,0
Node3,Cloud-RCS-MP-Task-v2,round_05_position_3_Cloud-RCS-MP-Task-v2,164,logits,1787659195563513076,1787659195593517882,30.004396,2,2,2,,0
Node3,Cloud-RCS-MP-Task-v2,round_05_position_3_Cloud-RCS-MP-Task-v2,165,logits,1787659195593518392,1787659195623542974,30.024182,2,2,2,,0
Node3,Cloud-RCS-MP-Task-v2,round_05_position_3_Cloud-RCS-MP-Task-v2,166,logits,1787659195623543524,1787659195653908982,30.365068000000001,2,2,2,,0
Node3,Cloud-RCS-MP-Task-v2,round_05_position_3_Cloud-RCS-MP-Task-v2,167,logits,1787659195653909482,1787659195683865404,29.955521999999998,2,2,2,,0
Node3,Cloud-RCS-MP-Task-v2,round_05_position_3_Cloud-RCS-MP-Task-v2,168,logits,1787659195683865904,1787659195713929537,30.063223000000001,2,2,2,,0
Node3,Cloud-RCS-MP-Task-v2,round_05_position_3_Cloud-RCS-MP-Task-v2,169,logits,1787659195713929928,1787659195743956130,30.025672,2,2,2,,0
Node3,Cloud-RCS-MP-Task-v2,round_05_position_3_Cloud-RCS-MP-Task-v2,170,logits,1787659195743956650,1787659195774088082,30.130862,2,2,2,,0
Node3,Cloud-RCS-MP-Task-v2,round_05_position_3_Cloud-RCS-MP-Task-v2,171,logits,1787659195774088592,1787659195804486348,30.397355999999998,2,2,2,,0
Node3,Cloud-RCS-MP-Task-v2,round_05_position_3_Cloud-RCS-MP-Task-v2,172,logits,1787659195804486698,1787659195834824678,30.337579999999999,2,2,2,,0
Node3,Cloud-RCS-MP-Task-v2,round_05_position_3_Cloud-RCS-MP-Task-v2,173,logits,1787659195834825028,1787659195864957491,30.132083000000002,2,2,2,,0
Node3,Cloud-RCS-MP-Task-v2,round_05_position_3_Cloud-RCS-MP-Task-v2,174,logits,1787659195864958041,1787659195895363650,30.405049000000002,2,2,2,,0
Node3,Cloud-RCS-MP-Task-v2,round_05_position_3_Cloud-RCS-MP-Task-v2,175,logits,1787659195895364160,1787659195926039694,30.674973999999999,2,2,2,,0
Node3,Cloud-RCS-MP-Task-v2,round_05_position_3_Cloud-RCS-MP-Task-v2,176,logits,1787659195926040225,1787659195957263703,31.223008,2,2,2,,0
Node3,Cloud-RCS-MP-Task-v2,round_05_position_3_Cloud-RCS-MP-Task-v2,177,logits,1787659195957264203,1787659195987580217,30.315484000000001,2,2,2,,0
Node3,Cloud-RCS-MP-Task-v2,round_05_position_3_Cloud-RCS-MP-Task-v2,178,logits,1787659195987580737,1787659196018128034,30.546776999999999,2,2,2,,0
Node3,Cloud-RCS-MP-Task-v2,round_05_position_3_Cloud-RCS-MP-Task-v2,179,logits,1787659196018128554,1787659196049927553,31.798489,2,2,2,,0
Node3,Cloud-RCS-MP-Task-v2,round_05_position_3_Cloud-RCS-MP-Task-v2,180,logits,1787659196049928113,1787659196080974061,31.045528000000001,2,2,2,,0
Node3,Cloud-RCS-MP-Task-v2,round_05_position_3_Cloud-RCS-MP-Task-v2,181,logits,1787659196080974571,1787659196111165688,30.190617,2,2,2,,0
Node3,Cloud-RCS-MP-Task-v2,round_05_position_3_Cloud-RCS-MP-Task-v2,182,logits,1787659196111166058,1787659196143148338,31.981739000000001,2,2,2,,0
Node3,Cloud-RCS-MP-Task-v2,round_05_position_3_Cloud-RCS-MP-Task-v2,183,logits,1787659196143148839,1787659196175003463,31.854194,2,2,2,,0
Node3,Cloud-RCS-MP-Task-v2,round_05_position_3_Cloud-RCS-MP-Task-v2,184,logits,1787659196175004273,1787659196205619550,30.615006999999999,2,2,2,,0
Node3,Cloud-RCS-MP-Task-v2,round_05_position_3_Cloud-RCS-MP-Task-v2,185,logits,1787659196205620070,1787659196236755103,31.134612000000001,2,2,2,,0
Node3,Cloud-RCS-MP-Task-v2,round_05_position_3_Cloud-RCS-MP-Task-v2,186,logits,1787659196236755623,1787659196267273742,30.517609,2,2,2,,0
Node3,Cloud-RCS-MP-Task-v2,round_05_position_3_Cloud-RCS-MP-Task-v2,187,logits,1787659196267274282,1787659196298037450,30.762657999999998,2,2,2,,0
Node3,Cloud-RCS-MP-Task-v2,round_05_position_3_Cloud-RCS-MP-Task-v2,188,logits,1787659196298037981,1787659196328845151,30.80677,2,2,2,,0
Node3,Cloud-RCS-MP-Task-v2,round_05_position_3_Cloud-RCS-MP-Task-v2,189,logits,1787659196328845671,1787659196359081902,30.235831000000001,2,2,2,,0
Node3,Cloud-RCS-MP-Task-v2,round_05_position_3_Cloud-RCS-MP-Task-v2,190,logits,1787659196359082402,1787659196389927614,30.844792000000002,2,2,2,,0
Node3,Cloud-RCS-MP-Task-v2,round_05_position_3_Cloud-RCS-MP-Task-v2,191,logits,1787659196389928364,1787659196420769374,30.84074,2,2,2,,0
Node3,Cloud-RCS-MP-Task-v2,round_05_position_3_Cloud-RCS-MP-Task-v2,192,logits,1787659196420769894,1787659196451258045,30.487881000000002,2,2,2,,0
Node3,Cloud-RCS-MP-Task-v2,round_05_position_3_Cloud-RCS-MP-Task-v2,193,logits,1787659196451258565,1787659196481842523,30.583538000000001,2,2,2,,0
Node3,Cloud-RCS-MP-Task-v2,round_05_position_3_Cloud-RCS-MP-Task-v2,194,logits,1787659196481843023,1787659196512467993,30.624690000000001,2,2,2,,0
Node3,Cloud-RCS-MP-Task-v2,round_05_position_3_Cloud-RCS-MP-Task-v2,195,logits,1787659196512468333,1787659196542946892,30.478148999999998,2,2,2,,0
Node3,Cloud-RCS-MP-Task-v2,round_05_position_3_Cloud-RCS-MP-Task-v2,196,logits,1787659196542947412,1787659196573581004,30.633182000000001,2,2,2,,0
Node3,Cloud-RCS-MP-Task-v2,round_05_position_3_Cloud-RCS-MP-Task-v2,197,logits,1787659196573581534,1787659196604402418,30.820343999999999,2,2,2,,0
Node3,Cloud-RCS-MP-Task-v2,round_05_position_3_Cloud-RCS-MP-Task-v2,198,logits,1787659196604402758,1787659196634927590,30.524381999999999,2,2,2,,0
Node3,Cloud-RCS-MP-Task-v2,round_05_position_3_Cloud-RCS-MP-Task-v2,199,logits,1787659196634927960,1787659196665972697,31.044226999999999,2,2,2,,0
