block_index,precision,pass_index,position,sample_index,sample_id,latency_ms
0,int8,0,0,0,Spain_7786924,1.381581
0,int8,0,1,1,Paraguay_36015,1.294448
0,int8,0,2,2,Paraguay_191503,1.259896
0,int8,0,3,3,USA_224165,1.278287
0,int8,0,4,4,Sri-Lanka_748447,1.32734
0,int8,0,5,5,Mekong_342411,1.271117
0,int8,0,6,6,India_56450,1.274937
0,int8,0,7,7,Ghana_147015,1.372011
0,int8,0,8,8,Mekong_52610,1.289578
0,int8,0,9,9,Somalia_205466,1.281927
0,int8,0,10,10,USA_438959,1.32992
0,int8,0,11,11,Paraguay_1056717,1.285617
0,int8,0,12,12,Paraguay_721886,1.266256
0,int8,0,13,13,Sri-Lanka_551926,1.274877
0,int8,0,14,14,Ghana_135389,1.275227
0,int8,0,15,15,Mekong_1395593,1.34018
0,int8,0,16,16,Nigeria_600295,1.274967
0,int8,0,17,17,India_979278,1.286958
0,int8,0,18,18,USA_806273,1.267696
0,int8,0,19,19,Ghana_144050,1.281467
0,int8,0,20,20,Paraguay_246154,1.269206
0,int8,0,21,21,Somalia_970508,1.328849
0,int8,0,22,22,USA_655230,1.260886
0,int8,0,23,23,Sri-Lanka_956740,1.277977
0,int8,0,24,24,Spain_2594119,1.34116
0,int8,0,25,25,India_773682,1.274347
0,int8,0,26,26,Paraguay_822142,1.268877
0,int8,0,27,27,India_91379,1.317808
0,int8,0,28,28,Paraguay_48673,1.381512
0,int8,0,29,29,USA_181503,1.280247
0,int8,0,30,30,India_652725,1.273046
0,int8,0,31,31,Paraguay_792268,1.330959
0,int8,0,32,32,Sri-Lanka_883641,1.329409
0,int8,0,33,33,USA_605492,1.325029
0,int8,0,34,34,India_287642,1.329249
0,int8,0,35,35,Sri-Lanka_847275,1.273776
0,int8,0,36,36,Spain_2523247,1.277687
0,int8,0,37,37,Paraguay_212687,1.330489
0,int8,0,38,38,Sri-Lanka_249079,1.323019
0,int8,0,39,39,Nigeria_143329,1.277417
0,int8,0,40,40,India_747970,1.257636
0,int8,0,41,41,Ghana_128663,1.298628
0,int8,0,42,42,Ghana_103272,1.333499
0,int8,0,43,43,USA_217598,1.381722
0,int8,0,44,44,Pakistan_211386,1.33051
0,int8,0,45,45,India_324254,1.280987
0,int8,0,46,46,Pakistan_65724,1.272577
0,int8,0,47,47,Somalia_295782,1.272137
0,int8,0,48,48,USA_354981,1.276867
0,int8,0,49,49,USA_58086,1.285407
0,int8,0,50,50,Ghana_154838,1.263256
0,int8,0,51,51,USA_170264,1.267047
0,int8,0,52,52,Paraguay_1029042,1.332769
0,int8,0,53,53,Spain_8154154,1.316089
0,int8,0,54,54,Pakistan_246718,1.271877
0,int8,0,55,55,USA_1068362,1.289038
0,int8,0,56,56,Ghana_45911,1.285747
0,int8,0,57,57,Mekong_846007,1.290117
0,int8,0,58,58,Paraguay_482517,1.33341
0,int8,0,59,59,India_179238,1.282477
0,int8,0,60,60,India_534470,1.265457
0,int8,0,61,61,Somalia_93023,1.33228
0,int8,0,62,62,Ghana_8090,1.276427
0,int8,0,63,63,Sri-Lanka_52223,1.384092
0,int8,1,0,63,Sri-Lanka_52223,1.267616
0,int8,1,1,62,Ghana_8090,1.282427
0,int8,1,2,61,Somalia_93023,1.282717
0,int8,1,3,60,India_534470,1.33587
0,int8,1,4,59,India_179238,1.291268
0,int8,1,5,58,Paraguay_482517,1.273316
0,int8,1,6,57,Mekong_846007,1.330249
0,int8,1,7,56,Ghana_45911,1.33153
0,int8,1,8,55,USA_1068362,1.268487
0,int8,1,9,54,Pakistan_246718,1.280877
0,int8,1,10,53,Spain_8154154,1.271087
0,int8,1,11,52,Paraguay_1029042,1.275107
0,int8,1,12,51,USA_170264,1.324259
0,int8,1,13,50,Ghana_154838,1.280937
0,int8,1,14,49,USA_58086,1.34592
0,int8,1,15,48,USA_354981,1.285697
0,int8,1,16,47,Somalia_295782,1.281437
0,int8,1,17,46,Pakistan_65724,1.387962
0,int8,1,18,45,India_324254,3.453024
0,int8,1,19,44,Pakistan_211386,1.288247
0,int8,1,20,43,USA_217598,1.321339
0,int8,1,21,42,Ghana_103272,1.343639
0,int8,1,22,41,Ghana_128663,1.280997
0,int8,1,23,40,India_747970,1.35752
0,int8,1,24,39,Nigeria_143329,1.34938
0,int8,1,25,38,Sri-Lanka_249079,1.360601
0,int8,1,26,37,Paraguay_212687,1.372271
0,int8,1,27,36,Spain_2523247,1.361831
0,int8,1,28,35,Sri-Lanka_847275,1.400673
0,int8,1,29,34,India_287642,1.297178
0,int8,1,30,33,USA_605492,1.297518
0,int8,1,31,32,Sri-Lanka_883641,1.313249
0,int8,1,32,31,Paraguay_792268,1.35469
0,int8,1,33,30,India_652725,1.317738
0,int8,1,34,29,USA_181503,1.296488
0,int8,1,35,28,Paraguay_48673,1.359091
0,int8,1,36,27,India_91379,1.292787
0,int8,1,37,26,Paraguay_822142,1.313648
0,int8,1,38,25,India_773682,1.285328
0,int8,1,39,24,Spain_2594119,1.296228
0,int8,1,40,23,Sri-Lanka_956740,1.34941
0,int8,1,41,22,USA_655230,1.285857
0,int8,1,42,21,Somalia_970508,1.398252
0,int8,1,43,20,Paraguay_246154,1.295147
0,int8,1,44,19,Ghana_144050,1.286118
0,int8,1,45,18,USA_806273,1.288258
0,int8,1,46,17,India_979278,1.294037
0,int8,1,47,16,Nigeria_600295,1.309228
0,int8,1,48,15,Mekong_1395593,1.3566
0,int8,1,49,14,Ghana_135389,1.292907
0,int8,1,50,13,Sri-Lanka_551926,1.34971
0,int8,1,51,12,Paraguay_721886,1.34519
0,int8,1,52,11,Paraguay_1056717,1.290347
0,int8,1,53,10,USA_438959,1.34845
0,int8,1,54,9,Somalia_205466,1.296467
0,int8,1,55,8,Mekong_52610,1.294598
0,int8,1,56,7,Ghana_147015,1.458135
0,int8,1,57,6,India_56450,1.280307
0,int8,1,58,5,Mekong_342411,1.343169
0,int8,1,59,4,Sri-Lanka_748447,1.33527
0,int8,1,60,3,USA_224165,1.34572
0,int8,1,61,2,Paraguay_191503,1.307518
0,int8,1,62,1,Paraguay_36015,1.338619
0,int8,1,63,0,Spain_7786924,1.285437
0,int8,2,0,0,Spain_7786924,1.283837
0,int8,2,1,1,Paraguay_36015,1.329939
0,int8,2,2,2,Paraguay_191503,1.291038
0,int8,2,3,3,USA_224165,1.364931
0,int8,2,4,4,Sri-Lanka_748447,1.323349
0,int8,2,5,5,Mekong_342411,1.296088
0,int8,2,6,6,India_56450,1.273467
0,int8,2,7,7,Ghana_147015,1.302468
0,int8,2,8,8,Mekong_52610,1.333859
0,int8,2,9,9,Somalia_205466,1.307218
0,int8,2,10,10,USA_438959,1.335139
0,int8,2,11,11,Paraguay_1056717,1.408693
0,int8,2,12,12,Paraguay_721886,1.328359
0,int8,2,13,13,Sri-Lanka_551926,1.286107
0,int8,2,14,14,Ghana_135389,1.331989
0,int8,2,15,15,Mekong_1395593,1.298357
0,int8,2,16,16,Nigeria_600295,1.282837
0,int8,2,17,17,India_979278,1.283087
0,int8,2,18,18,USA_806273,1.288927
0,int8,2,19,19,Ghana_144050,1.405103
0,int8,2,20,20,Paraguay_246154,1.35958
0,int8,2,21,21,Somalia_970508,1.34182
0,int8,2,22,22,USA_655230,1.338669
0,int8,2,23,23,Sri-Lanka_956740,1.286997
0,int8,2,24,24,Spain_2594119,1.292947
0,int8,2,25,25,India_773682,1.35017
0,int8,2,26,26,Paraguay_822142,1.305758
0,int8,2,27,27,India_91379,1.387352
0,int8,2,28,28,Paraguay_48673,1.3529
0,int8,2,29,29,USA_181503,1.289617
0,int8,2,30,30,India_652725,1.291878
0,int8,2,31,31,Paraguay_792268,1.286298
0,int8,2,32,32,Sri-Lanka_883641,1.297968
0,int8,2,33,33,USA_605492,1.290178
0,int8,2,34,34,India_287642,1.296068
0,int8,2,35,35,Sri-Lanka_847275,1.302708
0,int8,2,36,36,Spain_2523247,1.288117
0,int8,2,37,37,Paraguay_212687,1.3539
0,int8,2,38,38,Sri-Lanka_249079,1.293638
0,int8,2,39,39,Nigeria_143329,1.307588
0,int8,2,40,40,India_747970,1.330629
0,int8,2,41,41,Ghana_128663,1.304568
0,int8,2,42,42,Ghana_103272,1.284028
0,int8,2,43,43,USA_217598,1.361081
0,int8,2,44,44,Pakistan_211386,1.294417
0,int8,2,45,45,India_324254,1.330819
0,int8,2,46,46,Pakistan_65724,1.35512
0,int8,2,47,47,Somalia_295782,1.309738
0,int8,2,48,48,USA_354981,1.33716
0,int8,2,49,49,USA_58086,1.287738
0,int8,2,50,50,Ghana_154838,1.355261
0,int8,2,51,51,USA_170264,1.399733
0,int8,2,52,52,Paraguay_1029042,1.282548
0,int8,2,53,53,Spain_8154154,1.287258
0,int8,2,54,54,Pakistan_246718,1.347911
0,int8,2,55,55,USA_1068362,1.35275
0,int8,2,56,56,Ghana_45911,1.34372
0,int8,2,57,57,Mekong_846007,1.287168
0,int8,2,58,58,Paraguay_482517,1.34609
0,int8,2,59,59,India_179238,1.350771
0,int8,2,60,60,India_534470,1.351021
0,int8,2,61,61,Somalia_93023,1.34637
0,int8,2,62,62,Ghana_8090,1.295928
0,int8,2,63,63,Sri-Lanka_52223,1.285397
0,fp16,0,0,0,Spain_7786924,0.850298
0,fp16,0,1,1,Paraguay_36015,0.838227
0,fp16,0,2,2,Paraguay_191503,0.822767
0,fp16,0,3,3,USA_224165,0.792725
0,fp16,0,4,4,Sri-Lanka_748447,0.819906
0,fp16,0,5,5,Mekong_342411,0.803546
0,fp16,0,6,6,India_56450,0.815807
0,fp16,0,7,7,Ghana_147015,0.806226
0,fp16,0,8,8,Mekong_52610,0.807016
0,fp16,0,9,9,Somalia_205466,0.797576
0,fp16,0,10,10,USA_438959,0.795326
0,fp16,0,11,11,Paraguay_1056717,0.790216
0,fp16,0,12,12,Paraguay_721886,0.813357
0,fp16,0,13,13,Sri-Lanka_551926,0.828387
0,fp16,0,14,14,Ghana_135389,0.825077
0,fp16,0,15,15,Mekong_1395593,0.804276
0,fp16,0,16,16,Nigeria_600295,0.842707
0,fp16,0,17,17,India_979278,0.816057
0,fp16,0,18,18,USA_806273,0.820246
0,fp16,0,19,19,Ghana_144050,0.791006
0,fp16,0,20,20,Paraguay_246154,0.807756
0,fp16,0,21,21,Somalia_970508,0.815496
0,fp16,0,22,22,USA_655230,0.822677
0,fp16,0,23,23,Sri-Lanka_956740,0.802415
0,fp16,0,24,24,Spain_2594119,0.786285
0,fp16,0,25,25,India_773682,0.828777
0,fp16,0,26,26,Paraguay_822142,0.781505
0,fp16,0,27,27,India_91379,0.803646
0,fp16,0,28,28,Paraguay_48673,0.803596
0,fp16,0,29,29,USA_181503,0.797866
0,fp16,0,30,30,India_652725,0.816327
0,fp16,0,31,31,Paraguay_792268,0.790726
0,fp16,0,32,32,Sri-Lanka_883641,0.794026
0,fp16,0,33,33,USA_605492,0.795365
0,fp16,0,34,34,India_287642,0.797475
0,fp16,0,35,35,Sri-Lanka_847275,0.799746
0,fp16,0,36,36,Spain_2523247,0.802516
0,fp16,0,37,37,Paraguay_212687,0.821346
0,fp16,0,38,38,Sri-Lanka_249079,0.795576
0,fp16,0,39,39,Nigeria_143329,0.802776
0,fp16,0,40,40,India_747970,0.811326
0,fp16,0,41,41,Ghana_128663,0.785505
0,fp16,0,42,42,Ghana_103272,0.798986
0,fp16,0,43,43,USA_217598,0.816306
0,fp16,0,44,44,Pakistan_211386,0.834137
0,fp16,0,45,45,India_324254,0.800856
0,fp16,0,46,46,Pakistan_65724,0.813826
0,fp16,0,47,47,Somalia_295782,0.831687
0,fp16,0,48,48,USA_354981,0.816446
0,fp16,0,49,49,USA_58086,0.837097
0,fp16,0,50,50,Ghana_154838,0.803096
0,fp16,0,51,51,USA_170264,0.801056
0,fp16,0,52,52,Paraguay_1029042,0.827597
0,fp16,0,53,53,Spain_8154154,0.801696
0,fp16,0,54,54,Pakistan_246718,0.807686
0,fp16,0,55,55,USA_1068362,0.805436
0,fp16,0,56,56,Ghana_45911,0.815086
0,fp16,0,57,57,Mekong_846007,0.812616
0,fp16,0,58,58,Paraguay_482517,0.798736
0,fp16,0,59,59,India_179238,0.801385
0,fp16,0,60,60,India_534470,0.799476
0,fp16,0,61,61,Somalia_93023,0.798656
0,fp16,0,62,62,Ghana_8090,0.850118
0,fp16,0,63,63,Sri-Lanka_52223,0.810616
0,fp16,1,0,63,Sri-Lanka_52223,0.818236
0,fp16,1,1,62,Ghana_8090,0.804445
0,fp16,1,2,61,Somalia_93023,1.490717
0,fp16,1,3,60,India_534470,1.193964
0,fp16,1,4,59,India_179238,0.822527
0,fp16,1,5,58,Paraguay_482517,0.830547
0,fp16,1,6,57,Mekong_846007,0.815516
0,fp16,1,7,56,Ghana_45911,0.808376
0,fp16,1,8,55,USA_1068362,0.824036
0,fp16,1,9,54,Pakistan_246718,0.817447
0,fp16,1,10,53,Spain_8154154,0.833957
0,fp16,1,11,52,Paraguay_1029042,0.818617
0,fp16,1,12,51,USA_170264,0.821647
0,fp16,1,13,50,Ghana_154838,0.834777
0,fp16,1,14,49,USA_58086,0.823656
0,fp16,1,15,48,USA_354981,0.819947
0,fp16,1,16,47,Somalia_295782,0.812246
0,fp16,1,17,46,Pakistan_65724,0.801816
0,fp16,1,18,45,India_324254,0.826397
0,fp16,1,19,44,Pakistan_211386,0.827467
0,fp16,1,20,43,USA_217598,0.824067
0,fp16,1,21,42,Ghana_103272,0.827287
0,fp16,1,22,41,Ghana_128663,0.822387
0,fp16,1,23,40,India_747970,0.810916
0,fp16,1,24,39,Nigeria_143329,0.812196
0,fp16,1,25,38,Sri-Lanka_249079,0.809486
0,fp16,1,26,37,Paraguay_212687,0.814736
0,fp16,1,27,36,Spain_2523247,0.805066
0,fp16,1,28,35,Sri-Lanka_847275,0.807306
0,fp16,1,29,34,India_287642,0.794126
0,fp16,1,30,33,USA_605492,0.794706
0,fp16,1,31,32,Sri-Lanka_883641,0.796915
0,fp16,1,32,31,Paraguay_792268,0.793075
0,fp16,1,33,30,India_652725,0.799446
0,fp16,1,34,29,USA_181503,0.815037
0,fp16,1,35,28,Paraguay_48673,0.800006
0,fp16,1,36,27,India_91379,0.803055
0,fp16,1,37,26,Paraguay_822142,0.799256
0,fp16,1,38,25,India_773682,0.787425
0,fp16,1,39,24,Spain_2594119,0.811307
0,fp16,1,40,23,Sri-Lanka_956740,0.807506
0,fp16,1,41,22,USA_655230,0.817027
0,fp16,1,42,21,Somalia_970508,0.802766
0,fp16,1,43,20,Paraguay_246154,0.801805
0,fp16,1,44,19,Ghana_144050,0.801606
0,fp16,1,45,18,USA_806273,0.799636
0,fp16,1,46,17,India_979278,0.796546
0,fp16,1,47,16,Nigeria_600295,0.813067
0,fp16,1,48,15,Mekong_1395593,0.810106
0,fp16,1,49,14,Ghana_135389,0.807656
0,fp16,1,50,13,Sri-Lanka_551926,0.829567
0,fp16,1,51,12,Paraguay_721886,0.807276
0,fp16,1,52,11,Paraguay_1056717,0.805836
0,fp16,1,53,10,USA_438959,0.797685
0,fp16,1,54,9,Somalia_205466,0.788085
0,fp16,1,55,8,Mekong_52610,0.803876
0,fp16,1,56,7,Ghana_147015,0.801285
0,fp16,1,57,6,India_56450,0.785385
0,fp16,1,58,5,Mekong_342411,0.789886
0,fp16,1,59,4,Sri-Lanka_748447,0.785195
0,fp16,1,60,3,USA_224165,0.800206
0,fp16,1,61,2,Paraguay_191503,0.800756
0,fp16,1,62,1,Paraguay_36015,0.814616
0,fp16,1,63,0,Spain_7786924,0.803166
0,fp16,2,0,0,Spain_7786924,0.793875
0,fp16,2,1,1,Paraguay_36015,0.800936
0,fp16,2,2,2,Paraguay_191503,0.816876
0,fp16,2,3,3,USA_224165,0.819026
0,fp16,2,4,4,Sri-Lanka_748447,0.814047
0,fp16,2,5,5,Mekong_342411,0.805636
0,fp16,2,6,6,India_56450,0.808016
0,fp16,2,7,7,Ghana_147015,0.809136
0,fp16,2,8,8,Mekong_52610,0.791135
0,fp16,2,9,9,Somalia_205466,0.794096
0,fp16,2,10,10,USA_438959,0.800966
0,fp16,2,11,11,Paraguay_1056717,0.803615
0,fp16,2,12,12,Paraguay_721886,0.798395
0,fp16,2,13,13,Sri-Lanka_551926,0.788915
0,fp16,2,14,14,Ghana_135389,0.800005
0,fp16,2,15,15,Mekong_1395593,0.793425
0,fp16,2,16,16,Nigeria_600295,0.789905
0,fp16,2,17,17,India_979278,0.801916
0,fp16,2,18,18,USA_806273,0.801556
0,fp16,2,19,19,Ghana_144050,0.809946
0,fp16,2,20,20,Paraguay_246154,0.810986
0,fp16,2,21,21,Somalia_970508,0.795965
0,fp16,2,22,22,USA_655230,0.806996
0,fp16,2,23,23,Sri-Lanka_956740,0.818586
0,fp16,2,24,24,Spain_2594119,0.797085
0,fp16,2,25,25,India_773682,0.804216
0,fp16,2,26,26,Paraguay_822142,0.808887
0,fp16,2,27,27,India_91379,0.802246
0,fp16,2,28,28,Paraguay_48673,0.798356
0,fp16,2,29,29,USA_181503,0.809837
0,fp16,2,30,30,India_652725,0.804336
0,fp16,2,31,31,Paraguay_792268,0.798865
0,fp16,2,32,32,Sri-Lanka_883641,0.807186
0,fp16,2,33,33,USA_605492,0.802016
0,fp16,2,34,34,India_287642,0.800426
0,fp16,2,35,35,Sri-Lanka_847275,0.791055
0,fp16,2,36,36,Spain_2523247,0.796515
0,fp16,2,37,37,Paraguay_212687,0.806206
0,fp16,2,38,38,Sri-Lanka_249079,0.796635
0,fp16,2,39,39,Nigeria_143329,0.804625
0,fp16,2,40,40,India_747970,0.809206
0,fp16,2,41,41,Ghana_128663,0.814146
0,fp16,2,42,42,Ghana_103272,0.807586
0,fp16,2,43,43,USA_217598,0.794836
0,fp16,2,44,44,Pakistan_211386,0.802466
0,fp16,2,45,45,India_324254,0.801026
0,fp16,2,46,46,Pakistan_65724,0.803286
0,fp16,2,47,47,Somalia_295782,0.810696
0,fp16,2,48,48,USA_354981,0.805406
0,fp16,2,49,49,USA_58086,0.796095
0,fp16,2,50,50,Ghana_154838,0.803306
0,fp16,2,51,51,USA_170264,0.794316
0,fp16,2,52,52,Paraguay_1029042,0.790836
0,fp16,2,53,53,Spain_8154154,0.795796
0,fp16,2,54,54,Pakistan_246718,0.803516
0,fp16,2,55,55,USA_1068362,0.798045
0,fp16,2,56,56,Ghana_45911,0.807966
0,fp16,2,57,57,Mekong_846007,0.796885
0,fp16,2,58,58,Paraguay_482517,0.791925
0,fp16,2,59,59,India_179238,0.795015
0,fp16,2,60,60,India_534470,0.797825
0,fp16,2,61,61,Somalia_93023,0.805356
0,fp16,2,62,62,Ghana_8090,0.806796
0,fp16,2,63,63,Sri-Lanka_52223,0.806826
1,fp16,0,0,0,Spain_7786924,0.553565
1,fp16,0,1,1,Paraguay_36015,0.561915
1,fp16,0,2,2,Paraguay_191503,0.566686
1,fp16,0,3,3,USA_224165,0.560735
1,fp16,0,4,4,Sri-Lanka_748447,0.544224
1,fp16,0,5,5,Mekong_342411,0.544904
1,fp16,0,6,6,India_56450,0.552564
1,fp16,0,7,7,Ghana_147015,0.550945
1,fp16,0,8,8,Mekong_52610,0.558025
1,fp16,0,9,9,Somalia_205466,0.554345
1,fp16,0,10,10,USA_438959,0.557025
1,fp16,0,11,11,Paraguay_1056717,0.534994
1,fp16,0,12,12,Paraguay_721886,0.553605
1,fp16,0,13,13,Sri-Lanka_551926,0.536334
1,fp16,0,14,14,Ghana_135389,0.579566
1,fp16,0,15,15,Mekong_1395593,0.544144
1,fp16,0,16,16,Nigeria_600295,0.548384
1,fp16,0,17,17,India_979278,0.545774
1,fp16,0,18,18,USA_806273,0.555235
1,fp16,0,19,19,Ghana_144050,0.578646
1,fp16,0,20,20,Paraguay_246154,0.630728
1,fp16,0,21,21,Somalia_970508,0.545294
1,fp16,0,22,22,USA_655230,0.538774
1,fp16,0,23,23,Sri-Lanka_956740,0.549825
1,fp16,0,24,24,Spain_2594119,0.545014
1,fp16,0,25,25,India_773682,0.555714
1,fp16,0,26,26,Paraguay_822142,0.552494
1,fp16,0,27,27,India_91379,0.543184
1,fp16,0,28,28,Paraguay_48673,0.553165
1,fp16,0,29,29,USA_181503,0.556925
1,fp16,0,30,30,India_652725,0.551004
1,fp16,0,31,31,Paraguay_792268,0.573925
1,fp16,0,32,32,Sri-Lanka_883641,0.549014
1,fp16,0,33,33,USA_605492,0.541824
1,fp16,0,34,34,India_287642,0.541034
1,fp16,0,35,35,Sri-Lanka_847275,0.535474
1,fp16,0,36,36,Spain_2523247,0.554995
1,fp16,0,37,37,Paraguay_212687,0.538934
1,fp16,0,38,38,Sri-Lanka_249079,0.537624
1,fp16,0,39,39,Nigeria_143329,0.567945
1,fp16,0,40,40,India_747970,0.549285
1,fp16,0,41,41,Ghana_128663,0.548774
1,fp16,0,42,42,Ghana_103272,0.561875
1,fp16,0,43,43,USA_217598,0.552625
1,fp16,0,44,44,Pakistan_211386,0.548094
1,fp16,0,45,45,India_324254,0.537614
1,fp16,0,46,46,Pakistan_65724,0.558905
1,fp16,0,47,47,Somalia_295782,0.546925
1,fp16,0,48,48,USA_354981,0.570296
1,fp16,0,49,49,USA_58086,0.554835
1,fp16,0,50,50,Ghana_154838,0.553274
1,fp16,0,51,51,USA_170264,0.551915
1,fp16,0,52,52,Paraguay_1029042,0.538394
1,fp16,0,53,53,Spain_8154154,0.549984
1,fp16,0,54,54,Pakistan_246718,0.539484
1,fp16,0,55,55,USA_1068362,0.541284
1,fp16,0,56,56,Ghana_45911,0.557005
1,fp16,0,57,57,Mekong_846007,0.536714
1,fp16,0,58,58,Paraguay_482517,0.542925
1,fp16,0,59,59,India_179238,0.552135
1,fp16,0,60,60,India_534470,0.554625
1,fp16,0,61,61,Somalia_93023,0.549264
1,fp16,0,62,62,Ghana_8090,0.549824
1,fp16,0,63,63,Sri-Lanka_52223,0.539164
1,fp16,1,0,63,Sri-Lanka_52223,0.544015
1,fp16,1,1,62,Ghana_8090,0.539394
1,fp16,1,2,61,Somalia_93023,0.547885
1,fp16,1,3,60,India_534470,0.538984
1,fp16,1,4,59,India_179238,0.542824
1,fp16,1,5,58,Paraguay_482517,0.551164
1,fp16,1,6,57,Mekong_846007,0.545804
1,fp16,1,7,56,Ghana_45911,0.567945
1,fp16,1,8,55,USA_1068362,0.558655
1,fp16,1,9,54,Pakistan_246718,0.562025
1,fp16,1,10,53,Spain_8154154,0.538034
1,fp16,1,11,52,Paraguay_1029042,0.541325
1,fp16,1,12,51,USA_170264,0.552225
1,fp16,1,13,50,Ghana_154838,0.641479
1,fp16,1,14,49,USA_58086,0.548194
1,fp16,1,15,48,USA_354981,0.548284
1,fp16,1,16,47,Somalia_295782,0.543074
1,fp16,1,17,46,Pakistan_65724,0.556425
1,fp16,1,18,45,India_324254,0.553214
1,fp16,1,19,44,Pakistan_211386,0.565535
1,fp16,1,20,43,USA_217598,0.561495
1,fp16,1,21,42,Ghana_103272,0.532654
1,fp16,1,22,41,Ghana_128663,0.553764
1,fp16,1,23,40,India_747970,0.538694
1,fp16,1,24,39,Nigeria_143329,0.552715
1,fp16,1,25,38,Sri-Lanka_249079,0.551894
1,fp16,1,26,37,Paraguay_212687,0.537294
1,fp16,1,27,36,Spain_2523247,0.543144
1,fp16,1,28,35,Sri-Lanka_847275,0.552404
1,fp16,1,29,34,India_287642,0.565165
1,fp16,1,30,33,USA_605492,0.560405
1,fp16,1,31,32,Sri-Lanka_883641,0.543434
1,fp16,1,32,31,Paraguay_792268,0.555375
1,fp16,1,33,30,India_652725,0.543634
1,fp16,1,34,29,USA_181503,0.536663
1,fp16,1,35,28,Paraguay_48673,0.561195
1,fp16,1,36,27,India_91379,0.553924
1,fp16,1,37,26,Paraguay_822142,0.538344
1,fp16,1,38,25,India_773682,0.550955
1,fp16,1,39,24,Spain_2594119,0.559405
1,fp16,1,40,23,Sri-Lanka_956740,0.556345
1,fp16,1,41,22,USA_655230,0.553435
1,fp16,1,42,21,Somalia_970508,0.564945
1,fp16,1,43,20,Paraguay_246154,0.544064
1,fp16,1,44,19,Ghana_144050,0.543404
1,fp16,1,45,18,USA_806273,0.541444
1,fp16,1,46,17,India_979278,0.548775
1,fp16,1,47,16,Nigeria_600295,0.554154
1,fp16,1,48,15,Mekong_1395593,0.537804
1,fp16,1,49,14,Ghana_135389,0.567535
1,fp16,1,50,13,Sri-Lanka_551926,0.560605
1,fp16,1,51,12,Paraguay_721886,0.552245
1,fp16,1,52,11,Paraguay_1056717,0.555195
1,fp16,1,53,10,USA_438959,0.540064
1,fp16,1,54,9,Somalia_205466,0.548345
1,fp16,1,55,8,Mekong_52610,0.537874
1,fp16,1,56,7,Ghana_147015,0.540734
1,fp16,1,57,6,India_56450,0.539304
1,fp16,1,58,5,Mekong_342411,0.556385
1,fp16,1,59,4,Sri-Lanka_748447,0.553664
1,fp16,1,60,3,USA_224165,0.561195
1,fp16,1,61,2,Paraguay_191503,0.553124
1,fp16,1,62,1,Paraguay_36015,0.549154
1,fp16,1,63,0,Spain_7786924,0.545714
1,fp16,2,0,0,Spain_7786924,0.559335
1,fp16,2,1,1,Paraguay_36015,0.544625
1,fp16,2,2,2,Paraguay_191503,0.535704
1,fp16,2,3,3,USA_224165,0.537914
1,fp16,2,4,4,Sri-Lanka_748447,0.532273
1,fp16,2,5,5,Mekong_342411,0.555045
1,fp16,2,6,6,India_56450,0.556195
1,fp16,2,7,7,Ghana_147015,0.552705
1,fp16,2,8,8,Mekong_52610,0.554124
1,fp16,2,9,9,Somalia_205466,0.538904
1,fp16,2,10,10,USA_438959,0.534724
1,fp16,2,11,11,Paraguay_1056717,0.560265
1,fp16,2,12,12,Paraguay_721886,0.547254
1,fp16,2,13,13,Sri-Lanka_551926,0.536584
1,fp16,2,14,14,Ghana_135389,0.548055
1,fp16,2,15,15,Mekong_1395593,0.551235
1,fp16,2,16,16,Nigeria_600295,0.551744
1,fp16,2,17,17,India_979278,0.566285
1,fp16,2,18,18,USA_806273,0.566835
1,fp16,2,19,19,Ghana_144050,0.547894
1,fp16,2,20,20,Paraguay_246154,0.535034
1,fp16,2,21,21,Somalia_970508,0.542464
1,fp16,2,22,22,USA_655230,0.553844
1,fp16,2,23,23,Sri-Lanka_956740,0.547205
1,fp16,2,24,24,Spain_2594119,0.538044
1,fp16,2,25,25,India_773682,0.552155
1,fp16,2,26,26,Paraguay_822142,0.539074
1,fp16,2,27,27,India_91379,0.551945
1,fp16,2,28,28,Paraguay_48673,0.560985
1,fp16,2,29,29,USA_181503,0.547254
1,fp16,2,30,30,India_652725,0.540014
1,fp16,2,31,31,Paraguay_792268,0.545205
1,fp16,2,32,32,Sri-Lanka_883641,0.541794
1,fp16,2,33,33,USA_605492,0.549175
1,fp16,2,34,34,India_287642,0.541425
1,fp16,2,35,35,Sri-Lanka_847275,0.559545
1,fp16,2,36,36,Spain_2523247,0.544874
1,fp16,2,37,37,Paraguay_212687,0.595597
1,fp16,2,38,38,Sri-Lanka_249079,0.552595
1,fp16,2,39,39,Nigeria_143329,0.556464
1,fp16,2,40,40,India_747970,0.558515
1,fp16,2,41,41,Ghana_128663,0.553844
1,fp16,2,42,42,Ghana_103272,0.562415
1,fp16,2,43,43,USA_217598,0.549454
1,fp16,2,44,44,Pakistan_211386,0.549204
1,fp16,2,45,45,India_324254,0.576926
1,fp16,2,46,46,Pakistan_65724,0.549344
1,fp16,2,47,47,Somalia_295782,0.547895
1,fp16,2,48,48,USA_354981,0.576116
1,fp16,2,49,49,USA_58086,0.557014
1,fp16,2,50,50,Ghana_154838,0.552795
1,fp16,2,51,51,USA_170264,0.537024
1,fp16,2,52,52,Paraguay_1029042,0.547664
1,fp16,2,53,53,Spain_8154154,0.554415
1,fp16,2,54,54,Pakistan_246718,0.547465
1,fp16,2,55,55,USA_1068362,0.548705
1,fp16,2,56,56,Ghana_45911,0.536994
1,fp16,2,57,57,Mekong_846007,0.565215
1,fp16,2,58,58,Paraguay_482517,0.545084
1,fp16,2,59,59,India_179238,0.564585
1,fp16,2,60,60,India_534470,0.555644
1,fp16,2,61,61,Somalia_93023,0.531554
1,fp16,2,62,62,Ghana_8090,0.551235
1,fp16,2,63,63,Sri-Lanka_52223,0.551694
1,int8,0,0,0,Spain_7786924,0.789305
1,int8,0,1,1,Paraguay_36015,0.796845
1,int8,0,2,2,Paraguay_191503,0.794295
1,int8,0,3,3,USA_224165,0.790985
1,int8,0,4,4,Sri-Lanka_748447,0.790575
1,int8,0,5,5,Mekong_342411,0.800755
1,int8,0,6,6,India_56450,0.800776
1,int8,0,7,7,Ghana_147015,0.777194
1,int8,0,8,8,Mekong_52610,0.789675
1,int8,0,9,9,Somalia_205466,0.793926
1,int8,0,10,10,USA_438959,0.797466
1,int8,0,11,11,Paraguay_1056717,0.799465
1,int8,0,12,12,Paraguay_721886,0.795575
1,int8,0,13,13,Sri-Lanka_551926,0.796246
1,int8,0,14,14,Ghana_135389,0.819007
1,int8,0,15,15,Mekong_1395593,0.790735
1,int8,0,16,16,Nigeria_600295,0.785685
1,int8,0,17,17,India_979278,0.793786
1,int8,0,18,18,USA_806273,0.810466
1,int8,0,19,19,Ghana_144050,0.793636
1,int8,0,20,20,Paraguay_246154,0.787065
1,int8,0,21,21,Somalia_970508,0.798816
1,int8,0,22,22,USA_655230,0.802885
1,int8,0,23,23,Sri-Lanka_956740,0.805326
1,int8,0,24,24,Spain_2594119,0.796325
1,int8,0,25,25,India_773682,0.792846
1,int8,0,26,26,Paraguay_822142,0.793406
1,int8,0,27,27,India_91379,0.816976
1,int8,0,28,28,Paraguay_48673,0.801685
1,int8,0,29,29,USA_181503,0.800056
1,int8,0,30,30,India_652725,0.789745
1,int8,0,31,31,Paraguay_792268,0.801006
1,int8,0,32,32,Sri-Lanka_883641,0.804056
1,int8,0,33,33,USA_605492,0.788536
1,int8,0,34,34,India_287642,0.788946
1,int8,0,35,35,Sri-Lanka_847275,0.819777
1,int8,0,36,36,Spain_2523247,0.794445
1,int8,0,37,37,Paraguay_212687,0.823786
1,int8,0,38,38,Sri-Lanka_249079,0.793855
1,int8,0,39,39,Nigeria_143329,0.801696
1,int8,0,40,40,India_747970,0.790075
1,int8,0,41,41,Ghana_128663,0.785355
1,int8,0,42,42,Ghana_103272,0.822567
1,int8,0,43,43,USA_217598,0.798005
1,int8,0,44,44,Pakistan_211386,0.858848
1,int8,0,45,45,India_324254,0.852338
1,int8,0,46,46,Pakistan_65724,0.852438
1,int8,0,47,47,Somalia_295782,0.804546
1,int8,0,48,48,USA_354981,0.791666
1,int8,0,49,49,USA_58086,0.800046
1,int8,0,50,50,Ghana_154838,0.796176
1,int8,0,51,51,USA_170264,0.90291
1,int8,0,52,52,Paraguay_1029042,0.803515
1,int8,0,53,53,Spain_8154154,0.794785
1,int8,0,54,54,Pakistan_246718,0.790185
1,int8,0,55,55,USA_1068362,0.842427
1,int8,0,56,56,Ghana_45911,0.825067
1,int8,0,57,57,Mekong_846007,0.808836
1,int8,0,58,58,Paraguay_482517,0.839578
1,int8,0,59,59,India_179238,0.789815
1,int8,0,60,60,India_534470,0.810447
1,int8,0,61,61,Somalia_93023,0.812666
1,int8,0,62,62,Ghana_8090,0.794246
1,int8,0,63,63,Sri-Lanka_52223,0.790485
1,int8,1,0,63,Sri-Lanka_52223,0.804935
1,int8,1,1,62,Ghana_8090,0.798546
1,int8,1,2,61,Somalia_93023,0.797576
1,int8,1,3,60,India_534470,0.795855
1,int8,1,4,59,India_179238,0.792545
1,int8,1,5,58,Paraguay_482517,0.795275
1,int8,1,6,57,Mekong_846007,0.822837
1,int8,1,7,56,Ghana_45911,0.875739
1,int8,1,8,55,USA_1068362,0.797326
1,int8,1,9,54,Pakistan_246718,0.793825
1,int8,1,10,53,Spain_8154154,0.797605
1,int8,1,11,52,Paraguay_1029042,0.803266
1,int8,1,12,51,USA_170264,0.818546
1,int8,1,13,50,Ghana_154838,0.793295
1,int8,1,14,49,USA_58086,0.787705
1,int8,1,15,48,USA_354981,0.802096
1,int8,1,16,47,Somalia_295782,0.772234
1,int8,1,17,46,Pakistan_65724,0.812266
1,int8,1,18,45,India_324254,0.842258
1,int8,1,19,44,Pakistan_211386,0.789295
1,int8,1,20,43,USA_217598,0.810186
1,int8,1,21,42,Ghana_103272,0.811816
1,int8,1,22,41,Ghana_128663,0.813346
1,int8,1,23,40,India_747970,0.791485
1,int8,1,24,39,Nigeria_143329,0.792175
1,int8,1,25,38,Sri-Lanka_249079,0.823257
1,int8,1,26,37,Paraguay_212687,0.795045
1,int8,1,27,36,Spain_2523247,0.845467
1,int8,1,28,35,Sri-Lanka_847275,0.788795
1,int8,1,29,34,India_287642,0.848678
1,int8,1,30,33,USA_605492,0.789926
1,int8,1,31,32,Sri-Lanka_883641,0.790416
1,int8,1,32,31,Paraguay_792268,0.799876
1,int8,1,33,30,India_652725,0.817946
1,int8,1,34,29,USA_181503,0.806176
1,int8,1,35,28,Paraguay_48673,0.817226
1,int8,1,36,27,India_91379,0.800185
1,int8,1,37,26,Paraguay_822142,0.875149
1,int8,1,38,25,India_773682,0.802206
1,int8,1,39,24,Spain_2594119,0.792675
1,int8,1,40,23,Sri-Lanka_956740,0.789885
1,int8,1,41,22,USA_655230,0.792625
1,int8,1,42,21,Somalia_970508,0.822416
1,int8,1,43,20,Paraguay_246154,0.790335
1,int8,1,44,19,Ghana_144050,0.846848
1,int8,1,45,18,USA_806273,0.830627
1,int8,1,46,17,India_979278,0.916481
1,int8,1,47,16,Nigeria_600295,0.790786
1,int8,1,48,15,Mekong_1395593,0.790266
1,int8,1,49,14,Ghana_135389,0.812837
1,int8,1,50,13,Sri-Lanka_551926,0.816967
1,int8,1,51,12,Paraguay_721886,0.794645
1,int8,1,52,11,Paraguay_1056717,0.788115
1,int8,1,53,10,USA_438959,0.848288
1,int8,1,54,9,Somalia_205466,0.872449
1,int8,1,55,8,Mekong_52610,0.797226
1,int8,1,56,7,Ghana_147015,0.791305
1,int8,1,57,6,India_56450,0.791165
1,int8,1,58,5,Mekong_342411,0.787855
1,int8,1,59,4,Sri-Lanka_748447,0.843397
1,int8,1,60,3,USA_224165,0.797995
1,int8,1,61,2,Paraguay_191503,0.874009
1,int8,1,62,1,Paraguay_36015,0.796955
1,int8,1,63,0,Spain_7786924,0.802886
1,int8,2,0,0,Spain_7786924,0.852689
1,int8,2,1,1,Paraguay_36015,0.788276
1,int8,2,2,2,Paraguay_191503,0.804186
1,int8,2,3,3,USA_224165,0.817776
1,int8,2,4,4,Sri-Lanka_748447,0.811396
1,int8,2,5,5,Mekong_342411,0.794365
1,int8,2,6,6,India_56450,0.797955
1,int8,2,7,7,Ghana_147015,0.808736
1,int8,2,8,8,Mekong_52610,0.793205
1,int8,2,9,9,Somalia_205466,0.800336
1,int8,2,10,10,USA_438959,0.791876
1,int8,2,11,11,Paraguay_1056717,0.820387
1,int8,2,12,12,Paraguay_721886,0.790815
1,int8,2,13,13,Sri-Lanka_551926,0.789575
1,int8,2,14,14,Ghana_135389,0.792775
1,int8,2,15,15,Mekong_1395593,0.803356
1,int8,2,16,16,Nigeria_600295,0.791426
1,int8,2,17,17,India_979278,0.794366
1,int8,2,18,18,USA_806273,0.793996
1,int8,2,19,19,Ghana_144050,0.794966
1,int8,2,20,20,Paraguay_246154,0.805056
1,int8,2,21,21,Somalia_970508,0.784705
1,int8,2,22,22,USA_655230,0.797765
1,int8,2,23,23,Sri-Lanka_956740,0.796996
1,int8,2,24,24,Spain_2594119,0.794605
1,int8,2,25,25,India_773682,0.796865
1,int8,2,26,26,Paraguay_822142,0.814066
1,int8,2,27,27,India_91379,0.789065
1,int8,2,28,28,Paraguay_48673,0.868248
1,int8,2,29,29,USA_181503,0.791635
1,int8,2,30,30,India_652725,0.791085
1,int8,2,31,31,Paraguay_792268,0.789935
1,int8,2,32,32,Sri-Lanka_883641,0.797406
1,int8,2,33,33,USA_605492,0.790025
1,int8,2,34,34,India_287642,0.817066
1,int8,2,35,35,Sri-Lanka_847275,0.790075
1,int8,2,36,36,Spain_2523247,0.803046
1,int8,2,37,37,Paraguay_212687,0.818207
1,int8,2,38,38,Sri-Lanka_249079,0.820006
1,int8,2,39,39,Nigeria_143329,0.792215
1,int8,2,40,40,India_747970,0.792126
1,int8,2,41,41,Ghana_128663,0.800016
1,int8,2,42,42,Ghana_103272,0.800355
1,int8,2,43,43,USA_217598,0.812866
1,int8,2,44,44,Pakistan_211386,0.806796
1,int8,2,45,45,India_324254,0.798286
1,int8,2,46,46,Pakistan_65724,0.852419
1,int8,2,47,47,Somalia_295782,0.801876
1,int8,2,48,48,USA_354981,0.858748
1,int8,2,49,49,USA_58086,1.133801
1,int8,2,50,50,Ghana_154838,0.868509
1,int8,2,51,51,USA_170264,0.940762
1,int8,2,52,52,Paraguay_1029042,0.834867
1,int8,2,53,53,Spain_8154154,0.837347
1,int8,2,54,54,Pakistan_246718,0.824867
1,int8,2,55,55,USA_1068362,0.89994
1,int8,2,56,56,Ghana_45911,0.811346
1,int8,2,57,57,Mekong_846007,0.815836
1,int8,2,58,58,Paraguay_482517,0.812606
1,int8,2,59,59,India_179238,0.88762
1,int8,2,60,60,India_534470,0.849148
1,int8,2,61,61,Somalia_93023,0.810856
1,int8,2,62,62,Ghana_8090,0.811546
1,int8,2,63,63,Sri-Lanka_52223,0.804125
2,int8,0,0,0,Spain_7786924,0.831797
2,int8,0,1,1,Paraguay_36015,0.836268
2,int8,0,2,2,Paraguay_191503,0.812836
2,int8,0,3,3,USA_224165,0.810036
2,int8,0,4,4,Sri-Lanka_748447,0.858828
2,int8,0,5,5,Mekong_342411,0.808986
2,int8,0,6,6,India_56450,0.803956
2,int8,0,7,7,Ghana_147015,0.805425
2,int8,0,8,8,Mekong_52610,0.801586
2,int8,0,9,9,Somalia_205466,0.814526
2,int8,0,10,10,USA_438959,0.860938
2,int8,0,11,11,Paraguay_1056717,0.856678
2,int8,0,12,12,Paraguay_721886,0.806476
2,int8,0,13,13,Sri-Lanka_551926,0.819926
2,int8,0,14,14,Ghana_135389,0.855898
2,int8,0,15,15,Mekong_1395593,0.807736
2,int8,0,16,16,Nigeria_600295,0.803446
2,int8,0,17,17,India_979278,0.809316
2,int8,0,18,18,USA_806273,0.805016
2,int8,0,19,19,Ghana_144050,0.800655
2,int8,0,20,20,Paraguay_246154,0.806336
2,int8,0,21,21,Somalia_970508,0.800505
2,int8,0,22,22,USA_655230,0.813776
2,int8,0,23,23,Sri-Lanka_956740,0.861048
2,int8,0,24,24,Spain_2594119,0.801536
2,int8,0,25,25,India_773682,0.805055
2,int8,0,26,26,Paraguay_822142,0.818497
2,int8,0,27,27,India_91379,0.855778
2,int8,0,28,28,Paraguay_48673,0.805166
2,int8,0,29,29,USA_181503,0.855548
2,int8,0,30,30,India_652725,0.881249
2,int8,0,31,31,Paraguay_792268,0.801566
2,int8,0,32,32,Sri-Lanka_883641,0.802576
2,int8,0,33,33,USA_605492,0.854668
2,int8,0,34,34,India_287642,0.815487
2,int8,0,35,35,Sri-Lanka_847275,0.808936
2,int8,0,36,36,Spain_2523247,0.805876
2,int8,0,37,37,Paraguay_212687,0.811916
2,int8,0,38,38,Sri-Lanka_249079,0.833037
2,int8,0,39,39,Nigeria_143329,0.791315
2,int8,0,40,40,India_747970,0.802636
2,int8,0,41,41,Ghana_128663,0.809076
2,int8,0,42,42,Ghana_103272,0.806796
2,int8,0,43,43,USA_217598,0.808926
2,int8,0,44,44,Pakistan_211386,0.812227
2,int8,0,45,45,India_324254,0.816476
2,int8,0,46,46,Pakistan_65724,0.830277
2,int8,0,47,47,Somalia_295782,0.812346
2,int8,0,48,48,USA_354981,0.819007
2,int8,0,49,49,USA_58086,0.803556
2,int8,0,50,50,Ghana_154838,0.803516
2,int8,0,51,51,USA_170264,0.807956
2,int8,0,52,52,Paraguay_1029042,0.806486
2,int8,0,53,53,Spain_8154154,0.804096
2,int8,0,54,54,Pakistan_246718,0.801016
2,int8,0,55,55,USA_1068362,0.828507
2,int8,0,56,56,Ghana_45911,0.798035
2,int8,0,57,57,Mekong_846007,0.804186
2,int8,0,58,58,Paraguay_482517,0.811656
2,int8,0,59,59,India_179238,0.876649
2,int8,0,60,60,India_534470,0.808106
2,int8,0,61,61,Somalia_93023,0.806666
2,int8,0,62,62,Ghana_8090,0.805646
2,int8,0,63,63,Sri-Lanka_52223,0.841258
2,int8,1,0,63,Sri-Lanka_52223,0.809096
2,int8,1,1,62,Ghana_8090,0.805176
2,int8,1,2,61,Somalia_93023,0.807087
2,int8,1,3,60,India_534470,0.815747
2,int8,1,4,59,India_179238,0.814637
2,int8,1,5,58,Paraguay_482517,0.811186
2,int8,1,6,57,Mekong_846007,0.808426
2,int8,1,7,56,Ghana_45911,0.872209
2,int8,1,8,55,USA_1068362,0.804826
2,int8,1,9,54,Pakistan_246718,0.865369
2,int8,1,10,53,Spain_8154154,0.810376
2,int8,1,11,52,Paraguay_1029042,0.808176
2,int8,1,12,51,USA_170264,0.814456
2,int8,1,13,50,Ghana_154838,0.806976
2,int8,1,14,49,USA_58086,0.816326
2,int8,1,15,48,USA_354981,0.808035
2,int8,1,16,47,Somalia_295782,0.808436
2,int8,1,17,46,Pakistan_65724,0.810407
2,int8,1,18,45,India_324254,0.801556
2,int8,1,19,44,Pakistan_211386,0.858758
2,int8,1,20,43,USA_217598,0.813866
2,int8,1,21,42,Ghana_103272,0.805786
2,int8,1,22,41,Ghana_128663,0.815737
2,int8,1,23,40,India_747970,0.786946
2,int8,1,24,39,Nigeria_143329,5.096108
2,int8,1,25,38,Sri-Lanka_249079,0.945662
2,int8,1,26,37,Paraguay_212687,0.887359
2,int8,1,27,36,Spain_2523247,0.978184
2,int8,1,28,35,Sri-Lanka_847275,0.849948
2,int8,1,29,34,India_287642,0.839528
2,int8,1,30,33,USA_605492,0.832468
2,int8,1,31,32,Sri-Lanka_883641,0.956852
2,int8,1,32,31,Paraguay_792268,0.829137
2,int8,1,33,30,India_652725,0.823816
2,int8,1,34,29,USA_181503,0.825197
2,int8,1,35,28,Paraguay_48673,0.818547
2,int8,1,36,27,India_91379,0.833647
2,int8,1,37,26,Paraguay_822142,0.894239
2,int8,1,38,25,India_773682,0.815767
2,int8,1,39,24,Spain_2594119,0.820736
2,int8,1,40,23,Sri-Lanka_956740,0.818977
2,int8,1,41,22,USA_655230,0.819077
2,int8,1,42,21,Somalia_970508,0.820856
2,int8,1,43,20,Paraguay_246154,0.823077
2,int8,1,44,19,Ghana_144050,0.826256
2,int8,1,45,18,USA_806273,0.88751
2,int8,1,46,17,India_979278,0.814056
2,int8,1,47,16,Nigeria_600295,0.827107
2,int8,1,48,15,Mekong_1395593,0.829097
2,int8,1,49,14,Ghana_135389,0.89343
2,int8,1,50,13,Sri-Lanka_551926,0.806846
2,int8,1,51,12,Paraguay_721886,0.824917
2,int8,1,52,11,Paraguay_1056717,0.818416
2,int8,1,53,10,USA_438959,0.826437
2,int8,1,54,9,Somalia_205466,0.819337
2,int8,1,55,8,Mekong_52610,0.811046
2,int8,1,56,7,Ghana_147015,0.817186
2,int8,1,57,6,India_56450,0.816976
2,int8,1,58,5,Mekong_342411,0.808916
2,int8,1,59,4,Sri-Lanka_748447,0.808496
2,int8,1,60,3,USA_224165,0.820667
2,int8,1,61,2,Paraguay_191503,0.857808
2,int8,1,62,1,Paraguay_36015,0.806816
2,int8,1,63,0,Spain_7786924,0.807396
2,int8,2,0,0,Spain_7786924,0.847478
2,int8,2,1,1,Paraguay_36015,0.788115
2,int8,2,2,2,Paraguay_191503,0.805686
2,int8,2,3,3,USA_224165,0.800326
2,int8,2,4,4,Sri-Lanka_748447,0.831957
2,int8,2,5,5,Mekong_342411,0.807786
2,int8,2,6,6,India_56450,0.812156
2,int8,2,7,7,Ghana_147015,0.867479
2,int8,2,8,8,Mekong_52610,0.821866
2,int8,2,9,9,Somalia_205466,0.806756
2,int8,2,10,10,USA_438959,0.804225
2,int8,2,11,11,Paraguay_1056717,0.808176
2,int8,2,12,12,Paraguay_721886,0.805166
2,int8,2,13,13,Sri-Lanka_551926,0.811097
2,int8,2,14,14,Ghana_135389,0.806936
2,int8,2,15,15,Mekong_1395593,0.807186
2,int8,2,16,16,Nigeria_600295,0.807266
2,int8,2,17,17,India_979278,0.808526
2,int8,2,18,18,USA_806273,0.810516
2,int8,2,19,19,Ghana_144050,0.817746
2,int8,2,20,20,Paraguay_246154,0.821286
2,int8,2,21,21,Somalia_970508,0.789035
2,int8,2,22,22,USA_655230,0.88881
2,int8,2,23,23,Sri-Lanka_956740,0.815967
2,int8,2,24,24,Spain_2594119,0.814567
2,int8,2,25,25,India_773682,0.816367
2,int8,2,26,26,Paraguay_822142,0.811927
2,int8,2,27,27,India_91379,0.808266
2,int8,2,28,28,Paraguay_48673,0.803796
2,int8,2,29,29,USA_181503,0.814977
2,int8,2,30,30,India_652725,0.803226
2,int8,2,31,31,Paraguay_792268,0.808046
2,int8,2,32,32,Sri-Lanka_883641,0.803385
2,int8,2,33,33,USA_605492,0.822827
2,int8,2,34,34,India_287642,0.809096
2,int8,2,35,35,Sri-Lanka_847275,0.841177
2,int8,2,36,36,Spain_2523247,0.801875
2,int8,2,37,37,Paraguay_212687,0.838497
2,int8,2,38,38,Sri-Lanka_249079,0.807346
2,int8,2,39,39,Nigeria_143329,0.805326
2,int8,2,40,40,India_747970,0.799866
2,int8,2,41,41,Ghana_128663,0.876959
2,int8,2,42,42,Ghana_103272,0.860328
2,int8,2,43,43,USA_217598,0.804866
2,int8,2,44,44,Pakistan_211386,0.806536
2,int8,2,45,45,India_324254,0.791656
2,int8,2,46,46,Pakistan_65724,0.804506
2,int8,2,47,47,Somalia_295782,0.805586
2,int8,2,48,48,USA_354981,0.810476
2,int8,2,49,49,USA_58086,0.809856
2,int8,2,50,50,Ghana_154838,0.815187
2,int8,2,51,51,USA_170264,0.812977
2,int8,2,52,52,Paraguay_1029042,0.867379
2,int8,2,53,53,Spain_8154154,0.820577
2,int8,2,54,54,Pakistan_246718,0.815606
2,int8,2,55,55,USA_1068362,0.794525
2,int8,2,56,56,Ghana_45911,0.801816
2,int8,2,57,57,Mekong_846007,0.807176
2,int8,2,58,58,Paraguay_482517,0.808076
2,int8,2,59,59,India_179238,0.800576
2,int8,2,60,60,India_534470,0.861859
2,int8,2,61,61,Somalia_93023,0.803866
2,int8,2,62,62,Ghana_8090,0.811286
2,int8,2,63,63,Sri-Lanka_52223,0.801006
2,fp16,0,0,0,Spain_7786924,0.562345
2,fp16,0,1,1,Paraguay_36015,0.993384
2,fp16,0,2,2,Paraguay_191503,0.561925
2,fp16,0,3,3,USA_224165,0.546974
2,fp16,0,4,4,Sri-Lanka_748447,0.563185
2,fp16,0,5,5,Mekong_342411,0.569666
2,fp16,0,6,6,India_56450,0.551475
2,fp16,0,7,7,Ghana_147015,0.547095
2,fp16,0,8,8,Mekong_52610,0.554355
2,fp16,0,9,9,Somalia_205466,0.556335
2,fp16,0,10,10,USA_438959,0.560975
2,fp16,0,11,11,Paraguay_1056717,0.545244
2,fp16,0,12,12,Paraguay_721886,0.555544
2,fp16,0,13,13,Sri-Lanka_551926,0.556435
2,fp16,0,14,14,Ghana_135389,0.554814
2,fp16,0,15,15,Mekong_1395593,0.561535
2,fp16,0,16,16,Nigeria_600295,0.549734
2,fp16,0,17,17,India_979278,0.568185
2,fp16,0,18,18,USA_806273,0.560785
2,fp16,0,19,19,Ghana_144050,0.555125
2,fp16,0,20,20,Paraguay_246154,0.557204
2,fp16,0,21,21,Somalia_970508,0.545795
2,fp16,0,22,22,USA_655230,0.551565
2,fp16,0,23,23,Sri-Lanka_956740,0.544974
2,fp16,0,24,24,Spain_2594119,0.542014
2,fp16,0,25,25,India_773682,0.569656
2,fp16,0,26,26,Paraguay_822142,0.555264
2,fp16,0,27,27,India_91379,0.547004
2,fp16,0,28,28,Paraguay_48673,0.557795
2,fp16,0,29,29,USA_181503,0.543564
2,fp16,0,30,30,India_652725,0.548345
2,fp16,0,31,31,Paraguay_792268,0.552145
2,fp16,0,32,32,Sri-Lanka_883641,0.563035
2,fp16,0,33,33,USA_605492,0.546305
2,fp16,0,34,34,India_287642,0.573125
2,fp16,0,35,35,Sri-Lanka_847275,0.560445
2,fp16,0,36,36,Spain_2523247,0.556294
2,fp16,0,37,37,Paraguay_212687,0.575046
2,fp16,0,38,38,Sri-Lanka_249079,0.552225
2,fp16,0,39,39,Nigeria_143329,0.559165
2,fp16,0,40,40,India_747970,0.546294
2,fp16,0,41,41,Ghana_128663,0.549234
2,fp16,0,42,42,Ghana_103272,0.560625
2,fp16,0,43,43,USA_217598,0.555575
2,fp16,0,44,44,Pakistan_211386,0.546425
2,fp16,0,45,45,India_324254,0.563025
2,fp16,0,46,46,Pakistan_65724,0.547485
2,fp16,0,47,47,Somalia_295782,0.550614
2,fp16,0,48,48,USA_354981,0.544954
2,fp16,0,49,49,USA_58086,0.553505
2,fp16,0,50,50,Ghana_154838,0.549455
2,fp16,0,51,51,USA_170264,0.569416
2,fp16,0,52,52,Paraguay_1029042,0.560235
2,fp16,0,53,53,Spain_8154154,0.545954
2,fp16,0,54,54,Pakistan_246718,0.546984
2,fp16,0,55,55,USA_1068362,0.550944
2,fp16,0,56,56,Ghana_45911,0.557495
2,fp16,0,57,57,Mekong_846007,0.553024
2,fp16,0,58,58,Paraguay_482517,0.547235
2,fp16,0,59,59,India_179238,0.557365
2,fp16,0,60,60,India_534470,0.547874
2,fp16,0,61,61,Somalia_93023,0.542314
2,fp16,0,62,62,Ghana_8090,0.557895
2,fp16,0,63,63,Sri-Lanka_52223,0.554074
2,fp16,1,0,63,Sri-Lanka_52223,0.543304
2,fp16,1,1,62,Ghana_8090,0.553384
2,fp16,1,2,61,Somalia_93023,0.551445
2,fp16,1,3,60,India_534470,0.552295
2,fp16,1,4,59,India_179238,0.556925
2,fp16,1,5,58,Paraguay_482517,0.560925
2,fp16,1,6,57,Mekong_846007,0.547044
2,fp16,1,7,56,Ghana_45911,0.545494
2,fp16,1,8,55,USA_1068362,0.549504
2,fp16,1,9,54,Pakistan_246718,0.546094
2,fp16,1,10,53,Spain_8154154,0.555415
2,fp16,1,11,52,Paraguay_1029042,0.555715
2,fp16,1,12,51,USA_170264,0.566675
2,fp16,1,13,50,Ghana_154838,0.545904
2,fp16,1,14,49,USA_58086,0.546984
2,fp16,1,15,48,USA_354981,0.555684
2,fp16,1,16,47,Somalia_295782,0.551775
2,fp16,1,17,46,Pakistan_65724,0.548775
2,fp16,1,18,45,India_324254,0.559285
2,fp16,1,19,44,Pakistan_211386,0.550104
2,fp16,1,20,43,USA_217598,0.563365
2,fp16,1,21,42,Ghana_103272,0.544114
2,fp16,1,22,41,Ghana_128663,0.556055
2,fp16,1,23,40,India_747970,0.553094
2,fp16,1,24,39,Nigeria_143329,0.549024
2,fp16,1,25,38,Sri-Lanka_249079,0.548324
2,fp16,1,26,37,Paraguay_212687,0.559815
2,fp16,1,27,36,Spain_2523247,0.561855
2,fp16,1,28,35,Sri-Lanka_847275,0.561625
2,fp16,1,29,34,India_287642,0.553005
2,fp16,1,30,33,USA_605492,0.541074
2,fp16,1,31,32,Sri-Lanka_883641,0.546314
2,fp16,1,32,31,Paraguay_792268,0.552765
2,fp16,1,33,30,India_652725,0.554574
2,fp16,1,34,29,USA_181503,0.541844
2,fp16,1,35,28,Paraguay_48673,0.557495
2,fp16,1,36,27,India_91379,0.551735
2,fp16,1,37,26,Paraguay_822142,0.545795
2,fp16,1,38,25,India_773682,0.549465
2,fp16,1,39,24,Spain_2594119,0.555375
2,fp16,1,40,23,Sri-Lanka_956740,0.540654
2,fp16,1,41,22,USA_655230,0.548694
2,fp16,1,42,21,Somalia_970508,0.551424
2,fp16,1,43,20,Paraguay_246154,0.542914
2,fp16,1,44,19,Ghana_144050,0.561155
2,fp16,1,45,18,USA_806273,0.551534
2,fp16,1,46,17,India_979278,0.556245
2,fp16,1,47,16,Nigeria_600295,0.543245
2,fp16,1,48,15,Mekong_1395593,0.545504
2,fp16,1,49,14,Ghana_135389,0.554495
2,fp16,1,50,13,Sri-Lanka_551926,0.551445
2,fp16,1,51,12,Paraguay_721886,0.552035
2,fp16,1,52,11,Paraguay_1056717,0.566346
2,fp16,1,53,10,USA_438959,0.554545
2,fp16,1,54,9,Somalia_205466,0.544544
2,fp16,1,55,8,Mekong_52610,0.557455
2,fp16,1,56,7,Ghana_147015,0.543014
2,fp16,1,57,6,India_56450,0.558205
2,fp16,1,58,5,Mekong_342411,0.552455
2,fp16,1,59,4,Sri-Lanka_748447,0.568585
2,fp16,1,60,3,USA_224165,0.549424
2,fp16,1,61,2,Paraguay_191503,0.550144
2,fp16,1,62,1,Paraguay_36015,0.560295
2,fp16,1,63,0,Spain_7786924,0.548824
2,fp16,2,0,0,Spain_7786924,0.553005
2,fp16,2,1,1,Paraguay_36015,0.543104
2,fp16,2,2,2,Paraguay_191503,0.544534
2,fp16,2,3,3,USA_224165,0.559435
2,fp16,2,4,4,Sri-Lanka_748447,0.553455
2,fp16,2,5,5,Mekong_342411,0.553915
2,fp16,2,6,6,India_56450,0.544514
2,fp16,2,7,7,Ghana_147015,0.543784
2,fp16,2,8,8,Mekong_52610,0.584866
2,fp16,2,9,9,Somalia_205466,0.553445
2,fp16,2,10,10,USA_438959,0.557035
2,fp16,2,11,11,Paraguay_1056717,0.550125
2,fp16,2,12,12,Paraguay_721886,0.563825
2,fp16,2,13,13,Sri-Lanka_551926,0.546614
2,fp16,2,14,14,Ghana_135389,0.549245
2,fp16,2,15,15,Mekong_1395593,0.560875
2,fp16,2,16,16,Nigeria_600295,0.546074
2,fp16,2,17,17,India_979278,0.545444
2,fp16,2,18,18,USA_806273,0.556284
2,fp16,2,19,19,Ghana_144050,0.553445
2,fp16,2,20,20,Paraguay_246154,0.559245
2,fp16,2,21,21,Somalia_970508,0.542855
2,fp16,2,22,22,USA_655230,0.558445
2,fp16,2,23,23,Sri-Lanka_956740,0.546714
2,fp16,2,24,24,Spain_2594119,0.546694
2,fp16,2,25,25,India_773682,0.574346
2,fp16,2,26,26,Paraguay_822142,0.559984
2,fp16,2,27,27,India_91379,0.554705
2,fp16,2,28,28,Paraguay_48673,0.547595
2,fp16,2,29,29,USA_181503,0.545735
2,fp16,2,30,30,India_652725,0.546134
2,fp16,2,31,31,Paraguay_792268,0.552505
2,fp16,2,32,32,Sri-Lanka_883641,0.564605
2,fp16,2,33,33,USA_605492,0.538024
2,fp16,2,34,34,India_287642,0.549954
2,fp16,2,35,35,Sri-Lanka_847275,0.552535
2,fp16,2,36,36,Spain_2523247,0.543714
2,fp16,2,37,37,Paraguay_212687,0.557995
2,fp16,2,38,38,Sri-Lanka_249079,0.555334
2,fp16,2,39,39,Nigeria_143329,0.553195
2,fp16,2,40,40,India_747970,0.551225
2,fp16,2,41,41,Ghana_128663,0.552745
2,fp16,2,42,42,Ghana_103272,0.552814
2,fp16,2,43,43,USA_217598,0.555185
2,fp16,2,44,44,Pakistan_211386,0.562835
2,fp16,2,45,45,India_324254,0.564055
2,fp16,2,46,46,Pakistan_65724,0.551955
2,fp16,2,47,47,Somalia_295782,0.542714
2,fp16,2,48,48,USA_354981,0.551084
2,fp16,2,49,49,USA_58086,0.554924
2,fp16,2,50,50,Ghana_154838,0.538384
2,fp16,2,51,51,USA_170264,0.540754
2,fp16,2,52,52,Paraguay_1029042,0.555824
2,fp16,2,53,53,Spain_8154154,0.552134
2,fp16,2,54,54,Pakistan_246718,0.552215
2,fp16,2,55,55,USA_1068362,0.557305
2,fp16,2,56,56,Ghana_45911,0.555085
2,fp16,2,57,57,Mekong_846007,0.548795
2,fp16,2,58,58,Paraguay_482517,0.542365
2,fp16,2,59,59,India_179238,0.557805
2,fp16,2,60,60,India_534470,0.546204
2,fp16,2,61,61,Somalia_93023,0.543884
2,fp16,2,62,62,Ghana_8090,0.553094
2,fp16,2,63,63,Sri-Lanka_52223,0.554955
3,fp16,0,0,0,Spain_7786924,0.580086
3,fp16,0,1,1,Paraguay_36015,0.967863
3,fp16,0,2,2,Paraguay_191503,0.623978
3,fp16,0,3,3,USA_224165,0.580916
3,fp16,0,4,4,Sri-Lanka_748447,0.566115
3,fp16,0,5,5,Mekong_342411,0.621628
3,fp16,0,6,6,India_56450,0.619658
3,fp16,0,7,7,Ghana_147015,0.586836
3,fp16,0,8,8,Mekong_52610,0.582166
3,fp16,0,9,9,Somalia_205466,0.574066
3,fp16,0,10,10,USA_438959,0.580066
3,fp16,0,11,11,Paraguay_1056717,0.572246
3,fp16,0,12,12,Paraguay_721886,0.614277
3,fp16,0,13,13,Sri-Lanka_551926,0.574875
3,fp16,0,14,14,Ghana_135389,0.571895
3,fp16,0,15,15,Mekong_1395593,0.554145
3,fp16,0,16,16,Nigeria_600295,0.558314
3,fp16,0,17,17,India_979278,0.577006
3,fp16,0,18,18,USA_806273,0.560885
3,fp16,0,19,19,Ghana_144050,0.565125
3,fp16,0,20,20,Paraguay_246154,0.562555
3,fp16,0,21,21,Somalia_970508,0.576586
3,fp16,0,22,22,USA_655230,0.550884
3,fp16,0,23,23,Sri-Lanka_956740,0.613187
3,fp16,0,24,24,Spain_2594119,0.548074
3,fp16,0,25,25,India_773682,0.559475
3,fp16,0,26,26,Paraguay_822142,0.567396
3,fp16,0,27,27,India_91379,0.571425
3,fp16,0,28,28,Paraguay_48673,0.587596
3,fp16,0,29,29,USA_181503,0.566325
3,fp16,0,30,30,India_652725,0.552565
3,fp16,0,31,31,Paraguay_792268,0.551175
3,fp16,0,32,32,Sri-Lanka_883641,0.574845
3,fp16,0,33,33,USA_605492,0.558085
3,fp16,0,34,34,India_287642,0.617187
3,fp16,0,35,35,Sri-Lanka_847275,0.587946
3,fp16,0,36,36,Spain_2523247,0.573476
3,fp16,0,37,37,Paraguay_212687,0.608117
3,fp16,0,38,38,Sri-Lanka_249079,0.631228
3,fp16,0,39,39,Nigeria_143329,0.604177
3,fp16,0,40,40,India_747970,0.580066
3,fp16,0,41,41,Ghana_128663,0.560085
3,fp16,0,42,42,Ghana_103272,0.565246
3,fp16,0,43,43,USA_217598,0.579766
3,fp16,0,44,44,Pakistan_211386,0.562225
3,fp16,0,45,45,India_324254,0.593307
3,fp16,0,46,46,Pakistan_65724,0.558345
3,fp16,0,47,47,Somalia_295782,0.568995
3,fp16,0,48,48,USA_354981,0.573036
3,fp16,0,49,49,USA_58086,0.569905
3,fp16,0,50,50,Ghana_154838,0.574025
3,fp16,0,51,51,USA_170264,0.563075
3,fp16,0,52,52,Paraguay_1029042,0.567026
3,fp16,0,53,53,Spain_8154154,0.582006
3,fp16,0,54,54,Pakistan_246718,0.568926
3,fp16,0,55,55,USA_1068362,0.561805
3,fp16,0,56,56,Ghana_45911,0.580746
3,fp16,0,57,57,Mekong_846007,0.566925
3,fp16,0,58,58,Paraguay_482517,0.587146
3,fp16,0,59,59,India_179238,0.558755
3,fp16,0,60,60,India_534470,0.565815
3,fp16,0,61,61,Somalia_93023,0.585456
3,fp16,0,62,62,Ghana_8090,0.580406
3,fp16,0,63,63,Sri-Lanka_52223,0.569216
3,fp16,1,0,63,Sri-Lanka_52223,0.555894
3,fp16,1,1,62,Ghana_8090,0.575116
3,fp16,1,2,61,Somalia_93023,0.564225
3,fp16,1,3,60,India_534470,4.2524
3,fp16,1,4,59,India_179238,0.708381
3,fp16,1,5,58,Paraguay_482517,0.628218
3,fp16,1,6,57,Mekong_846007,0.617827
3,fp16,1,7,56,Ghana_45911,0.608527
3,fp16,1,8,55,USA_1068362,0.605117
3,fp16,1,9,54,Pakistan_246718,0.608368
3,fp16,1,10,53,Spain_8154154,0.596986
3,fp16,1,11,52,Paraguay_1029042,0.595217
3,fp16,1,12,51,USA_170264,0.576796
3,fp16,1,13,50,Ghana_154838,0.600547
3,fp16,1,14,49,USA_58086,0.577276
3,fp16,1,15,48,USA_354981,0.571775
3,fp16,1,16,47,Somalia_295782,0.570295
3,fp16,1,17,46,Pakistan_65724,0.578276
3,fp16,1,18,45,India_324254,0.580006
3,fp16,1,19,44,Pakistan_211386,0.630639
3,fp16,1,20,43,USA_217598,0.597887
3,fp16,1,21,42,Ghana_103272,0.562295
3,fp16,1,22,41,Ghana_128663,0.566605
3,fp16,1,23,40,India_747970,0.567935
3,fp16,1,24,39,Nigeria_143329,0.586747
3,fp16,1,25,38,Sri-Lanka_249079,0.591956
3,fp16,1,26,37,Paraguay_212687,0.561455
3,fp16,1,27,36,Spain_2523247,0.571866
3,fp16,1,28,35,Sri-Lanka_847275,0.576785
3,fp16,1,29,34,India_287642,0.573716
3,fp16,1,30,33,USA_605492,0.596457
3,fp16,1,31,32,Sri-Lanka_883641,0.559795
3,fp16,1,32,31,Paraguay_792268,0.565015
3,fp16,1,33,30,India_652725,0.568735
3,fp16,1,34,29,USA_181503,0.575055
3,fp16,1,35,28,Paraguay_48673,0.577026
3,fp16,1,36,27,India_91379,0.559605
3,fp16,1,37,26,Paraguay_822142,0.569686
3,fp16,1,38,25,India_773682,0.568866
3,fp16,1,39,24,Spain_2594119,0.577525
3,fp16,1,40,23,Sri-Lanka_956740,0.556205
3,fp16,1,41,22,USA_655230,0.596236
3,fp16,1,42,21,Somalia_970508,0.582196
3,fp16,1,43,20,Paraguay_246154,0.566216
3,fp16,1,44,19,Ghana_144050,0.571715
3,fp16,1,45,18,USA_806273,0.555535
3,fp16,1,46,17,India_979278,0.586266
3,fp16,1,47,16,Nigeria_600295,0.582056
3,fp16,1,48,15,Mekong_1395593,0.574475
3,fp16,1,49,14,Ghana_135389,0.578256
3,fp16,1,50,13,Sri-Lanka_551926,0.587157
3,fp16,1,51,12,Paraguay_721886,0.567485
3,fp16,1,52,11,Paraguay_1056717,0.615507
3,fp16,1,53,10,USA_438959,0.555545
3,fp16,1,54,9,Somalia_205466,0.574225
3,fp16,1,55,8,Mekong_52610,0.565445
3,fp16,1,56,7,Ghana_147015,0.566796
3,fp16,1,57,6,India_56450,0.572935
3,fp16,1,58,5,Mekong_342411,0.565355
3,fp16,1,59,4,Sri-Lanka_748447,0.567255
3,fp16,1,60,3,USA_224165,0.562315
3,fp16,1,61,2,Paraguay_191503,0.583046
3,fp16,1,62,1,Paraguay_36015,0.571945
3,fp16,1,63,0,Spain_7786924,0.603737
3,fp16,2,0,0,Spain_7786924,0.559155
3,fp16,2,1,1,Paraguay_36015,0.566945
3,fp16,2,2,2,Paraguay_191503,0.572016
3,fp16,2,3,3,USA_224165,0.552245
3,fp16,2,4,4,Sri-Lanka_748447,0.581756
3,fp16,2,5,5,Mekong_342411,0.561005
3,fp16,2,6,6,India_56450,0.569056
3,fp16,2,7,7,Ghana_147015,0.569226
3,fp16,2,8,8,Mekong_52610,0.564045
3,fp16,2,9,9,Somalia_205466,0.571185
3,fp16,2,10,10,USA_438959,0.601727
3,fp16,2,11,11,Paraguay_1056717,0.565255
3,fp16,2,12,12,Paraguay_721886,0.574225
3,fp16,2,13,13,Sri-Lanka_551926,0.558425
3,fp16,2,14,14,Ghana_135389,0.548204
3,fp16,2,15,15,Mekong_1395593,0.609917
3,fp16,2,16,16,Nigeria_600295,0.579256
3,fp16,2,17,17,India_979278,0.580006
3,fp16,2,18,18,USA_806273,0.569035
3,fp16,2,19,19,Ghana_144050,0.570955
3,fp16,2,20,20,Paraguay_246154,0.570176
3,fp16,2,21,21,Somalia_970508,0.592217
3,fp16,2,22,22,USA_655230,0.574226
3,fp16,2,23,23,Sri-Lanka_956740,0.590976
3,fp16,2,24,24,Spain_2594119,0.575396
3,fp16,2,25,25,India_773682,0.584276
3,fp16,2,26,26,Paraguay_822142,0.584586
3,fp16,2,27,27,India_91379,0.641058
3,fp16,2,28,28,Paraguay_48673,0.558585
3,fp16,2,29,29,USA_181503,0.555524
3,fp16,2,30,30,India_652725,0.566105
3,fp16,2,31,31,Paraguay_792268,0.578166
3,fp16,2,32,32,Sri-Lanka_883641,0.598607
3,fp16,2,33,33,USA_605492,0.558385
3,fp16,2,34,34,India_287642,0.576866
3,fp16,2,35,35,Sri-Lanka_847275,0.558825
3,fp16,2,36,36,Spain_2523247,0.560575
3,fp16,2,37,37,Paraguay_212687,0.583786
3,fp16,2,38,38,Sri-Lanka_249079,0.571486
3,fp16,2,39,39,Nigeria_143329,0.569825
3,fp16,2,40,40,India_747970,0.555985
3,fp16,2,41,41,Ghana_128663,0.577336
3,fp16,2,42,42,Ghana_103272,0.574535
3,fp16,2,43,43,USA_217598,0.602357
3,fp16,2,44,44,Pakistan_211386,0.557965
3,fp16,2,45,45,India_324254,0.564755
3,fp16,2,46,46,Pakistan_65724,0.573616
3,fp16,2,47,47,Somalia_295782,0.571395
3,fp16,2,48,48,USA_354981,0.585546
3,fp16,2,49,49,USA_58086,0.570345
3,fp16,2,50,50,Ghana_154838,0.578305
3,fp16,2,51,51,USA_170264,0.551134
3,fp16,2,52,52,Paraguay_1029042,0.573786
3,fp16,2,53,53,Spain_8154154,0.561935
3,fp16,2,54,54,Pakistan_246718,0.607567
3,fp16,2,55,55,USA_1068362,0.561505
3,fp16,2,56,56,Ghana_45911,0.565825
3,fp16,2,57,57,Mekong_846007,0.567505
3,fp16,2,58,58,Paraguay_482517,0.553504
3,fp16,2,59,59,India_179238,0.580596
3,fp16,2,60,60,India_534470,0.586046
3,fp16,2,61,61,Somalia_93023,0.580625
3,fp16,2,62,62,Ghana_8090,0.565965
3,fp16,2,63,63,Sri-Lanka_52223,0.571575
3,int8,0,0,0,Spain_7786924,0.778365
3,int8,0,1,1,Paraguay_36015,0.776884
3,int8,0,2,2,Paraguay_191503,0.771015
3,int8,0,3,3,USA_224165,5.212033
3,int8,0,4,4,Sri-Lanka_748447,0.972463
3,int8,0,5,5,Mekong_342411,0.870049
3,int8,0,6,6,India_56450,0.863099
3,int8,0,7,7,Ghana_147015,0.861098
3,int8,0,8,8,Mekong_52610,0.87988
3,int8,0,9,9,Somalia_205466,0.848638
3,int8,0,10,10,USA_438959,1.547739
3,int8,0,11,11,Paraguay_1056717,1.294338
3,int8,0,12,12,Paraguay_721886,1.177883
3,int8,0,13,13,Sri-Lanka_551926,1.105409
3,int8,0,14,14,Ghana_135389,1.086478
3,int8,0,15,15,Mekong_1395593,1.087568
3,int8,0,16,16,Nigeria_600295,1.063167
3,int8,0,17,17,India_979278,1.061847
3,int8,0,18,18,USA_806273,1.059347
3,int8,0,19,19,Ghana_144050,1.053988
3,int8,0,20,20,Paraguay_246154,1.056267
3,int8,0,21,21,Somalia_970508,1.079448
3,int8,0,22,22,USA_655230,0.960903
3,int8,0,23,23,Sri-Lanka_956740,0.833568
3,int8,0,24,24,Spain_2594119,0.871119
3,int8,0,25,25,India_773682,0.777744
3,int8,0,26,26,Paraguay_822142,0.781145
3,int8,0,27,27,India_91379,0.797896
3,int8,0,28,28,Paraguay_48673,0.784025
3,int8,0,29,29,USA_181503,0.831587
3,int8,0,30,30,India_652725,0.830237
3,int8,0,31,31,Paraguay_792268,0.828687
3,int8,0,32,32,Sri-Lanka_883641,0.775744
3,int8,0,33,33,USA_605492,0.770234
3,int8,0,34,34,India_287642,0.796025
3,int8,0,35,35,Sri-Lanka_847275,0.761354
3,int8,0,36,36,Spain_2523247,0.790996
3,int8,0,37,37,Paraguay_212687,0.788805
3,int8,0,38,38,Sri-Lanka_249079,0.769494
3,int8,0,39,39,Nigeria_143329,0.830877
3,int8,0,40,40,India_747970,0.764524
3,int8,0,41,41,Ghana_128663,0.777914
3,int8,0,42,42,Ghana_103272,0.779805
3,int8,0,43,43,USA_217598,0.787945
3,int8,0,44,44,Pakistan_211386,0.775164
3,int8,0,45,45,India_324254,0.767074
3,int8,0,46,46,Pakistan_65724,0.790785
3,int8,0,47,47,Somalia_295782,0.792975
3,int8,0,48,48,USA_354981,0.830787
3,int8,0,49,49,USA_58086,0.779295
3,int8,0,50,50,Ghana_154838,0.783525
3,int8,0,51,51,USA_170264,0.771005
3,int8,0,52,52,Paraguay_1029042,0.764154
3,int8,0,53,53,Spain_8154154,0.811136
3,int8,0,54,54,Pakistan_246718,0.768784
3,int8,0,55,55,USA_1068362,0.863419
3,int8,0,56,56,Ghana_45911,0.823306
3,int8,0,57,57,Mekong_846007,0.813187
3,int8,0,58,58,Paraguay_482517,0.763124
3,int8,0,59,59,India_179238,0.774204
3,int8,0,60,60,India_534470,0.842087
3,int8,0,61,61,Somalia_93023,0.772804
3,int8,0,62,62,Ghana_8090,0.775205
3,int8,0,63,63,Sri-Lanka_52223,0.776634
3,int8,1,0,63,Sri-Lanka_52223,0.838327
3,int8,1,1,62,Ghana_8090,0.775205
3,int8,1,2,61,Somalia_93023,0.782494
3,int8,1,3,60,India_534470,0.783835
3,int8,1,4,59,India_179238,0.788155
3,int8,1,5,58,Paraguay_482517,0.793165
3,int8,1,6,57,Mekong_846007,0.8813
3,int8,1,7,56,Ghana_45911,0.849878
3,int8,1,8,55,USA_1068362,0.779294
3,int8,1,9,54,Pakistan_246718,0.788955
3,int8,1,10,53,Spain_8154154,0.843148
3,int8,1,11,52,Paraguay_1029042,0.781295
3,int8,1,12,51,USA_170264,0.834897
3,int8,1,13,50,Ghana_154838,0.773584
3,int8,1,14,49,USA_58086,0.831897
3,int8,1,15,48,USA_354981,0.844628
3,int8,1,16,47,Somalia_295782,0.780045
3,int8,1,17,46,Pakistan_65724,0.771884
3,int8,1,18,45,India_324254,0.779605
3,int8,1,19,44,Pakistan_211386,0.767414
3,int8,1,20,43,USA_217598,0.811757
3,int8,1,21,42,Ghana_103272,0.766894
3,int8,1,22,41,Ghana_128663,0.820837
3,int8,1,23,40,India_747970,0.817827
3,int8,1,24,39,Nigeria_143329,0.776855
3,int8,1,25,38,Sri-Lanka_249079,0.776354
3,int8,1,26,37,Paraguay_212687,0.784665
3,int8,1,27,36,Spain_2523247,0.768374
3,int8,1,28,35,Sri-Lanka_847275,0.792275
3,int8,1,29,34,India_287642,0.786355
3,int8,1,30,33,USA_605492,0.780955
3,int8,1,31,32,Sri-Lanka_883641,0.770674
3,int8,1,32,31,Paraguay_792268,0.770755
3,int8,1,33,30,India_652725,0.776125
3,int8,1,34,29,USA_181503,0.774664
3,int8,1,35,28,Paraguay_48673,0.782634
3,int8,1,36,27,India_91379,0.770554
3,int8,1,37,26,Paraguay_822142,0.781165
3,int8,1,38,25,India_773682,0.818467
3,int8,1,39,24,Spain_2594119,0.768005
3,int8,1,40,23,Sri-Lanka_956740,0.767425
3,int8,1,41,22,USA_655230,0.822416
3,int8,1,42,21,Somalia_970508,0.766634
3,int8,1,43,20,Paraguay_246154,0.767285
3,int8,1,44,19,Ghana_144050,0.781705
3,int8,1,45,18,USA_806273,0.813056
3,int8,1,46,17,India_979278,0.770424
3,int8,1,47,16,Nigeria_600295,0.774395
3,int8,1,48,15,Mekong_1395593,0.770004
3,int8,1,49,14,Ghana_135389,0.773434
3,int8,1,50,13,Sri-Lanka_551926,0.845318
3,int8,1,51,12,Paraguay_721886,0.774244
3,int8,1,52,11,Paraguay_1056717,0.765694
3,int8,1,53,10,USA_438959,0.762774
3,int8,1,54,9,Somalia_205466,0.791535
3,int8,1,55,8,Mekong_52610,0.786525
3,int8,1,56,7,Ghana_147015,0.774975
3,int8,1,57,6,India_56450,0.783965
3,int8,1,58,5,Mekong_342411,0.765564
3,int8,1,59,4,Sri-Lanka_748447,0.768525
3,int8,1,60,3,USA_224165,0.776915
3,int8,1,61,2,Paraguay_191503,0.775885
3,int8,1,62,1,Paraguay_36015,0.766125
3,int8,1,63,0,Spain_7786924,0.771074
3,int8,2,0,0,Spain_7786924,0.768924
3,int8,2,1,1,Paraguay_36015,0.749323
3,int8,2,2,2,Paraguay_191503,0.763874
3,int8,2,3,3,USA_224165,0.789965
3,int8,2,4,4,Sri-Lanka_748447,0.813477
3,int8,2,5,5,Mekong_342411,0.776615
3,int8,2,6,6,India_56450,0.781535
3,int8,2,7,7,Ghana_147015,0.797666
3,int8,2,8,8,Mekong_52610,0.767294
3,int8,2,9,9,Somalia_205466,0.765874
3,int8,2,10,10,USA_438959,0.764184
3,int8,2,11,11,Paraguay_1056717,0.847698
3,int8,2,12,12,Paraguay_721886,0.778665
3,int8,2,13,13,Sri-Lanka_551926,0.771065
3,int8,2,14,14,Ghana_135389,0.771654
3,int8,2,15,15,Mekong_1395593,0.826217
3,int8,2,16,16,Nigeria_600295,0.773715
3,int8,2,17,17,India_979278,0.767295
3,int8,2,18,18,USA_806273,0.764754
3,int8,2,19,19,Ghana_144050,0.765504
3,int8,2,20,20,Paraguay_246154,0.794946
3,int8,2,21,21,Somalia_970508,0.826027
3,int8,2,22,22,USA_655230,0.763054
3,int8,2,23,23,Sri-Lanka_956740,0.819076
3,int8,2,24,24,Spain_2594119,0.765754
3,int8,2,25,25,India_773682,0.767524
3,int8,2,26,26,Paraguay_822142,0.819416
3,int8,2,27,27,India_91379,0.776215
3,int8,2,28,28,Paraguay_48673,0.772225
3,int8,2,29,29,USA_181503,0.838847
3,int8,2,30,30,India_652725,0.772734
3,int8,2,31,31,Paraguay_792268,0.774384
3,int8,2,32,32,Sri-Lanka_883641,0.761374
3,int8,2,33,33,USA_605492,0.821767
3,int8,2,34,34,India_287642,0.765335
3,int8,2,35,35,Sri-Lanka_847275,0.759494
3,int8,2,36,36,Spain_2523247,0.764444
3,int8,2,37,37,Paraguay_212687,0.774464
3,int8,2,38,38,Sri-Lanka_249079,0.765254
3,int8,2,39,39,Nigeria_143329,0.765394
3,int8,2,40,40,India_747970,0.773854
3,int8,2,41,41,Ghana_128663,0.766904
3,int8,2,42,42,Ghana_103272,0.780425
3,int8,2,43,43,USA_217598,0.774954
3,int8,2,44,44,Pakistan_211386,0.769744
3,int8,2,45,45,India_324254,0.826047
3,int8,2,46,46,Pakistan_65724,0.767054
3,int8,2,47,47,Somalia_295782,0.798766
3,int8,2,48,48,USA_354981,0.768074
3,int8,2,49,49,USA_58086,0.818146
3,int8,2,50,50,Ghana_154838,0.794186
3,int8,2,51,51,USA_170264,0.765184
3,int8,2,52,52,Paraguay_1029042,0.815016
3,int8,2,53,53,Spain_8154154,0.773764
3,int8,2,54,54,Pakistan_246718,0.774545
3,int8,2,55,55,USA_1068362,0.769414
3,int8,2,56,56,Ghana_45911,0.786235
3,int8,2,57,57,Mekong_846007,0.800406
3,int8,2,58,58,Paraguay_482517,0.768374
3,int8,2,59,59,India_179238,0.767784
3,int8,2,60,60,India_534470,0.776845
3,int8,2,61,61,Somalia_93023,0.769234
3,int8,2,62,62,Ghana_8090,0.787765
3,int8,2,63,63,Sri-Lanka_52223,0.781945
4,int8,0,0,0,Spain_7786924,0.800805
4,int8,0,1,1,Paraguay_36015,0.8999
4,int8,0,2,2,Paraguay_191503,0.799505
4,int8,0,3,3,USA_224165,0.902861
4,int8,0,4,4,Sri-Lanka_748447,0.794196
4,int8,0,5,5,Mekong_342411,0.790535
4,int8,0,6,6,India_56450,0.789245
4,int8,0,7,7,Ghana_147015,0.89207
4,int8,0,8,8,Mekong_52610,0.797585
4,int8,0,9,9,Somalia_205466,0.790655
4,int8,0,10,10,USA_438959,0.785765
4,int8,0,11,11,Paraguay_1056717,0.821867
4,int8,0,12,12,Paraguay_721886,0.783665
4,int8,0,13,13,Sri-Lanka_551926,0.786836
4,int8,0,14,14,Ghana_135389,0.786485
4,int8,0,15,15,Mekong_1395593,0.791656
4,int8,0,16,16,Nigeria_600295,0.788015
4,int8,0,17,17,India_979278,0.785785
4,int8,0,18,18,USA_806273,0.795946
4,int8,0,19,19,Ghana_144050,0.803345
4,int8,0,20,20,Paraguay_246154,0.851638
4,int8,0,21,21,Somalia_970508,0.793865
4,int8,0,22,22,USA_655230,0.794506
4,int8,0,23,23,Sri-Lanka_956740,0.795865
4,int8,0,24,24,Spain_2594119,0.871129
4,int8,0,25,25,India_773682,0.789705
4,int8,0,26,26,Paraguay_822142,0.840067
4,int8,0,27,27,India_91379,0.794686
4,int8,0,28,28,Paraguay_48673,0.805385
4,int8,0,29,29,USA_181503,0.844428
4,int8,0,30,30,India_652725,0.794845
4,int8,0,31,31,Paraguay_792268,0.797806
4,int8,0,32,32,Sri-Lanka_883641,0.822916
4,int8,0,33,33,USA_605492,0.796026
4,int8,0,34,34,India_287642,0.787866
4,int8,0,35,35,Sri-Lanka_847275,0.789256
4,int8,0,36,36,Spain_2523247,0.791596
4,int8,0,37,37,Paraguay_212687,0.793195
4,int8,0,38,38,Sri-Lanka_249079,0.789675
4,int8,0,39,39,Nigeria_143329,0.793096
4,int8,0,40,40,India_747970,0.792965
4,int8,0,41,41,Ghana_128663,0.794675
4,int8,0,42,42,Ghana_103272,0.797285
4,int8,0,43,43,USA_217598,0.799896
4,int8,0,44,44,Pakistan_211386,0.803855
4,int8,0,45,45,India_324254,0.809646
4,int8,0,46,46,Pakistan_65724,0.889319
4,int8,0,47,47,Somalia_295782,0.804946
4,int8,0,48,48,USA_354981,0.874639
4,int8,0,49,49,USA_58086,0.806606
4,int8,0,50,50,Ghana_154838,0.794275
4,int8,0,51,51,USA_170264,0.796645
4,int8,0,52,52,Paraguay_1029042,0.787045
4,int8,0,53,53,Spain_8154154,0.802525
4,int8,0,54,54,Pakistan_246718,0.791426
4,int8,0,55,55,USA_1068362,0.861889
4,int8,0,56,56,Ghana_45911,0.787685
4,int8,0,57,57,Mekong_846007,0.816446
4,int8,0,58,58,Paraguay_482517,0.791775
4,int8,0,59,59,India_179238,0.843818
4,int8,0,60,60,India_534470,0.788775
4,int8,0,61,61,Somalia_93023,0.806786
4,int8,0,62,62,Ghana_8090,0.788595
4,int8,0,63,63,Sri-Lanka_52223,0.813146
4,int8,1,0,63,Sri-Lanka_52223,0.793055
4,int8,1,1,62,Ghana_8090,0.793055
4,int8,1,2,61,Somalia_93023,0.842457
4,int8,1,3,60,India_534470,0.847618
4,int8,1,4,59,India_179238,0.788185
4,int8,1,5,58,Paraguay_482517,0.800525
4,int8,1,6,57,Mekong_846007,0.789115
4,int8,1,7,56,Ghana_45911,0.88298
4,int8,1,8,55,USA_1068362,0.89038
4,int8,1,9,54,Pakistan_246718,0.790425
4,int8,1,10,53,Spain_8154154,0.795446
4,int8,1,11,52,Paraguay_1029042,0.798865
4,int8,1,12,51,USA_170264,0.801466
4,int8,1,13,50,Ghana_154838,0.819167
4,int8,1,14,49,USA_58086,0.790595
4,int8,1,15,48,USA_354981,0.794455
4,int8,1,16,47,Somalia_295782,0.789706
4,int8,1,17,46,Pakistan_65724,0.788316
4,int8,1,18,45,India_324254,0.812737
4,int8,1,19,44,Pakistan_211386,0.843568
4,int8,1,20,43,USA_217598,0.790575
4,int8,1,21,42,Ghana_103272,0.790155
4,int8,1,22,41,Ghana_128663,0.803206
4,int8,1,23,40,India_747970,0.844257
4,int8,1,24,39,Nigeria_143329,0.785385
4,int8,1,25,38,Sri-Lanka_249079,0.788555
4,int8,1,26,37,Paraguay_212687,0.786555
4,int8,1,27,36,Spain_2523247,0.795965
4,int8,1,28,35,Sri-Lanka_847275,0.843828
4,int8,1,29,34,India_287642,0.791466
4,int8,1,30,33,USA_605492,0.843258
4,int8,1,31,32,Sri-Lanka_883641,0.787765
4,int8,1,32,31,Paraguay_792268,0.838977
4,int8,1,33,30,India_652725,0.850368
4,int8,1,34,29,USA_181503,0.789405
4,int8,1,35,28,Paraguay_48673,0.798925
4,int8,1,36,27,India_91379,0.789045
4,int8,1,37,26,Paraguay_822142,0.800686
4,int8,1,38,25,India_773682,0.792315
4,int8,1,39,24,Spain_2594119,0.800436
4,int8,1,40,23,Sri-Lanka_956740,0.785944
4,int8,1,41,22,USA_655230,0.802606
4,int8,1,42,21,Somalia_970508,0.790275
4,int8,1,43,20,Paraguay_246154,0.814556
4,int8,1,44,19,Ghana_144050,0.834917
4,int8,1,45,18,USA_806273,0.831158
4,int8,1,46,17,India_979278,0.787275
4,int8,1,47,16,Nigeria_600295,0.826387
4,int8,1,48,15,Mekong_1395593,0.788215
4,int8,1,49,14,Ghana_135389,0.791365
4,int8,1,50,13,Sri-Lanka_551926,0.844967
4,int8,1,51,12,Paraguay_721886,0.794495
4,int8,1,52,11,Paraguay_1056717,0.795856
4,int8,1,53,10,USA_438959,0.796485
4,int8,1,54,9,Somalia_205466,0.789805
4,int8,1,55,8,Mekong_52610,0.798006
4,int8,1,56,7,Ghana_147015,0.892389
4,int8,1,57,6,India_56450,0.793706
4,int8,1,58,5,Mekong_342411,0.788576
4,int8,1,59,4,Sri-Lanka_748447,0.805016
4,int8,1,60,3,USA_224165,0.88879
4,int8,1,61,2,Paraguay_191503,0.814526
4,int8,1,62,1,Paraguay_36015,0.817577
4,int8,1,63,0,Spain_7786924,0.819927
4,int8,2,0,0,Spain_7786924,0.830357
4,int8,2,1,1,Paraguay_36015,0.800066
4,int8,2,2,2,Paraguay_191503,0.896071
4,int8,2,3,3,USA_224165,0.811356
4,int8,2,4,4,Sri-Lanka_748447,0.813946
4,int8,2,5,5,Mekong_342411,0.811386
4,int8,2,6,6,India_56450,0.817326
4,int8,2,7,7,Ghana_147015,0.807126
4,int8,2,8,8,Mekong_52610,0.833178
4,int8,2,9,9,Somalia_205466,0.818657
4,int8,2,10,10,USA_438959,0.814776
4,int8,2,11,11,Paraguay_1056717,0.89295
4,int8,2,12,12,Paraguay_721886,0.823566
4,int8,2,13,13,Sri-Lanka_551926,0.810986
4,int8,2,14,14,Ghana_135389,0.810156
4,int8,2,15,15,Mekong_1395593,0.806786
4,int8,2,16,16,Nigeria_600295,0.843967
4,int8,2,17,17,India_979278,0.811326
4,int8,2,18,18,USA_806273,0.809346
4,int8,2,19,19,Ghana_144050,0.861308
4,int8,2,20,20,Paraguay_246154,0.836148
4,int8,2,21,21,Somalia_970508,0.793916
4,int8,2,22,22,USA_655230,0.859469
4,int8,2,23,23,Sri-Lanka_956740,0.810846
4,int8,2,24,24,Spain_2594119,0.820566
4,int8,2,25,25,India_773682,0.811716
4,int8,2,26,26,Paraguay_822142,0.807506
4,int8,2,27,27,India_91379,0.805676
4,int8,2,28,28,Paraguay_48673,0.850977
4,int8,2,29,29,USA_181503,0.808716
4,int8,2,30,30,India_652725,0.809416
4,int8,2,31,31,Paraguay_792268,0.813066
4,int8,2,32,32,Sri-Lanka_883641,0.811876
4,int8,2,33,33,USA_605492,0.810816
4,int8,2,34,34,India_287642,0.811696
4,int8,2,35,35,Sri-Lanka_847275,0.806346
4,int8,2,36,36,Spain_2523247,0.808986
4,int8,2,37,37,Paraguay_212687,0.806496
4,int8,2,38,38,Sri-Lanka_249079,0.817106
4,int8,2,39,39,Nigeria_143329,0.819517
4,int8,2,40,40,India_747970,0.823066
4,int8,2,41,41,Ghana_128663,0.803316
4,int8,2,42,42,Ghana_103272,0.89755
4,int8,2,43,43,USA_217598,0.813026
4,int8,2,44,44,Pakistan_211386,0.810606
4,int8,2,45,45,India_324254,0.808516
4,int8,2,46,46,Pakistan_65724,0.818897
4,int8,2,47,47,Somalia_295782,0.811856
4,int8,2,48,48,USA_354981,0.819696
4,int8,2,49,49,USA_58086,0.939922
4,int8,2,50,50,Ghana_154838,0.828886
4,int8,2,51,51,USA_170264,0.842428
4,int8,2,52,52,Paraguay_1029042,0.815947
4,int8,2,53,53,Spain_8154154,0.814176
4,int8,2,54,54,Pakistan_246718,0.821337
4,int8,2,55,55,USA_1068362,0.814446
4,int8,2,56,56,Ghana_45911,0.813766
4,int8,2,57,57,Mekong_846007,0.818316
4,int8,2,58,58,Paraguay_482517,0.814386
4,int8,2,59,59,India_179238,0.810876
4,int8,2,60,60,India_534470,0.808136
4,int8,2,61,61,Somalia_93023,0.889559
4,int8,2,62,62,Ghana_8090,0.810906
4,int8,2,63,63,Sri-Lanka_52223,0.809726
4,fp16,0,0,0,Spain_7786924,0.563375
4,fp16,0,1,1,Paraguay_36015,0.856388
4,fp16,0,2,2,Paraguay_191503,0.578276
4,fp16,0,3,3,USA_224165,0.562115
4,fp16,0,4,4,Sri-Lanka_748447,0.563575
4,fp16,0,5,5,Mekong_342411,0.571776
4,fp16,0,6,6,India_56450,0.569075
4,fp16,0,7,7,Ghana_147015,0.559725
4,fp16,0,8,8,Mekong_52610,0.556705
4,fp16,0,9,9,Somalia_205466,0.575345
4,fp16,0,10,10,USA_438959,0.595807
4,fp16,0,11,11,Paraguay_1056717,0.563176
4,fp16,0,12,12,Paraguay_721886,0.583576
4,fp16,0,13,13,Sri-Lanka_551926,0.568765
4,fp16,0,14,14,Ghana_135389,0.556405
4,fp16,0,15,15,Mekong_1395593,0.558275
4,fp16,0,16,16,Nigeria_600295,0.569546
4,fp16,0,17,17,India_979278,0.578366
4,fp16,0,18,18,USA_806273,0.556275
4,fp16,0,19,19,Ghana_144050,0.565395
4,fp16,0,20,20,Paraguay_246154,0.561125
4,fp16,0,21,21,Somalia_970508,0.571955
4,fp16,0,22,22,USA_655230,0.565755
4,fp16,0,23,23,Sri-Lanka_956740,0.565265
4,fp16,0,24,24,Spain_2594119,0.568895
4,fp16,0,25,25,India_773682,0.556695
4,fp16,0,26,26,Paraguay_822142,0.587476
4,fp16,0,27,27,India_91379,0.578726
4,fp16,0,28,28,Paraguay_48673,0.554514
4,fp16,0,29,29,USA_181503,0.560085
4,fp16,0,30,30,India_652725,0.562855
4,fp16,0,31,31,Paraguay_792268,0.566706
4,fp16,0,32,32,Sri-Lanka_883641,0.567866
4,fp16,0,33,33,USA_605492,0.562715
4,fp16,0,34,34,India_287642,0.569885
4,fp16,0,35,35,Sri-Lanka_847275,0.548745
4,fp16,0,36,36,Spain_2523247,0.560115
4,fp16,0,37,37,Paraguay_212687,0.569395
4,fp16,0,38,38,Sri-Lanka_249079,0.565796
4,fp16,0,39,39,Nigeria_143329,0.551234
4,fp16,0,40,40,India_747970,0.561895
4,fp16,0,41,41,Ghana_128663,0.555174
4,fp16,0,42,42,Ghana_103272,0.563575
4,fp16,0,43,43,USA_217598,0.552955
4,fp16,0,44,44,Pakistan_211386,0.569446
4,fp16,0,45,45,India_324254,0.573825
4,fp16,0,46,46,Pakistan_65724,0.564845
4,fp16,0,47,47,Somalia_295782,0.577776
4,fp16,0,48,48,USA_354981,0.574986
4,fp16,0,49,49,USA_58086,0.575636
4,fp16,0,50,50,Ghana_154838,0.558875
4,fp16,0,51,51,USA_170264,0.562115
4,fp16,0,52,52,Paraguay_1029042,0.560475
4,fp16,0,53,53,Spain_8154154,0.547774
4,fp16,0,54,54,Pakistan_246718,0.564245
4,fp16,0,55,55,USA_1068362,0.571545
4,fp16,0,56,56,Ghana_45911,0.554275
4,fp16,0,57,57,Mekong_846007,0.567265
4,fp16,0,58,58,Paraguay_482517,0.565235
4,fp16,0,59,59,India_179238,0.551564
4,fp16,0,60,60,India_534470,0.572616
4,fp16,0,61,61,Somalia_93023,0.558945
4,fp16,0,62,62,Ghana_8090,0.566835
4,fp16,0,63,63,Sri-Lanka_52223,0.550715
4,fp16,1,0,63,Sri-Lanka_52223,0.557655
4,fp16,1,1,62,Ghana_8090,0.558525
4,fp16,1,2,61,Somalia_93023,0.552965
4,fp16,1,3,60,India_534470,0.557185
4,fp16,1,4,59,India_179238,0.570105
4,fp16,1,5,58,Paraguay_482517,0.574906
4,fp16,1,6,57,Mekong_846007,0.548325
4,fp16,1,7,56,Ghana_45911,0.552274
4,fp16,1,8,55,USA_1068362,0.570665
4,fp16,1,9,54,Pakistan_246718,0.558175
4,fp16,1,10,53,Spain_8154154,0.546734
4,fp16,1,11,52,Paraguay_1029042,0.576315
4,fp16,1,12,51,USA_170264,0.556445
4,fp16,1,13,50,Ghana_154838,0.579006
4,fp16,1,14,49,USA_58086,0.551565
4,fp16,1,15,48,USA_354981,0.570835
4,fp16,1,16,47,Somalia_295782,0.557995
4,fp16,1,17,46,Pakistan_65724,0.558775
4,fp16,1,18,45,India_324254,0.564775
4,fp16,1,19,44,Pakistan_211386,0.576696
4,fp16,1,20,43,USA_217598,0.576605
4,fp16,1,21,42,Ghana_103272,0.548864
4,fp16,1,22,41,Ghana_128663,0.565405
4,fp16,1,23,40,India_747970,0.578086
4,fp16,1,24,39,Nigeria_143329,0.599257
4,fp16,1,25,38,Sri-Lanka_249079,0.662879
4,fp16,1,26,37,Paraguay_212687,0.568265
4,fp16,1,27,36,Spain_2523247,0.551595
4,fp16,1,28,35,Sri-Lanka_847275,0.551214
4,fp16,1,29,34,India_287642,0.561435
4,fp16,1,30,33,USA_605492,0.562275
4,fp16,1,31,32,Sri-Lanka_883641,0.564546
4,fp16,1,32,31,Paraguay_792268,0.552865
4,fp16,1,33,30,India_652725,0.571505
4,fp16,1,34,29,USA_181503,0.550774
4,fp16,1,35,28,Paraguay_48673,0.565785
4,fp16,1,36,27,India_91379,0.571316
4,fp16,1,37,26,Paraguay_822142,0.563975
4,fp16,1,38,25,India_773682,0.564585
4,fp16,1,39,24,Spain_2594119,0.552575
4,fp16,1,40,23,Sri-Lanka_956740,0.563645
4,fp16,1,41,22,USA_655230,0.573205
4,fp16,1,42,21,Somalia_970508,0.548434
4,fp16,1,43,20,Paraguay_246154,0.561325
4,fp16,1,44,19,Ghana_144050,0.567185
4,fp16,1,45,18,USA_806273,0.556965
4,fp16,1,46,17,India_979278,0.565605
4,fp16,1,47,16,Nigeria_600295,0.565165
4,fp16,1,48,15,Mekong_1395593,0.552414
4,fp16,1,49,14,Ghana_135389,0.562085
4,fp16,1,50,13,Sri-Lanka_551926,0.567425
4,fp16,1,51,12,Paraguay_721886,0.566825
4,fp16,1,52,11,Paraguay_1056717,0.584276
4,fp16,1,53,10,USA_438959,0.569125
4,fp16,1,54,9,Somalia_205466,0.559925
4,fp16,1,55,8,Mekong_52610,0.554005
4,fp16,1,56,7,Ghana_147015,0.552195
4,fp16,1,57,6,India_56450,0.569655
4,fp16,1,58,5,Mekong_342411,0.573405
4,fp16,1,59,4,Sri-Lanka_748447,0.567796
4,fp16,1,60,3,USA_224165,0.547275
4,fp16,1,61,2,Paraguay_191503,0.567256
4,fp16,1,62,1,Paraguay_36015,0.556435
4,fp16,1,63,0,Spain_7786924,0.561515
4,fp16,2,0,0,Spain_7786924,0.553894
4,fp16,2,1,1,Paraguay_36015,0.569766
4,fp16,2,2,2,Paraguay_191503,0.564875
4,fp16,2,3,3,USA_224165,0.560595
4,fp16,2,4,4,Sri-Lanka_748447,0.589357
4,fp16,2,5,5,Mekong_342411,0.559415
4,fp16,2,6,6,India_56450,0.558115
4,fp16,2,7,7,Ghana_147015,0.547844
4,fp16,2,8,8,Mekong_52610,0.571016
4,fp16,2,9,9,Somalia_205466,0.561315
4,fp16,2,10,10,USA_438959,0.556924
4,fp16,2,11,11,Paraguay_1056717,0.564995
4,fp16,2,12,12,Paraguay_721886,0.566055
4,fp16,2,13,13,Sri-Lanka_551926,0.551505
4,fp16,2,14,14,Ghana_135389,0.556685
4,fp16,2,15,15,Mekong_1395593,0.569495
4,fp16,2,16,16,Nigeria_600295,0.555295
4,fp16,2,17,17,India_979278,0.561685
4,fp16,2,18,18,USA_806273,0.561985
4,fp16,2,19,19,Ghana_144050,0.564335
4,fp16,2,20,20,Paraguay_246154,0.548975
4,fp16,2,21,21,Somalia_970508,0.549454
4,fp16,2,22,22,USA_655230,0.580876
4,fp16,2,23,23,Sri-Lanka_956740,0.550104
4,fp16,2,24,24,Spain_2594119,0.548914
4,fp16,2,25,25,India_773682,0.567555
4,fp16,2,26,26,Paraguay_822142,0.555025
4,fp16,2,27,27,India_91379,0.570906
4,fp16,2,28,28,Paraguay_48673,0.564036
4,fp16,2,29,29,USA_181503,0.577246
4,fp16,2,30,30,India_652725,0.559005
4,fp16,2,31,31,Paraguay_792268,0.548295
4,fp16,2,32,32,Sri-Lanka_883641,0.565465
4,fp16,2,33,33,USA_605492,0.563295
4,fp16,2,34,34,India_287642,0.564495
4,fp16,2,35,35,Sri-Lanka_847275,0.548224
4,fp16,2,36,36,Spain_2523247,0.562165
4,fp16,2,37,37,Paraguay_212687,0.567475
4,fp16,2,38,38,Sri-Lanka_249079,0.560105
4,fp16,2,39,39,Nigeria_143329,0.560505
4,fp16,2,40,40,India_747970,0.562225
4,fp16,2,41,41,Ghana_128663,0.552675
4,fp16,2,42,42,Ghana_103272,0.564535
4,fp16,2,43,43,USA_217598,0.576926
4,fp16,2,44,44,Pakistan_211386,0.570286
4,fp16,2,45,45,India_324254,0.551475
4,fp16,2,46,46,Pakistan_65724,0.560165
4,fp16,2,47,47,Somalia_295782,0.553955
4,fp16,2,48,48,USA_354981,0.565205
4,fp16,2,49,49,USA_58086,0.578056
4,fp16,2,50,50,Ghana_154838,0.596337
4,fp16,2,51,51,USA_170264,0.552684
4,fp16,2,52,52,Paraguay_1029042,0.558215
4,fp16,2,53,53,Spain_8154154,0.575816
4,fp16,2,54,54,Pakistan_246718,0.563365
4,fp16,2,55,55,USA_1068362,0.588717
4,fp16,2,56,56,Ghana_45911,0.550015
4,fp16,2,57,57,Mekong_846007,0.568245
4,fp16,2,58,58,Paraguay_482517,0.554364
4,fp16,2,59,59,India_179238,0.553095
4,fp16,2,60,60,India_534470,0.566795
4,fp16,2,61,61,Somalia_93023,0.570525
4,fp16,2,62,62,Ghana_8090,0.557465
4,fp16,2,63,63,Sri-Lanka_52223,0.560475
5,fp16,0,0,0,Spain_7786924,0.563896
5,fp16,0,1,1,Paraguay_36015,0.958173
5,fp16,0,2,2,Paraguay_191503,0.588026
5,fp16,0,3,3,USA_224165,0.554945
5,fp16,0,4,4,Sri-Lanka_748447,0.560725
5,fp16,0,5,5,Mekong_342411,0.551114
5,fp16,0,6,6,India_56450,0.606097
5,fp16,0,7,7,Ghana_147015,0.566955
5,fp16,0,8,8,Mekong_52610,0.552855
5,fp16,0,9,9,Somalia_205466,0.545064
5,fp16,0,10,10,USA_438959,0.540954
5,fp16,0,11,11,Paraguay_1056717,0.551125
5,fp16,0,12,12,Paraguay_721886,0.540735
5,fp16,0,13,13,Sri-Lanka_551926,0.922791
5,fp16,0,14,14,Ghana_135389,0.575346
5,fp16,0,15,15,Mekong_1395593,0.543624
5,fp16,0,16,16,Nigeria_600295,0.545254
5,fp16,0,17,17,India_979278,0.549234
5,fp16,0,18,18,USA_806273,0.545554
5,fp16,0,19,19,Ghana_144050,0.550064
5,fp16,0,20,20,Paraguay_246154,0.544284
5,fp16,0,21,21,Somalia_970508,0.550275
5,fp16,0,22,22,USA_655230,0.542744
5,fp16,0,23,23,Sri-Lanka_956740,0.540784
5,fp16,0,24,24,Spain_2594119,0.569765
5,fp16,0,25,25,India_773682,0.544285
5,fp16,0,26,26,Paraguay_822142,0.540004
5,fp16,0,27,27,India_91379,0.549594
5,fp16,0,28,28,Paraguay_48673,0.541174
5,fp16,0,29,29,USA_181503,0.545704
5,fp16,0,30,30,India_652725,0.550095
5,fp16,0,31,31,Paraguay_792268,0.551675
5,fp16,0,32,32,Sri-Lanka_883641,0.552135
5,fp16,0,33,33,USA_605492,0.551935
5,fp16,0,34,34,India_287642,0.537624
5,fp16,0,35,35,Sri-Lanka_847275,0.542604
5,fp16,0,36,36,Spain_2523247,0.538274
5,fp16,0,37,37,Paraguay_212687,0.541554
5,fp16,0,38,38,Sri-Lanka_249079,0.543224
5,fp16,0,39,39,Nigeria_143329,0.553814
5,fp16,0,40,40,India_747970,0.536334
5,fp16,0,41,41,Ghana_128663,0.562915
5,fp16,0,42,42,Ghana_103272,0.567606
5,fp16,0,43,43,USA_217598,0.544944
5,fp16,0,44,44,Pakistan_211386,0.540154
5,fp16,0,45,45,India_324254,0.551315
5,fp16,0,46,46,Pakistan_65724,0.550494
5,fp16,0,47,47,Somalia_295782,0.561885
5,fp16,0,48,48,USA_354981,0.530854
5,fp16,0,49,49,USA_58086,0.552405
5,fp16,0,50,50,Ghana_154838,0.540044
5,fp16,0,51,51,USA_170264,0.546135
5,fp16,0,52,52,Paraguay_1029042,0.550205
5,fp16,0,53,53,Spain_8154154,0.543144
5,fp16,0,54,54,Pakistan_246718,0.554005
5,fp16,0,55,55,USA_1068362,0.551014
5,fp16,0,56,56,Ghana_45911,0.554995
5,fp16,0,57,57,Mekong_846007,0.550925
5,fp16,0,58,58,Paraguay_482517,0.536364
5,fp16,0,59,59,India_179238,0.557215
5,fp16,0,60,60,India_534470,0.536454
5,fp16,0,61,61,Somalia_93023,0.541344
5,fp16,0,62,62,Ghana_8090,0.552465
5,fp16,0,63,63,Sri-Lanka_52223,0.542524
5,fp16,1,0,63,Sri-Lanka_52223,0.544334
5,fp16,1,1,62,Ghana_8090,0.547054
5,fp16,1,2,61,Somalia_93023,0.544434
5,fp16,1,3,60,India_534470,0.550364
5,fp16,1,4,59,India_179238,0.548424
5,fp16,1,5,58,Paraguay_482517,0.547914
5,fp16,1,6,57,Mekong_846007,0.564445
5,fp16,1,7,56,Ghana_45911,0.542974
5,fp16,1,8,55,USA_1068362,0.547094
5,fp16,1,9,54,Pakistan_246718,0.545784
5,fp16,1,10,53,Spain_8154154,0.540344
5,fp16,1,11,52,Paraguay_1029042,0.558605
5,fp16,1,12,51,USA_170264,0.549244
5,fp16,1,13,50,Ghana_154838,0.550865
5,fp16,1,14,49,USA_58086,0.544385
5,fp16,1,15,48,USA_354981,0.559795
5,fp16,1,16,47,Somalia_295782,0.546664
5,fp16,1,17,46,Pakistan_65724,0.550825
5,fp16,1,18,45,India_324254,0.554365
5,fp16,1,19,44,Pakistan_211386,0.542514
5,fp16,1,20,43,USA_217598,0.559425
5,fp16,1,21,42,Ghana_103272,0.553574
5,fp16,1,22,41,Ghana_128663,0.557685
5,fp16,1,23,40,India_747970,0.555074
5,fp16,1,24,39,Nigeria_143329,0.549785
5,fp16,1,25,38,Sri-Lanka_249079,0.548765
5,fp16,1,26,37,Paraguay_212687,0.552325
5,fp16,1,27,36,Spain_2523247,0.539804
5,fp16,1,28,35,Sri-Lanka_847275,0.552025
5,fp16,1,29,34,India_287642,0.543824
5,fp16,1,30,33,USA_605492,0.535484
5,fp16,1,31,32,Sri-Lanka_883641,0.550544
5,fp16,1,32,31,Paraguay_792268,0.544674
5,fp16,1,33,30,India_652725,0.550335
5,fp16,1,34,29,USA_181503,0.570846
5,fp16,1,35,28,Paraguay_48673,0.552055
5,fp16,1,36,27,India_91379,0.541294
5,fp16,1,37,26,Paraguay_822142,0.542185
5,fp16,1,38,25,India_773682,0.556185
5,fp16,1,39,24,Spain_2594119,0.535594
5,fp16,1,40,23,Sri-Lanka_956740,0.547295
5,fp16,1,41,22,USA_655230,0.558045
5,fp16,1,42,21,Somalia_970508,0.550335
5,fp16,1,43,20,Paraguay_246154,0.549495
5,fp16,1,44,19,Ghana_144050,0.547075
5,fp16,1,45,18,USA_806273,0.550235
5,fp16,1,46,17,India_979278,0.561825
5,fp16,1,47,16,Nigeria_600295,0.549084
5,fp16,1,48,15,Mekong_1395593,0.549875
5,fp16,1,49,14,Ghana_135389,0.548395
5,fp16,1,50,13,Sri-Lanka_551926,0.534393
5,fp16,1,51,12,Paraguay_721886,0.551505
5,fp16,1,52,11,Paraguay_1056717,0.542864
5,fp16,1,53,10,USA_438959,0.546725
5,fp16,1,54,9,Somalia_205466,0.559385
5,fp16,1,55,8,Mekong_52610,0.557195
5,fp16,1,56,7,Ghana_147015,0.552355
5,fp16,1,57,6,India_56450,0.548084
5,fp16,1,58,5,Mekong_342411,0.553814
5,fp16,1,59,4,Sri-Lanka_748447,0.543574
5,fp16,1,60,3,USA_224165,0.550415
5,fp16,1,61,2,Paraguay_191503,0.540294
5,fp16,1,62,1,Paraguay_36015,0.542164
5,fp16,1,63,0,Spain_7786924,0.553764
5,fp16,2,0,0,Spain_7786924,0.543535
5,fp16,2,1,1,Paraguay_36015,0.545214
5,fp16,2,2,2,Paraguay_191503,0.545974
5,fp16,2,3,3,USA_224165,0.542074
5,fp16,2,4,4,Sri-Lanka_748447,0.564695
5,fp16,2,5,5,Mekong_342411,0.550734
5,fp16,2,6,6,India_56450,0.535974
5,fp16,2,7,7,Ghana_147015,0.541044
5,fp16,2,8,8,Mekong_52610,0.552264
5,fp16,2,9,9,Somalia_205466,0.549005
5,fp16,2,10,10,USA_438959,0.547365
5,fp16,2,11,11,Paraguay_1056717,0.555455
5,fp16,2,12,12,Paraguay_721886,0.549184
5,fp16,2,13,13,Sri-Lanka_551926,0.543004
5,fp16,2,14,14,Ghana_135389,0.551425
5,fp16,2,15,15,Mekong_1395593,0.540194
5,fp16,2,16,16,Nigeria_600295,0.540424
5,fp16,2,17,17,India_979278,0.549794
5,fp16,2,18,18,USA_806273,0.549725
5,fp16,2,19,19,Ghana_144050,0.546175
5,fp16,2,20,20,Paraguay_246154,0.545494
5,fp16,2,21,21,Somalia_970508,0.549475
5,fp16,2,22,22,USA_655230,0.567565
5,fp16,2,23,23,Sri-Lanka_956740,0.543134
5,fp16,2,24,24,Spain_2594119,0.543274
5,fp16,2,25,25,India_773682,0.549364
5,fp16,2,26,26,Paraguay_822142,0.550324
5,fp16,2,27,27,India_91379,0.554084
5,fp16,2,28,28,Paraguay_48673,0.542434
5,fp16,2,29,29,USA_181503,0.547865
5,fp16,2,30,30,India_652725,0.544555
5,fp16,2,31,31,Paraguay_792268,0.555295
5,fp16,2,32,32,Sri-Lanka_883641,0.536084
5,fp16,2,33,33,USA_605492,0.551495
5,fp16,2,34,34,India_287642,0.562635
5,fp16,2,35,35,Sri-Lanka_847275,0.546814
5,fp16,2,36,36,Spain_2523247,0.545694
5,fp16,2,37,37,Paraguay_212687,0.550184
5,fp16,2,38,38,Sri-Lanka_249079,0.538954
5,fp16,2,39,39,Nigeria_143329,0.560475
5,fp16,2,40,40,India_747970,0.544744
5,fp16,2,41,41,Ghana_128663,0.549464
5,fp16,2,42,42,Ghana_103272,0.536263
5,fp16,2,43,43,USA_217598,0.544404
5,fp16,2,44,44,Pakistan_211386,0.556965
5,fp16,2,45,45,India_324254,0.533924
5,fp16,2,46,46,Pakistan_65724,0.543234
5,fp16,2,47,47,Somalia_295782,0.544114
5,fp16,2,48,48,USA_354981,0.545024
5,fp16,2,49,49,USA_58086,0.537584
5,fp16,2,50,50,Ghana_154838,0.582666
5,fp16,2,51,51,USA_170264,0.558904
5,fp16,2,52,52,Paraguay_1029042,0.544004
5,fp16,2,53,53,Spain_8154154,0.543664
5,fp16,2,54,54,Pakistan_246718,0.557715
5,fp16,2,55,55,USA_1068362,0.554675
5,fp16,2,56,56,Ghana_45911,0.541684
5,fp16,2,57,57,Mekong_846007,0.543395
5,fp16,2,58,58,Paraguay_482517,0.547065
5,fp16,2,59,59,India_179238,0.553025
5,fp16,2,60,60,India_534470,0.550494
5,fp16,2,61,61,Somalia_93023,0.549464
5,fp16,2,62,62,Ghana_8090,0.573936
5,fp16,2,63,63,Sri-Lanka_52223,0.541544
5,int8,0,0,0,Spain_7786924,0.791995
5,int8,0,1,1,Paraguay_36015,0.809486
5,int8,0,2,2,Paraguay_191503,0.803786
5,int8,0,3,3,USA_224165,0.799226
5,int8,0,4,4,Sri-Lanka_748447,0.869399
5,int8,0,5,5,Mekong_342411,0.856788
5,int8,0,6,6,India_56450,0.801936
5,int8,0,7,7,Ghana_147015,0.856038
5,int8,0,8,8,Mekong_52610,0.799645
5,int8,0,9,9,Somalia_205466,0.804776
5,int8,0,10,10,USA_438959,0.798775
5,int8,0,11,11,Paraguay_1056717,0.798206
5,int8,0,12,12,Paraguay_721886,0.796876
5,int8,0,13,13,Sri-Lanka_551926,0.811496
5,int8,0,14,14,Ghana_135389,0.796205
5,int8,0,15,15,Mekong_1395593,0.799146
5,int8,0,16,16,Nigeria_600295,0.803075
5,int8,0,17,17,India_979278,0.828817
5,int8,0,18,18,USA_806273,0.798196
5,int8,0,19,19,Ghana_144050,0.803315
5,int8,0,20,20,Paraguay_246154,0.851028
5,int8,0,21,21,Somalia_970508,0.869989
5,int8,0,22,22,USA_655230,0.803185
5,int8,0,23,23,Sri-Lanka_956740,0.857458
5,int8,0,24,24,Spain_2594119,0.851978
5,int8,0,25,25,India_773682,0.814286
5,int8,0,26,26,Paraguay_822142,0.801086
5,int8,0,27,27,India_91379,0.819426
5,int8,0,28,28,Paraguay_48673,0.822667
5,int8,0,29,29,USA_181503,0.837627
5,int8,0,30,30,India_652725,0.804936
5,int8,0,31,31,Paraguay_792268,0.804896
5,int8,0,32,32,Sri-Lanka_883641,0.801245
5,int8,0,33,33,USA_605492,0.810296
5,int8,0,34,34,India_287642,0.801626
5,int8,0,35,35,Sri-Lanka_847275,0.855718
5,int8,0,36,36,Spain_2523247,0.806045
5,int8,0,37,37,Paraguay_212687,0.837047
5,int8,0,38,38,Sri-Lanka_249079,0.810706
5,int8,0,39,39,Nigeria_143329,0.809506
5,int8,0,40,40,India_747970,0.844758
5,int8,0,41,41,Ghana_128663,0.805306
5,int8,0,42,42,Ghana_103272,0.807786
5,int8,0,43,43,USA_217598,0.806996
5,int8,0,44,44,Pakistan_211386,0.808886
5,int8,0,45,45,India_324254,0.859288
5,int8,0,46,46,Pakistan_65724,0.814926
5,int8,0,47,47,Somalia_295782,0.829667
5,int8,0,48,48,USA_354981,0.809996
5,int8,0,49,49,USA_58086,0.857678
5,int8,0,50,50,Ghana_154838,0.810756
5,int8,0,51,51,USA_170264,0.807396
5,int8,0,52,52,Paraguay_1029042,0.811396
5,int8,0,53,53,Spain_8154154,0.794816
5,int8,0,54,54,Pakistan_246718,0.865958
5,int8,0,55,55,USA_1068362,0.855088
5,int8,0,56,56,Ghana_45911,0.799235
5,int8,0,57,57,Mekong_846007,0.801596
5,int8,0,58,58,Paraguay_482517,0.810356
5,int8,0,59,59,India_179238,0.853808
5,int8,0,60,60,India_534470,0.795645
5,int8,0,61,61,Somalia_93023,0.807366
5,int8,0,62,62,Ghana_8090,0.834857
5,int8,0,63,63,Sri-Lanka_52223,0.800495
5,int8,1,0,63,Sri-Lanka_52223,0.800816
5,int8,1,1,62,Ghana_8090,0.865889
5,int8,1,2,61,Somalia_93023,0.811246
5,int8,1,3,60,India_534470,0.801336
5,int8,1,4,59,India_179238,0.803705
5,int8,1,5,58,Paraguay_482517,0.810357
5,int8,1,6,57,Mekong_846007,0.821677
5,int8,1,7,56,Ghana_45911,0.802256
5,int8,1,8,55,USA_1068362,0.822257
5,int8,1,9,54,Pakistan_246718,0.804606
5,int8,1,10,53,Spain_8154154,7.819329
5,int8,1,11,52,Paraguay_1029042,1.226115
5,int8,1,12,51,USA_170264,0.968793
5,int8,1,13,50,Ghana_154838,0.955962
5,int8,1,14,49,USA_58086,0.89481
5,int8,1,15,48,USA_354981,0.871839
5,int8,1,16,47,Somalia_295782,0.861629
5,int8,1,17,46,Pakistan_65724,0.858178
5,int8,1,18,45,India_324254,0.851818
5,int8,1,19,44,Pakistan_211386,0.850208
5,int8,1,20,43,USA_217598,0.840387
5,int8,1,21,42,Ghana_103272,0.831237
5,int8,1,22,41,Ghana_128663,0.842427
5,int8,1,23,40,India_747970,0.881019
5,int8,1,24,39,Nigeria_143329,0.827597
5,int8,1,25,38,Sri-Lanka_249079,0.848378
5,int8,1,26,37,Paraguay_212687,0.822687
5,int8,1,27,36,Spain_2523247,0.9082
5,int8,1,28,35,Sri-Lanka_847275,0.89688
5,int8,1,29,34,India_287642,0.811196
5,int8,1,30,33,USA_605492,0.857799
5,int8,1,31,32,Sri-Lanka_883641,0.819616
5,int8,1,32,31,Paraguay_792268,1.12604
5,int8,1,33,30,India_652725,0.841387
5,int8,1,34,29,USA_181503,0.817556
5,int8,1,35,28,Paraguay_48673,0.807446
5,int8,1,36,27,India_91379,0.801876
5,int8,1,37,26,Paraguay_822142,0.914811
5,int8,1,38,25,India_773682,0.804066
5,int8,1,39,24,Spain_2594119,0.806036
5,int8,1,40,23,Sri-Lanka_956740,0.807556
5,int8,1,41,22,USA_655230,0.804486
5,int8,1,42,21,Somalia_970508,0.860598
5,int8,1,43,20,Paraguay_246154,0.807106
5,int8,1,44,19,Ghana_144050,0.839127
5,int8,1,45,18,USA_806273,0.887249
5,int8,1,46,17,India_979278,0.861618
5,int8,1,47,16,Nigeria_600295,0.814216
5,int8,1,48,15,Mekong_1395593,0.820957
5,int8,1,49,14,Ghana_135389,0.801635
5,int8,1,50,13,Sri-Lanka_551926,0.802516
5,int8,1,51,12,Paraguay_721886,0.800676
5,int8,1,52,11,Paraguay_1056717,0.818516
5,int8,1,53,10,USA_438959,0.813696
5,int8,1,54,9,Somalia_205466,0.812206
5,int8,1,55,8,Mekong_52610,0.888679
5,int8,1,56,7,Ghana_147015,0.810586
5,int8,1,57,6,India_56450,0.811896
5,int8,1,58,5,Mekong_342411,0.802246
5,int8,1,59,4,Sri-Lanka_748447,0.810656
5,int8,1,60,3,USA_224165,0.802016
5,int8,1,61,2,Paraguay_191503,0.851958
5,int8,1,62,1,Paraguay_36015,0.805446
5,int8,1,63,0,Spain_7786924,0.821867
5,int8,2,0,0,Spain_7786924,0.846947
5,int8,2,1,1,Paraguay_36015,0.780865
5,int8,2,2,2,Paraguay_191503,0.798515
5,int8,2,3,3,USA_224165,0.828847
5,int8,2,4,4,Sri-Lanka_748447,0.796795
5,int8,2,5,5,Mekong_342411,0.800766
5,int8,2,6,6,India_56450,0.812756
5,int8,2,7,7,Ghana_147015,0.802246
5,int8,2,8,8,Mekong_52610,0.852848
5,int8,2,9,9,Somalia_205466,0.804966
5,int8,2,10,10,USA_438959,0.821797
5,int8,2,11,11,Paraguay_1056717,0.800576
5,int8,2,12,12,Paraguay_721886,0.851548
5,int8,2,13,13,Sri-Lanka_551926,0.820516
5,int8,2,14,14,Ghana_135389,0.795796
5,int8,2,15,15,Mekong_1395593,0.805966
5,int8,2,16,16,Nigeria_600295,0.868889
5,int8,2,17,17,India_979278,0.809446
5,int8,2,18,18,USA_806273,0.798555
5,int8,2,19,19,Ghana_144050,0.810326
5,int8,2,20,20,Paraguay_246154,0.805716
5,int8,2,21,21,Somalia_970508,0.797756
5,int8,2,22,22,USA_655230,0.810527
5,int8,2,23,23,Sri-Lanka_956740,0.857059
5,int8,2,24,24,Spain_2594119,0.859678
5,int8,2,25,25,India_773682,0.867708
5,int8,2,26,26,Paraguay_822142,2.678969
5,int8,2,27,27,India_91379,0.809786
5,int8,2,28,28,Paraguay_48673,0.803706
5,int8,2,29,29,USA_181503,0.809746
5,int8,2,30,30,India_652725,0.816026
5,int8,2,31,31,Paraguay_792268,0.806296
5,int8,2,32,32,Sri-Lanka_883641,0.801575
5,int8,2,33,33,USA_605492,0.860138
5,int8,2,34,34,India_287642,0.829687
5,int8,2,35,35,Sri-Lanka_847275,0.90811
5,int8,2,36,36,Spain_2523247,0.857328
5,int8,2,37,37,Paraguay_212687,0.807426
5,int8,2,38,38,Sri-Lanka_249079,0.814696
5,int8,2,39,39,Nigeria_143329,0.855488
5,int8,2,40,40,India_747970,0.803056
5,int8,2,41,41,Ghana_128663,0.820936
5,int8,2,42,42,Ghana_103272,0.88667
5,int8,2,43,43,USA_217598,0.804485
5,int8,2,44,44,Pakistan_211386,0.853148
5,int8,2,45,45,India_324254,0.786785
5,int8,2,46,46,Pakistan_65724,0.821566
5,int8,2,47,47,Somalia_295782,0.808396
5,int8,2,48,48,USA_354981,0.814326
5,int8,2,49,49,USA_58086,0.799736
5,int8,2,50,50,Ghana_154838,0.811296
5,int8,2,51,51,USA_170264,0.812466
5,int8,2,52,52,Paraguay_1029042,0.832767
5,int8,2,53,53,Spain_8154154,0.806636
5,int8,2,54,54,Pakistan_246718,0.815857
5,int8,2,55,55,USA_1068362,0.791526
5,int8,2,56,56,Ghana_45911,0.808826
5,int8,2,57,57,Mekong_846007,0.804176
5,int8,2,58,58,Paraguay_482517,0.814517
5,int8,2,59,59,India_179238,0.864788
5,int8,2,60,60,India_534470,0.805326
5,int8,2,61,61,Somalia_93023,0.814666
5,int8,2,62,62,Ghana_8090,0.860438
5,int8,2,63,63,Sri-Lanka_52223,0.821437
6,int8,0,0,0,Spain_7786924,0.807136
6,int8,0,1,1,Paraguay_36015,0.808126
6,int8,0,2,2,Paraguay_191503,0.803926
6,int8,0,3,3,USA_224165,0.800245
6,int8,0,4,4,Sri-Lanka_748447,0.804896
6,int8,0,5,5,Mekong_342411,0.800696
6,int8,0,6,6,India_56450,0.797015
6,int8,0,7,7,Ghana_147015,0.799585
6,int8,0,8,8,Mekong_52610,0.803906
6,int8,0,9,9,Somalia_205466,0.794875
6,int8,0,10,10,USA_438959,0.852988
6,int8,0,11,11,Paraguay_1056717,0.851438
6,int8,0,12,12,Paraguay_721886,0.859018
6,int8,0,13,13,Sri-Lanka_551926,0.807376
6,int8,0,14,14,Ghana_135389,0.853048
6,int8,0,15,15,Mekong_1395593,0.801625
6,int8,0,16,16,Nigeria_600295,0.807786
6,int8,0,17,17,India_979278,0.860468
6,int8,0,18,18,USA_806273,0.797386
6,int8,0,19,19,Ghana_144050,0.796405
6,int8,0,20,20,Paraguay_246154,0.836998
6,int8,0,21,21,Somalia_970508,0.793925
6,int8,0,22,22,USA_655230,0.806556
6,int8,0,23,23,Sri-Lanka_956740,0.779324
6,int8,0,24,24,Spain_2594119,0.880439
6,int8,0,25,25,India_773682,0.799216
6,int8,0,26,26,Paraguay_822142,0.798775
6,int8,0,27,27,India_91379,0.804246
6,int8,0,28,28,Paraguay_48673,0.814496
6,int8,0,29,29,USA_181503,0.800536
6,int8,0,30,30,India_652725,0.798045
6,int8,0,31,31,Paraguay_792268,0.801216
6,int8,0,32,32,Sri-Lanka_883641,0.826907
6,int8,0,33,33,USA_605492,0.801495
6,int8,0,34,34,India_287642,0.811846
6,int8,0,35,35,Sri-Lanka_847275,0.803726
6,int8,0,36,36,Spain_2523247,0.807346
6,int8,0,37,37,Paraguay_212687,0.799785
6,int8,0,38,38,Sri-Lanka_249079,0.799026
6,int8,0,39,39,Nigeria_143329,0.801035
6,int8,0,40,40,India_747970,0.809486
6,int8,0,41,41,Ghana_128663,0.801346
6,int8,0,42,42,Ghana_103272,0.803396
6,int8,0,43,43,USA_217598,0.811726
6,int8,0,44,44,Pakistan_211386,0.803026
6,int8,0,45,45,India_324254,0.817676
6,int8,0,46,46,Pakistan_65724,0.808786
6,int8,0,47,47,Somalia_295782,0.803706
6,int8,0,48,48,USA_354981,0.809396
6,int8,0,49,49,USA_58086,0.813886
6,int8,0,50,50,Ghana_154838,0.803326
6,int8,0,51,51,USA_170264,0.798506
6,int8,0,52,52,Paraguay_1029042,0.794975
6,int8,0,53,53,Spain_8154154,0.807016
6,int8,0,54,54,Pakistan_246718,0.793795
6,int8,0,55,55,USA_1068362,0.798645
6,int8,0,56,56,Ghana_45911,0.847748
6,int8,0,57,57,Mekong_846007,0.816286
6,int8,0,58,58,Paraguay_482517,0.800836
6,int8,0,59,59,India_179238,0.794145
6,int8,0,60,60,India_534470,0.796586
6,int8,0,61,61,Somalia_93023,0.797755
6,int8,0,62,62,Ghana_8090,0.814846
6,int8,0,63,63,Sri-Lanka_52223,0.796546
6,int8,1,0,63,Sri-Lanka_52223,0.850118
6,int8,1,1,62,Ghana_8090,0.801486
6,int8,1,2,61,Somalia_93023,0.848927
6,int8,1,3,60,India_534470,0.796926
6,int8,1,4,59,India_179238,0.793726
6,int8,1,5,58,Paraguay_482517,0.799306
6,int8,1,6,57,Mekong_846007,0.817617
6,int8,1,7,56,Ghana_45911,0.790616
6,int8,1,8,55,USA_1068362,0.801086
6,int8,1,9,54,Pakistan_246718,0.804796
6,int8,1,10,53,Spain_8154154,0.811016
6,int8,1,11,52,Paraguay_1029042,0.807996
6,int8,1,12,51,USA_170264,0.914141
6,int8,1,13,50,Ghana_154838,0.808316
6,int8,1,14,49,USA_58086,0.803326
6,int8,1,15,48,USA_354981,0.794935
6,int8,1,16,47,Somalia_295782,0.798305
6,int8,1,17,46,Pakistan_65724,0.795036
6,int8,1,18,45,India_324254,0.857569
6,int8,1,19,44,Pakistan_211386,0.845728
6,int8,1,20,43,USA_217598,0.790465
6,int8,1,21,42,Ghana_103272,0.794896
6,int8,1,22,41,Ghana_128663,0.88891
6,int8,1,23,40,India_747970,0.849698
6,int8,1,24,39,Nigeria_143329,0.791926
6,int8,1,25,38,Sri-Lanka_249079,0.791855
6,int8,1,26,37,Paraguay_212687,0.826477
6,int8,1,27,36,Spain_2523247,0.794656
6,int8,1,28,35,Sri-Lanka_847275,0.848317
6,int8,1,29,34,India_287642,0.793646
6,int8,1,30,33,USA_605492,0.846008
6,int8,1,31,32,Sri-Lanka_883641,0.801716
6,int8,1,32,31,Paraguay_792268,0.848097
6,int8,1,33,30,India_652725,0.796916
6,int8,1,34,29,USA_181503,0.799835
6,int8,1,35,28,Paraguay_48673,0.799946
6,int8,1,36,27,India_91379,0.800645
6,int8,1,37,26,Paraguay_822142,0.800216
6,int8,1,38,25,India_773682,0.935051
6,int8,1,39,24,Spain_2594119,0.851698
6,int8,1,40,23,Sri-Lanka_956740,0.799265
6,int8,1,41,22,USA_655230,0.800546
6,int8,1,42,21,Somalia_970508,0.803976
6,int8,1,43,20,Paraguay_246154,0.858529
6,int8,1,44,19,Ghana_144050,0.806626
6,int8,1,45,18,USA_806273,0.784195
6,int8,1,46,17,India_979278,0.856198
6,int8,1,47,16,Nigeria_600295,0.957332
6,int8,1,48,15,Mekong_1395593,0.799276
6,int8,1,49,14,Ghana_135389,0.806976
6,int8,1,50,13,Sri-Lanka_551926,0.800136
6,int8,1,51,12,Paraguay_721886,0.803676
6,int8,1,52,11,Paraguay_1056717,0.801166
6,int8,1,53,10,USA_438959,0.803615
6,int8,1,54,9,Somalia_205466,0.89445
6,int8,1,55,8,Mekong_52610,0.805716
6,int8,1,56,7,Ghana_147015,0.88431
6,int8,1,57,6,India_56450,0.806896
6,int8,1,58,5,Mekong_342411,0.797116
6,int8,1,59,4,Sri-Lanka_748447,0.825137
6,int8,1,60,3,USA_224165,0.849358
6,int8,1,61,2,Paraguay_191503,0.795756
6,int8,1,62,1,Paraguay_36015,0.794856
6,int8,1,63,0,Spain_7786924,0.803335
6,int8,2,0,0,Spain_7786924,0.791106
6,int8,2,1,1,Paraguay_36015,0.777495
6,int8,2,2,2,Paraguay_191503,0.794515
6,int8,2,3,3,USA_224165,0.795795
6,int8,2,4,4,Sri-Lanka_748447,0.789495
6,int8,2,5,5,Mekong_342411,0.799496
6,int8,2,6,6,India_56450,0.792736
6,int8,2,7,7,Ghana_147015,0.801415
6,int8,2,8,8,Mekong_52610,0.796496
6,int8,2,9,9,Somalia_205466,0.798306
6,int8,2,10,10,USA_438959,0.843638
6,int8,2,11,11,Paraguay_1056717,0.835957
6,int8,2,12,12,Paraguay_721886,0.886929
6,int8,2,13,13,Sri-Lanka_551926,0.813947
6,int8,2,14,14,Ghana_135389,0.803885
6,int8,2,15,15,Mekong_1395593,0.902141
6,int8,2,16,16,Nigeria_600295,0.803456
6,int8,2,17,17,India_979278,0.801975
6,int8,2,18,18,USA_806273,0.88668
6,int8,2,19,19,Ghana_144050,0.797615
6,int8,2,20,20,Paraguay_246154,0.852208
6,int8,2,21,21,Somalia_970508,0.793455
6,int8,2,22,22,USA_655230,0.846408
6,int8,2,23,23,Sri-Lanka_956740,2.966872
6,int8,2,24,24,Spain_2594119,0.804866
6,int8,2,25,25,India_773682,0.799056
6,int8,2,26,26,Paraguay_822142,0.808356
6,int8,2,27,27,India_91379,0.810786
6,int8,2,28,28,Paraguay_48673,0.815036
6,int8,2,29,29,USA_181503,0.887429
6,int8,2,30,30,India_652725,0.815336
6,int8,2,31,31,Paraguay_792268,0.813416
6,int8,2,32,32,Sri-Lanka_883641,0.812506
6,int8,2,33,33,USA_605492,0.808456
6,int8,2,34,34,India_287642,0.828447
6,int8,2,35,35,Sri-Lanka_847275,0.854888
6,int8,2,36,36,Spain_2523247,0.800776
6,int8,2,37,37,Paraguay_212687,0.800315
6,int8,2,38,38,Sri-Lanka_249079,0.831787
6,int8,2,39,39,Nigeria_143329,0.786936
6,int8,2,40,40,India_747970,0.800616
6,int8,2,41,41,Ghana_128663,0.799836
6,int8,2,42,42,Ghana_103272,0.829557
6,int8,2,43,43,USA_217598,0.806096
6,int8,2,44,44,Pakistan_211386,0.800065
6,int8,2,45,45,India_324254,0.874609
6,int8,2,46,46,Pakistan_65724,0.820166
6,int8,2,47,47,Somalia_295782,0.800356
6,int8,2,48,48,USA_354981,0.806116
6,int8,2,49,49,USA_58086,0.799236
6,int8,2,50,50,Ghana_154838,0.811196
6,int8,2,51,51,USA_170264,0.811456
6,int8,2,52,52,Paraguay_1029042,0.806636
6,int8,2,53,53,Spain_8154154,0.88852
6,int8,2,54,54,Pakistan_246718,0.805776
6,int8,2,55,55,USA_1068362,0.812196
6,int8,2,56,56,Ghana_45911,0.806906
6,int8,2,57,57,Mekong_846007,0.807176
6,int8,2,58,58,Paraguay_482517,0.814286
6,int8,2,59,59,India_179238,0.857958
6,int8,2,60,60,India_534470,0.809716
6,int8,2,61,61,Somalia_93023,0.808926
6,int8,2,62,62,Ghana_8090,0.809906
6,int8,2,63,63,Sri-Lanka_52223,0.817796
6,fp16,0,0,0,Spain_7786924,0.559015
6,fp16,0,1,1,Paraguay_36015,1.026386
6,fp16,0,2,2,Paraguay_191503,0.574536
6,fp16,0,3,3,USA_224165,0.569475
6,fp16,0,4,4,Sri-Lanka_748447,0.577656
6,fp16,0,5,5,Mekong_342411,0.562135
6,fp16,0,6,6,India_56450,0.66287
6,fp16,0,7,7,Ghana_147015,0.576615
6,fp16,0,8,8,Mekong_52610,0.579236
6,fp16,0,9,9,Somalia_205466,0.568155
6,fp16,0,10,10,USA_438959,0.558574
6,fp16,0,11,11,Paraguay_1056717,0.578196
6,fp16,0,12,12,Paraguay_721886,0.576965
6,fp16,0,13,13,Sri-Lanka_551926,0.567506
6,fp16,0,14,14,Ghana_135389,0.561735
6,fp16,0,15,15,Mekong_1395593,0.574326
6,fp16,0,16,16,Nigeria_600295,0.566486
6,fp16,0,17,17,India_979278,0.566666
6,fp16,0,18,18,USA_806273,0.570045
6,fp16,0,19,19,Ghana_144050,0.577576
6,fp16,0,20,20,Paraguay_246154,0.563276
6,fp16,0,21,21,Somalia_970508,0.571746
6,fp16,0,22,22,USA_655230,0.572385
6,fp16,0,23,23,Sri-Lanka_956740,0.568595
6,fp16,0,24,24,Spain_2594119,0.571675
6,fp16,0,25,25,India_773682,0.571456
6,fp16,0,26,26,Paraguay_822142,0.567086
6,fp16,0,27,27,India_91379,0.558914
6,fp16,0,28,28,Paraguay_48673,0.561695
6,fp16,0,29,29,USA_181503,0.575146
6,fp16,0,30,30,India_652725,0.564705
6,fp16,0,31,31,Paraguay_792268,0.564025
6,fp16,0,32,32,Sri-Lanka_883641,0.564395
6,fp16,0,33,33,USA_605492,0.570835
6,fp16,0,34,34,India_287642,0.571706
6,fp16,0,35,35,Sri-Lanka_847275,0.554485
6,fp16,0,36,36,Spain_2523247,0.574165
6,fp16,0,37,37,Paraguay_212687,0.563025
6,fp16,0,38,38,Sri-Lanka_249079,0.569155
6,fp16,0,39,39,Nigeria_143329,0.559045
6,fp16,0,40,40,India_747970,0.585766
6,fp16,0,41,41,Ghana_128663,0.570816
6,fp16,0,42,42,Ghana_103272,0.563766
6,fp16,0,43,43,USA_217598,0.575846
6,fp16,0,44,44,Pakistan_211386,0.578046
6,fp16,0,45,45,India_324254,0.574806
6,fp16,0,46,46,Pakistan_65724,0.573915
6,fp16,0,47,47,Somalia_295782,0.567635
6,fp16,0,48,48,USA_354981,0.564805
6,fp16,0,49,49,USA_58086,0.564005
6,fp16,0,50,50,Ghana_154838,0.579336
6,fp16,0,51,51,USA_170264,0.565195
6,fp16,0,52,52,Paraguay_1029042,0.561925
6,fp16,0,53,53,Spain_8154154,0.561505
6,fp16,0,54,54,Pakistan_246718,0.570985
6,fp16,0,55,55,USA_1068362,0.567826
6,fp16,0,56,56,Ghana_45911,0.605587
6,fp16,0,57,57,Mekong_846007,0.564846
6,fp16,0,58,58,Paraguay_482517,0.574646
6,fp16,0,59,59,India_179238,0.564045
6,fp16,0,60,60,India_534470,0.561785
6,fp16,0,61,61,Somalia_93023,0.577256
6,fp16,0,62,62,Ghana_8090,0.569565
6,fp16,0,63,63,Sri-Lanka_52223,0.565075
6,fp16,1,0,63,Sri-Lanka_52223,0.561775
6,fp16,1,1,62,Ghana_8090,0.568215
6,fp16,1,2,61,Somalia_93023,0.553615
6,fp16,1,3,60,India_534470,0.570106
6,fp16,1,4,59,India_179238,0.574665
6,fp16,1,5,58,Paraguay_482517,0.575996
6,fp16,1,6,57,Mekong_846007,0.562536
6,fp16,1,7,56,Ghana_45911,0.558525
6,fp16,1,8,55,USA_1068362,0.574286
6,fp16,1,9,54,Pakistan_246718,0.568736
6,fp16,1,10,53,Spain_8154154,0.561976
6,fp16,1,11,52,Paraguay_1029042,0.572686
6,fp16,1,12,51,USA_170264,0.579796
6,fp16,1,13,50,Ghana_154838,0.563675
6,fp16,1,14,49,USA_58086,0.563376
6,fp16,1,15,48,USA_354981,0.563815
6,fp16,1,16,47,Somalia_295782,0.568236
6,fp16,1,17,46,Pakistan_65724,0.566446
6,fp16,1,18,45,India_324254,0.564755
6,fp16,1,19,44,Pakistan_211386,0.572206
6,fp16,1,20,43,USA_217598,0.584146
6,fp16,1,21,42,Ghana_103272,0.561265
6,fp16,1,22,41,Ghana_128663,0.557315
6,fp16,1,23,40,India_747970,0.578286
6,fp16,1,24,39,Nigeria_143329,0.564375
6,fp16,1,25,38,Sri-Lanka_249079,0.562215
6,fp16,1,26,37,Paraguay_212687,0.568085
6,fp16,1,27,36,Spain_2523247,0.564185
6,fp16,1,28,35,Sri-Lanka_847275,0.567095
6,fp16,1,29,34,India_287642,0.558175
6,fp16,1,30,33,USA_605492,0.582626
6,fp16,1,31,32,Sri-Lanka_883641,0.571565
6,fp16,1,32,31,Paraguay_792268,0.563245
6,fp16,1,33,30,India_652725,0.569225
6,fp16,1,34,29,USA_181503,0.566155
6,fp16,1,35,28,Paraguay_48673,0.566135
6,fp16,1,36,27,India_91379,0.557735
6,fp16,1,37,26,Paraguay_822142,0.578505
6,fp16,1,38,25,India_773682,0.568455
6,fp16,1,39,24,Spain_2594119,0.560965
6,fp16,1,40,23,Sri-Lanka_956740,0.569605
6,fp16,1,41,22,USA_655230,0.557505
6,fp16,1,42,21,Somalia_970508,0.584766
6,fp16,1,43,20,Paraguay_246154,0.563305
6,fp16,1,44,19,Ghana_144050,0.570626
6,fp16,1,45,18,USA_806273,0.557305
6,fp16,1,46,17,India_979278,0.561295
6,fp16,1,47,16,Nigeria_600295,0.588847
6,fp16,1,48,15,Mekong_1395593,0.575086
6,fp16,1,49,14,Ghana_135389,0.573555
6,fp16,1,50,13,Sri-Lanka_551926,0.565125
6,fp16,1,51,12,Paraguay_721886,0.569295
6,fp16,1,52,11,Paraguay_1056717,0.559655
6,fp16,1,53,10,USA_438959,0.573155
6,fp16,1,54,9,Somalia_205466,0.556755
6,fp16,1,55,8,Mekong_52610,0.566635
6,fp16,1,56,7,Ghana_147015,0.557574
6,fp16,1,57,6,India_56450,0.561975
6,fp16,1,58,5,Mekong_342411,0.579366
6,fp16,1,59,4,Sri-Lanka_748447,0.571115
6,fp16,1,60,3,USA_224165,0.561065
6,fp16,1,61,2,Paraguay_191503,0.567705
6,fp16,1,62,1,Paraguay_36015,0.565365
6,fp16,1,63,0,Spain_7786924,0.567736
6,fp16,2,0,0,Spain_7786924,0.558235
6,fp16,2,1,1,Paraguay_36015,0.571375
6,fp16,2,2,2,Paraguay_191503,0.573895
6,fp16,2,3,3,USA_224165,0.565096
6,fp16,2,4,4,Sri-Lanka_748447,0.550115
6,fp16,2,5,5,Mekong_342411,0.568445
6,fp16,2,6,6,India_56450,0.566006
6,fp16,2,7,7,Ghana_147015,0.563595
6,fp16,2,8,8,Mekong_52610,0.579376
6,fp16,2,9,9,Somalia_205466,0.573676
6,fp16,2,10,10,USA_438959,0.558284
6,fp16,2,11,11,Paraguay_1056717,0.562165
6,fp16,2,12,12,Paraguay_721886,0.568735
6,fp16,2,13,13,Sri-Lanka_551926,0.567465
6,fp16,2,14,14,Ghana_135389,0.562715
6,fp16,2,15,15,Mekong_1395593,0.572276
6,fp16,2,16,16,Nigeria_600295,0.562975
6,fp16,2,17,17,India_979278,0.572376
6,fp16,2,18,18,USA_806273,0.558425
6,fp16,2,19,19,Ghana_144050,0.573896
6,fp16,2,20,20,Paraguay_246154,0.560815
6,fp16,2,21,21,Somalia_970508,0.546874
6,fp16,2,22,22,USA_655230,0.572095
6,fp16,2,23,23,Sri-Lanka_956740,0.568035
6,fp16,2,24,24,Spain_2594119,0.552574
6,fp16,2,25,25,India_773682,0.559235
6,fp16,2,26,26,Paraguay_822142,0.569535
6,fp16,2,27,27,India_91379,0.570075
6,fp16,2,28,28,Paraguay_48673,0.564645
6,fp16,2,29,29,USA_181503,0.560105
6,fp16,2,30,30,India_652725,0.563215
6,fp16,2,31,31,Paraguay_792268,0.564245
6,fp16,2,32,32,Sri-Lanka_883641,0.564975
6,fp16,2,33,33,USA_605492,0.568075
6,fp16,2,34,34,India_287642,0.568015
6,fp16,2,35,35,Sri-Lanka_847275,0.572255
6,fp16,2,36,36,Spain_2523247,0.561385
6,fp16,2,37,37,Paraguay_212687,0.579586
6,fp16,2,38,38,Sri-Lanka_249079,0.559405
6,fp16,2,39,39,Nigeria_143329,0.566085
6,fp16,2,40,40,India_747970,0.567675
6,fp16,2,41,41,Ghana_128663,0.571805
6,fp16,2,42,42,Ghana_103272,0.570496
6,fp16,2,43,43,USA_217598,0.559565
6,fp16,2,44,44,Pakistan_211386,0.569015
6,fp16,2,45,45,India_324254,0.565015
6,fp16,2,46,46,Pakistan_65724,0.553925
6,fp16,2,47,47,Somalia_295782,0.575966
6,fp16,2,48,48,USA_354981,0.569935
6,fp16,2,49,49,USA_58086,0.565065
6,fp16,2,50,50,Ghana_154838,0.597937
6,fp16,2,51,51,USA_170264,0.582886
6,fp16,2,52,52,Paraguay_1029042,0.571636
6,fp16,2,53,53,Spain_8154154,0.552385
6,fp16,2,54,54,Pakistan_246718,0.563015
6,fp16,2,55,55,USA_1068362,0.580496
6,fp16,2,56,56,Ghana_45911,0.578236
6,fp16,2,57,57,Mekong_846007,0.564525
6,fp16,2,58,58,Paraguay_482517,0.562385
6,fp16,2,59,59,India_179238,0.575735
6,fp16,2,60,60,India_534470,0.571216
6,fp16,2,61,61,Somalia_93023,0.569826
6,fp16,2,62,62,Ghana_8090,0.576096
6,fp16,2,63,63,Sri-Lanka_52223,0.557425
7,fp16,0,0,0,Spain_7786924,0.567675
7,fp16,0,1,1,Paraguay_36015,0.851678
7,fp16,0,2,2,Paraguay_191503,0.566365
7,fp16,0,3,3,USA_224165,0.548834
7,fp16,0,4,4,Sri-Lanka_748447,0.549194
7,fp16,0,5,5,Mekong_342411,0.564655
7,fp16,0,6,6,India_56450,0.544494
7,fp16,0,7,7,Ghana_147015,0.548084
7,fp16,0,8,8,Mekong_52610,0.542914
7,fp16,0,9,9,Somalia_205466,0.534234
7,fp16,0,10,10,USA_438959,0.563205
7,fp16,0,11,11,Paraguay_1056717,0.553655
7,fp16,0,12,12,Paraguay_721886,0.555824
7,fp16,0,13,13,Sri-Lanka_551926,0.541354
7,fp16,0,14,14,Ghana_135389,0.556575
7,fp16,0,15,15,Mekong_1395593,0.547735
7,fp16,0,16,16,Nigeria_600295,0.549255
7,fp16,0,17,17,India_979278,0.544694
7,fp16,0,18,18,USA_806273,0.541104
7,fp16,0,19,19,Ghana_144050,0.553905
7,fp16,0,20,20,Paraguay_246154,0.543524
7,fp16,0,21,21,Somalia_970508,0.549125
7,fp16,0,22,22,USA_655230,0.584536
7,fp16,0,23,23,Sri-Lanka_956740,0.549995
7,fp16,0,24,24,Spain_2594119,0.544584
7,fp16,0,25,25,India_773682,0.543574
7,fp16,0,26,26,Paraguay_822142,0.541414
7,fp16,0,27,27,India_91379,0.540935
7,fp16,0,28,28,Paraguay_48673,0.542224
7,fp16,0,29,29,USA_181503,0.546424
7,fp16,0,30,30,India_652725,0.549574
7,fp16,0,31,31,Paraguay_792268,0.549054
7,fp16,0,32,32,Sri-Lanka_883641,0.549555
7,fp16,0,33,33,USA_605492,0.551235
7,fp16,0,34,34,India_287642,0.560755
7,fp16,0,35,35,Sri-Lanka_847275,0.542504
7,fp16,0,36,36,Spain_2523247,0.545364
7,fp16,0,37,37,Paraguay_212687,0.555635
7,fp16,0,38,38,Sri-Lanka_249079,0.542405
7,fp16,0,39,39,Nigeria_143329,0.554415
7,fp16,0,40,40,India_747970,0.544354
7,fp16,0,41,41,Ghana_128663,0.549794
7,fp16,0,42,42,Ghana_103272,0.552055
7,fp16,0,43,43,USA_217598,0.543365
7,fp16,0,44,44,Pakistan_211386,0.545205
7,fp16,0,45,45,India_324254,0.553575
7,fp16,0,46,46,Pakistan_65724,0.544354
7,fp16,0,47,47,Somalia_295782,0.539804
7,fp16,0,48,48,USA_354981,0.550895
7,fp16,0,49,49,USA_58086,0.542294
7,fp16,0,50,50,Ghana_154838,0.573255
7,fp16,0,51,51,USA_170264,0.559285
7,fp16,0,52,52,Paraguay_1029042,0.557924
7,fp16,0,53,53,Spain_8154154,0.542994
7,fp16,0,54,54,Pakistan_246718,0.550315
7,fp16,0,55,55,USA_1068362,0.546725
7,fp16,0,56,56,Ghana_45911,0.543355
7,fp16,0,57,57,Mekong_846007,2.737422
7,fp16,0,58,58,Paraguay_482517,0.537004
7,fp16,0,59,59,India_179238,0.564275
7,fp16,0,60,60,India_534470,0.556255
7,fp16,0,61,61,Somalia_93023,0.546704
7,fp16,0,62,62,Ghana_8090,0.535194
7,fp16,0,63,63,Sri-Lanka_52223,0.542494
7,fp16,1,0,63,Sri-Lanka_52223,0.548434
7,fp16,1,1,62,Ghana_8090,0.560675
7,fp16,1,2,61,Somalia_93023,0.548074
7,fp16,1,3,60,India_534470,0.538184
7,fp16,1,4,59,India_179238,0.557324
7,fp16,1,5,58,Paraguay_482517,0.552955
7,fp16,1,6,57,Mekong_846007,0.549074
7,fp16,1,7,56,Ghana_45911,0.564345
7,fp16,1,8,55,USA_1068362,0.541024
7,fp16,1,9,54,Pakistan_246718,0.548315
7,fp16,1,10,53,Spain_8154154,0.541284
7,fp16,1,11,52,Paraguay_1029042,0.559445
7,fp16,1,12,51,USA_170264,0.574515
7,fp16,1,13,50,Ghana_154838,0.544774
7,fp16,1,14,49,USA_58086,0.561985
7,fp16,1,15,48,USA_354981,0.550214
7,fp16,1,16,47,Somalia_295782,0.551015
7,fp16,1,17,46,Pakistan_65724,0.555065
7,fp16,1,18,45,India_324254,0.557775
7,fp16,1,19,44,Pakistan_211386,0.545714
7,fp16,1,20,43,USA_217598,0.560955
7,fp16,1,21,42,Ghana_103272,0.555184
7,fp16,1,22,41,Ghana_128663,0.550675
7,fp16,1,23,40,India_747970,0.556595
7,fp16,1,24,39,Nigeria_143329,0.558215
7,fp16,1,25,38,Sri-Lanka_249079,0.547445
7,fp16,1,26,37,Paraguay_212687,0.547704
7,fp16,1,27,36,Spain_2523247,0.561405
7,fp16,1,28,35,Sri-Lanka_847275,0.560755
7,fp16,1,29,34,India_287642,0.586826
7,fp16,1,30,33,USA_605492,0.555205
7,fp16,1,31,32,Sri-Lanka_883641,0.562466
7,fp16,1,32,31,Paraguay_792268,0.544894
7,fp16,1,33,30,India_652725,0.554105
7,fp16,1,34,29,USA_181503,0.553225
7,fp16,1,35,28,Paraguay_48673,0.568346
7,fp16,1,36,27,India_91379,0.550785
7,fp16,1,37,26,Paraguay_822142,0.543714
7,fp16,1,38,25,India_773682,0.557085
7,fp16,1,39,24,Spain_2594119,0.548875
7,fp16,1,40,23,Sri-Lanka_956740,0.545664
7,fp16,1,41,22,USA_655230,0.559905
7,fp16,1,42,21,Somalia_970508,0.551624
7,fp16,1,43,20,Paraguay_246154,0.547375
7,fp16,1,44,19,Ghana_144050,0.552335
7,fp16,1,45,18,USA_806273,0.556345
7,fp16,1,46,17,India_979278,0.583836
7,fp16,1,47,16,Nigeria_600295,0.554325
7,fp16,1,48,15,Mekong_1395593,0.556415
7,fp16,1,49,14,Ghana_135389,0.558925
7,fp16,1,50,13,Sri-Lanka_551926,0.550365
7,fp16,1,51,12,Paraguay_721886,0.554435
7,fp16,1,52,11,Paraguay_1056717,0.561215
7,fp16,1,53,10,USA_438959,0.549354
7,fp16,1,54,9,Somalia_205466,0.640909
7,fp16,1,55,8,Mekong_52610,0.558935
7,fp16,1,56,7,Ghana_147015,0.557285
7,fp16,1,57,6,India_56450,0.590757
7,fp16,1,58,5,Mekong_342411,0.545585
7,fp16,1,59,4,Sri-Lanka_748447,0.557785
7,fp16,1,60,3,USA_224165,0.555945
7,fp16,1,61,2,Paraguay_191503,0.646199
7,fp16,1,62,1,Paraguay_36015,0.571625
7,fp16,1,63,0,Spain_7786924,0.566085
7,fp16,2,0,0,Spain_7786924,0.553574
7,fp16,2,1,1,Paraguay_36015,0.536153
7,fp16,2,2,2,Paraguay_191503,0.560635
7,fp16,2,3,3,USA_224165,0.548634
7,fp16,2,4,4,Sri-Lanka_748447,0.550114
7,fp16,2,5,5,Mekong_342411,0.553345
7,fp16,2,6,6,India_56450,0.549685
7,fp16,2,7,7,Ghana_147015,0.544945
7,fp16,2,8,8,Mekong_52610,0.543755
7,fp16,2,9,9,Somalia_205466,0.557875
7,fp16,2,10,10,USA_438959,0.571755
7,fp16,2,11,11,Paraguay_1056717,0.556095
7,fp16,2,12,12,Paraguay_721886,0.560555
7,fp16,2,13,13,Sri-Lanka_551926,0.563305
7,fp16,2,14,14,Ghana_135389,0.549834
7,fp16,2,15,15,Mekong_1395593,0.550794
7,fp16,2,16,16,Nigeria_600295,0.560085
7,fp16,2,17,17,India_979278,0.544495
7,fp16,2,18,18,USA_806273,0.538814
7,fp16,2,19,19,Ghana_144050,0.556895
7,fp16,2,20,20,Paraguay_246154,0.565976
7,fp16,2,21,21,Somalia_970508,0.539204
7,fp16,2,22,22,USA_655230,0.559614
7,fp16,2,23,23,Sri-Lanka_956740,0.557214
7,fp16,2,24,24,Spain_2594119,0.544974
7,fp16,2,25,25,India_773682,0.557735
7,fp16,2,26,26,Paraguay_822142,0.559665
7,fp16,2,27,27,India_91379,0.584576
7,fp16,2,28,28,Paraguay_48673,0.548495
7,fp16,2,29,29,USA_181503,0.568426
7,fp16,2,30,30,India_652725,0.547545
7,fp16,2,31,31,Paraguay_792268,0.546325
7,fp16,2,32,32,Sri-Lanka_883641,0.550285
7,fp16,2,33,33,USA_605492,0.555245
7,fp16,2,34,34,India_287642,0.554575
7,fp16,2,35,35,Sri-Lanka_847275,0.561445
7,fp16,2,36,36,Spain_2523247,0.560345
7,fp16,2,37,37,Paraguay_212687,0.552164
7,fp16,2,38,38,Sri-Lanka_249079,0.552955
7,fp16,2,39,39,Nigeria_143329,0.557895
7,fp16,2,40,40,India_747970,0.554845
7,fp16,2,41,41,Ghana_128663,0.552915
7,fp16,2,42,42,Ghana_103272,0.550164
7,fp16,2,43,43,USA_217598,0.560755
7,fp16,2,44,44,Pakistan_211386,0.563536
7,fp16,2,45,45,India_324254,0.542054
7,fp16,2,46,46,Pakistan_65724,0.563905
7,fp16,2,47,47,Somalia_295782,0.551134
7,fp16,2,48,48,USA_354981,0.550514
7,fp16,2,49,49,USA_58086,0.550375
7,fp16,2,50,50,Ghana_154838,0.581496
7,fp16,2,51,51,USA_170264,0.544285
7,fp16,2,52,52,Paraguay_1029042,0.543684
7,fp16,2,53,53,Spain_8154154,0.558635
7,fp16,2,54,54,Pakistan_246718,0.551364
7,fp16,2,55,55,USA_1068362,0.548744
7,fp16,2,56,56,Ghana_45911,0.553895
7,fp16,2,57,57,Mekong_846007,0.556465
7,fp16,2,58,58,Paraguay_482517,0.545214
7,fp16,2,59,59,India_179238,0.549924
7,fp16,2,60,60,India_534470,0.563275
7,fp16,2,61,61,Somalia_93023,0.564345
7,fp16,2,62,62,Ghana_8090,0.549754
7,fp16,2,63,63,Sri-Lanka_52223,0.549645
7,int8,0,0,0,Spain_7786924,0.822026
7,int8,0,1,1,Paraguay_36015,0.817497
7,int8,0,2,2,Paraguay_191503,0.802326
7,int8,0,3,3,USA_224165,0.799546
7,int8,0,4,4,Sri-Lanka_748447,0.829567
7,int8,0,5,5,Mekong_342411,0.806026
7,int8,0,6,6,India_56450,0.806706
7,int8,0,7,7,Ghana_147015,0.803776
7,int8,0,8,8,Mekong_52610,0.819757
7,int8,0,9,9,Somalia_205466,0.803055
7,int8,0,10,10,USA_438959,0.802596
7,int8,0,11,11,Paraguay_1056717,0.805286
7,int8,0,12,12,Paraguay_721886,0.807446
7,int8,0,13,13,Sri-Lanka_551926,0.806156
7,int8,0,14,14,Ghana_135389,0.805456
7,int8,0,15,15,Mekong_1395593,0.806036
7,int8,0,16,16,Nigeria_600295,0.807066
7,int8,0,17,17,India_979278,0.805156
7,int8,0,18,18,USA_806273,0.799826
7,int8,0,19,19,Ghana_144050,0.801816
7,int8,0,20,20,Paraguay_246154,0.818907
7,int8,0,21,21,Somalia_970508,0.791425
7,int8,0,22,22,USA_655230,0.807406
7,int8,0,23,23,Sri-Lanka_956740,0.811796
7,int8,0,24,24,Spain_2594119,0.810126
7,int8,0,25,25,India_773682,0.809826
7,int8,0,26,26,Paraguay_822142,0.788765
7,int8,0,27,27,India_91379,0.796155
7,int8,0,28,28,Paraguay_48673,0.804076
7,int8,0,29,29,USA_181503,0.835627
7,int8,0,30,30,India_652725,0.804416
7,int8,0,31,31,Paraguay_792268,0.803186
7,int8,0,32,32,Sri-Lanka_883641,0.803476
7,int8,0,33,33,USA_605492,0.817517
7,int8,0,34,34,India_287642,0.807046
7,int8,0,35,35,Sri-Lanka_847275,0.802046
7,int8,0,36,36,Spain_2523247,0.822567
7,int8,0,37,37,Paraguay_212687,0.806146
7,int8,0,38,38,Sri-Lanka_249079,0.802046
7,int8,0,39,39,Nigeria_143329,0.803296
7,int8,0,40,40,India_747970,0.805756
7,int8,0,41,41,Ghana_128663,0.803835
7,int8,0,42,42,Ghana_103272,0.802556
7,int8,0,43,43,USA_217598,0.807236
7,int8,0,44,44,Pakistan_211386,0.804796
7,int8,0,45,45,India_324254,0.807906
7,int8,0,46,46,Pakistan_65724,0.808416
7,int8,0,47,47,Somalia_295782,0.810526
7,int8,0,48,48,USA_354981,0.811076
7,int8,0,49,49,USA_58086,0.812256
7,int8,0,50,50,Ghana_154838,0.834767
7,int8,0,51,51,USA_170264,0.815306
7,int8,0,52,52,Paraguay_1029042,0.805136
7,int8,0,53,53,Spain_8154154,0.865669
7,int8,0,54,54,Pakistan_246718,0.824347
7,int8,0,55,55,USA_1068362,0.799476
7,int8,0,56,56,Ghana_45911,0.801066
7,int8,0,57,57,Mekong_846007,0.801716
7,int8,0,58,58,Paraguay_482517,0.818466
7,int8,0,59,59,India_179238,0.801135
7,int8,0,60,60,India_534470,0.851908
7,int8,0,61,61,Somalia_93023,0.802185
7,int8,0,62,62,Ghana_8090,0.872909
7,int8,0,63,63,Sri-Lanka_52223,0.825837
7,int8,1,0,63,Sri-Lanka_52223,0.861699
7,int8,1,1,62,Ghana_8090,0.810566
7,int8,1,2,61,Somalia_93023,0.818626
7,int8,1,3,60,India_534470,0.799986
7,int8,1,4,59,India_179238,0.799735
7,int8,1,5,58,Paraguay_482517,0.800216
7,int8,1,6,57,Mekong_846007,0.862578
7,int8,1,7,56,Ghana_45911,0.805346
7,int8,1,8,55,USA_1068362,0.855919
7,int8,1,9,54,Pakistan_246718,0.815017
7,int8,1,10,53,Spain_8154154,0.792616
7,int8,1,11,52,Paraguay_1029042,0.806916
7,int8,1,12,51,USA_170264,0.807146
7,int8,1,13,50,Ghana_154838,0.806686
7,int8,1,14,49,USA_58086,0.808306
7,int8,1,15,48,USA_354981,0.810237
7,int8,1,16,47,Somalia_295782,0.799796
7,int8,1,17,46,Pakistan_65724,0.813066
7,int8,1,18,45,India_324254,0.813646
7,int8,1,19,44,Pakistan_211386,0.912351
7,int8,1,20,43,USA_217598,0.800536
7,int8,1,21,42,Ghana_103272,0.808386
7,int8,1,22,41,Ghana_128663,0.813286
7,int8,1,23,40,India_747970,0.821096
7,int8,1,24,39,Nigeria_143329,0.814906
7,int8,1,25,38,Sri-Lanka_249079,0.802146
7,int8,1,26,37,Paraguay_212687,0.811736
7,int8,1,27,36,Spain_2523247,0.871319
7,int8,1,28,35,Sri-Lanka_847275,0.811906
7,int8,1,29,34,India_287642,0.801365
7,int8,1,30,33,USA_605492,0.805796
7,int8,1,31,32,Sri-Lanka_883641,0.833947
7,int8,1,32,31,Paraguay_792268,0.805386
7,int8,1,33,30,India_652725,0.806476
7,int8,1,34,29,USA_181503,0.802085
7,int8,1,35,28,Paraguay_48673,0.817237
7,int8,1,36,27,India_91379,0.804146
7,int8,1,37,26,Paraguay_822142,0.802936
7,int8,1,38,25,India_773682,0.801125
7,int8,1,39,24,Spain_2594119,0.804876
7,int8,1,40,23,Sri-Lanka_956740,0.807096
7,int8,1,41,22,USA_655230,0.805656
7,int8,1,42,21,Somalia_970508,0.806816
7,int8,1,43,20,Paraguay_246154,0.861579
7,int8,1,44,19,Ghana_144050,0.803856
7,int8,1,45,18,USA_806273,0.793615
7,int8,1,46,17,India_979278,0.807616
7,int8,1,47,16,Nigeria_600295,0.807116
7,int8,1,48,15,Mekong_1395593,0.803566
7,int8,1,49,14,Ghana_135389,0.813926
7,int8,1,50,13,Sri-Lanka_551926,0.810806
7,int8,1,51,12,Paraguay_721886,0.811626
7,int8,1,52,11,Paraguay_1056717,0.834727
7,int8,1,53,10,USA_438959,0.807906
7,int8,1,54,9,Somalia_205466,0.814576
7,int8,1,55,8,Mekong_52610,0.811896
7,int8,1,56,7,Ghana_147015,0.822377
7,int8,1,57,6,India_56450,0.815326
7,int8,1,58,5,Mekong_342411,0.787835
7,int8,1,59,4,Sri-Lanka_748447,0.799186
7,int8,1,60,3,USA_224165,0.816516
7,int8,1,61,2,Paraguay_191503,0.804256
7,int8,1,62,1,Paraguay_36015,0.801746
7,int8,1,63,0,Spain_7786924,0.804436
7,int8,2,0,0,Spain_7786924,0.799355
7,int8,2,1,1,Paraguay_36015,0.788005
7,int8,2,2,2,Paraguay_191503,0.857518
7,int8,2,3,3,USA_224165,0.801506
7,int8,2,4,4,Sri-Lanka_748447,0.804006
7,int8,2,5,5,Mekong_342411,0.856438
7,int8,2,6,6,India_56450,0.820917
7,int8,2,7,7,Ghana_147015,0.811797
7,int8,2,8,8,Mekong_52610,0.820647
7,int8,2,9,9,Somalia_205466,0.810126
7,int8,2,10,10,USA_438959,0.803225
7,int8,2,11,11,Paraguay_1056717,0.805636
7,int8,2,12,12,Paraguay_721886,0.812656
7,int8,2,13,13,Sri-Lanka_551926,0.806756
7,int8,2,14,14,Ghana_135389,0.817727
7,int8,2,15,15,Mekong_1395593,0.814957
7,int8,2,16,16,Nigeria_600295,0.89191
7,int8,2,17,17,India_979278,0.817766
7,int8,2,18,18,USA_806273,0.814926
7,int8,2,19,19,Ghana_144050,0.89414
7,int8,2,20,20,Paraguay_246154,0.803066
7,int8,2,21,21,Somalia_970508,0.880879
7,int8,2,22,22,USA_655230,0.805666
7,int8,2,23,23,Sri-Lanka_956740,0.811266
7,int8,2,24,24,Spain_2594119,0.809136
7,int8,2,25,25,India_773682,0.814267
7,int8,2,26,26,Paraguay_822142,0.816277
7,int8,2,27,27,India_91379,0.809877
7,int8,2,28,28,Paraguay_48673,0.812327
7,int8,2,29,29,USA_181503,0.815277
7,int8,2,30,30,India_652725,0.803546
7,int8,2,31,31,Paraguay_792268,0.801946
7,int8,2,32,32,Sri-Lanka_883641,0.804056
7,int8,2,33,33,USA_605492,0.832607
7,int8,2,34,34,India_287642,0.815836
7,int8,2,35,35,Sri-Lanka_847275,0.814496
7,int8,2,36,36,Spain_2523247,0.861849
7,int8,2,37,37,Paraguay_212687,0.822107
7,int8,2,38,38,Sri-Lanka_249079,0.807866
7,int8,2,39,39,Nigeria_143329,0.856028
7,int8,2,40,40,India_747970,0.804846
7,int8,2,41,41,Ghana_128663,0.813096
7,int8,2,42,42,Ghana_103272,0.839597
7,int8,2,43,43,USA_217598,0.857979
7,int8,2,44,44,Pakistan_211386,0.802065
7,int8,2,45,45,India_324254,0.787225
7,int8,2,46,46,Pakistan_65724,0.807696
7,int8,2,47,47,Somalia_295782,0.801936
7,int8,2,48,48,USA_354981,0.807786
7,int8,2,49,49,USA_58086,0.832147
7,int8,2,50,50,Ghana_154838,0.868209
7,int8,2,51,51,USA_170264,0.863659
7,int8,2,52,52,Paraguay_1029042,0.804066
7,int8,2,53,53,Spain_8154154,0.834578
7,int8,2,54,54,Pakistan_246718,0.806136
7,int8,2,55,55,USA_1068362,0.802626
7,int8,2,56,56,Ghana_45911,0.806105
7,int8,2,57,57,Mekong_846007,0.806976
7,int8,2,58,58,Paraguay_482517,0.799036
7,int8,2,59,59,India_179238,0.809346
7,int8,2,60,60,India_534470,0.813676
7,int8,2,61,61,Somalia_93023,0.863888
7,int8,2,62,62,Ghana_8090,0.810026
7,int8,2,63,63,Sri-Lanka_52223,0.862318
8,int8,0,0,0,Spain_7786924,0.830597
8,int8,0,1,1,Paraguay_36015,0.816136
8,int8,0,2,2,Paraguay_191503,0.88799
8,int8,0,3,3,USA_224165,0.812376
8,int8,0,4,4,Sri-Lanka_748447,0.817336
8,int8,0,5,5,Mekong_342411,0.799606
8,int8,0,6,6,India_56450,0.798055
8,int8,0,7,7,Ghana_147015,0.850858
8,int8,0,8,8,Mekong_52610,0.862618
8,int8,0,9,9,Somalia_205466,0.794386
8,int8,0,10,10,USA_438959,0.797766
8,int8,0,11,11,Paraguay_1056717,0.798775
8,int8,0,12,12,Paraguay_721886,0.827097
8,int8,0,13,13,Sri-Lanka_551926,0.798285
8,int8,0,14,14,Ghana_135389,0.796826
8,int8,0,15,15,Mekong_1395593,0.796326
8,int8,0,16,16,Nigeria_600295,0.796935
8,int8,0,17,17,India_979278,0.800496
8,int8,0,18,18,USA_806273,0.793516
8,int8,0,19,19,Ghana_144050,0.797006
8,int8,0,20,20,Paraguay_246154,0.799866
8,int8,0,21,21,Somalia_970508,0.798866
8,int8,0,22,22,USA_655230,0.795515
8,int8,0,23,23,Sri-Lanka_956740,0.794685
8,int8,0,24,24,Spain_2594119,0.794566
8,int8,0,25,25,India_773682,0.912581
8,int8,0,26,26,Paraguay_822142,0.802486
8,int8,0,27,27,India_91379,0.804616
8,int8,0,28,28,Paraguay_48673,0.790415
8,int8,0,29,29,USA_181503,0.809546
8,int8,0,30,30,India_652725,0.799726
8,int8,0,31,31,Paraguay_792268,0.796996
8,int8,0,32,32,Sri-Lanka_883641,0.793875
8,int8,0,33,33,USA_605492,0.808386
8,int8,0,34,34,India_287642,0.795265
8,int8,0,35,35,Sri-Lanka_847275,0.799966
8,int8,0,36,36,Spain_2523247,0.790616
8,int8,0,37,37,Paraguay_212687,0.797466
8,int8,0,38,38,Sri-Lanka_249079,0.812796
8,int8,0,39,39,Nigeria_143329,0.784225
8,int8,0,40,40,India_747970,0.803176
8,int8,0,41,41,Ghana_128663,0.802545
8,int8,0,42,42,Ghana_103272,0.799046
8,int8,0,43,43,USA_217598,0.798346
8,int8,0,44,44,Pakistan_211386,0.796875
8,int8,0,45,45,India_324254,0.806566
8,int8,0,46,46,Pakistan_65724,0.808586
8,int8,0,47,47,Somalia_295782,0.805686
8,int8,0,48,48,USA_354981,0.808116
8,int8,0,49,49,USA_58086,0.791185
8,int8,0,50,50,Ghana_154838,0.870919
8,int8,0,51,51,USA_170264,0.851228
8,int8,0,52,52,Paraguay_1029042,0.789336
8,int8,0,53,53,Spain_8154154,0.802046
8,int8,0,54,54,Pakistan_246718,0.813196
8,int8,0,55,55,USA_1068362,0.794275
8,int8,0,56,56,Ghana_45911,0.797756
8,int8,0,57,57,Mekong_846007,0.798006
8,int8,0,58,58,Paraguay_482517,0.852497
8,int8,0,59,59,India_179238,0.798106
8,int8,0,60,60,India_534470,0.794215
8,int8,0,61,61,Somalia_93023,0.801466
8,int8,0,62,62,Ghana_8090,0.851888
8,int8,0,63,63,Sri-Lanka_52223,0.850168
8,int8,1,0,63,Sri-Lanka_52223,0.797695
8,int8,1,1,62,Ghana_8090,0.804666
8,int8,1,2,61,Somalia_93023,0.800746
8,int8,1,3,60,India_534470,0.797436
8,int8,1,4,59,India_179238,0.799905
8,int8,1,5,58,Paraguay_482517,0.800956
8,int8,1,6,57,Mekong_846007,0.794125
8,int8,1,7,56,Ghana_45911,0.806156
8,int8,1,8,55,USA_1068362,0.810176
8,int8,1,9,54,Pakistan_246718,0.811896
8,int8,1,10,53,Spain_8154154,0.892309
8,int8,1,11,52,Paraguay_1029042,0.869339
8,int8,1,12,51,USA_170264,0.808096
8,int8,1,13,50,Ghana_154838,0.806146
8,int8,1,14,49,USA_58086,0.806266
8,int8,1,15,48,USA_354981,0.808986
8,int8,1,16,47,Somalia_295782,0.807526
8,int8,1,17,46,Pakistan_65724,0.801436
8,int8,1,18,45,India_324254,0.88739
8,int8,1,19,44,Pakistan_211386,0.822267
8,int8,1,20,43,USA_217598,0.856438
8,int8,1,21,42,Ghana_103272,0.804596
8,int8,1,22,41,Ghana_128663,0.865758
8,int8,1,23,40,India_747970,0.795125
8,int8,1,24,39,Nigeria_143329,0.796866
8,int8,1,25,38,Sri-Lanka_249079,0.797226
8,int8,1,26,37,Paraguay_212687,0.793645
8,int8,1,27,36,Spain_2523247,0.847488
8,int8,1,28,35,Sri-Lanka_847275,0.795726
8,int8,1,29,34,India_287642,0.796045
8,int8,1,30,33,USA_605492,0.790895
8,int8,1,31,32,Sri-Lanka_883641,0.800115
8,int8,1,32,31,Paraguay_792268,0.803486
8,int8,1,33,30,India_652725,0.797586
8,int8,1,34,29,USA_181503,0.796336
8,int8,1,35,28,Paraguay_48673,0.798905
8,int8,1,36,27,India_91379,0.797816
8,int8,1,37,26,Paraguay_822142,0.801886
8,int8,1,38,25,India_773682,0.845938
8,int8,1,39,24,Spain_2594119,0.852468
8,int8,1,40,23,Sri-Lanka_956740,0.856418
8,int8,1,41,22,USA_655230,0.846817
8,int8,1,42,21,Somalia_970508,0.797426
8,int8,1,43,20,Paraguay_246154,0.803816
8,int8,1,44,19,Ghana_144050,0.806696
8,int8,1,45,18,USA_806273,0.788415
8,int8,1,46,17,India_979278,0.796396
8,int8,1,47,16,Nigeria_600295,0.805765
8,int8,1,48,15,Mekong_1395593,0.803276
8,int8,1,49,14,Ghana_135389,0.796545
8,int8,1,50,13,Sri-Lanka_551926,0.847718
8,int8,1,51,12,Paraguay_721886,0.795355
8,int8,1,52,11,Paraguay_1056717,0.824296
8,int8,1,53,10,USA_438959,0.800846
8,int8,1,54,9,Somalia_205466,0.794595
8,int8,1,55,8,Mekong_52610,0.791885
8,int8,1,56,7,Ghana_147015,0.799356
8,int8,1,57,6,India_56450,0.799675
8,int8,1,58,5,Mekong_342411,0.851698
8,int8,1,59,4,Sri-Lanka_748447,0.801236
8,int8,1,60,3,USA_224165,0.796666
8,int8,1,61,2,Paraguay_191503,0.798925
8,int8,1,62,1,Paraguay_36015,0.801196
8,int8,1,63,0,Spain_7786924,0.799396
8,int8,2,0,0,Spain_7786924,0.798956
8,int8,2,1,1,Paraguay_36015,0.858108
8,int8,2,2,2,Paraguay_191503,0.802196
8,int8,2,3,3,USA_224165,0.798435
8,int8,2,4,4,Sri-Lanka_748447,0.812216
8,int8,2,5,5,Mekong_342411,0.91067
8,int8,2,6,6,India_56450,0.89274
8,int8,2,7,7,Ghana_147015,0.868779
8,int8,2,8,8,Mekong_52610,0.833597
8,int8,2,9,9,Somalia_205466,0.798676
8,int8,2,10,10,USA_438959,0.799445
8,int8,2,11,11,Paraguay_1056717,0.806366
8,int8,2,12,12,Paraguay_721886,0.810896
8,int8,2,13,13,Sri-Lanka_551926,0.886799
8,int8,2,14,14,Ghana_135389,0.804866
8,int8,2,15,15,Mekong_1395593,0.801296
8,int8,2,16,16,Nigeria_600295,0.803016
8,int8,2,17,17,India_979278,0.823427
8,int8,2,18,18,USA_806273,0.800555
8,int8,2,19,19,Ghana_144050,0.796466
8,int8,2,20,20,Paraguay_246154,0.842868
8,int8,2,21,21,Somalia_970508,0.797986
8,int8,2,22,22,USA_655230,0.798255
8,int8,2,23,23,Sri-Lanka_956740,0.796286
8,int8,2,24,24,Spain_2594119,0.797016
8,int8,2,25,25,India_773682,0.799015
8,int8,2,26,26,Paraguay_822142,0.798376
8,int8,2,27,27,India_91379,0.794566
8,int8,2,28,28,Paraguay_48673,0.795345
8,int8,2,29,29,USA_181503,0.793475
8,int8,2,30,30,India_652725,0.799466
8,int8,2,31,31,Paraguay_792268,0.798306
8,int8,2,32,32,Sri-Lanka_883641,0.803115
8,int8,2,33,33,USA_605492,0.796696
8,int8,2,34,34,India_287642,0.801116
8,int8,2,35,35,Sri-Lanka_847275,0.807916
8,int8,2,36,36,Spain_2523247,0.812946
8,int8,2,37,37,Paraguay_212687,0.806857
8,int8,2,38,38,Sri-Lanka_249079,0.873749
8,int8,2,39,39,Nigeria_143329,0.849648
8,int8,2,40,40,India_747970,0.88889
8,int8,2,41,41,Ghana_128663,0.801075
8,int8,2,42,42,Ghana_103272,0.858608
8,int8,2,43,43,USA_217598,0.801546
8,int8,2,44,44,Pakistan_211386,0.804866
8,int8,2,45,45,India_324254,0.783805
8,int8,2,46,46,Pakistan_65724,0.807177
8,int8,2,47,47,Somalia_295782,0.794886
8,int8,2,48,48,USA_354981,0.794366
8,int8,2,49,49,USA_58086,0.794555
8,int8,2,50,50,Ghana_154838,0.827667
8,int8,2,51,51,USA_170264,0.796986
8,int8,2,52,52,Paraguay_1029042,0.789475
8,int8,2,53,53,Spain_8154154,0.801465
8,int8,2,54,54,Pakistan_246718,0.807936
8,int8,2,55,55,USA_1068362,0.838297
8,int8,2,56,56,Ghana_45911,0.847037
8,int8,2,57,57,Mekong_846007,0.90136
8,int8,2,58,58,Paraguay_482517,0.800486
8,int8,2,59,59,India_179238,0.799836
8,int8,2,60,60,India_534470,0.818776
8,int8,2,61,61,Somalia_93023,0.799416
8,int8,2,62,62,Ghana_8090,0.796776
8,int8,2,63,63,Sri-Lanka_52223,0.800425
8,fp16,0,0,0,Spain_7786924,0.556425
8,fp16,0,1,1,Paraguay_36015,0.886469
8,fp16,0,2,2,Paraguay_191503,0.558755
8,fp16,0,3,3,USA_224165,0.669429
8,fp16,0,4,4,Sri-Lanka_748447,0.570555
8,fp16,0,5,5,Mekong_342411,0.560745
8,fp16,0,6,6,India_56450,0.562785
8,fp16,0,7,7,Ghana_147015,0.570165
8,fp16,0,8,8,Mekong_52610,0.563345
8,fp16,0,9,9,Somalia_205466,0.551884
8,fp16,0,10,10,USA_438959,0.569595
8,fp16,0,11,11,Paraguay_1056717,0.577186
8,fp16,0,12,12,Paraguay_721886,0.563176
8,fp16,0,13,13,Sri-Lanka_551926,0.561105
8,fp16,0,14,14,Ghana_135389,0.561995
8,fp16,0,15,15,Mekong_1395593,0.565305
8,fp16,0,16,16,Nigeria_600295,0.557364
8,fp16,0,17,17,India_979278,0.560885
8,fp16,0,18,18,USA_806273,0.574306
8,fp16,0,19,19,Ghana_144050,0.564155
8,fp16,0,20,20,Paraguay_246154,0.557145
8,fp16,0,21,21,Somalia_970508,0.562315
8,fp16,0,22,22,USA_655230,0.556144
8,fp16,0,23,23,Sri-Lanka_956740,0.557725
8,fp16,0,24,24,Spain_2594119,0.558604
8,fp16,0,25,25,India_773682,0.566245
8,fp16,0,26,26,Paraguay_822142,0.554085
8,fp16,0,27,27,India_91379,0.556765
8,fp16,0,28,28,Paraguay_48673,0.578285
8,fp16,0,29,29,USA_181503,0.584316
8,fp16,0,30,30,India_652725,0.558285
8,fp16,0,31,31,Paraguay_792268,0.550885
8,fp16,0,32,32,Sri-Lanka_883641,0.560965
8,fp16,0,33,33,USA_605492,0.546775
8,fp16,0,34,34,India_287642,0.569536
8,fp16,0,35,35,Sri-Lanka_847275,0.576635
8,fp16,0,36,36,Spain_2523247,0.557615
8,fp16,0,37,37,Paraguay_212687,0.558245
8,fp16,0,38,38,Sri-Lanka_249079,0.559455
8,fp16,0,39,39,Nigeria_143329,0.560865
8,fp16,0,40,40,India_747970,0.552675
8,fp16,0,41,41,Ghana_128663,0.561335
8,fp16,0,42,42,Ghana_103272,0.570766
8,fp16,0,43,43,USA_217598,0.558055
8,fp16,0,44,44,Pakistan_211386,0.548154
8,fp16,0,45,45,India_324254,0.562105
8,fp16,0,46,46,Pakistan_65724,0.565755
8,fp16,0,47,47,Somalia_295782,0.554784
8,fp16,0,48,48,USA_354981,0.560645
8,fp16,0,49,49,USA_58086,0.569446
8,fp16,0,50,50,Ghana_154838,0.548885
8,fp16,0,51,51,USA_170264,0.565875
8,fp16,0,52,52,Paraguay_1029042,0.563395
8,fp16,0,53,53,Spain_8154154,0.558885
8,fp16,0,54,54,Pakistan_246718,0.548754
8,fp16,0,55,55,USA_1068362,0.558615
8,fp16,0,56,56,Ghana_45911,0.560035
8,fp16,0,57,57,Mekong_846007,0.566655
8,fp16,0,58,58,Paraguay_482517,0.547074
8,fp16,0,59,59,India_179238,0.562465
8,fp16,0,60,60,India_534470,0.556234
8,fp16,0,61,61,Somalia_93023,0.559375
8,fp16,0,62,62,Ghana_8090,0.554435
8,fp16,0,63,63,Sri-Lanka_52223,0.564136
8,fp16,1,0,63,Sri-Lanka_52223,0.550025
8,fp16,1,1,62,Ghana_8090,0.556154
8,fp16,1,2,61,Somalia_93023,0.568595
8,fp16,1,3,60,India_534470,0.558745
8,fp16,1,4,59,India_179238,0.557015
8,fp16,1,5,58,Paraguay_482517,0.568755
8,fp16,1,6,57,Mekong_846007,0.577376
8,fp16,1,7,56,Ghana_45911,0.559575
8,fp16,1,8,55,USA_1068362,0.564385
8,fp16,1,9,54,Pakistan_246718,0.586436
8,fp16,1,10,53,Spain_8154154,0.573346
8,fp16,1,11,52,Paraguay_1029042,0.557974
8,fp16,1,12,51,USA_170264,0.563135
8,fp16,1,13,50,Ghana_154838,0.573786
8,fp16,1,14,49,USA_58086,0.569715
8,fp16,1,15,48,USA_354981,0.585846
8,fp16,1,16,47,Somalia_295782,0.589287
8,fp16,1,17,46,Pakistan_65724,0.581376
8,fp16,1,18,45,India_324254,0.570645
8,fp16,1,19,44,Pakistan_211386,0.563015
8,fp16,1,20,43,USA_217598,0.590436
8,fp16,1,21,42,Ghana_103272,0.594176
8,fp16,1,22,41,Ghana_128663,0.562695
8,fp16,1,23,40,India_747970,0.560935
8,fp16,1,24,39,Nigeria_143329,0.571475
8,fp16,1,25,38,Sri-Lanka_249079,0.564405
8,fp16,1,26,37,Paraguay_212687,0.571856
8,fp16,1,27,36,Spain_2523247,0.565346
8,fp16,1,28,35,Sri-Lanka_847275,0.553865
8,fp16,1,29,34,India_287642,0.555034
8,fp16,1,30,33,USA_605492,0.565465
8,fp16,1,31,32,Sri-Lanka_883641,0.573856
8,fp16,1,32,31,Paraguay_792268,0.589556
8,fp16,1,33,30,India_652725,0.553505
8,fp16,1,34,29,USA_181503,0.545194
8,fp16,1,35,28,Paraguay_48673,0.559765
8,fp16,1,36,27,India_91379,0.562325
8,fp16,1,37,26,Paraguay_822142,0.571215
8,fp16,1,38,25,India_773682,0.557185
8,fp16,1,39,24,Spain_2594119,0.556585
8,fp16,1,40,23,Sri-Lanka_956740,0.552235
8,fp16,1,41,22,USA_655230,0.566996
8,fp16,1,42,21,Somalia_970508,0.564035
8,fp16,1,43,20,Paraguay_246154,0.554315
8,fp16,1,44,19,Ghana_144050,0.546265
8,fp16,1,45,18,USA_806273,0.560915
8,fp16,1,46,17,India_979278,0.566605
8,fp16,1,47,16,Nigeria_600295,0.545664
8,fp16,1,48,15,Mekong_1395593,0.561755
8,fp16,1,49,14,Ghana_135389,0.564416
8,fp16,1,50,13,Sri-Lanka_551926,0.556375
8,fp16,1,51,12,Paraguay_721886,0.547104
8,fp16,1,52,11,Paraguay_1056717,0.554555
8,fp16,1,53,10,USA_438959,0.548535
8,fp16,1,54,9,Somalia_205466,0.563626
8,fp16,1,55,8,Mekong_52610,0.587036
8,fp16,1,56,7,Ghana_147015,0.568896
8,fp16,1,57,6,India_56450,0.556705
8,fp16,1,58,5,Mekong_342411,0.573946
8,fp16,1,59,4,Sri-Lanka_748447,0.563655
8,fp16,1,60,3,USA_224165,0.582706
8,fp16,1,61,2,Paraguay_191503,0.554065
8,fp16,1,62,1,Paraguay_36015,0.558865
8,fp16,1,63,0,Spain_7786924,0.561425
8,fp16,2,0,0,Spain_7786924,0.554635
8,fp16,2,1,1,Paraguay_36015,0.551875
8,fp16,2,2,2,Paraguay_191503,0.580466
8,fp16,2,3,3,USA_224165,0.572216
8,fp16,2,4,4,Sri-Lanka_748447,0.557574
8,fp16,2,5,5,Mekong_342411,0.566795
8,fp16,2,6,6,India_56450,0.562895
8,fp16,2,7,7,Ghana_147015,0.562405
8,fp16,2,8,8,Mekong_52610,0.565416
8,fp16,2,9,9,Somalia_205466,0.568346
8,fp16,2,10,10,USA_438959,0.564725
8,fp16,2,11,11,Paraguay_1056717,0.542914
8,fp16,2,12,12,Paraguay_721886,0.557885
8,fp16,2,13,13,Sri-Lanka_551926,0.568196
8,fp16,2,14,14,Ghana_135389,0.567635
8,fp16,2,15,15,Mekong_1395593,0.556415
8,fp16,2,16,16,Nigeria_600295,0.574506
8,fp16,2,17,17,India_979278,0.552304
8,fp16,2,18,18,USA_806273,0.580066
8,fp16,2,19,19,Ghana_144050,0.560035
8,fp16,2,20,20,Paraguay_246154,0.559325
8,fp16,2,21,21,Somalia_970508,0.559465
8,fp16,2,22,22,USA_655230,0.555615
8,fp16,2,23,23,Sri-Lanka_956740,0.564645
8,fp16,2,24,24,Spain_2594119,0.566925
8,fp16,2,25,25,India_773682,0.552035
8,fp16,2,26,26,Paraguay_822142,0.575546
8,fp16,2,27,27,India_91379,0.563455
8,fp16,2,28,28,Paraguay_48673,0.555154
8,fp16,2,29,29,USA_181503,0.565795
8,fp16,2,30,30,India_652725,0.566116
8,fp16,2,31,31,Paraguay_792268,0.557235
8,fp16,2,32,32,Sri-Lanka_883641,0.551264
8,fp16,2,33,33,USA_605492,0.569335
8,fp16,2,34,34,India_287642,0.552574
8,fp16,2,35,35,Sri-Lanka_847275,0.566335
8,fp16,2,36,36,Spain_2523247,0.557715
8,fp16,2,37,37,Paraguay_212687,0.552015
8,fp16,2,38,38,Sri-Lanka_249079,0.563445
8,fp16,2,39,39,Nigeria_143329,0.552294
8,fp16,2,40,40,India_747970,0.557055
8,fp16,2,41,41,Ghana_128663,0.569795
8,fp16,2,42,42,Ghana_103272,0.551744
8,fp16,2,43,43,USA_217598,0.554525
8,fp16,2,44,44,Pakistan_211386,0.558885
8,fp16,2,45,45,India_324254,0.552244
8,fp16,2,46,46,Pakistan_65724,0.558615
8,fp16,2,47,47,Somalia_295782,0.568906
8,fp16,2,48,48,USA_354981,0.553285
8,fp16,2,49,49,USA_58086,0.552514
8,fp16,2,50,50,Ghana_154838,0.586036
8,fp16,2,51,51,USA_170264,0.550744
8,fp16,2,52,52,Paraguay_1029042,0.557765
8,fp16,2,53,53,Spain_8154154,0.550574
8,fp16,2,54,54,Pakistan_246718,0.562385
8,fp16,2,55,55,USA_1068362,0.558075
8,fp16,2,56,56,Ghana_45911,0.559795
8,fp16,2,57,57,Mekong_846007,0.570905
8,fp16,2,58,58,Paraguay_482517,0.570835
8,fp16,2,59,59,India_179238,0.554335
8,fp16,2,60,60,India_534470,0.550815
8,fp16,2,61,61,Somalia_93023,0.574015
8,fp16,2,62,62,Ghana_8090,0.556724
8,fp16,2,63,63,Sri-Lanka_52223,0.558265
9,fp16,0,0,0,Spain_7786924,2.328904
9,fp16,0,1,1,Paraguay_36015,1.087309
9,fp16,0,2,2,Paraguay_191503,0.647349
9,fp16,0,3,3,USA_224165,0.610127
9,fp16,0,4,4,Sri-Lanka_748447,0.607307
9,fp16,0,5,5,Mekong_342411,0.647959
9,fp16,0,6,6,India_56450,0.608147
9,fp16,0,7,7,Ghana_147015,0.609827
9,fp16,0,8,8,Mekong_52610,0.586596
9,fp16,0,9,9,Somalia_205466,0.592597
9,fp16,0,10,10,USA_438959,0.577986
9,fp16,0,11,11,Paraguay_1056717,0.567636
9,fp16,0,12,12,Paraguay_721886,0.583206
9,fp16,0,13,13,Sri-Lanka_551926,0.603097
9,fp16,0,14,14,Ghana_135389,0.617088
9,fp16,0,15,15,Mekong_1395593,0.579185
9,fp16,0,16,16,Nigeria_600295,0.568806
9,fp16,0,17,17,India_979278,0.588636
9,fp16,0,18,18,USA_806273,0.66112
9,fp16,0,19,19,Ghana_144050,0.571046
9,fp16,0,20,20,Paraguay_246154,0.561305
9,fp16,0,21,21,Somalia_970508,0.569035
9,fp16,0,22,22,USA_655230,0.563425
9,fp16,0,23,23,Sri-Lanka_956740,0.567605
9,fp16,0,24,24,Spain_2594119,0.578396
9,fp16,0,25,25,India_773682,0.565226
9,fp16,0,26,26,Paraguay_822142,0.566395
9,fp16,0,27,27,India_91379,0.559094
9,fp16,0,28,28,Paraguay_48673,0.570356
9,fp16,0,29,29,USA_181503,0.569236
9,fp16,0,30,30,India_652725,0.558095
9,fp16,0,31,31,Paraguay_792268,0.550565
9,fp16,0,32,32,Sri-Lanka_883641,0.556765
9,fp16,0,33,33,USA_605492,0.553265
9,fp16,0,34,34,India_287642,0.556485
9,fp16,0,35,35,Sri-Lanka_847275,0.568965
9,fp16,0,36,36,Spain_2523247,0.555485
9,fp16,0,37,37,Paraguay_212687,0.552225
9,fp16,0,38,38,Sri-Lanka_249079,0.548264
9,fp16,0,39,39,Nigeria_143329,0.550994
9,fp16,0,40,40,India_747970,0.557225
9,fp16,0,41,41,Ghana_128663,0.551224
9,fp16,0,42,42,Ghana_103272,0.565525
9,fp16,0,43,43,USA_217598,0.554235
9,fp16,0,44,44,Pakistan_211386,0.553934
9,fp16,0,45,45,India_324254,0.566926
9,fp16,0,46,46,Pakistan_65724,0.569036
9,fp16,0,47,47,Somalia_295782,0.553395
9,fp16,0,48,48,USA_354981,0.550144
9,fp16,0,49,49,USA_58086,0.569706
9,fp16,0,50,50,Ghana_154838,0.551325
9,fp16,0,51,51,USA_170264,0.558975
9,fp16,0,52,52,Paraguay_1029042,0.567296
9,fp16,0,53,53,Spain_8154154,0.560195
9,fp16,0,54,54,Pakistan_246718,0.549225
9,fp16,0,55,55,USA_1068362,0.565315
9,fp16,0,56,56,Ghana_45911,0.561835
9,fp16,0,57,57,Mekong_846007,0.565406
9,fp16,0,58,58,Paraguay_482517,0.552355
9,fp16,0,59,59,India_179238,0.561615
9,fp16,0,60,60,India_534470,0.570035
9,fp16,0,61,61,Somalia_93023,0.562645
9,fp16,0,62,62,Ghana_8090,0.570015
9,fp16,0,63,63,Sri-Lanka_52223,0.575745
9,fp16,1,0,63,Sri-Lanka_52223,0.565376
9,fp16,1,1,62,Ghana_8090,0.562345
9,fp16,1,2,61,Somalia_93023,0.570376
9,fp16,1,3,60,India_534470,0.564695
9,fp16,1,4,59,India_179238,0.564535
9,fp16,1,5,58,Paraguay_482517,0.621978
9,fp16,1,6,57,Mekong_846007,0.582126
9,fp16,1,7,56,Ghana_45911,0.569316
9,fp16,1,8,55,USA_1068362,0.560835
9,fp16,1,9,54,Pakistan_246718,0.551814
9,fp16,1,10,53,Spain_8154154,0.572416
9,fp16,1,11,52,Paraguay_1029042,0.574995
9,fp16,1,12,51,USA_170264,0.548125
9,fp16,1,13,50,Ghana_154838,0.577505
9,fp16,1,14,49,USA_58086,0.558955
9,fp16,1,15,48,USA_354981,0.560395
9,fp16,1,16,47,Somalia_295782,0.564735
9,fp16,1,17,46,Pakistan_65724,0.592786
9,fp16,1,18,45,India_324254,0.565255
9,fp16,1,19,44,Pakistan_211386,0.564415
9,fp16,1,20,43,USA_217598,0.591467
9,fp16,1,21,42,Ghana_103272,0.565345
9,fp16,1,22,41,Ghana_128663,0.573466
9,fp16,1,23,40,India_747970,0.573815
9,fp16,1,24,39,Nigeria_143329,0.577326
9,fp16,1,25,38,Sri-Lanka_249079,0.566735
9,fp16,1,26,37,Paraguay_212687,0.568945
9,fp16,1,27,36,Spain_2523247,0.575906
9,fp16,1,28,35,Sri-Lanka_847275,0.559385
9,fp16,1,29,34,India_287642,0.566015
9,fp16,1,30,33,USA_605492,0.584216
9,fp16,1,31,32,Sri-Lanka_883641,0.566885
9,fp16,1,32,31,Paraguay_792268,0.569026
9,fp16,1,33,30,India_652725,0.567945
9,fp16,1,34,29,USA_181503,0.558415
9,fp16,1,35,28,Paraguay_48673,0.566155
9,fp16,1,36,27,India_91379,0.559275
9,fp16,1,37,26,Paraguay_822142,0.576846
9,fp16,1,38,25,India_773682,0.571606
9,fp16,1,39,24,Spain_2594119,0.581616
9,fp16,1,40,23,Sri-Lanka_956740,0.589137
9,fp16,1,41,22,USA_655230,0.572506
9,fp16,1,42,21,Somalia_970508,0.553994
9,fp16,1,43,20,Paraguay_246154,0.569406
9,fp16,1,44,19,Ghana_144050,0.595046
9,fp16,1,45,18,USA_806273,0.560525
9,fp16,1,46,17,India_979278,0.567045
9,fp16,1,47,16,Nigeria_600295,0.568125
9,fp16,1,48,15,Mekong_1395593,0.560365
9,fp16,1,49,14,Ghana_135389,0.561825
9,fp16,1,50,13,Sri-Lanka_551926,0.562455
9,fp16,1,51,12,Paraguay_721886,0.591736
9,fp16,1,52,11,Paraguay_1056717,0.644839
9,fp16,1,53,10,USA_438959,0.625478
9,fp16,1,54,9,Somalia_205466,0.594657
9,fp16,1,55,8,Mekong_52610,0.587226
9,fp16,1,56,7,Ghana_147015,0.584756
9,fp16,1,57,6,India_56450,1.182262
9,fp16,1,58,5,Mekong_342411,0.870489
9,fp16,1,59,4,Sri-Lanka_748447,0.778855
9,fp16,1,60,3,USA_224165,0.766214
9,fp16,1,61,2,Paraguay_191503,0.789375
9,fp16,1,62,1,Paraguay_36015,0.772904
9,fp16,1,63,0,Spain_7786924,0.759314
9,fp16,2,0,0,Spain_7786924,0.747723
9,fp16,2,1,1,Paraguay_36015,0.762364
9,fp16,2,2,2,Paraguay_191503,0.724622
9,fp16,2,3,3,USA_224165,0.585816
9,fp16,2,4,4,Sri-Lanka_748447,0.572345
9,fp16,2,5,5,Mekong_342411,0.567905
9,fp16,2,6,6,India_56450,0.567215
9,fp16,2,7,7,Ghana_147015,0.574446
9,fp16,2,8,8,Mekong_52610,0.568826
9,fp16,2,9,9,Somalia_205466,0.568725
9,fp16,2,10,10,USA_438959,0.565385
9,fp16,2,11,11,Paraguay_1056717,0.562635
9,fp16,2,12,12,Paraguay_721886,2.354205
9,fp16,2,13,13,Sri-Lanka_551926,0.727542
9,fp16,2,14,14,Ghana_135389,0.641249
9,fp16,2,15,15,Mekong_1395593,0.630528
9,fp16,2,16,16,Nigeria_600295,0.618658
9,fp16,2,17,17,India_979278,0.607008
9,fp16,2,18,18,USA_806273,0.601937
9,fp16,2,19,19,Ghana_144050,0.608027
9,fp16,2,20,20,Paraguay_246154,0.589457
9,fp16,2,21,21,Somalia_970508,0.575576
9,fp16,2,22,22,USA_655230,0.576456
9,fp16,2,23,23,Sri-Lanka_956740,0.601437
9,fp16,2,24,24,Spain_2594119,0.569026
9,fp16,2,25,25,India_773682,0.573146
9,fp16,2,26,26,Paraguay_822142,0.577455
9,fp16,2,27,27,India_91379,0.569405
9,fp16,2,28,28,Paraguay_48673,0.589436
9,fp16,2,29,29,USA_181503,0.563745
9,fp16,2,30,30,India_652725,0.576196
9,fp16,2,31,31,Paraguay_792268,0.597126
9,fp16,2,32,32,Sri-Lanka_883641,0.571056
9,fp16,2,33,33,USA_605492,0.554364
9,fp16,2,34,34,India_287642,0.576446
9,fp16,2,35,35,Sri-Lanka_847275,0.556625
9,fp16,2,36,36,Spain_2523247,0.573905
9,fp16,2,37,37,Paraguay_212687,0.566095
9,fp16,2,38,38,Sri-Lanka_249079,0.566435
9,fp16,2,39,39,Nigeria_143329,0.563375
9,fp16,2,40,40,India_747970,0.555305
9,fp16,2,41,41,Ghana_128663,0.579716
9,fp16,2,42,42,Ghana_103272,0.570056
9,fp16,2,43,43,USA_217598,0.558065
9,fp16,2,44,44,Pakistan_211386,0.557385
9,fp16,2,45,45,India_324254,0.563265
9,fp16,2,46,46,Pakistan_65724,0.566265
9,fp16,2,47,47,Somalia_295782,0.580966
9,fp16,2,48,48,USA_354981,0.564395
9,fp16,2,49,49,USA_58086,0.568205
9,fp16,2,50,50,Ghana_154838,0.572795
9,fp16,2,51,51,USA_170264,0.548415
9,fp16,2,52,52,Paraguay_1029042,0.564256
9,fp16,2,53,53,Spain_8154154,0.559745
9,fp16,2,54,54,Pakistan_246718,0.563575
9,fp16,2,55,55,USA_1068362,0.558295
9,fp16,2,56,56,Ghana_45911,0.556955
9,fp16,2,57,57,Mekong_846007,0.560625
9,fp16,2,58,58,Paraguay_482517,0.554225
9,fp16,2,59,59,India_179238,0.570876
9,fp16,2,60,60,India_534470,0.553604
9,fp16,2,61,61,Somalia_93023,0.566026
9,fp16,2,62,62,Ghana_8090,0.559615
9,fp16,2,63,63,Sri-Lanka_52223,0.559265
9,int8,0,0,0,Spain_7786924,0.747973
9,int8,0,1,1,Paraguay_36015,0.757974
9,int8,0,2,2,Paraguay_191503,0.758904
9,int8,0,3,3,USA_224165,0.756704
9,int8,0,4,4,Sri-Lanka_748447,0.810736
9,int8,0,5,5,Mekong_342411,0.757784
9,int8,0,6,6,India_56450,0.755594
9,int8,0,7,7,Ghana_147015,0.762294
9,int8,0,8,8,Mekong_52610,0.748583
9,int8,0,9,9,Somalia_205466,0.748484
9,int8,0,10,10,USA_438959,0.746813
9,int8,0,11,11,Paraguay_1056717,0.794465
9,int8,0,12,12,Paraguay_721886,0.743793
9,int8,0,13,13,Sri-Lanka_551926,0.761474
9,int8,0,14,14,Ghana_135389,0.804486
9,int8,0,15,15,Mekong_1395593,0.748744
9,int8,0,16,16,Nigeria_600295,0.764984
9,int8,0,17,17,India_979278,0.877279
9,int8,0,18,18,USA_806273,0.746483
9,int8,0,19,19,Ghana_144050,0.758394
9,int8,0,20,20,Paraguay_246154,0.744873
9,int8,0,21,21,Somalia_970508,0.747113
9,int8,0,22,22,USA_655230,0.748323
9,int8,0,23,23,Sri-Lanka_956740,0.748854
9,int8,0,24,24,Spain_2594119,0.798996
9,int8,0,25,25,India_773682,0.750303
9,int8,0,26,26,Paraguay_822142,0.757164
9,int8,0,27,27,India_91379,0.886229
9,int8,0,28,28,Paraguay_48673,0.760434
9,int8,0,29,29,USA_181503,0.754453
9,int8,0,30,30,India_652725,0.750093
9,int8,0,31,31,Paraguay_792268,0.758964
9,int8,0,32,32,Sri-Lanka_883641,0.809576
9,int8,0,33,33,USA_605492,0.750153
9,int8,0,34,34,India_287642,0.755584
9,int8,0,35,35,Sri-Lanka_847275,0.796615
9,int8,0,36,36,Spain_2523247,0.750184
9,int8,0,37,37,Paraguay_212687,0.845897
9,int8,0,38,38,Sri-Lanka_249079,0.752444
9,int8,0,39,39,Nigeria_143329,0.803755
9,int8,0,40,40,India_747970,0.750324
9,int8,0,41,41,Ghana_128663,0.757984
9,int8,0,42,42,Ghana_103272,0.810117
9,int8,0,43,43,USA_217598,0.872419
9,int8,0,44,44,Pakistan_211386,0.803876
9,int8,0,45,45,India_324254,0.757874
9,int8,0,46,46,Pakistan_65724,0.810317
9,int8,0,47,47,Somalia_295782,0.754124
9,int8,0,48,48,USA_354981,0.753974
9,int8,0,49,49,USA_58086,0.807426
9,int8,0,50,50,Ghana_154838,0.743913
9,int8,0,51,51,USA_170264,0.749143
9,int8,0,52,52,Paraguay_1029042,0.744493
9,int8,0,53,53,Spain_8154154,0.745323
9,int8,0,54,54,Pakistan_246718,0.749683
9,int8,0,55,55,USA_1068362,0.811856
9,int8,0,56,56,Ghana_45911,0.754764
9,int8,0,57,57,Mekong_846007,0.772015
9,int8,0,58,58,Paraguay_482517,0.773155
9,int8,0,59,59,India_179238,0.893919
9,int8,0,60,60,India_534470,0.826426
9,int8,0,61,61,Somalia_93023,0.914091
9,int8,0,62,62,Ghana_8090,0.859328
9,int8,0,63,63,Sri-Lanka_52223,0.817147
9,int8,1,0,63,Sri-Lanka_52223,0.788736
9,int8,1,1,62,Ghana_8090,0.801795
9,int8,1,2,61,Somalia_93023,0.785555
9,int8,1,3,60,India_534470,1.165152
9,int8,1,4,59,India_179238,0.844318
9,int8,1,5,58,Paraguay_482517,0.844757
9,int8,1,6,57,Mekong_846007,0.809106
9,int8,1,7,56,Ghana_45911,0.859218
9,int8,1,8,55,USA_1068362,0.814776
9,int8,1,9,54,Pakistan_246718,0.857188
9,int8,1,10,53,Spain_8154154,0.855948
9,int8,1,11,52,Paraguay_1029042,0.842287
9,int8,1,12,51,USA_170264,0.798175
9,int8,1,13,50,Ghana_154838,0.788876
9,int8,1,14,49,USA_58086,0.781655
9,int8,1,15,48,USA_354981,0.771245
9,int8,1,16,47,Somalia_295782,0.775295
9,int8,1,17,46,Pakistan_65724,0.821917
9,int8,1,18,45,India_324254,0.771645
9,int8,1,19,44,Pakistan_211386,0.780565
9,int8,1,20,43,USA_217598,0.800516
9,int8,1,21,42,Ghana_103272,0.772244
9,int8,1,22,41,Ghana_128663,0.772955
9,int8,1,23,40,India_747970,0.767394
9,int8,1,24,39,Nigeria_143329,0.772965
9,int8,1,25,38,Sri-Lanka_249079,0.763344
9,int8,1,26,37,Paraguay_212687,0.755023
9,int8,1,27,36,Spain_2523247,0.767874
9,int8,1,28,35,Sri-Lanka_847275,0.765164
9,int8,1,29,34,India_287642,0.812646
9,int8,1,30,33,USA_605492,0.774094
9,int8,1,31,32,Sri-Lanka_883641,0.771295
9,int8,1,32,31,Paraguay_792268,0.770044
9,int8,1,33,30,India_652725,0.799666
9,int8,1,34,29,USA_181503,0.832267
9,int8,1,35,28,Paraguay_48673,0.769994
9,int8,1,36,27,India_91379,0.770215
9,int8,1,37,26,Paraguay_822142,0.764484
9,int8,1,38,25,India_773682,0.862888
9,int8,1,39,24,Spain_2594119,0.805286
9,int8,1,40,23,Sri-Lanka_956740,0.803296
9,int8,1,41,22,USA_655230,0.804405
9,int8,1,42,21,Somalia_970508,0.758343
9,int8,1,43,20,Paraguay_246154,0.757464
9,int8,1,44,19,Ghana_144050,0.753194
9,int8,1,45,18,USA_806273,0.823727
9,int8,1,46,17,India_979278,0.779085
9,int8,1,47,16,Nigeria_600295,0.822126
9,int8,1,48,15,Mekong_1395593,0.810886
9,int8,1,49,14,Ghana_135389,0.817297
9,int8,1,50,13,Sri-Lanka_551926,0.767994
9,int8,1,51,12,Paraguay_721886,0.817046
9,int8,1,52,11,Paraguay_1056717,0.809316
9,int8,1,53,10,USA_438959,0.755894
9,int8,1,54,9,Somalia_205466,0.818466
9,int8,1,55,8,Mekong_52610,0.769525
9,int8,1,56,7,Ghana_147015,0.829767
9,int8,1,57,6,India_56450,0.772004
9,int8,1,58,5,Mekong_342411,0.799306
9,int8,1,59,4,Sri-Lanka_748447,0.796025
9,int8,1,60,3,USA_224165,0.799926
9,int8,1,61,2,Paraguay_191503,0.761874
9,int8,1,62,1,Paraguay_36015,1.018135
9,int8,1,63,0,Spain_7786924,0.775865
9,int8,2,0,0,Spain_7786924,0.768634
9,int8,2,1,1,Paraguay_36015,0.791155
9,int8,2,2,2,Paraguay_191503,0.760404
9,int8,2,3,3,USA_224165,0.759124
9,int8,2,4,4,Sri-Lanka_748447,0.747863
9,int8,2,5,5,Mekong_342411,0.764804
9,int8,2,6,6,India_56450,0.764194
9,int8,2,7,7,Ghana_147015,0.777374
9,int8,2,8,8,Mekong_52610,0.811707
9,int8,2,9,9,Somalia_205466,0.764865
9,int8,2,10,10,USA_438959,0.807726
9,int8,2,11,11,Paraguay_1056717,0.783475
9,int8,2,12,12,Paraguay_721886,0.760784
9,int8,2,13,13,Sri-Lanka_551926,0.806636
9,int8,2,14,14,Ghana_135389,0.744184
9,int8,2,15,15,Mekong_1395593,0.771924
9,int8,2,16,16,Nigeria_600295,0.750333
9,int8,2,17,17,India_979278,0.796306
9,int8,2,18,18,USA_806273,0.851788
9,int8,2,19,19,Ghana_144050,0.796496
9,int8,2,20,20,Paraguay_246154,0.796995
9,int8,2,21,21,Somalia_970508,0.777104
9,int8,2,22,22,USA_655230,0.758204
9,int8,2,23,23,Sri-Lanka_956740,0.759913
9,int8,2,24,24,Spain_2594119,0.818986
9,int8,2,25,25,India_773682,0.753324
9,int8,2,26,26,Paraguay_822142,0.752743
9,int8,2,27,27,India_91379,0.756274
9,int8,2,28,28,Paraguay_48673,0.769704
9,int8,2,29,29,USA_181503,0.800176
9,int8,2,30,30,India_652725,0.878449
9,int8,2,31,31,Paraguay_792268,0.754313
9,int8,2,32,32,Sri-Lanka_883641,0.800636
9,int8,2,33,33,USA_605492,0.748733
9,int8,2,34,34,India_287642,0.745953
9,int8,2,35,35,Sri-Lanka_847275,0.749894
9,int8,2,36,36,Spain_2523247,0.766604
9,int8,2,37,37,Paraguay_212687,0.764814
9,int8,2,38,38,Sri-Lanka_249079,0.753694
9,int8,2,39,39,Nigeria_143329,0.756714
9,int8,2,40,40,India_747970,0.758404
9,int8,2,41,41,Ghana_128663,0.779245
9,int8,2,42,42,Ghana_103272,0.800716
9,int8,2,43,43,USA_217598,0.860838
9,int8,2,44,44,Pakistan_211386,0.750334
9,int8,2,45,45,India_324254,0.779075
9,int8,2,46,46,Pakistan_65724,0.797176
9,int8,2,47,47,Somalia_295782,0.808866
9,int8,2,48,48,USA_354981,0.727692
9,int8,2,49,49,USA_58086,6.147884
9,int8,2,50,50,Ghana_154838,1.094759
9,int8,2,51,51,USA_170264,1.019585
9,int8,2,52,52,Paraguay_1029042,0.87988
9,int8,2,53,53,Spain_8154154,0.853158
9,int8,2,54,54,Pakistan_246718,0.835758
9,int8,2,55,55,USA_1068362,0.984674
9,int8,2,56,56,Ghana_45911,0.797366
9,int8,2,57,57,Mekong_846007,0.790376
9,int8,2,58,58,Paraguay_482517,0.792536
9,int8,2,59,59,India_179238,0.877919
9,int8,2,60,60,India_534470,0.797265
9,int8,2,61,61,Somalia_93023,0.776534
9,int8,2,62,62,Ghana_8090,0.776875
9,int8,2,63,63,Sri-Lanka_52223,0.766305
10,int8,0,0,0,Spain_7786924,0.759084
10,int8,0,1,1,Paraguay_36015,0.755804
10,int8,0,2,2,Paraguay_191503,0.746233
10,int8,0,3,3,USA_224165,0.747393
10,int8,0,4,4,Sri-Lanka_748447,0.746354
10,int8,0,5,5,Mekong_342411,0.746003
10,int8,0,6,6,India_56450,0.818777
10,int8,0,7,7,Ghana_147015,0.790986
10,int8,0,8,8,Mekong_52610,0.743154
10,int8,0,9,9,Somalia_205466,0.755044
10,int8,0,10,10,USA_438959,0.739143
10,int8,0,11,11,Paraguay_1056717,0.739113
10,int8,0,12,12,Paraguay_721886,0.793116
10,int8,0,13,13,Sri-Lanka_551926,0.744763
10,int8,0,14,14,Ghana_135389,0.742303
10,int8,0,15,15,Mekong_1395593,0.798755
10,int8,0,16,16,Nigeria_600295,0.745213
10,int8,0,17,17,India_979278,0.753194
10,int8,0,18,18,USA_806273,0.875269
10,int8,0,19,19,Ghana_144050,0.88761
10,int8,0,20,20,Paraguay_246154,0.787425
10,int8,0,21,21,Somalia_970508,0.734893
10,int8,0,22,22,USA_655230,0.768655
10,int8,0,23,23,Sri-Lanka_956740,0.790996
10,int8,0,24,24,Spain_2594119,0.739713
10,int8,0,25,25,India_773682,0.737823
10,int8,0,26,26,Paraguay_822142,0.739993
10,int8,0,27,27,India_91379,0.740213
10,int8,0,28,28,Paraguay_48673,0.742833
10,int8,0,29,29,USA_181503,0.802366
10,int8,0,30,30,India_652725,0.756304
10,int8,0,31,31,Paraguay_792268,0.879699
10,int8,0,32,32,Sri-Lanka_883641,0.753404
10,int8,0,33,33,USA_605492,0.747414
10,int8,0,34,34,India_287642,0.797686
10,int8,0,35,35,Sri-Lanka_847275,0.764154
10,int8,0,36,36,Spain_2523247,0.792355
10,int8,0,37,37,Paraguay_212687,0.786965
10,int8,0,38,38,Sri-Lanka_249079,0.790315
10,int8,0,39,39,Nigeria_143329,0.738593
10,int8,0,40,40,India_747970,0.741814
10,int8,0,41,41,Ghana_128663,0.791655
10,int8,0,42,42,Ghana_103272,0.739393
10,int8,0,43,43,USA_217598,0.744653
10,int8,0,44,44,Pakistan_211386,0.755244
10,int8,0,45,45,India_324254,0.750283
10,int8,0,46,46,Pakistan_65724,0.751333
10,int8,0,47,47,Somalia_295782,0.803046
10,int8,0,48,48,USA_354981,0.760013
10,int8,0,49,49,USA_58086,0.745203
10,int8,0,50,50,Ghana_154838,0.788165
10,int8,0,51,51,USA_170264,0.837187
10,int8,0,52,52,Paraguay_1029042,0.758574
10,int8,0,53,53,Spain_8154154,0.743274
10,int8,0,54,54,Pakistan_246718,0.743643
10,int8,0,55,55,USA_1068362,0.750664
10,int8,0,56,56,Ghana_45911,0.807766
10,int8,0,57,57,Mekong_846007,0.749993
10,int8,0,58,58,Paraguay_482517,0.750863
10,int8,0,59,59,India_179238,0.806966
10,int8,0,60,60,India_534470,0.753373
10,int8,0,61,61,Somalia_93023,0.737953
10,int8,0,62,62,Ghana_8090,0.744203
10,int8,0,63,63,Sri-Lanka_52223,0.741483
10,int8,1,0,63,Sri-Lanka_52223,0.801936
10,int8,1,1,62,Ghana_8090,0.754643
10,int8,1,2,61,Somalia_93023,0.751094
10,int8,1,3,60,India_534470,0.823737
10,int8,1,4,59,India_179238,0.744543
10,int8,1,5,58,Paraguay_482517,0.756614
10,int8,1,6,57,Mekong_846007,0.775484
10,int8,1,7,56,Ghana_45911,0.749643
10,int8,1,8,55,USA_1068362,0.758224
10,int8,1,9,54,Pakistan_246718,0.743873
10,int8,1,10,53,Spain_8154154,0.748624
10,int8,1,11,52,Paraguay_1029042,0.794885
10,int8,1,12,51,USA_170264,0.741363
10,int8,1,13,50,Ghana_154838,0.743543
10,int8,1,14,49,USA_58086,0.752403
10,int8,1,15,48,USA_354981,0.752684
10,int8,1,16,47,Somalia_295782,0.749973
10,int8,1,17,46,Pakistan_65724,0.751264
10,int8,1,18,45,India_324254,0.809076
10,int8,1,19,44,Pakistan_211386,0.762324
10,int8,1,20,43,USA_217598,0.797176
10,int8,1,21,42,Ghana_103272,0.790006
10,int8,1,22,41,Ghana_128663,0.805526
10,int8,1,23,40,India_747970,0.776045
10,int8,1,24,39,Nigeria_143329,0.743544
10,int8,1,25,38,Sri-Lanka_249079,0.742404
10,int8,1,26,37,Paraguay_212687,0.743174
10,int8,1,27,36,Spain_2523247,0.749704
10,int8,1,28,35,Sri-Lanka_847275,0.812506
10,int8,1,29,34,India_287642,0.752044
10,int8,1,30,33,USA_605492,0.750614
10,int8,1,31,32,Sri-Lanka_883641,0.749803
10,int8,1,32,31,Paraguay_792268,0.762164
10,int8,1,33,30,India_652725,0.789015
10,int8,1,34,29,USA_181503,0.740553
10,int8,1,35,28,Paraguay_48673,0.743224
10,int8,1,36,27,India_91379,0.737563
10,int8,1,37,26,Paraguay_822142,0.848578
10,int8,1,38,25,India_773682,0.757473
10,int8,1,39,24,Spain_2594119,0.767704
10,int8,1,40,23,Sri-Lanka_956740,0.771564
10,int8,1,41,22,USA_655230,0.776465
10,int8,1,42,21,Somalia_970508,0.769654
10,int8,1,43,20,Paraguay_246154,0.771434
10,int8,1,44,19,Ghana_144050,0.776715
10,int8,1,45,18,USA_806273,0.780905
10,int8,1,46,17,India_979278,0.767284
10,int8,1,47,16,Nigeria_600295,0.762434
10,int8,1,48,15,Mekong_1395593,0.761584
10,int8,1,49,14,Ghana_135389,0.785205
10,int8,1,50,13,Sri-Lanka_551926,0.985784
10,int8,1,51,12,Paraguay_721886,0.845038
10,int8,1,52,11,Paraguay_1056717,0.769564
10,int8,1,53,10,USA_438959,0.843838
10,int8,1,54,9,Somalia_205466,0.770455
10,int8,1,55,8,Mekong_52610,0.766064
10,int8,1,56,7,Ghana_147015,0.762534
10,int8,1,57,6,India_56450,0.818406
10,int8,1,58,5,Mekong_342411,0.770404
10,int8,1,59,4,Sri-Lanka_748447,0.772024
10,int8,1,60,3,USA_224165,0.767244
10,int8,1,61,2,Paraguay_191503,0.772245
10,int8,1,62,1,Paraguay_36015,0.782215
10,int8,1,63,0,Spain_7786924,0.773015
10,int8,2,0,0,Spain_7786924,0.770935
10,int8,2,1,1,Paraguay_36015,0.805486
10,int8,2,2,2,Paraguay_191503,0.807056
10,int8,2,3,3,USA_224165,0.758974
10,int8,2,4,4,Sri-Lanka_748447,0.812206
10,int8,2,5,5,Mekong_342411,0.813806
10,int8,2,6,6,India_56450,0.759374
10,int8,2,7,7,Ghana_147015,0.759804
10,int8,2,8,8,Mekong_52610,0.758854
10,int8,2,9,9,Somalia_205466,0.771604
10,int8,2,10,10,USA_438959,0.775364
10,int8,2,11,11,Paraguay_1056717,0.766834
10,int8,2,12,12,Paraguay_721886,0.769384
10,int8,2,13,13,Sri-Lanka_551926,0.763654
10,int8,2,14,14,Ghana_135389,0.769705
10,int8,2,15,15,Mekong_1395593,0.804666
10,int8,2,16,16,Nigeria_600295,0.825167
10,int8,2,17,17,India_979278,0.763524
10,int8,2,18,18,USA_806273,0.759293
10,int8,2,19,19,Ghana_144050,0.758854
10,int8,2,20,20,Paraguay_246154,0.808866
10,int8,2,21,21,Somalia_970508,0.742094
10,int8,2,22,22,USA_655230,0.760304
10,int8,2,23,23,Sri-Lanka_956740,0.767074
10,int8,2,24,24,Spain_2594119,0.774515
10,int8,2,25,25,India_773682,0.775115
10,int8,2,26,26,Paraguay_822142,0.767424
10,int8,2,27,27,India_91379,0.768754
10,int8,2,28,28,Paraguay_48673,0.795045
10,int8,2,29,29,USA_181503,0.770184
10,int8,2,30,30,India_652725,0.815026
10,int8,2,31,31,Paraguay_792268,0.816287
10,int8,2,32,32,Sri-Lanka_883641,0.791346
10,int8,2,33,33,USA_605492,0.756773
10,int8,2,34,34,India_287642,0.761684
10,int8,2,35,35,Sri-Lanka_847275,0.774484
10,int8,2,36,36,Spain_2523247,0.802706
10,int8,2,37,37,Paraguay_212687,0.763214
10,int8,2,38,38,Sri-Lanka_249079,0.762184
10,int8,2,39,39,Nigeria_143329,0.822527
10,int8,2,40,40,India_747970,0.771914
10,int8,2,41,41,Ghana_128663,0.824827
10,int8,2,42,42,Ghana_103272,0.771015
10,int8,2,43,43,USA_217598,0.769374
10,int8,2,44,44,Pakistan_211386,0.765334
10,int8,2,45,45,India_324254,0.749223
10,int8,2,46,46,Pakistan_65724,0.753643
10,int8,2,47,47,Somalia_295782,0.757904
10,int8,2,48,48,USA_354981,0.753483
10,int8,2,49,49,USA_58086,0.766104
10,int8,2,50,50,Ghana_154838,0.759584
10,int8,2,51,51,USA_170264,0.767134
10,int8,2,52,52,Paraguay_1029042,0.823507
10,int8,2,53,53,Spain_8154154,0.811627
10,int8,2,54,54,Pakistan_246718,0.815246
10,int8,2,55,55,USA_1068362,0.766214
10,int8,2,56,56,Ghana_45911,0.764914
10,int8,2,57,57,Mekong_846007,0.771754
10,int8,2,58,58,Paraguay_482517,0.851248
10,int8,2,59,59,India_179238,0.770334
10,int8,2,60,60,India_534470,0.760934
10,int8,2,61,61,Somalia_93023,0.809536
10,int8,2,62,62,Ghana_8090,0.757294
10,int8,2,63,63,Sri-Lanka_52223,0.760524
10,fp16,0,0,0,Spain_7786924,0.568355
10,fp16,0,1,1,Paraguay_36015,1.002225
10,fp16,0,2,2,Paraguay_191503,0.581916
10,fp16,0,3,3,USA_224165,0.582906
10,fp16,0,4,4,Sri-Lanka_748447,0.569466
10,fp16,0,5,5,Mekong_342411,0.576896
10,fp16,0,6,6,India_56450,0.602237
10,fp16,0,7,7,Ghana_147015,0.567495
10,fp16,0,8,8,Mekong_52610,0.564575
10,fp16,0,9,9,Somalia_205466,0.573615
10,fp16,0,10,10,USA_438959,0.569835
10,fp16,0,11,11,Paraguay_1056717,0.565485
10,fp16,0,12,12,Paraguay_721886,0.557025
10,fp16,0,13,13,Sri-Lanka_551926,0.573615
10,fp16,0,14,14,Ghana_135389,0.577485
10,fp16,0,15,15,Mekong_1395593,0.558995
10,fp16,0,16,16,Nigeria_600295,0.562705
10,fp16,0,17,17,India_979278,0.574736
10,fp16,0,18,18,USA_806273,0.564125
10,fp16,0,19,19,Ghana_144050,0.557265
10,fp16,0,20,20,Paraguay_246154,0.575655
10,fp16,0,21,21,Somalia_970508,0.560625
10,fp16,0,22,22,USA_655230,0.561146
10,fp16,0,23,23,Sri-Lanka_956740,0.578366
10,fp16,0,24,24,Spain_2594119,0.567105
10,fp16,0,25,25,India_773682,0.563845
10,fp16,0,26,26,Paraguay_822142,0.563595
10,fp16,0,27,27,India_91379,0.568396
10,fp16,0,28,28,Paraguay_48673,0.565365
10,fp16,0,29,29,USA_181503,0.557954
10,fp16,0,30,30,India_652725,0.574776
10,fp16,0,31,31,Paraguay_792268,0.555204
10,fp16,0,32,32,Sri-Lanka_883641,0.557415
10,fp16,0,33,33,USA_605492,0.557565
10,fp16,0,34,34,India_287642,0.565295
10,fp16,0,35,35,Sri-Lanka_847275,0.558985
10,fp16,0,36,36,Spain_2523247,0.560215
10,fp16,0,37,37,Paraguay_212687,0.568836
10,fp16,0,38,38,Sri-Lanka_249079,0.560705
10,fp16,0,39,39,Nigeria_143329,0.551885
10,fp16,0,40,40,India_747970,0.560535
10,fp16,0,41,41,Ghana_128663,0.570056
10,fp16,0,42,42,Ghana_103272,0.562405
10,fp16,0,43,43,USA_217598,0.565475
10,fp16,0,44,44,Pakistan_211386,0.561765
10,fp16,0,45,45,India_324254,0.576275
10,fp16,0,46,46,Pakistan_65724,0.557355
10,fp16,0,47,47,Somalia_295782,0.560555
10,fp16,0,48,48,USA_354981,0.579066
10,fp16,0,49,49,USA_58086,0.558455
10,fp16,0,50,50,Ghana_154838,0.562755
10,fp16,0,51,51,USA_170264,0.560355
10,fp16,0,52,52,Paraguay_1029042,0.560135
10,fp16,0,53,53,Spain_8154154,0.556245
10,fp16,0,54,54,Pakistan_246718,0.553285
10,fp16,0,55,55,USA_1068362,0.567975
10,fp16,0,56,56,Ghana_45911,0.576876
10,fp16,0,57,57,Mekong_846007,0.557975
10,fp16,0,58,58,Paraguay_482517,0.578336
10,fp16,0,59,59,India_179238,0.558665
10,fp16,0,60,60,India_534470,0.558135
10,fp16,0,61,61,Somalia_93023,0.560455
10,fp16,0,62,62,Ghana_8090,0.580315
10,fp16,0,63,63,Sri-Lanka_52223,0.555685
10,fp16,1,0,63,Sri-Lanka_52223,0.582666
10,fp16,1,1,62,Ghana_8090,0.568675
10,fp16,1,2,61,Somalia_93023,0.571305
10,fp16,1,3,60,India_534470,0.554455
10,fp16,1,4,59,India_179238,0.566916
10,fp16,1,5,58,Paraguay_482517,0.558525
10,fp16,1,6,57,Mekong_846007,0.569776
10,fp16,1,7,56,Ghana_45911,0.555925
10,fp16,1,8,55,USA_1068362,0.574965
10,fp16,1,9,54,Pakistan_246718,0.585946
10,fp16,1,10,53,Spain_8154154,0.564935
10,fp16,1,11,52,Paraguay_1029042,0.558755
10,fp16,1,12,51,USA_170264,0.563335
10,fp16,1,13,50,Ghana_154838,0.551544
10,fp16,1,14,49,USA_58086,0.562985
10,fp16,1,15,48,USA_354981,0.565155
10,fp16,1,16,47,Somalia_295782,0.566645
10,fp16,1,17,46,Pakistan_65724,0.549044
10,fp16,1,18,45,India_324254,0.562065
10,fp16,1,19,44,Pakistan_211386,0.558965
10,fp16,1,20,43,USA_217598,0.595997
10,fp16,1,21,42,Ghana_103272,0.562656
10,fp16,1,22,41,Ghana_128663,0.555985
10,fp16,1,23,40,India_747970,0.568475
10,fp16,1,24,39,Nigeria_143329,0.557685
10,fp16,1,25,38,Sri-Lanka_249079,0.562505
10,fp16,1,26,37,Paraguay_212687,0.564805
10,fp16,1,27,36,Spain_2523247,0.564255
10,fp16,1,28,35,Sri-Lanka_847275,0.559595
10,fp16,1,29,34,India_287642,0.565756
10,fp16,1,30,33,USA_605492,0.565146
10,fp16,1,31,32,Sri-Lanka_883641,0.571896
10,fp16,1,32,31,Paraguay_792268,0.556315
10,fp16,1,33,30,India_652725,0.569905
10,fp16,1,34,29,USA_181503,0.560565
10,fp16,1,35,28,Paraguay_48673,0.561475
10,fp16,1,36,27,India_91379,0.552225
10,fp16,1,37,26,Paraguay_822142,0.602087
10,fp16,1,38,25,India_773682,0.570326
10,fp16,1,39,24,Spain_2594119,0.557025
10,fp16,1,40,23,Sri-Lanka_956740,0.572306
10,fp16,1,41,22,USA_655230,0.566876
10,fp16,1,42,21,Somalia_970508,0.558115
10,fp16,1,43,20,Paraguay_246154,0.550474
10,fp16,1,44,19,Ghana_144050,0.568825
10,fp16,1,45,18,USA_806273,0.555064
10,fp16,1,46,17,India_979278,0.570876
10,fp16,1,47,16,Nigeria_600295,0.566506
10,fp16,1,48,15,Mekong_1395593,0.575856
10,fp16,1,49,14,Ghana_135389,0.556425
10,fp16,1,50,13,Sri-Lanka_551926,0.554045
10,fp16,1,51,12,Paraguay_721886,0.568505
10,fp16,1,52,11,Paraguay_1056717,0.563145
10,fp16,1,53,10,USA_438959,0.566805
10,fp16,1,54,9,Somalia_205466,0.571205
10,fp16,1,55,8,Mekong_52610,0.657709
10,fp16,1,56,7,Ghana_147015,0.562815
10,fp16,1,57,6,India_56450,0.563875
10,fp16,1,58,5,Mekong_342411,0.566886
10,fp16,1,59,4,Sri-Lanka_748447,0.575856
10,fp16,1,60,3,USA_224165,0.557355
10,fp16,1,61,2,Paraguay_191503,0.563546
10,fp16,1,62,1,Paraguay_36015,0.566295
10,fp16,1,63,0,Spain_7786924,0.561815
10,fp16,2,0,0,Spain_7786924,0.556285
10,fp16,2,1,1,Paraguay_36015,0.562915
10,fp16,2,2,2,Paraguay_191503,0.573615
10,fp16,2,3,3,USA_224165,0.582236
10,fp16,2,4,4,Sri-Lanka_748447,0.548744
10,fp16,2,5,5,Mekong_342411,0.568855
10,fp16,2,6,6,India_56450,0.559635
10,fp16,2,7,7,Ghana_147015,0.561825
10,fp16,2,8,8,Mekong_52610,0.577256
10,fp16,2,9,9,Somalia_205466,0.559145
10,fp16,2,10,10,USA_438959,0.555615
10,fp16,2,11,11,Paraguay_1056717,0.559984
10,fp16,2,12,12,Paraguay_721886,0.564336
10,fp16,2,13,13,Sri-Lanka_551926,0.564866
10,fp16,2,14,14,Ghana_135389,0.558055
10,fp16,2,15,15,Mekong_1395593,0.578426
10,fp16,2,16,16,Nigeria_600295,0.556345
10,fp16,2,17,17,India_979278,0.560085
10,fp16,2,18,18,USA_806273,0.556515
10,fp16,2,19,19,Ghana_144050,0.571606
10,fp16,2,20,20,Paraguay_246154,0.548125
10,fp16,2,21,21,Somalia_970508,0.552394
10,fp16,2,22,22,USA_655230,0.565685
10,fp16,2,23,23,Sri-Lanka_956740,0.573576
10,fp16,2,24,24,Spain_2594119,0.557385
10,fp16,2,25,25,India_773682,0.564375
10,fp16,2,26,26,Paraguay_822142,0.566025
10,fp16,2,27,27,India_91379,0.562865
10,fp16,2,28,28,Paraguay_48673,0.556704
10,fp16,2,29,29,USA_181503,0.571656
10,fp16,2,30,30,India_652725,0.573655
10,fp16,2,31,31,Paraguay_792268,0.556005
10,fp16,2,32,32,Sri-Lanka_883641,0.555555
10,fp16,2,33,33,USA_605492,0.569605
10,fp16,2,34,34,India_287642,0.555775
10,fp16,2,35,35,Sri-Lanka_847275,0.560495
10,fp16,2,36,36,Spain_2523247,0.560295
10,fp16,2,37,37,Paraguay_212687,0.556955
10,fp16,2,38,38,Sri-Lanka_249079,0.560525
10,fp16,2,39,39,Nigeria_143329,0.568326
10,fp16,2,40,40,India_747970,0.573866
10,fp16,2,41,41,Ghana_128663,0.559554
10,fp16,2,42,42,Ghana_103272,0.551515
10,fp16,2,43,43,USA_217598,0.563946
10,fp16,2,44,44,Pakistan_211386,0.558495
10,fp16,2,45,45,India_324254,0.569556
10,fp16,2,46,46,Pakistan_65724,0.574945
10,fp16,2,47,47,Somalia_295782,0.573406
10,fp16,2,48,48,USA_354981,0.562215
10,fp16,2,49,49,USA_58086,0.548205
10,fp16,2,50,50,Ghana_154838,0.580216
10,fp16,2,51,51,USA_170264,0.587837
10,fp16,2,52,52,Paraguay_1029042,0.559075
10,fp16,2,53,53,Spain_8154154,0.550704
10,fp16,2,54,54,Pakistan_246718,0.567945
10,fp16,2,55,55,USA_1068362,0.563585
10,fp16,2,56,56,Ghana_45911,0.564025
10,fp16,2,57,57,Mekong_846007,0.570336
10,fp16,2,58,58,Paraguay_482517,0.557225
10,fp16,2,59,59,India_179238,0.562095
10,fp16,2,60,60,India_534470,0.557425
10,fp16,2,61,61,Somalia_93023,0.578596
10,fp16,2,62,62,Ghana_8090,0.558965
10,fp16,2,63,63,Sri-Lanka_52223,0.558064
11,fp16,0,0,0,Spain_7786924,0.567865
11,fp16,0,1,1,Paraguay_36015,0.845807
11,fp16,0,2,2,Paraguay_191503,0.565936
11,fp16,0,3,3,USA_224165,0.569445
11,fp16,0,4,4,Sri-Lanka_748447,0.563645
11,fp16,0,5,5,Mekong_342411,0.558905
11,fp16,0,6,6,India_56450,0.549515
11,fp16,0,7,7,Ghana_147015,0.553864
11,fp16,0,8,8,Mekong_52610,0.566886
11,fp16,0,9,9,Somalia_205466,0.550585
11,fp16,0,10,10,USA_438959,0.545374
11,fp16,0,11,11,Paraguay_1056717,0.541364
11,fp16,0,12,12,Paraguay_721886,0.543584
11,fp16,0,13,13,Sri-Lanka_551926,0.546624
11,fp16,0,14,14,Ghana_135389,0.563015
11,fp16,0,15,15,Mekong_1395593,0.551744
11,fp16,0,16,16,Nigeria_600295,0.545714
11,fp16,0,17,17,India_979278,0.545374
11,fp16,0,18,18,USA_806273,0.552095
11,fp16,0,19,19,Ghana_144050,0.546345
11,fp16,0,20,20,Paraguay_246154,0.543555
11,fp16,0,21,21,Somalia_970508,0.548154
11,fp16,0,22,22,USA_655230,0.549074
11,fp16,0,23,23,Sri-Lanka_956740,0.549145
11,fp16,0,24,24,Spain_2594119,0.559515
11,fp16,0,25,25,India_773682,0.550155
11,fp16,0,26,26,Paraguay_822142,0.539304
11,fp16,0,27,27,India_91379,0.548614
11,fp16,0,28,28,Paraguay_48673,0.550954
11,fp16,0,29,29,USA_181503,0.543044
11,fp16,0,30,30,India_652725,0.543464
11,fp16,0,31,31,Paraguay_792268,0.559245
11,fp16,0,32,32,Sri-Lanka_883641,0.544865
11,fp16,0,33,33,USA_605492,0.551505
11,fp16,0,34,34,India_287642,0.550534
11,fp16,0,35,35,Sri-Lanka_847275,0.550015
11,fp16,0,36,36,Spain_2523247,0.538914
11,fp16,0,37,37,Paraguay_212687,0.561655
11,fp16,0,38,38,Sri-Lanka_249079,0.539594
11,fp16,0,39,39,Nigeria_143329,0.547205
11,fp16,0,40,40,India_747970,0.548905
11,fp16,0,41,41,Ghana_128663,0.557174
11,fp16,0,42,42,Ghana_103272,0.558525
11,fp16,0,43,43,USA_217598,0.540734
11,fp16,0,44,44,Pakistan_211386,0.548854
11,fp16,0,45,45,India_324254,0.543924
11,fp16,0,46,46,Pakistan_65724,0.547025
11,fp16,0,47,47,Somalia_295782,0.557745
11,fp16,0,48,48,USA_354981,0.559195
11,fp16,0,49,49,USA_58086,0.550565
11,fp16,0,50,50,Ghana_154838,0.535713
11,fp16,0,51,51,USA_170264,0.557255
11,fp16,0,52,52,Paraguay_1029042,0.543334
11,fp16,0,53,53,Spain_8154154,0.539394
11,fp16,0,54,54,Pakistan_246718,0.556485
11,fp16,0,55,55,USA_1068362,0.546975
11,fp16,0,56,56,Ghana_45911,0.535314
11,fp16,0,57,57,Mekong_846007,0.553515
11,fp16,0,58,58,Paraguay_482517,0.553844
11,fp16,0,59,59,India_179238,0.551725
11,fp16,0,60,60,India_534470,0.535664
11,fp16,0,61,61,Somalia_93023,0.555005
11,fp16,0,62,62,Ghana_8090,0.551195
11,fp16,0,63,63,Sri-Lanka_52223,0.540004
11,fp16,1,0,63,Sri-Lanka_52223,0.552085
11,fp16,1,1,62,Ghana_8090,0.547975
11,fp16,1,2,61,Somalia_93023,0.550114
11,fp16,1,3,60,India_534470,0.556895
11,fp16,1,4,59,India_179238,0.547945
11,fp16,1,5,58,Paraguay_482517,0.548224
11,fp16,1,6,57,Mekong_846007,0.539614
11,fp16,1,7,56,Ghana_45911,0.574516
11,fp16,1,8,55,USA_1068362,0.538544
11,fp16,1,9,54,Pakistan_246718,0.545854
11,fp16,1,10,53,Spain_8154154,0.553454
11,fp16,1,11,52,Paraguay_1029042,0.547704
11,fp16,1,12,51,USA_170264,0.543064
11,fp16,1,13,50,Ghana_154838,0.555395
11,fp16,1,14,49,USA_58086,0.550905
11,fp16,1,15,48,USA_354981,0.555664
11,fp16,1,16,47,Somalia_295782,0.543504
11,fp16,1,17,46,Pakistan_65724,0.553405
11,fp16,1,18,45,India_324254,0.548514
11,fp16,1,19,44,Pakistan_211386,0.540754
11,fp16,1,20,43,USA_217598,0.563675
11,fp16,1,21,42,Ghana_103272,0.540725
11,fp16,1,22,41,Ghana_128663,0.539914
11,fp16,1,23,40,India_747970,0.553855
11,fp16,1,24,39,Nigeria_143329,0.554025
11,fp16,1,25,38,Sri-Lanka_249079,0.547334
11,fp16,1,26,37,Paraguay_212687,0.545485
11,fp16,1,27,36,Spain_2523247,0.552315
11,fp16,1,28,35,Sri-Lanka_847275,0.535624
11,fp16,1,29,34,India_287642,0.545725
11,fp16,1,30,33,USA_605492,0.557685
11,fp16,1,31,32,Sri-Lanka_883641,0.547565
11,fp16,1,32,31,Paraguay_792268,0.549045
11,fp16,1,33,30,India_652725,0.550584
11,fp16,1,34,29,USA_181503,0.541894
11,fp16,1,35,28,Paraguay_48673,0.554825
11,fp16,1,36,27,India_91379,0.550115
11,fp16,1,37,26,Paraguay_822142,0.549494
11,fp16,1,38,25,India_773682,0.537894
11,fp16,1,39,24,Spain_2594119,0.540445
11,fp16,1,40,23,Sri-Lanka_956740,0.554805
11,fp16,1,41,22,USA_655230,0.548524
11,fp16,1,42,21,Somalia_970508,0.551595
11,fp16,1,43,20,Paraguay_246154,0.547604
11,fp16,1,44,19,Ghana_144050,0.542854
11,fp16,1,45,18,USA_806273,0.549445
11,fp16,1,46,17,India_979278,0.632739
11,fp16,1,47,16,Nigeria_600295,0.563195
11,fp16,1,48,15,Mekong_1395593,0.553975
11,fp16,1,49,14,Ghana_135389,0.547945
11,fp16,1,50,13,Sri-Lanka_551926,0.553895
11,fp16,1,51,12,Paraguay_721886,0.547734
11,fp16,1,52,11,Paraguay_1056717,0.548404
11,fp16,1,53,10,USA_438959,0.543664
11,fp16,1,54,9,Somalia_205466,0.555175
11,fp16,1,55,8,Mekong_52610,0.551184
11,fp16,1,56,7,Ghana_147015,0.552394
11,fp16,1,57,6,India_56450,0.550155
11,fp16,1,58,5,Mekong_342411,0.538744
11,fp16,1,59,4,Sri-Lanka_748447,0.540604
11,fp16,1,60,3,USA_224165,0.550814
11,fp16,1,61,2,Paraguay_191503,0.552764
11,fp16,1,62,1,Paraguay_36015,0.547654
11,fp16,1,63,0,Spain_7786924,0.543964
11,fp16,2,0,0,Spain_7786924,0.581246
11,fp16,2,1,1,Paraguay_36015,0.541144
11,fp16,2,2,2,Paraguay_191503,0.546504
11,fp16,2,3,3,USA_224165,0.564195
11,fp16,2,4,4,Sri-Lanka_748447,0.552224
11,fp16,2,5,5,Mekong_342411,0.561895
11,fp16,2,6,6,India_56450,0.546884
11,fp16,2,7,7,Ghana_147015,0.546584
11,fp16,2,8,8,Mekong_52610,0.545294
11,fp16,2,9,9,Somalia_205466,0.549775
11,fp16,2,10,10,USA_438959,0.553765
11,fp16,2,11,11,Paraguay_1056717,0.545604
11,fp16,2,12,12,Paraguay_721886,0.554284
11,fp16,2,13,13,Sri-Lanka_551926,0.549384
11,fp16,2,14,14,Ghana_135389,0.543124
11,fp16,2,15,15,Mekong_1395593,0.552455
11,fp16,2,16,16,Nigeria_600295,0.557995
11,fp16,2,17,17,India_979278,0.563305
11,fp16,2,18,18,USA_806273,0.549015
11,fp16,2,19,19,Ghana_144050,0.537234
11,fp16,2,20,20,Paraguay_246154,0.553325
11,fp16,2,21,21,Somalia_970508,0.539124
11,fp16,2,22,22,USA_655230,0.533044
11,fp16,2,23,23,Sri-Lanka_956740,0.548784
11,fp16,2,24,24,Spain_2594119,0.550334
11,fp16,2,25,25,India_773682,0.548604
11,fp16,2,26,26,Paraguay_822142,0.554755
11,fp16,2,27,27,India_91379,0.543535
11,fp16,2,28,28,Paraguay_48673,0.544714
11,fp16,2,29,29,USA_181503,0.541974
11,fp16,2,30,30,India_652725,0.554035
11,fp16,2,31,31,Paraguay_792268,0.547414
11,fp16,2,32,32,Sri-Lanka_883641,0.544894
11,fp16,2,33,33,USA_605492,0.551374
11,fp16,2,34,34,India_287642,1.960247
11,fp16,2,35,35,Sri-Lanka_847275,0.697371
11,fp16,2,36,36,Spain_2523247,0.604147
11,fp16,2,37,37,Paraguay_212687,0.590536
11,fp16,2,38,38,Sri-Lanka_249079,0.592976
11,fp16,2,39,39,Nigeria_143329,0.590476
11,fp16,2,40,40,India_747970,0.588636
11,fp16,2,41,41,Ghana_128663,0.569885
11,fp16,2,42,42,Ghana_103272,0.567745
11,fp16,2,43,43,USA_217598,0.601067
11,fp16,2,44,44,Pakistan_211386,0.560355
11,fp16,2,45,45,India_324254,0.550324
11,fp16,2,46,46,Pakistan_65724,0.560985
11,fp16,2,47,47,Somalia_295782,0.556785
11,fp16,2,48,48,USA_354981,0.563126
11,fp16,2,49,49,USA_58086,0.552795
11,fp16,2,50,50,Ghana_154838,0.578846
11,fp16,2,51,51,USA_170264,0.552595
11,fp16,2,52,52,Paraguay_1029042,0.559775
11,fp16,2,53,53,Spain_8154154,0.564206
11,fp16,2,54,54,Pakistan_246718,0.553645
11,fp16,2,55,55,USA_1068362,0.550525
11,fp16,2,56,56,Ghana_45911,0.557974
11,fp16,2,57,57,Mekong_846007,0.549404
11,fp16,2,58,58,Paraguay_482517,0.552195
11,fp16,2,59,59,India_179238,0.546045
11,fp16,2,60,60,India_534470,0.578616
11,fp16,2,61,61,Somalia_93023,0.545934
11,fp16,2,62,62,Ghana_8090,0.543194
11,fp16,2,63,63,Sri-Lanka_52223,0.557835
11,int8,0,0,0,Spain_7786924,0.724002
11,int8,0,1,1,Paraguay_36015,0.791285
11,int8,0,2,2,Paraguay_191503,0.788375
11,int8,0,3,3,USA_224165,0.777584
11,int8,0,4,4,Sri-Lanka_748447,0.739203
11,int8,0,5,5,Mekong_342411,0.732963
11,int8,0,6,6,India_56450,0.723682
11,int8,0,7,7,Ghana_147015,0.726012
11,int8,0,8,8,Mekong_52610,0.776385
11,int8,0,9,9,Somalia_205466,0.780875
11,int8,0,10,10,USA_438959,0.767904
11,int8,0,11,11,Paraguay_1056717,0.727442
11,int8,0,12,12,Paraguay_721886,0.783915
11,int8,0,13,13,Sri-Lanka_551926,0.779464
11,int8,0,14,14,Ghana_135389,0.730303
11,int8,0,15,15,Mekong_1395593,0.731462
11,int8,0,16,16,Nigeria_600295,0.726552
11,int8,0,17,17,India_979278,0.722312
11,int8,0,18,18,USA_806273,0.726343
11,int8,0,19,19,Ghana_144050,0.723133
11,int8,0,20,20,Paraguay_246154,0.727873
11,int8,0,21,21,Somalia_970508,0.735862
11,int8,0,22,22,USA_655230,0.736843
11,int8,0,23,23,Sri-Lanka_956740,0.779655
11,int8,0,24,24,Spain_2594119,0.735693
11,int8,0,25,25,India_773682,0.724472
11,int8,0,26,26,Paraguay_822142,0.727972
11,int8,0,27,27,India_91379,0.720472
11,int8,0,28,28,Paraguay_48673,0.855798
11,int8,0,29,29,USA_181503,0.720283
11,int8,0,30,30,India_652725,0.735103
11,int8,0,31,31,Paraguay_792268,0.736183
11,int8,0,32,32,Sri-Lanka_883641,0.780455
11,int8,0,33,33,USA_605492,0.732272
11,int8,0,34,34,India_287642,0.731753
11,int8,0,35,35,Sri-Lanka_847275,0.722003
11,int8,0,36,36,Spain_2523247,0.736683
11,int8,0,37,37,Paraguay_212687,0.717862
11,int8,0,38,38,Sri-Lanka_249079,0.724603
11,int8,0,39,39,Nigeria_143329,0.785846
11,int8,0,40,40,India_747970,0.739713
11,int8,0,41,41,Ghana_128663,0.723042
11,int8,0,42,42,Ghana_103272,0.739423
11,int8,0,43,43,USA_217598,0.741843
11,int8,0,44,44,Pakistan_211386,0.724832
11,int8,0,45,45,India_324254,0.720592
11,int8,0,46,46,Pakistan_65724,0.719632
11,int8,0,47,47,Somalia_295782,0.777704
11,int8,0,48,48,USA_354981,0.724342
11,int8,0,49,49,USA_58086,0.736733
11,int8,0,50,50,Ghana_154838,0.731763
11,int8,0,51,51,USA_170264,0.732592
11,int8,0,52,52,Paraguay_1029042,0.790995
11,int8,0,53,53,Spain_8154154,0.725713
11,int8,0,54,54,Pakistan_246718,0.725703
11,int8,0,55,55,USA_1068362,0.720462
11,int8,0,56,56,Ghana_45911,0.726612
11,int8,0,57,57,Mekong_846007,0.786735
11,int8,0,58,58,Paraguay_482517,0.736823
11,int8,0,59,59,India_179238,0.731253
11,int8,0,60,60,India_534470,0.732712
11,int8,0,61,61,Somalia_93023,0.733143
11,int8,0,62,62,Ghana_8090,0.775884
11,int8,0,63,63,Sri-Lanka_52223,0.726612
11,int8,1,0,63,Sri-Lanka_52223,0.777675
11,int8,1,1,62,Ghana_8090,0.719522
11,int8,1,2,61,Somalia_93023,0.742334
11,int8,1,3,60,India_534470,0.785996
11,int8,1,4,59,India_179238,0.874519
11,int8,1,5,58,Paraguay_482517,0.789325
11,int8,1,6,57,Mekong_846007,0.733663
11,int8,1,7,56,Ghana_45911,0.742153
11,int8,1,8,55,USA_1068362,0.786555
11,int8,1,9,54,Pakistan_246718,0.733743
11,int8,1,10,53,Spain_8154154,0.782695
11,int8,1,11,52,Paraguay_1029042,0.724052
11,int8,1,12,51,USA_170264,0.774935
11,int8,1,13,50,Ghana_154838,0.713561
11,int8,1,14,49,USA_58086,0.725223
11,int8,1,15,48,USA_354981,0.729333
11,int8,1,16,47,Somalia_295782,0.788435
11,int8,1,17,46,Pakistan_65724,0.776105
11,int8,1,18,45,India_324254,0.727463
11,int8,1,19,44,Pakistan_211386,0.727612
11,int8,1,20,43,USA_217598,0.734612
11,int8,1,21,42,Ghana_103272,0.747113
11,int8,1,22,41,Ghana_128663,0.792626
11,int8,1,23,40,India_747970,0.780655
11,int8,1,24,39,Nigeria_143329,0.732372
11,int8,1,25,38,Sri-Lanka_249079,0.774335
11,int8,1,26,37,Paraguay_212687,0.726262
11,int8,1,27,36,Spain_2523247,0.790795
11,int8,1,28,35,Sri-Lanka_847275,0.742893
11,int8,1,29,34,India_287642,0.738063
11,int8,1,30,33,USA_605492,0.790276
11,int8,1,31,32,Sri-Lanka_883641,0.729063
11,int8,1,32,31,Paraguay_792268,0.773094
11,int8,1,33,30,India_652725,0.723302
11,int8,1,34,29,USA_181503,0.777565
11,int8,1,35,28,Paraguay_48673,0.724292
11,int8,1,36,27,India_91379,0.780305
11,int8,1,37,26,Paraguay_822142,0.732232
11,int8,1,38,25,India_773682,0.790285
11,int8,1,39,24,Spain_2594119,0.730222
11,int8,1,40,23,Sri-Lanka_956740,0.732133
11,int8,1,41,22,USA_655230,0.790336
11,int8,1,42,21,Somalia_970508,0.731122
11,int8,1,43,20,Paraguay_246154,0.726752
11,int8,1,44,19,Ghana_144050,0.723622
11,int8,1,45,18,USA_806273,0.848898
11,int8,1,46,17,India_979278,0.726863
11,int8,1,47,16,Nigeria_600295,0.725332
11,int8,1,48,15,Mekong_1395593,0.783175
11,int8,1,49,14,Ghana_135389,0.737383
11,int8,1,50,13,Sri-Lanka_551926,0.729803
11,int8,1,51,12,Paraguay_721886,0.878399
11,int8,1,52,11,Paraguay_1056717,0.726582
11,int8,1,53,10,USA_438959,0.788675
11,int8,1,54,9,Somalia_205466,0.777605
11,int8,1,55,8,Mekong_52610,0.728423
11,int8,1,56,7,Ghana_147015,0.727492
11,int8,1,57,6,India_56450,0.772565
11,int8,1,58,5,Mekong_342411,0.727103
11,int8,1,59,4,Sri-Lanka_748447,0.733983
11,int8,1,60,3,USA_224165,0.799065
11,int8,1,61,2,Paraguay_191503,0.729612
11,int8,1,62,1,Paraguay_36015,0.736883
11,int8,1,63,0,Spain_7786924,0.737702
11,int8,2,0,0,Spain_7786924,0.789705
11,int8,2,1,1,Paraguay_36015,0.708982
11,int8,2,2,2,Paraguay_191503,0.780885
11,int8,2,3,3,USA_224165,0.728353
11,int8,2,4,4,Sri-Lanka_748447,0.780575
11,int8,2,5,5,Mekong_342411,0.781135
11,int8,2,6,6,India_56450,0.730503
11,int8,2,7,7,Ghana_147015,0.737393
11,int8,2,8,8,Mekong_52610,0.729933
11,int8,2,9,9,Somalia_205466,0.748113
11,int8,2,10,10,USA_438959,0.735423
11,int8,2,11,11,Paraguay_1056717,0.723452
11,int8,2,12,12,Paraguay_721886,0.775334
11,int8,2,13,13,Sri-Lanka_551926,0.721122
11,int8,2,14,14,Ghana_135389,0.719542
11,int8,2,15,15,Mekong_1395593,0.730642
11,int8,2,16,16,Nigeria_600295,0.737043
11,int8,2,17,17,India_979278,0.734033
11,int8,2,18,18,USA_806273,0.761744
11,int8,2,19,19,Ghana_144050,0.734013
11,int8,2,20,20,Paraguay_246154,0.736313
11,int8,2,21,21,Somalia_970508,0.759654
11,int8,2,22,22,USA_655230,0.725032
11,int8,2,23,23,Sri-Lanka_956740,0.783595
11,int8,2,24,24,Spain_2594119,0.720102
11,int8,2,25,25,India_773682,0.738343
11,int8,2,26,26,Paraguay_822142,0.729103
11,int8,2,27,27,India_91379,0.752773
11,int8,2,28,28,Paraguay_48673,0.737353
11,int8,2,29,29,USA_181503,0.773404
11,int8,2,30,30,India_652725,0.728372
11,int8,2,31,31,Paraguay_792268,0.732963
11,int8,2,32,32,Sri-Lanka_883641,0.725663
11,int8,2,33,33,USA_605492,0.785886
11,int8,2,34,34,India_287642,0.784035
11,int8,2,35,35,Sri-Lanka_847275,0.738523
11,int8,2,36,36,Spain_2523247,0.800065
11,int8,2,37,37,Paraguay_212687,0.737003
11,int8,2,38,38,Sri-Lanka_249079,0.732312
11,int8,2,39,39,Nigeria_143329,0.730693
11,int8,2,40,40,India_747970,0.722583
11,int8,2,41,41,Ghana_128663,0.773625
11,int8,2,42,42,Ghana_103272,0.859589
11,int8,2,43,43,USA_217598,0.726752
11,int8,2,44,44,Pakistan_211386,0.726732
11,int8,2,45,45,India_324254,0.723382
11,int8,2,46,46,Pakistan_65724,0.737763
11,int8,2,47,47,Somalia_295782,0.780864
11,int8,2,48,48,USA_354981,0.732663
11,int8,2,49,49,USA_58086,0.738222
11,int8,2,50,50,Ghana_154838,0.720072
11,int8,2,51,51,USA_170264,0.727392
11,int8,2,52,52,Paraguay_1029042,0.720802
11,int8,2,53,53,Spain_8154154,0.862699
11,int8,2,54,54,Pakistan_246718,0.726843
11,int8,2,55,55,USA_1068362,0.735863
11,int8,2,56,56,Ghana_45911,0.735153
11,int8,2,57,57,Mekong_846007,0.738863
11,int8,2,58,58,Paraguay_482517,0.755004
11,int8,2,59,59,India_179238,0.793075
11,int8,2,60,60,India_534470,0.774494
11,int8,2,61,61,Somalia_93023,0.724962
11,int8,2,62,62,Ghana_8090,0.770604
11,int8,2,63,63,Sri-Lanka_52223,0.778165
12,int8,0,0,0,Spain_7786924,0.825897
12,int8,0,1,1,Paraguay_36015,0.827667
12,int8,0,2,2,Paraguay_191503,0.872419
12,int8,0,3,3,USA_224165,0.850438
12,int8,0,4,4,Sri-Lanka_748447,1.001045
12,int8,0,5,5,Mekong_342411,0.854788
12,int8,0,6,6,India_56450,0.822437
12,int8,0,7,7,Ghana_147015,0.933821
12,int8,0,8,8,Mekong_52610,0.90259
12,int8,0,9,9,Somalia_205466,0.824896
12,int8,0,10,10,USA_438959,0.816477
12,int8,0,11,11,Paraguay_1056717,0.865248
12,int8,0,12,12,Paraguay_721886,0.833907
12,int8,0,13,13,Sri-Lanka_551926,0.805256
12,int8,0,14,14,Ghana_135389,0.854418
12,int8,0,15,15,Mekong_1395593,0.801095
12,int8,0,16,16,Nigeria_600295,0.828057
12,int8,0,17,17,India_979278,0.807726
12,int8,0,18,18,USA_806273,0.854828
12,int8,0,19,19,Ghana_144050,0.800035
12,int8,0,20,20,Paraguay_246154,0.805106
12,int8,0,21,21,Somalia_970508,0.805246
12,int8,0,22,22,USA_655230,0.794835
12,int8,0,23,23,Sri-Lanka_956740,0.798875
12,int8,0,24,24,Spain_2594119,0.827967
12,int8,0,25,25,India_773682,0.802656
12,int8,0,26,26,Paraguay_822142,0.794215
12,int8,0,27,27,India_91379,0.851138
12,int8,0,28,28,Paraguay_48673,0.849908
12,int8,0,29,29,USA_181503,0.858228
12,int8,0,30,30,India_652725,0.796485
12,int8,0,31,31,Paraguay_792268,0.799936
12,int8,0,32,32,Sri-Lanka_883641,0.852278
12,int8,0,33,33,USA_605492,0.804936
12,int8,0,34,34,India_287642,0.797545
12,int8,0,35,35,Sri-Lanka_847275,0.800336
12,int8,0,36,36,Spain_2523247,0.800626
12,int8,0,37,37,Paraguay_212687,0.832987
12,int8,0,38,38,Sri-Lanka_249079,0.808726
12,int8,0,39,39,Nigeria_143329,0.816066
12,int8,0,40,40,India_747970,0.814967
12,int8,0,41,41,Ghana_128663,0.827967
12,int8,0,42,42,Ghana_103272,0.806796
12,int8,0,43,43,USA_217598,0.801845
12,int8,0,44,44,Pakistan_211386,0.802786
12,int8,0,45,45,India_324254,0.819636
12,int8,0,46,46,Pakistan_65724,0.799946
12,int8,0,47,47,Somalia_295782,0.799546
12,int8,0,48,48,USA_354981,0.810286
12,int8,0,49,49,USA_58086,0.808756
12,int8,0,50,50,Ghana_154838,0.803006
12,int8,0,51,51,USA_170264,0.799456
12,int8,0,52,52,Paraguay_1029042,0.798795
12,int8,0,53,53,Spain_8154154,0.813026
12,int8,0,54,54,Pakistan_246718,0.786715
12,int8,0,55,55,USA_1068362,0.830727
12,int8,0,56,56,Ghana_45911,0.797565
12,int8,0,57,57,Mekong_846007,0.800636
12,int8,0,58,58,Paraguay_482517,0.799816
12,int8,0,59,59,India_179238,0.802926
12,int8,0,60,60,India_534470,0.799456
12,int8,0,61,61,Somalia_93023,0.853048
12,int8,0,62,62,Ghana_8090,0.808547
12,int8,0,63,63,Sri-Lanka_52223,0.811487
12,int8,1,0,63,Sri-Lanka_52223,0.861519
12,int8,1,1,62,Ghana_8090,0.809806
12,int8,1,2,61,Somalia_93023,0.823537
12,int8,1,3,60,India_534470,0.799916
12,int8,1,4,59,India_179238,0.808447
12,int8,1,5,58,Paraguay_482517,0.806376
12,int8,1,6,57,Mekong_846007,0.840857
12,int8,1,7,56,Ghana_45911,0.803636
12,int8,1,8,55,USA_1068362,0.796805
12,int8,1,9,54,Pakistan_246718,0.799935
12,int8,1,10,53,Spain_8154154,0.851598
12,int8,1,11,52,Paraguay_1029042,0.851718
12,int8,1,12,51,USA_170264,0.797656
12,int8,1,13,50,Ghana_154838,0.809876
12,int8,1,14,49,USA_58086,0.799275
12,int8,1,15,48,USA_354981,0.808006
12,int8,1,16,47,Somalia_295782,0.852818
12,int8,1,17,46,Pakistan_65724,0.797215
12,int8,1,18,45,India_324254,0.820426
12,int8,1,19,44,Pakistan_211386,0.811286
12,int8,1,20,43,USA_217598,0.860959
12,int8,1,21,42,Ghana_103272,0.800106
12,int8,1,22,41,Ghana_128663,0.805236
12,int8,1,23,40,India_747970,0.802855
12,int8,1,24,39,Nigeria_143329,0.804926
12,int8,1,25,38,Sri-Lanka_249079,0.809056
12,int8,1,26,37,Paraguay_212687,0.801785
12,int8,1,27,36,Spain_2523247,0.814826
12,int8,1,28,35,Sri-Lanka_847275,0.798046
12,int8,1,29,34,India_287642,0.804665
12,int8,1,30,33,USA_605492,0.811056
12,int8,1,31,32,Sri-Lanka_883641,0.871019
12,int8,1,32,31,Paraguay_792268,0.860128
12,int8,1,33,30,India_652725,0.814126
12,int8,1,34,29,USA_181503,0.801305
12,int8,1,35,28,Paraguay_48673,0.872999
12,int8,1,36,27,India_91379,0.834237
12,int8,1,37,26,Paraguay_822142,0.850758
12,int8,1,38,25,India_773682,0.798135
12,int8,1,39,24,Spain_2594119,0.837517
12,int8,1,40,23,Sri-Lanka_956740,0.855488
12,int8,1,41,22,USA_655230,0.89056
12,int8,1,42,21,Somalia_970508,0.802736
12,int8,1,43,20,Paraguay_246154,0.816366
12,int8,1,44,19,Ghana_144050,0.804506
12,int8,1,45,18,USA_806273,0.786025
12,int8,1,46,17,India_979278,0.849448
12,int8,1,47,16,Nigeria_600295,0.830197
12,int8,1,48,15,Mekong_1395593,0.852388
12,int8,1,49,14,Ghana_135389,0.808727
12,int8,1,50,13,Sri-Lanka_551926,0.853909
12,int8,1,51,12,Paraguay_721886,0.802006
12,int8,1,52,11,Paraguay_1056717,0.852878
12,int8,1,53,10,USA_438959,0.799025
12,int8,1,54,9,Somalia_205466,0.799096
12,int8,1,55,8,Mekong_52610,0.801086
12,int8,1,56,7,Ghana_147015,0.89982
12,int8,1,57,6,India_56450,0.804016
12,int8,1,58,5,Mekong_342411,0.801715
12,int8,1,59,4,Sri-Lanka_748447,0.814786
12,int8,1,60,3,USA_224165,0.800296
12,int8,1,61,2,Paraguay_191503,0.802975
12,int8,1,62,1,Paraguay_36015,0.798776
12,int8,1,63,0,Spain_7786924,0.801256
12,int8,2,0,0,Spain_7786924,0.814987
12,int8,2,1,1,Paraguay_36015,0.785575
12,int8,2,2,2,Paraguay_191503,0.804966
12,int8,2,3,3,USA_224165,0.820927
12,int8,2,4,4,Sri-Lanka_748447,0.869608
12,int8,2,5,5,Mekong_342411,0.889799
12,int8,2,6,6,India_56450,0.817797
12,int8,2,7,7,Ghana_147015,0.812527
12,int8,2,8,8,Mekong_52610,0.817197
12,int8,2,9,9,Somalia_205466,0.820386
12,int8,2,10,10,USA_438959,0.818457
12,int8,2,11,11,Paraguay_1056717,0.815817
12,int8,2,12,12,Paraguay_721886,0.827076
12,int8,2,13,13,Sri-Lanka_551926,0.926382
12,int8,2,14,14,Ghana_135389,0.820857
12,int8,2,15,15,Mekong_1395593,0.875919
12,int8,2,16,16,Nigeria_600295,0.89403
12,int8,2,17,17,India_979278,0.831917
12,int8,2,18,18,USA_806273,0.891989
12,int8,2,19,19,Ghana_144050,0.832397
12,int8,2,20,20,Paraguay_246154,0.88442
12,int8,2,21,21,Somalia_970508,0.810267
12,int8,2,22,22,USA_655230,0.792646
12,int8,2,23,23,Sri-Lanka_956740,0.808266
12,int8,2,24,24,Spain_2594119,0.840658
12,int8,2,25,25,India_773682,0.862498
12,int8,2,26,26,Paraguay_822142,0.835367
12,int8,2,27,27,India_91379,0.849148
12,int8,2,28,28,Paraguay_48673,1.033806
12,int8,2,29,29,USA_181503,0.854708
12,int8,2,30,30,India_652725,0.863629
12,int8,2,31,31,Paraguay_792268,0.849048
12,int8,2,32,32,Sri-Lanka_883641,0.830537
12,int8,2,33,33,USA_605492,0.828157
12,int8,2,34,34,India_287642,0.875209
12,int8,2,35,35,Sri-Lanka_847275,0.814947
12,int8,2,36,36,Spain_2523247,0.822837
12,int8,2,37,37,Paraguay_212687,0.823226
12,int8,2,38,38,Sri-Lanka_249079,0.873969
12,int8,2,39,39,Nigeria_143329,0.817577
12,int8,2,40,40,India_747970,0.815497
12,int8,2,41,41,Ghana_128663,0.809907
12,int8,2,42,42,Ghana_103272,0.810127
12,int8,2,43,43,USA_217598,0.809937
12,int8,2,44,44,Pakistan_211386,0.835338
12,int8,2,45,45,India_324254,0.842548
12,int8,2,46,46,Pakistan_65724,0.802566
12,int8,2,47,47,Somalia_295782,0.807206
12,int8,2,48,48,USA_354981,0.837017
12,int8,2,49,49,USA_58086,0.814576
12,int8,2,50,50,Ghana_154838,0.816386
12,int8,2,51,51,USA_170264,0.90066
12,int8,2,52,52,Paraguay_1029042,0.847988
12,int8,2,53,53,Spain_8154154,0.812696
12,int8,2,54,54,Pakistan_246718,0.809016
12,int8,2,55,55,USA_1068362,0.869629
12,int8,2,56,56,Ghana_45911,0.829247
12,int8,2,57,57,Mekong_846007,0.808817
12,int8,2,58,58,Paraguay_482517,0.810856
12,int8,2,59,59,India_179238,0.807276
12,int8,2,60,60,India_534470,0.821587
12,int8,2,61,61,Somalia_93023,0.813977
12,int8,2,62,62,Ghana_8090,0.860029
12,int8,2,63,63,Sri-Lanka_52223,0.804985
12,fp16,0,0,0,Spain_7786924,0.552294
12,fp16,0,1,1,Paraguay_36015,0.973714
12,fp16,0,2,2,Paraguay_191503,0.576715
12,fp16,0,3,3,USA_224165,0.596676
12,fp16,0,4,4,Sri-Lanka_748447,0.569545
12,fp16,0,5,5,Mekong_342411,0.562295
12,fp16,0,6,6,India_56450,0.575526
12,fp16,0,7,7,Ghana_147015,0.564045
12,fp16,0,8,8,Mekong_52610,0.560325
12,fp16,0,9,9,Somalia_205466,0.561075
12,fp16,0,10,10,USA_438959,0.573915
12,fp16,0,11,11,Paraguay_1056717,0.566125
12,fp16,0,12,12,Paraguay_721886,0.556545
12,fp16,0,13,13,Sri-Lanka_551926,0.578166
12,fp16,0,14,14,Ghana_135389,0.570955
12,fp16,0,15,15,Mekong_1395593,0.557095
12,fp16,0,16,16,Nigeria_600295,0.553255
12,fp16,0,17,17,India_979278,0.562805
12,fp16,0,18,18,USA_806273,0.557715
12,fp16,0,19,19,Ghana_144050,0.558565
12,fp16,0,20,20,Paraguay_246154,0.566236
12,fp16,0,21,21,Somalia_970508,0.565565
12,fp16,0,22,22,USA_655230,0.554895
12,fp16,0,23,23,Sri-Lanka_956740,0.559705
12,fp16,0,24,24,Spain_2594119,0.565365
12,fp16,0,25,25,India_773682,0.572966
12,fp16,0,26,26,Paraguay_822142,0.554265
12,fp16,0,27,27,India_91379,0.570745
12,fp16,0,28,28,Paraguay_48673,0.565485
12,fp16,0,29,29,USA_181503,0.566155
12,fp16,0,30,30,India_652725,0.563155
12,fp16,0,31,31,Paraguay_792268,0.605637
12,fp16,0,32,32,Sri-Lanka_883641,0.561335
12,fp16,0,33,33,USA_605492,0.563305
12,fp16,0,34,34,India_287642,0.564475
12,fp16,0,35,35,Sri-Lanka_847275,0.561205
12,fp16,0,36,36,Spain_2523247,0.560405
12,fp16,0,37,37,Paraguay_212687,0.553955
12,fp16,0,38,38,Sri-Lanka_249079,0.565905
12,fp16,0,39,39,Nigeria_143329,0.561365
12,fp16,0,40,40,India_747970,0.559145
12,fp16,0,41,41,Ghana_128663,0.558895
12,fp16,0,42,42,Ghana_103272,0.572105
12,fp16,0,43,43,USA_217598,0.565686
12,fp16,0,44,44,Pakistan_211386,0.561585
12,fp16,0,45,45,India_324254,0.566145
12,fp16,0,46,46,Pakistan_65724,0.565295
12,fp16,0,47,47,Somalia_295782,0.564915
12,fp16,0,48,48,USA_354981,0.563395
12,fp16,0,49,49,USA_58086,0.563435
12,fp16,0,50,50,Ghana_154838,0.561355
12,fp16,0,51,51,USA_170264,0.551825
12,fp16,0,52,52,Paraguay_1029042,0.564716
12,fp16,0,53,53,Spain_8154154,0.585857
12,fp16,0,54,54,Pakistan_246718,0.545795
12,fp16,0,55,55,USA_1068362,0.557005
12,fp16,0,56,56,Ghana_45911,0.554525
12,fp16,0,57,57,Mekong_846007,0.561256
12,fp16,0,58,58,Paraguay_482517,0.555235
12,fp16,0,59,59,India_179238,0.578776
12,fp16,0,60,60,India_534470,0.550905
12,fp16,0,61,61,Somalia_93023,0.555745
12,fp16,0,62,62,Ghana_8090,0.564365
12,fp16,0,63,63,Sri-Lanka_52223,0.559685
12,fp16,1,0,63,Sri-Lanka_52223,0.562355
12,fp16,1,1,62,Ghana_8090,0.555904
12,fp16,1,2,61,Somalia_93023,0.564265
12,fp16,1,3,60,India_534470,0.554715
12,fp16,1,4,59,India_179238,0.546394
12,fp16,1,5,58,Paraguay_482517,0.565915
12,fp16,1,6,57,Mekong_846007,0.578026
12,fp16,1,7,56,Ghana_45911,0.556945
12,fp16,1,8,55,USA_1068362,0.554195
12,fp16,1,9,54,Pakistan_246718,0.558605
12,fp16,1,10,53,Spain_8154154,0.549224
12,fp16,1,11,52,Paraguay_1029042,0.552705
12,fp16,1,12,51,USA_170264,0.616848
12,fp16,1,13,50,Ghana_154838,0.560475
12,fp16,1,14,49,USA_58086,0.551215
12,fp16,1,15,48,USA_354981,0.548794
12,fp16,1,16,47,Somalia_295782,0.561635
12,fp16,1,17,46,Pakistan_65724,0.552825
12,fp16,1,18,45,India_324254,0.557265
12,fp16,1,19,44,Pakistan_211386,0.567815
12,fp16,1,20,43,USA_217598,0.580246
12,fp16,1,21,42,Ghana_103272,0.548465
12,fp16,1,22,41,Ghana_128663,0.559715
12,fp16,1,23,40,India_747970,0.614818
12,fp16,1,24,39,Nigeria_143329,0.563696
12,fp16,1,25,38,Sri-Lanka_249079,0.557405
12,fp16,1,26,37,Paraguay_212687,0.564895
12,fp16,1,27,36,Spain_2523247,0.565145
12,fp16,1,28,35,Sri-Lanka_847275,0.564385
12,fp16,1,29,34,India_287642,0.583756
12,fp16,1,30,33,USA_605492,0.567296
12,fp16,1,31,32,Sri-Lanka_883641,0.557775
12,fp16,1,32,31,Paraguay_792268,0.557105
12,fp16,1,33,30,India_652725,0.559455
12,fp16,1,34,29,USA_181503,0.592197
12,fp16,1,35,28,Paraguay_48673,0.548644
12,fp16,1,36,27,India_91379,0.552204
12,fp16,1,37,26,Paraguay_822142,0.565845
12,fp16,1,38,25,India_773682,0.550225
12,fp16,1,39,24,Spain_2594119,0.560505
12,fp16,1,40,23,Sri-Lanka_956740,0.564626
12,fp16,1,41,22,USA_655230,0.564066
12,fp16,1,42,21,Somalia_970508,0.552335
12,fp16,1,43,20,Paraguay_246154,0.560865
12,fp16,1,44,19,Ghana_144050,0.558915
12,fp16,1,45,18,USA_806273,0.555845
12,fp16,1,46,17,India_979278,0.552045
12,fp16,1,47,16,Nigeria_600295,0.568805
12,fp16,1,48,15,Mekong_1395593,0.559095
12,fp16,1,49,14,Ghana_135389,0.564016
12,fp16,1,50,13,Sri-Lanka_551926,0.563655
12,fp16,1,51,12,Paraguay_721886,0.595927
12,fp16,1,52,11,Paraguay_1056717,0.553395
12,fp16,1,53,10,USA_438959,0.555514
12,fp16,1,54,9,Somalia_205466,0.565095
12,fp16,1,55,8,Mekong_52610,0.564335
12,fp16,1,56,7,Ghana_147015,0.563085
12,fp16,1,57,6,India_56450,0.555254
12,fp16,1,58,5,Mekong_342411,0.568045
12,fp16,1,59,4,Sri-Lanka_748447,0.556165
12,fp16,1,60,3,USA_224165,0.553335
12,fp16,1,61,2,Paraguay_191503,0.576096
12,fp16,1,62,1,Paraguay_36015,0.581716
12,fp16,1,63,0,Spain_7786924,0.556595
12,fp16,2,0,0,Spain_7786924,0.606367
12,fp16,2,1,1,Paraguay_36015,0.562045
12,fp16,2,2,2,Paraguay_191503,0.556535
12,fp16,2,3,3,USA_224165,0.549674
12,fp16,2,4,4,Sri-Lanka_748447,0.562135
12,fp16,2,5,5,Mekong_342411,0.555105
12,fp16,2,6,6,India_56450,0.552445
12,fp16,2,7,7,Ghana_147015,0.557315
12,fp16,2,8,8,Mekong_52610,0.563885
12,fp16,2,9,9,Somalia_205466,0.563616
12,fp16,2,10,10,USA_438959,0.572136
12,fp16,2,11,11,Paraguay_1056717,0.564935
12,fp16,2,12,12,Paraguay_721886,0.562236
12,fp16,2,13,13,Sri-Lanka_551926,0.547885
12,fp16,2,14,14,Ghana_135389,0.548685
12,fp16,2,15,15,Mekong_1395593,7.863321
12,fp16,2,16,16,Nigeria_600295,0.795475
12,fp16,2,17,17,India_979278,0.736523
12,fp16,2,18,18,USA_806273,0.704961
12,fp16,2,19,19,Ghana_144050,0.695751
12,fp16,2,20,20,Paraguay_246154,0.67459
12,fp16,2,21,21,Somalia_970508,0.65512
12,fp16,2,22,22,USA_655230,0.65833
12,fp16,2,23,23,Sri-Lanka_956740,0.65472
12,fp16,2,24,24,Spain_2594119,0.65953
12,fp16,2,25,25,India_773682,0.603567
12,fp16,2,26,26,Paraguay_822142,0.591327
12,fp16,2,27,27,India_91379,0.594747
12,fp16,2,28,28,Paraguay_48673,0.596726
12,fp16,2,29,29,USA_181503,0.597167
12,fp16,2,30,30,India_652725,0.589356
12,fp16,2,31,31,Paraguay_792268,0.584077
12,fp16,2,32,32,Sri-Lanka_883641,0.580896
12,fp16,2,33,33,USA_605492,0.580826
12,fp16,2,34,34,India_287642,0.573075
12,fp16,2,35,35,Sri-Lanka_847275,0.576176
12,fp16,2,36,36,Spain_2523247,0.593827
12,fp16,2,37,37,Paraguay_212687,0.580065
12,fp16,2,38,38,Sri-Lanka_249079,0.568395
12,fp16,2,39,39,Nigeria_143329,0.578046
12,fp16,2,40,40,India_747970,0.567245
12,fp16,2,41,41,Ghana_128663,0.562575
12,fp16,2,42,42,Ghana_103272,0.571876
12,fp16,2,43,43,USA_217598,0.574115
12,fp16,2,44,44,Pakistan_211386,0.575986
12,fp16,2,45,45,India_324254,0.567305
12,fp16,2,46,46,Pakistan_65724,0.562165
12,fp16,2,47,47,Somalia_295782,0.596927
12,fp16,2,48,48,USA_354981,0.572735
12,fp16,2,49,49,USA_58086,0.553845
12,fp16,2,50,50,Ghana_154838,0.568726
12,fp16,2,51,51,USA_170264,0.564266
12,fp16,2,52,52,Paraguay_1029042,0.564265
12,fp16,2,53,53,Spain_8154154,0.567555
12,fp16,2,54,54,Pakistan_246718,0.561965
12,fp16,2,55,55,USA_1068362,0.567535
12,fp16,2,56,56,Ghana_45911,0.564535
12,fp16,2,57,57,Mekong_846007,0.570585
12,fp16,2,58,58,Paraguay_482517,0.565385
12,fp16,2,59,59,India_179238,0.552045
12,fp16,2,60,60,India_534470,0.562545
12,fp16,2,61,61,Somalia_93023,0.578486
12,fp16,2,62,62,Ghana_8090,0.550974
12,fp16,2,63,63,Sri-Lanka_52223,0.564055
13,fp16,0,0,0,Spain_7786924,0.560475
13,fp16,0,1,1,Paraguay_36015,0.843168
13,fp16,0,2,2,Paraguay_191503,0.559485
13,fp16,0,3,3,USA_224165,0.563146
13,fp16,0,4,4,Sri-Lanka_748447,0.560095
13,fp16,0,5,5,Mekong_342411,0.570245
13,fp16,0,6,6,India_56450,0.543234
13,fp16,0,7,7,Ghana_147015,0.554735
13,fp16,0,8,8,Mekong_52610,0.550884
13,fp16,0,9,9,Somalia_205466,0.542864
13,fp16,0,10,10,USA_438959,0.537544
13,fp16,0,11,11,Paraguay_1056717,0.548014
13,fp16,0,12,12,Paraguay_721886,0.547484
13,fp16,0,13,13,Sri-Lanka_551926,0.548744
13,fp16,0,14,14,Ghana_135389,0.546385
13,fp16,0,15,15,Mekong_1395593,0.550505
13,fp16,0,16,16,Nigeria_600295,0.540695
13,fp16,0,17,17,India_979278,0.579546
13,fp16,0,18,18,USA_806273,0.538064
13,fp16,0,19,19,Ghana_144050,0.546035
13,fp16,0,20,20,Paraguay_246154,0.544464
13,fp16,0,21,21,Somalia_970508,0.559045
13,fp16,0,22,22,USA_655230,0.538944
13,fp16,0,23,23,Sri-Lanka_956740,0.547745
13,fp16,0,24,24,Spain_2594119,0.541974
13,fp16,0,25,25,India_773682,0.538794
13,fp16,0,26,26,Paraguay_822142,0.552305
13,fp16,0,27,27,India_91379,0.555545
13,fp16,0,28,28,Paraguay_48673,0.539644
13,fp16,0,29,29,USA_181503,0.538164
13,fp16,0,30,30,India_652725,0.559725
13,fp16,0,31,31,Paraguay_792268,0.551114
13,fp16,0,32,32,Sri-Lanka_883641,0.550225
13,fp16,0,33,33,USA_605492,0.544095
13,fp16,0,34,34,India_287642,0.552435
13,fp16,0,35,35,Sri-Lanka_847275,0.541474
13,fp16,0,36,36,Spain_2523247,0.538364
13,fp16,0,37,37,Paraguay_212687,0.553684
13,fp16,0,38,38,Sri-Lanka_249079,0.540474
13,fp16,0,39,39,Nigeria_143329,0.543124
13,fp16,0,40,40,India_747970,0.601387
13,fp16,0,41,41,Ghana_128663,0.556724
13,fp16,0,42,42,Ghana_103272,0.561025
13,fp16,0,43,43,USA_217598,0.536144
13,fp16,0,44,44,Pakistan_211386,0.546195
13,fp16,0,45,45,India_324254,0.551454
13,fp16,0,46,46,Pakistan_65724,0.542904
13,fp16,0,47,47,Somalia_295782,0.555735
13,fp16,0,48,48,USA_354981,0.543295
13,fp16,0,49,49,USA_58086,0.549455
13,fp16,0,50,50,Ghana_154838,0.554465
13,fp16,0,51,51,USA_170264,0.563285
13,fp16,0,52,52,Paraguay_1029042,0.553154
13,fp16,0,53,53,Spain_8154154,0.542464
13,fp16,0,54,54,Pakistan_246718,0.551645
13,fp16,0,55,55,USA_1068362,0.541804
13,fp16,0,56,56,Ghana_45911,0.548945
13,fp16,0,57,57,Mekong_846007,0.578066
13,fp16,0,58,58,Paraguay_482517,0.544274
13,fp16,0,59,59,India_179238,0.540035
13,fp16,0,60,60,India_534470,0.550925
13,fp16,0,61,61,Somalia_93023,0.553494
13,fp16,0,62,62,Ghana_8090,0.541774
13,fp16,0,63,63,Sri-Lanka_52223,0.542374
13,fp16,1,0,63,Sri-Lanka_52223,0.550275
13,fp16,1,1,62,Ghana_8090,0.629678
13,fp16,1,2,61,Somalia_93023,0.543784
13,fp16,1,3,60,India_534470,0.560965
13,fp16,1,4,59,India_179238,0.544024
13,fp16,1,5,58,Paraguay_482517,0.544794
13,fp16,1,6,57,Mekong_846007,0.544294
13,fp16,1,7,56,Ghana_45911,0.537294
13,fp16,1,8,55,USA_1068362,0.554045
13,fp16,1,9,54,Pakistan_246718,0.543164
13,fp16,1,10,53,Spain_8154154,0.558895
13,fp16,1,11,52,Paraguay_1029042,0.550055
13,fp16,1,12,51,USA_170264,0.537414
13,fp16,1,13,50,Ghana_154838,0.555035
13,fp16,1,14,49,USA_58086,0.553064
13,fp16,1,15,48,USA_354981,0.548125
13,fp16,1,16,47,Somalia_295782,0.550045
13,fp16,1,17,46,Pakistan_65724,0.547215
13,fp16,1,18,45,India_324254,0.543115
13,fp16,1,19,44,Pakistan_211386,0.554045
13,fp16,1,20,43,USA_217598,0.582026
13,fp16,1,21,42,Ghana_103272,0.534764
13,fp16,1,22,41,Ghana_128663,0.545254
13,fp16,1,23,40,India_747970,0.549784
13,fp16,1,24,39,Nigeria_143329,0.554355
13,fp16,1,25,38,Sri-Lanka_249079,0.541974
13,fp16,1,26,37,Paraguay_212687,0.541585
13,fp16,1,27,36,Spain_2523247,0.555015
13,fp16,1,28,35,Sri-Lanka_847275,0.537294
13,fp16,1,29,34,India_287642,0.544215
13,fp16,1,30,33,USA_605492,0.548955
13,fp16,1,31,32,Sri-Lanka_883641,0.541344
13,fp16,1,32,31,Paraguay_792268,0.539214
13,fp16,1,33,30,India_652725,0.570426
13,fp16,1,34,29,USA_181503,0.548235
13,fp16,1,35,28,Paraguay_48673,0.536664
13,fp16,1,36,27,India_91379,0.557235
13,fp16,1,37,26,Paraguay_822142,0.548764
13,fp16,1,38,25,India_773682,0.557535
13,fp16,1,39,24,Spain_2594119,0.555245
13,fp16,1,40,23,Sri-Lanka_956740,0.553055
13,fp16,1,41,22,USA_655230,0.541234
13,fp16,1,42,21,Somalia_970508,0.541614
13,fp16,1,43,20,Paraguay_246154,0.547404
13,fp16,1,44,19,Ghana_144050,0.558625
13,fp16,1,45,18,USA_806273,0.539354
13,fp16,1,46,17,India_979278,0.551584
13,fp16,1,47,16,Nigeria_600295,0.549435
13,fp16,1,48,15,Mekong_1395593,0.538164
13,fp16,1,49,14,Ghana_135389,0.548525
13,fp16,1,50,13,Sri-Lanka_551926,0.559125
13,fp16,1,51,12,Paraguay_721886,0.540094
13,fp16,1,52,11,Paraguay_1056717,0.534154
13,fp16,1,53,10,USA_438959,0.549055
13,fp16,1,54,9,Somalia_205466,0.550025
13,fp16,1,55,8,Mekong_52610,0.550164
13,fp16,1,56,7,Ghana_147015,0.558365
13,fp16,1,57,6,India_56450,0.547864
13,fp16,1,58,5,Mekong_342411,0.543264
13,fp16,1,59,4,Sri-Lanka_748447,0.540344
13,fp16,1,60,3,USA_224165,0.547124
13,fp16,1,61,2,Paraguay_191503,0.551664
13,fp16,1,62,1,Paraguay_36015,0.540234
13,fp16,1,63,0,Spain_7786924,0.548405
13,fp16,2,0,0,Spain_7786924,0.546205
13,fp16,2,1,1,Paraguay_36015,0.533824
13,fp16,2,2,2,Paraguay_191503,0.551405
13,fp16,2,3,3,USA_224165,0.544874
13,fp16,2,4,4,Sri-Lanka_748447,0.541504
13,fp16,2,5,5,Mekong_342411,0.549214
13,fp16,2,6,6,India_56450,0.546694
13,fp16,2,7,7,Ghana_147015,0.547094
13,fp16,2,8,8,Mekong_52610,0.542424
13,fp16,2,9,9,Somalia_205466,0.568665
13,fp16,2,10,10,USA_438959,0.541584
13,fp16,2,11,11,Paraguay_1056717,0.540884
13,fp16,2,12,12,Paraguay_721886,0.554895
13,fp16,2,13,13,Sri-Lanka_551926,0.558175
13,fp16,2,14,14,Ghana_135389,0.540444
13,fp16,2,15,15,Mekong_1395593,0.558705
13,fp16,2,16,16,Nigeria_600295,0.536064
13,fp16,2,17,17,India_979278,0.543975
13,fp16,2,18,18,USA_806273,0.545265
13,fp16,2,19,19,Ghana_144050,0.548365
13,fp16,2,20,20,Paraguay_246154,0.552915
13,fp16,2,21,21,Somalia_970508,0.533164
13,fp16,2,22,22,USA_655230,0.552944
13,fp16,2,23,23,Sri-Lanka_956740,0.538184
13,fp16,2,24,24,Spain_2594119,0.544004
13,fp16,2,25,25,India_773682,0.553574
13,fp16,2,26,26,Paraguay_822142,0.562155
13,fp16,2,27,27,India_91379,0.541774
13,fp16,2,28,28,Paraguay_48673,0.632948
13,fp16,2,29,29,USA_181503,0.556195
13,fp16,2,30,30,India_652725,0.548755
13,fp16,2,31,31,Paraguay_792268,0.538544
13,fp16,2,32,32,Sri-Lanka_883641,0.549785
13,fp16,2,33,33,USA_605492,0.542974
13,fp16,2,34,34,India_287642,0.539535
13,fp16,2,35,35,Sri-Lanka_847275,0.548465
13,fp16,2,36,36,Spain_2523247,0.549645
13,fp16,2,37,37,Paraguay_212687,0.543904
13,fp16,2,38,38,Sri-Lanka_249079,0.548974
13,fp16,2,39,39,Nigeria_143329,0.547674
13,fp16,2,40,40,India_747970,0.550975
13,fp16,2,41,41,Ghana_128663,0.534384
13,fp16,2,42,42,Ghana_103272,0.554035
13,fp16,2,43,43,USA_217598,0.554275
13,fp16,2,44,44,Pakistan_211386,0.544654
13,fp16,2,45,45,India_324254,0.542484
13,fp16,2,46,46,Pakistan_65724,0.546534
13,fp16,2,47,47,Somalia_295782,0.540584
13,fp16,2,48,48,USA_354981,0.546844
13,fp16,2,49,49,USA_58086,0.584526
13,fp16,2,50,50,Ghana_154838,0.563935
13,fp16,2,51,51,USA_170264,0.532133
13,fp16,2,52,52,Paraguay_1029042,0.548455
13,fp16,2,53,53,Spain_8154154,0.541495
13,fp16,2,54,54,Pakistan_246718,0.550915
13,fp16,2,55,55,USA_1068362,0.556875
13,fp16,2,56,56,Ghana_45911,0.563855
13,fp16,2,57,57,Mekong_846007,0.541244
13,fp16,2,58,58,Paraguay_482517,0.544354
13,fp16,2,59,59,India_179238,0.545074
13,fp16,2,60,60,India_534470,0.540125
13,fp16,2,61,61,Somalia_93023,0.557695
13,fp16,2,62,62,Ghana_8090,0.548574
13,fp16,2,63,63,Sri-Lanka_52223,0.552165
13,int8,0,0,0,Spain_7786924,0.728012
13,int8,0,1,1,Paraguay_36015,0.733243
13,int8,0,2,2,Paraguay_191503,0.733783
13,int8,0,3,3,USA_224165,0.789455
13,int8,0,4,4,Sri-Lanka_748447,0.746623
13,int8,0,5,5,Mekong_342411,0.798106
13,int8,0,6,6,India_56450,0.750663
13,int8,0,7,7,Ghana_147015,0.738123
13,int8,0,8,8,Mekong_52610,0.743683
13,int8,0,9,9,Somalia_205466,0.798695
13,int8,0,10,10,USA_438959,0.733393
13,int8,0,11,11,Paraguay_1056717,0.734262
13,int8,0,12,12,Paraguay_721886,0.729853
13,int8,0,13,13,Sri-Lanka_551926,0.727723
13,int8,0,14,14,Ghana_135389,0.746693
13,int8,0,15,15,Mekong_1395593,0.744893
13,int8,0,16,16,Nigeria_600295,0.734323
13,int8,0,17,17,India_979278,0.740713
13,int8,0,18,18,USA_806273,0.746624
13,int8,0,19,19,Ghana_144050,0.797156
13,int8,0,20,20,Paraguay_246154,0.738973
13,int8,0,21,21,Somalia_970508,0.784615
13,int8,0,22,22,USA_655230,0.733873
13,int8,0,23,23,Sri-Lanka_956740,0.732912
13,int8,0,24,24,Spain_2594119,0.791585
13,int8,0,25,25,India_773682,0.744723
13,int8,0,26,26,Paraguay_822142,0.746294
13,int8,0,27,27,India_91379,0.748134
13,int8,0,28,28,Paraguay_48673,0.745783
13,int8,0,29,29,USA_181503,0.795435
13,int8,0,30,30,India_652725,0.798446
13,int8,0,31,31,Paraguay_792268,0.736282
13,int8,0,32,32,Sri-Lanka_883641,0.731853
13,int8,0,33,33,USA_605492,0.777824
13,int8,0,34,34,India_287642,0.736373
13,int8,0,35,35,Sri-Lanka_847275,0.738313
13,int8,0,36,36,Spain_2523247,0.755044
13,int8,0,37,37,Paraguay_212687,0.754743
13,int8,0,38,38,Sri-Lanka_249079,0.747384
13,int8,0,39,39,Nigeria_143329,0.745003
13,int8,0,40,40,India_747970,0.748573
13,int8,0,41,41,Ghana_128663,0.807716
13,int8,0,42,42,Ghana_103272,0.744573
13,int8,0,43,43,USA_217598,0.740813
13,int8,0,44,44,Pakistan_211386,0.738573
13,int8,0,45,45,India_324254,0.791375
13,int8,0,46,46,Pakistan_65724,0.757474
13,int8,0,47,47,Somalia_295782,0.744384
13,int8,0,48,48,USA_354981,0.754784
13,int8,0,49,49,USA_58086,0.741983
13,int8,0,50,50,Ghana_154838,0.797825
13,int8,0,51,51,USA_170264,0.741943
13,int8,0,52,52,Paraguay_1029042,0.790425
13,int8,0,53,53,Spain_8154154,0.786535
13,int8,0,54,54,Pakistan_246718,0.788145
13,int8,0,55,55,USA_1068362,0.784665
13,int8,0,56,56,Ghana_45911,0.781925
13,int8,0,57,57,Mekong_846007,0.787575
13,int8,0,58,58,Paraguay_482517,0.730403
13,int8,0,59,59,India_179238,0.746734
13,int8,0,60,60,India_534470,0.737453
13,int8,0,61,61,Somalia_93023,0.735343
13,int8,0,62,62,Ghana_8090,0.752693
13,int8,0,63,63,Sri-Lanka_52223,0.744123
13,int8,1,0,63,Sri-Lanka_52223,0.788385
13,int8,1,1,62,Ghana_8090,0.788105
13,int8,1,2,61,Somalia_93023,0.737743
13,int8,1,3,60,India_534470,0.783695
13,int8,1,4,59,India_179238,0.731693
13,int8,1,5,58,Paraguay_482517,0.731553
13,int8,1,6,57,Mekong_846007,0.740063
13,int8,1,7,56,Ghana_45911,0.765894
13,int8,1,8,55,USA_1068362,0.737582
13,int8,1,9,54,Pakistan_246718,0.743733
13,int8,1,10,53,Spain_8154154,0.740743
13,int8,1,11,52,Paraguay_1029042,0.733883
13,int8,1,12,51,USA_170264,0.734703
13,int8,1,13,50,Ghana_154838,0.733883
13,int8,1,14,49,USA_58086,0.733923
13,int8,1,15,48,USA_354981,0.740793
13,int8,1,16,47,Somalia_295782,0.800265
13,int8,1,17,46,Pakistan_65724,0.792926
13,int8,1,18,45,India_324254,0.792805
13,int8,1,19,44,Pakistan_211386,0.742303
13,int8,1,20,43,USA_217598,0.844878
13,int8,1,21,42,Ghana_103272,0.749744
13,int8,1,22,41,Ghana_128663,0.727743
13,int8,1,23,40,India_747970,0.790055
13,int8,1,24,39,Nigeria_143329,0.730402
13,int8,1,25,38,Sri-Lanka_249079,0.728513
13,int8,1,26,37,Paraguay_212687,0.731833
13,int8,1,27,36,Spain_2523247,0.744553
13,int8,1,28,35,Sri-Lanka_847275,0.747433
13,int8,1,29,34,India_287642,0.747923
13,int8,1,30,33,USA_605492,0.743863
13,int8,1,31,32,Sri-Lanka_883641,0.797446
13,int8,1,32,31,Paraguay_792268,0.737863
13,int8,1,33,30,India_652725,0.737273
13,int8,1,34,29,USA_181503,0.732652
13,int8,1,35,28,Paraguay_48673,0.728753
13,int8,1,36,27,India_91379,0.734273
13,int8,1,37,26,Paraguay_822142,0.751023
13,int8,1,38,25,India_773682,0.797916
13,int8,1,39,24,Spain_2594119,0.795535
13,int8,1,40,23,Sri-Lanka_956740,0.794065
13,int8,1,41,22,USA_655230,0.742173
13,int8,1,42,21,Somalia_970508,0.741933
13,int8,1,43,20,Paraguay_246154,0.734802
13,int8,1,44,19,Ghana_144050,0.732423
13,int8,1,45,18,USA_806273,0.766874
13,int8,1,46,17,India_979278,0.750993
13,int8,1,47,16,Nigeria_600295,0.778715
13,int8,1,48,15,Mekong_1395593,0.790976
13,int8,1,49,14,Ghana_135389,0.746464
13,int8,1,50,13,Sri-Lanka_551926,0.741963
13,int8,1,51,12,Paraguay_721886,0.745753
13,int8,1,52,11,Paraguay_1056717,0.748904
13,int8,1,53,10,USA_438959,0.795946
13,int8,1,54,9,Somalia_205466,0.736512
13,int8,1,55,8,Mekong_52610,0.732603
13,int8,1,56,7,Ghana_147015,0.735403
13,int8,1,57,6,India_56450,0.734192
13,int8,1,58,5,Mekong_342411,0.791625
13,int8,1,59,4,Sri-Lanka_748447,0.792666
13,int8,1,60,3,USA_224165,0.741813
13,int8,1,61,2,Paraguay_191503,0.736303
13,int8,1,62,1,Paraguay_36015,0.743553
13,int8,1,63,0,Spain_7786924,0.789455
13,int8,2,0,0,Spain_7786924,0.741933
13,int8,2,1,1,Paraguay_36015,0.769484
13,int8,2,2,2,Paraguay_191503,0.731252
13,int8,2,3,3,USA_224165,0.729543
13,int8,2,4,4,Sri-Lanka_748447,0.807226
13,int8,2,5,5,Mekong_342411,0.737663
13,int8,2,6,6,India_56450,0.786615
13,int8,2,7,7,Ghana_147015,0.877209
13,int8,2,8,8,Mekong_52610,0.745393
13,int8,2,9,9,Somalia_205466,0.758664
13,int8,2,10,10,USA_438959,0.814177
13,int8,2,11,11,Paraguay_1056717,0.823427
13,int8,2,12,12,Paraguay_721886,0.752053
13,int8,2,13,13,Sri-Lanka_551926,0.749023
13,int8,2,14,14,Ghana_135389,0.742943
13,int8,2,15,15,Mekong_1395593,0.877389
13,int8,2,16,16,Nigeria_600295,0.734833
13,int8,2,17,17,India_979278,0.735753
13,int8,2,18,18,USA_806273,0.737023
13,int8,2,19,19,Ghana_144050,0.786655
13,int8,2,20,20,Paraguay_246154,0.745353
13,int8,2,21,21,Somalia_970508,0.737723
13,int8,2,22,22,USA_655230,0.761584
13,int8,2,23,23,Sri-Lanka_956740,0.797885
13,int8,2,24,24,Spain_2594119,0.742363
13,int8,2,25,25,India_773682,0.743003
13,int8,2,26,26,Paraguay_822142,0.755154
13,int8,2,27,27,India_91379,0.730053
13,int8,2,28,28,Paraguay_48673,0.734572
13,int8,2,29,29,USA_181503,0.730453
13,int8,2,30,30,India_652725,0.743344
13,int8,2,31,31,Paraguay_792268,0.749193
13,int8,2,32,32,Sri-Lanka_883641,0.740633
13,int8,2,33,33,USA_605492,0.741583
13,int8,2,34,34,India_287642,0.739723
13,int8,2,35,35,Sri-Lanka_847275,0.734343
13,int8,2,36,36,Spain_2523247,0.735873
13,int8,2,37,37,Paraguay_212687,0.779555
13,int8,2,38,38,Sri-Lanka_249079,0.731233
13,int8,2,39,39,Nigeria_143329,0.733023
13,int8,2,40,40,India_747970,0.747734
13,int8,2,41,41,Ghana_128663,0.794426
13,int8,2,42,42,Ghana_103272,0.749533
13,int8,2,43,43,USA_217598,0.739333
13,int8,2,44,44,Pakistan_211386,0.739593
13,int8,2,45,45,India_324254,0.722532
13,int8,2,46,46,Pakistan_65724,0.739643
13,int8,2,47,47,Somalia_295782,0.735353
13,int8,2,48,48,USA_354981,0.755123
13,int8,2,49,49,USA_58086,0.731693
13,int8,2,50,50,Ghana_154838,0.793646
13,int8,2,51,51,USA_170264,0.749423
13,int8,2,52,52,Paraguay_1029042,0.739853
13,int8,2,53,53,Spain_8154154,0.749243
13,int8,2,54,54,Pakistan_246718,0.744393
13,int8,2,55,55,USA_1068362,0.730602
13,int8,2,56,56,Ghana_45911,0.736973
13,int8,2,57,57,Mekong_846007,0.791385
13,int8,2,58,58,Paraguay_482517,0.732442
13,int8,2,59,59,India_179238,0.733563
13,int8,2,60,60,India_534470,0.743853
13,int8,2,61,61,Somalia_93023,0.752493
13,int8,2,62,62,Ghana_8090,0.794435
13,int8,2,63,63,Sri-Lanka_52223,0.793656
14,int8,0,0,0,Spain_7786924,0.812206
14,int8,0,1,1,Paraguay_36015,0.805026
14,int8,0,2,2,Paraguay_191503,0.89848
14,int8,0,3,3,USA_224165,0.802645
14,int8,0,4,4,Sri-Lanka_748447,0.809366
14,int8,0,5,5,Mekong_342411,0.791595
14,int8,0,6,6,India_56450,0.792826
14,int8,0,7,7,Ghana_147015,0.794825
14,int8,0,8,8,Mekong_52610,0.812486
14,int8,0,9,9,Somalia_205466,0.811796
14,int8,0,10,10,USA_438959,0.796586
14,int8,0,11,11,Paraguay_1056717,0.793435
14,int8,0,12,12,Paraguay_721886,0.816036
14,int8,0,13,13,Sri-Lanka_551926,0.792775
14,int8,0,14,14,Ghana_135389,0.793135
14,int8,0,15,15,Mekong_1395593,0.787615
14,int8,0,16,16,Nigeria_600295,0.792155
14,int8,0,17,17,India_979278,0.794416
14,int8,0,18,18,USA_806273,0.796295
14,int8,0,19,19,Ghana_144050,0.844867
14,int8,0,20,20,Paraguay_246154,0.790346
14,int8,0,21,21,Somalia_970508,0.798585
14,int8,0,22,22,USA_655230,0.792335
14,int8,0,23,23,Sri-Lanka_956740,0.793556
14,int8,0,24,24,Spain_2594119,0.795146
14,int8,0,25,25,India_773682,0.858229
14,int8,0,26,26,Paraguay_822142,0.89688
14,int8,0,27,27,India_91379,0.89117
14,int8,0,28,28,Paraguay_48673,0.817407
14,int8,0,29,29,USA_181503,0.817526
14,int8,0,30,30,India_652725,0.805646
14,int8,0,31,31,Paraguay_792268,0.796806
14,int8,0,32,32,Sri-Lanka_883641,0.794736
14,int8,0,33,33,USA_605492,0.943862
14,int8,0,34,34,India_287642,0.797916
14,int8,0,35,35,Sri-Lanka_847275,0.796746
14,int8,0,36,36,Spain_2523247,0.802076
14,int8,0,37,37,Paraguay_212687,0.930222
14,int8,0,38,38,Sri-Lanka_249079,0.805336
14,int8,0,39,39,Nigeria_143329,0.830477
14,int8,0,40,40,India_747970,0.794426
14,int8,0,41,41,Ghana_128663,0.811336
14,int8,0,42,42,Ghana_103272,0.798506
14,int8,0,43,43,USA_217598,0.90483
14,int8,0,44,44,Pakistan_211386,0.794115
14,int8,0,45,45,India_324254,0.821547
14,int8,0,46,46,Pakistan_65724,0.820366
14,int8,0,47,47,Somalia_295782,0.792175
14,int8,0,48,48,USA_354981,0.880579
14,int8,0,49,49,USA_58086,0.844288
14,int8,0,50,50,Ghana_154838,0.799906
14,int8,0,51,51,USA_170264,0.811967
14,int8,0,52,52,Paraguay_1029042,0.856549
14,int8,0,53,53,Spain_8154154,0.808126
14,int8,0,54,54,Pakistan_246718,0.812246
14,int8,0,55,55,USA_1068362,0.799906
14,int8,0,56,56,Ghana_45911,0.819157
14,int8,0,57,57,Mekong_846007,0.822437
14,int8,0,58,58,Paraguay_482517,0.801005
14,int8,0,59,59,India_179238,0.797066
14,int8,0,60,60,India_534470,0.797396
14,int8,0,61,61,Somalia_93023,0.800226
14,int8,0,62,62,Ghana_8090,0.810726
14,int8,0,63,63,Sri-Lanka_52223,0.817537
14,int8,1,0,63,Sri-Lanka_52223,0.795155
14,int8,1,1,62,Ghana_8090,0.810636
14,int8,1,2,61,Somalia_93023,0.796815
14,int8,1,3,60,India_534470,0.792255
14,int8,1,4,59,India_179238,0.797946
14,int8,1,5,58,Paraguay_482517,0.794775
14,int8,1,6,57,Mekong_846007,0.837017
14,int8,1,7,56,Ghana_45911,0.798205
14,int8,1,8,55,USA_1068362,0.795896
14,int8,1,9,54,Pakistan_246718,0.825066
14,int8,1,10,53,Spain_8154154,0.802496
14,int8,1,11,52,Paraguay_1029042,0.821937
14,int8,1,12,51,USA_170264,0.820997
14,int8,1,13,50,Ghana_154838,0.806636
14,int8,1,14,49,USA_58086,0.829247
14,int8,1,15,48,USA_354981,0.803746
14,int8,1,16,47,Somalia_295782,0.804096
14,int8,1,17,46,Pakistan_65724,0.876689
14,int8,1,18,45,India_324254,0.812087
14,int8,1,19,44,Pakistan_211386,0.814207
14,int8,1,20,43,USA_217598,0.823396
14,int8,1,21,42,Ghana_103272,0.820487
14,int8,1,22,41,Ghana_128663,0.817086
14,int8,1,23,40,India_747970,0.786265
14,int8,1,24,39,Nigeria_143329,0.811526
14,int8,1,25,38,Sri-Lanka_249079,0.792336
14,int8,1,26,37,Paraguay_212687,0.796206
14,int8,1,27,36,Spain_2523247,0.802156
14,int8,1,28,35,Sri-Lanka_847275,0.839827
14,int8,1,29,34,India_287642,0.794216
14,int8,1,30,33,USA_605492,0.795376
14,int8,1,31,32,Sri-Lanka_883641,0.799256
14,int8,1,32,31,Paraguay_792268,0.789835
14,int8,1,33,30,India_652725,0.800246
14,int8,1,34,29,USA_181503,0.849278
14,int8,1,35,28,Paraguay_48673,0.817086
14,int8,1,36,27,India_91379,0.797516
14,int8,1,37,26,Paraguay_822142,0.814086
14,int8,1,38,25,India_773682,0.827087
14,int8,1,39,24,Spain_2594119,0.820036
14,int8,1,40,23,Sri-Lanka_956740,0.850078
14,int8,1,41,22,USA_655230,0.849218
14,int8,1,42,21,Somalia_970508,0.821146
14,int8,1,43,20,Paraguay_246154,0.830637
14,int8,1,44,19,Ghana_144050,0.806296
14,int8,1,45,18,USA_806273,0.802446
14,int8,1,46,17,India_979278,0.852728
14,int8,1,47,16,Nigeria_600295,0.822227
14,int8,1,48,15,Mekong_1395593,0.798906
14,int8,1,49,14,Ghana_135389,0.799176
14,int8,1,50,13,Sri-Lanka_551926,0.805376
14,int8,1,51,12,Paraguay_721886,0.802066
14,int8,1,52,11,Paraguay_1056717,0.794146
14,int8,1,53,10,USA_438959,0.807586
14,int8,1,54,9,Somalia_205466,0.797546
14,int8,1,55,8,Mekong_52610,0.795285
14,int8,1,56,7,Ghana_147015,0.801876
14,int8,1,57,6,India_56450,0.847268
14,int8,1,58,5,Mekong_342411,0.791645
14,int8,1,59,4,Sri-Lanka_748447,0.817276
14,int8,1,60,3,USA_224165,0.820977
14,int8,1,61,2,Paraguay_191503,0.816636
14,int8,1,62,1,Paraguay_36015,0.798756
14,int8,1,63,0,Spain_7786924,0.804486
14,int8,2,0,0,Spain_7786924,0.840177
14,int8,2,1,1,Paraguay_36015,0.804456
14,int8,2,2,2,Paraguay_191503,0.797366
14,int8,2,3,3,USA_224165,0.795615
14,int8,2,4,4,Sri-Lanka_748447,0.809256
14,int8,2,5,5,Mekong_342411,0.798486
14,int8,2,6,6,India_56450,0.809246
14,int8,2,7,7,Ghana_147015,0.789806
14,int8,2,8,8,Mekong_52610,0.834758
14,int8,2,9,9,Somalia_205466,0.805137
14,int8,2,10,10,USA_438959,0.803936
14,int8,2,11,11,Paraguay_1056717,0.810837
14,int8,2,12,12,Paraguay_721886,0.819997
14,int8,2,13,13,Sri-Lanka_551926,0.850118
14,int8,2,14,14,Ghana_135389,0.849667
14,int8,2,15,15,Mekong_1395593,0.806446
14,int8,2,16,16,Nigeria_600295,0.820597
14,int8,2,17,17,India_979278,0.856349
14,int8,2,18,18,USA_806273,0.798346
14,int8,2,19,19,Ghana_144050,0.842617
14,int8,2,20,20,Paraguay_246154,0.816846
14,int8,2,21,21,Somalia_970508,0.784165
14,int8,2,22,22,USA_655230,0.808916
14,int8,2,23,23,Sri-Lanka_956740,0.795936
14,int8,2,24,24,Spain_2594119,0.797825
14,int8,2,25,25,India_773682,0.811566
14,int8,2,26,26,Paraguay_822142,0.790525
14,int8,2,27,27,India_91379,0.797676
14,int8,2,28,28,Paraguay_48673,0.787296
14,int8,2,29,29,USA_181503,0.89362
14,int8,2,30,30,India_652725,0.799386
14,int8,2,31,31,Paraguay_792268,0.9037
14,int8,2,32,32,Sri-Lanka_883641,0.799906
14,int8,2,33,33,USA_605492,0.812686
14,int8,2,34,34,India_287642,0.794706
14,int8,2,35,35,Sri-Lanka_847275,0.913051
14,int8,2,36,36,Spain_2523247,0.800996
14,int8,2,37,37,Paraguay_212687,0.833148
14,int8,2,38,38,Sri-Lanka_249079,0.813677
14,int8,2,39,39,Nigeria_143329,0.792446
14,int8,2,40,40,India_747970,0.793886
14,int8,2,41,41,Ghana_128663,0.840127
14,int8,2,42,42,Ghana_103272,0.798105
14,int8,2,43,43,USA_217598,0.801576
14,int8,2,44,44,Pakistan_211386,0.808216
14,int8,2,45,45,India_324254,0.789246
14,int8,2,46,46,Pakistan_65724,0.820306
14,int8,2,47,47,Somalia_295782,0.816067
14,int8,2,48,48,USA_354981,0.798976
14,int8,2,49,49,USA_58086,0.865968
14,int8,2,50,50,Ghana_154838,0.799746
14,int8,2,51,51,USA_170264,0.793615
14,int8,2,52,52,Paraguay_1029042,0.789585
14,int8,2,53,53,Spain_8154154,0.798126
14,int8,2,54,54,Pakistan_246718,0.802836
14,int8,2,55,55,USA_1068362,0.779185
14,int8,2,56,56,Ghana_45911,0.789266
14,int8,2,57,57,Mekong_846007,0.813937
14,int8,2,58,58,Paraguay_482517,0.815056
14,int8,2,59,59,India_179238,0.89888
14,int8,2,60,60,India_534470,0.800636
14,int8,2,61,61,Somalia_93023,0.833128
14,int8,2,62,62,Ghana_8090,0.798355
14,int8,2,63,63,Sri-Lanka_52223,0.89904
14,fp16,0,0,0,Spain_7786924,0.559595
14,fp16,0,1,1,Paraguay_36015,0.858998
14,fp16,0,2,2,Paraguay_191503,0.562855
14,fp16,0,3,3,USA_224165,0.562595
14,fp16,0,4,4,Sri-Lanka_748447,0.582336
14,fp16,0,5,5,Mekong_342411,0.567705
14,fp16,0,6,6,India_56450,0.557555
14,fp16,0,7,7,Ghana_147015,0.563055
14,fp16,0,8,8,Mekong_52610,0.563895
14,fp16,0,9,9,Somalia_205466,0.564495
14,fp16,0,10,10,USA_438959,0.559085
14,fp16,0,11,11,Paraguay_1056717,0.583776
14,fp16,0,12,12,Paraguay_721886,0.570026
14,fp16,0,13,13,Sri-Lanka_551926,0.550024
14,fp16,0,14,14,Ghana_135389,0.562645
14,fp16,0,15,15,Mekong_1395593,0.559125
14,fp16,0,16,16,Nigeria_600295,0.563586
14,fp16,0,17,17,India_979278,0.551414
14,fp16,0,18,18,USA_806273,0.554865
14,fp16,0,19,19,Ghana_144050,0.550174
14,fp16,0,20,20,Paraguay_246154,0.551905
14,fp16,0,21,21,Somalia_970508,0.552485
14,fp16,0,22,22,USA_655230,0.598107
14,fp16,0,23,23,Sri-Lanka_956740,0.554295
14,fp16,0,24,24,Spain_2594119,0.546624
14,fp16,0,25,25,India_773682,0.561965
14,fp16,0,26,26,Paraguay_822142,0.556855
14,fp16,0,27,27,India_91379,0.546744
14,fp16,0,28,28,Paraguay_48673,0.553465
14,fp16,0,29,29,USA_181503,0.549164
14,fp16,0,30,30,India_652725,0.553674
14,fp16,0,31,31,Paraguay_792268,0.541744
14,fp16,0,32,32,Sri-Lanka_883641,0.556855
14,fp16,0,33,33,USA_605492,0.556544
14,fp16,0,34,34,India_287642,0.553205
14,fp16,0,35,35,Sri-Lanka_847275,0.556435
14,fp16,0,36,36,Spain_2523247,0.554115
14,fp16,0,37,37,Paraguay_212687,0.553885
14,fp16,0,38,38,Sri-Lanka_249079,0.557675
14,fp16,0,39,39,Nigeria_143329,0.570295
14,fp16,0,40,40,India_747970,0.553465
14,fp16,0,41,41,Ghana_128663,0.549635
14,fp16,0,42,42,Ghana_103272,0.566055
14,fp16,0,43,43,USA_217598,0.554104
14,fp16,0,44,44,Pakistan_211386,0.545594
14,fp16,0,45,45,India_324254,0.558735
14,fp16,0,46,46,Pakistan_65724,0.564135
14,fp16,0,47,47,Somalia_295782,0.546284
14,fp16,0,48,48,USA_354981,0.547164
14,fp16,0,49,49,USA_58086,0.551855
14,fp16,0,50,50,Ghana_154838,0.551625
14,fp16,0,51,51,USA_170264,0.546934
14,fp16,0,52,52,Paraguay_1029042,0.559735
14,fp16,0,53,53,Spain_8154154,0.552644
14,fp16,0,54,54,Pakistan_246718,0.550224
14,fp16,0,55,55,USA_1068362,0.548505
14,fp16,0,56,56,Ghana_45911,0.66124
14,fp16,0,57,57,Mekong_846007,0.554595
14,fp16,0,58,58,Paraguay_482517,0.548655
14,fp16,0,59,59,India_179238,0.557675
14,fp16,0,60,60,India_534470,0.555525
14,fp16,0,61,61,Somalia_93023,0.562165
14,fp16,0,62,62,Ghana_8090,0.568215
14,fp16,0,63,63,Sri-Lanka_52223,0.570605
14,fp16,1,0,63,Sri-Lanka_52223,0.559195
14,fp16,1,1,62,Ghana_8090,0.551094
14,fp16,1,2,61,Somalia_93023,0.568166
14,fp16,1,3,60,India_534470,0.550385
14,fp16,1,4,59,India_179238,0.553914
14,fp16,1,5,58,Paraguay_482517,0.544945
14,fp16,1,6,57,Mekong_846007,0.557525
14,fp16,1,7,56,Ghana_45911,0.546884
14,fp16,1,8,55,USA_1068362,0.551095
14,fp16,1,9,54,Pakistan_246718,0.565936
14,fp16,1,10,53,Spain_8154154,0.548945
14,fp16,1,11,52,Paraguay_1029042,0.556015
14,fp16,1,12,51,USA_170264,0.557425
14,fp16,1,13,50,Ghana_154838,0.549154
14,fp16,1,14,49,USA_58086,0.569615
14,fp16,1,15,48,USA_354981,0.562075
14,fp16,1,16,47,Somalia_295782,0.560695
14,fp16,1,17,46,Pakistan_65724,0.545044
14,fp16,1,18,45,India_324254,0.545724
14,fp16,1,19,44,Pakistan_211386,0.559275
14,fp16,1,20,43,USA_217598,0.564595
14,fp16,1,21,42,Ghana_103272,0.544704
14,fp16,1,22,41,Ghana_128663,0.556104
14,fp16,1,23,40,India_747970,0.561105
14,fp16,1,24,39,Nigeria_143329,0.556515
14,fp16,1,25,38,Sri-Lanka_249079,0.544655
14,fp16,1,26,37,Paraguay_212687,0.573226
14,fp16,1,27,36,Spain_2523247,0.555955
14,fp16,1,28,35,Sri-Lanka_847275,0.553815
14,fp16,1,29,34,India_287642,0.565575
14,fp16,1,30,33,USA_605492,0.562545
14,fp16,1,31,32,Sri-Lanka_883641,0.565835
14,fp16,1,32,31,Paraguay_792268,0.548864
14,fp16,1,33,30,India_652725,0.556545
14,fp16,1,34,29,USA_181503,0.550225
14,fp16,1,35,28,Paraguay_48673,0.550084
14,fp16,1,36,27,India_91379,0.551595
14,fp16,1,37,26,Paraguay_822142,0.557855
14,fp16,1,38,25,India_773682,0.540834
14,fp16,1,39,24,Spain_2594119,0.542634
14,fp16,1,40,23,Sri-Lanka_956740,0.557765
14,fp16,1,41,22,USA_655230,0.547635
14,fp16,1,42,21,Somalia_970508,0.554445
14,fp16,1,43,20,Paraguay_246154,0.559605
14,fp16,1,44,19,Ghana_144050,0.545604
14,fp16,1,45,18,USA_806273,0.549675
14,fp16,1,46,17,India_979278,0.554904
14,fp16,1,47,16,Nigeria_600295,0.552625
14,fp16,1,48,15,Mekong_1395593,0.572885
14,fp16,1,49,14,Ghana_135389,0.550214
14,fp16,1,50,13,Sri-Lanka_551926,0.554705
14,fp16,1,51,12,Paraguay_721886,0.548244
14,fp16,1,52,11,Paraguay_1056717,0.557115
14,fp16,1,53,10,USA_438959,0.579106
14,fp16,1,54,9,Somalia_205466,0.555745
14,fp16,1,55,8,Mekong_52610,0.550894
14,fp16,1,56,7,Ghana_147015,0.542914
14,fp16,1,57,6,India_56450,0.560265
14,fp16,1,58,5,Mekong_342411,0.549034
14,fp16,1,59,4,Sri-Lanka_748447,0.552915
14,fp16,1,60,3,USA_224165,0.592207
14,fp16,1,61,2,Paraguay_191503,0.549575
14,fp16,1,62,1,Paraguay_36015,0.551245
14,fp16,1,63,0,Spain_7786924,0.548234
14,fp16,2,0,0,Spain_7786924,0.561095
14,fp16,2,1,1,Paraguay_36015,0.546215
14,fp16,2,2,2,Paraguay_191503,0.552124
14,fp16,2,3,3,USA_224165,0.557675
14,fp16,2,4,4,Sri-Lanka_748447,0.550924
14,fp16,2,5,5,Mekong_342411,0.552115
14,fp16,2,6,6,India_56450,0.564615
14,fp16,2,7,7,Ghana_147015,0.551815
14,fp16,2,8,8,Mekong_52610,0.557415
14,fp16,2,9,9,Somalia_205466,0.553675
14,fp16,2,10,10,USA_438959,0.555275
14,fp16,2,11,11,Paraguay_1056717,0.561035
14,fp16,2,12,12,Paraguay_721886,0.553485
14,fp16,2,13,13,Sri-Lanka_551926,0.579516
14,fp16,2,14,14,Ghana_135389,0.551355
14,fp16,2,15,15,Mekong_1395593,0.549674
14,fp16,2,16,16,Nigeria_600295,0.564755
14,fp16,2,17,17,India_979278,0.565545
14,fp16,2,18,18,USA_806273,0.559605
14,fp16,2,19,19,Ghana_144050,0.542364
14,fp16,2,20,20,Paraguay_246154,0.554935
14,fp16,2,21,21,Somalia_970508,0.542025
14,fp16,2,22,22,USA_655230,0.549145
14,fp16,2,23,23,Sri-Lanka_956740,0.558065
14,fp16,2,24,24,Spain_2594119,0.545814
14,fp16,2,25,25,India_773682,0.552275
14,fp16,2,26,26,Paraguay_822142,0.552905
14,fp16,2,27,27,India_91379,0.560475
14,fp16,2,28,28,Paraguay_48673,0.550975
14,fp16,2,29,29,USA_181503,0.551944
14,fp16,2,30,30,India_652725,0.624958
14,fp16,2,31,31,Paraguay_792268,0.560385
14,fp16,2,32,32,Sri-Lanka_883641,0.553865
14,fp16,2,33,33,USA_605492,0.549504
14,fp16,2,34,34,India_287642,0.561445
14,fp16,2,35,35,Sri-Lanka_847275,0.552124
14,fp16,2,36,36,Spain_2523247,0.545274
14,fp16,2,37,37,Paraguay_212687,0.556655
14,fp16,2,38,38,Sri-Lanka_249079,0.549605
14,fp16,2,39,39,Nigeria_143329,0.550474
14,fp16,2,40,40,India_747970,0.559645
14,fp16,2,41,41,Ghana_128663,0.558435
14,fp16,2,42,42,Ghana_103272,0.547955
14,fp16,2,43,43,USA_217598,0.548955
14,fp16,2,44,44,Pakistan_211386,0.567095
14,fp16,2,45,45,India_324254,0.563975
14,fp16,2,46,46,Pakistan_65724,0.543425
14,fp16,2,47,47,Somalia_295782,0.567376
14,fp16,2,48,48,USA_354981,0.551685
14,fp16,2,49,49,USA_58086,0.547824
14,fp16,2,50,50,Ghana_154838,0.561675
14,fp16,2,51,51,USA_170264,0.554385
14,fp16,2,52,52,Paraguay_1029042,0.560995
14,fp16,2,53,53,Spain_8154154,0.559765
14,fp16,2,54,54,Pakistan_246718,0.553485
14,fp16,2,55,55,USA_1068362,0.553184
14,fp16,2,56,56,Ghana_45911,0.550005
14,fp16,2,57,57,Mekong_846007,0.556324
14,fp16,2,58,58,Paraguay_482517,0.579726
14,fp16,2,59,59,India_179238,0.549774
14,fp16,2,60,60,India_534470,0.543524
14,fp16,2,61,61,Somalia_93023,0.552654
14,fp16,2,62,62,Ghana_8090,0.546275
14,fp16,2,63,63,Sri-Lanka_52223,0.550555
15,fp16,0,0,0,Spain_7786924,0.561725
15,fp16,0,1,1,Paraguay_36015,0.994845
15,fp16,0,2,2,Paraguay_191503,0.562595
15,fp16,0,3,3,USA_224165,0.563266
15,fp16,0,4,4,Sri-Lanka_748447,0.570396
15,fp16,0,5,5,Mekong_342411,0.565785
15,fp16,0,6,6,India_56450,0.558115
15,fp16,0,7,7,Ghana_147015,0.554004
15,fp16,0,8,8,Mekong_52610,0.550374
15,fp16,0,9,9,Somalia_205466,0.548435
15,fp16,0,10,10,USA_438959,0.568406
15,fp16,0,11,11,Paraguay_1056717,0.550895
15,fp16,0,12,12,Paraguay_721886,0.542294
15,fp16,0,13,13,Sri-Lanka_551926,0.544524
15,fp16,0,14,14,Ghana_135389,0.536543
15,fp16,0,15,15,Mekong_1395593,0.551535
15,fp16,0,16,16,Nigeria_600295,0.545695
15,fp16,0,17,17,India_979278,0.551995
15,fp16,0,18,18,USA_806273,0.539304
15,fp16,0,19,19,Ghana_144050,0.544095
15,fp16,0,20,20,Paraguay_246154,0.566766
15,fp16,0,21,21,Somalia_970508,0.553815
15,fp16,0,22,22,USA_655230,0.546364
15,fp16,0,23,23,Sri-Lanka_956740,0.548674
15,fp16,0,24,24,Spain_2594119,0.541954
15,fp16,0,25,25,India_773682,0.540934
15,fp16,0,26,26,Paraguay_822142,0.537384
15,fp16,0,27,27,India_91379,0.578006
15,fp16,0,28,28,Paraguay_48673,0.542164
15,fp16,0,29,29,USA_181503,0.537754
15,fp16,0,30,30,India_652725,0.550755
15,fp16,0,31,31,Paraguay_792268,0.543084
15,fp16,0,32,32,Sri-Lanka_883641,0.547264
15,fp16,0,33,33,USA_605492,0.557295
15,fp16,0,34,34,India_287642,0.537044
15,fp16,0,35,35,Sri-Lanka_847275,0.542494
15,fp16,0,36,36,Spain_2523247,0.536724
15,fp16,0,37,37,Paraguay_212687,0.66292
15,fp16,0,38,38,Sri-Lanka_249079,0.688041
15,fp16,0,39,39,Nigeria_143329,0.566646
15,fp16,0,40,40,India_747970,0.547445
15,fp16,0,41,41,Ghana_128663,0.559255
15,fp16,0,42,42,Ghana_103272,0.541874
15,fp16,0,43,43,USA_217598,0.554585
15,fp16,0,44,44,Pakistan_211386,0.552345
15,fp16,0,45,45,India_324254,0.560835
15,fp16,0,46,46,Pakistan_65724,0.542584
15,fp16,0,47,47,Somalia_295782,0.556215
15,fp16,0,48,48,USA_354981,0.550695
15,fp16,0,49,49,USA_58086,0.566596
15,fp16,0,50,50,Ghana_154838,0.536684
15,fp16,0,51,51,USA_170264,0.551255
15,fp16,0,52,52,Paraguay_1029042,0.549674
15,fp16,0,53,53,Spain_8154154,0.538634
15,fp16,0,54,54,Pakistan_246718,0.545194
15,fp16,0,55,55,USA_1068362,0.606568
15,fp16,0,56,56,Ghana_45911,0.545695
15,fp16,0,57,57,Mekong_846007,0.542604
15,fp16,0,58,58,Paraguay_482517,0.544414
15,fp16,0,59,59,India_179238,0.537564
15,fp16,0,60,60,India_534470,0.535254
15,fp16,0,61,61,Somalia_93023,0.567426
15,fp16,0,62,62,Ghana_8090,0.548155
15,fp16,0,63,63,Sri-Lanka_52223,0.551655
15,fp16,1,0,63,Sri-Lanka_52223,0.540784
15,fp16,1,1,62,Ghana_8090,0.548014
15,fp16,1,2,61,Somalia_93023,0.585956
15,fp16,1,3,60,India_534470,0.543264
15,fp16,1,4,59,India_179238,0.557745
15,fp16,1,5,58,Paraguay_482517,0.538044
15,fp16,1,6,57,Mekong_846007,0.545994
15,fp16,1,7,56,Ghana_45911,0.554795
15,fp16,1,8,55,USA_1068362,0.546305
15,fp16,1,9,54,Pakistan_246718,0.544805
15,fp16,1,10,53,Spain_8154154,0.545515
15,fp16,1,11,52,Paraguay_1029042,0.548605
15,fp16,1,12,51,USA_170264,0.541494
15,fp16,1,13,50,Ghana_154838,0.547304
15,fp16,1,14,49,USA_58086,0.569255
15,fp16,1,15,48,USA_354981,0.545324
15,fp16,1,16,47,Somalia_295782,0.538154
15,fp16,1,17,46,Pakistan_65724,0.548215
15,fp16,1,18,45,India_324254,0.543065
15,fp16,1,19,44,Pakistan_211386,0.545835
15,fp16,1,20,43,USA_217598,0.571696
15,fp16,1,21,42,Ghana_103272,0.552045
15,fp16,1,22,41,Ghana_128663,0.551824
15,fp16,1,23,40,India_747970,0.534624
15,fp16,1,24,39,Nigeria_143329,0.551905
15,fp16,1,25,38,Sri-Lanka_249079,0.544284
15,fp16,1,26,37,Paraguay_212687,0.531973
15,fp16,1,27,36,Spain_2523247,0.553625
15,fp16,1,28,35,Sri-Lanka_847275,0.543745
15,fp16,1,29,34,India_287642,0.550755
15,fp16,1,30,33,USA_605492,0.540724
15,fp16,1,31,32,Sri-Lanka_883641,0.574176
15,fp16,1,32,31,Paraguay_792268,0.549854
15,fp16,1,33,30,India_652725,0.540224
15,fp16,1,34,29,USA_181503,0.552114
15,fp16,1,35,28,Paraguay_48673,0.543274
15,fp16,1,36,27,India_91379,0.541854
15,fp16,1,37,26,Paraguay_822142,0.563465
15,fp16,1,38,25,India_773682,0.543314
15,fp16,1,39,24,Spain_2594119,0.543405
15,fp16,1,40,23,Sri-Lanka_956740,0.537644
15,fp16,1,41,22,USA_655230,0.554065
15,fp16,1,42,21,Somalia_970508,0.557885
15,fp16,1,43,20,Paraguay_246154,0.548765
15,fp16,1,44,19,Ghana_144050,0.562895
15,fp16,1,45,18,USA_806273,0.531043
15,fp16,1,46,17,India_979278,0.536084
15,fp16,1,47,16,Nigeria_600295,0.561515
15,fp16,1,48,15,Mekong_1395593,0.543895
15,fp16,1,49,14,Ghana_135389,0.544405
15,fp16,1,50,13,Sri-Lanka_551926,0.546545
15,fp16,1,51,12,Paraguay_721886,0.545455
15,fp16,1,52,11,Paraguay_1056717,0.542665
15,fp16,1,53,10,USA_438959,0.537384
15,fp16,1,54,9,Somalia_205466,0.563475
15,fp16,1,55,8,Mekong_52610,0.542554
15,fp16,1,56,7,Ghana_147015,0.536584
15,fp16,1,57,6,India_56450,0.547895
15,fp16,1,58,5,Mekong_342411,0.542725
15,fp16,1,59,4,Sri-Lanka_748447,0.542864
15,fp16,1,60,3,USA_224165,0.551775
15,fp16,1,61,2,Paraguay_191503,0.541404
15,fp16,1,62,1,Paraguay_36015,0.545804
15,fp16,1,63,0,Spain_7786924,0.547644
15,fp16,2,0,0,Spain_7786924,0.547904
15,fp16,2,1,1,Paraguay_36015,0.558254
15,fp16,2,2,2,Paraguay_191503,0.546314
15,fp16,2,3,3,USA_224165,0.560655
15,fp16,2,4,4,Sri-Lanka_748447,0.539934
15,fp16,2,5,5,Mekong_342411,0.537203
15,fp16,2,6,6,India_56450,0.547205
15,fp16,2,7,7,Ghana_147015,0.546975
15,fp16,2,8,8,Mekong_52610,0.542094
15,fp16,2,9,9,Somalia_205466,0.543275
15,fp16,2,10,10,USA_438959,0.558755
15,fp16,2,11,11,Paraguay_1056717,0.540784
15,fp16,2,12,12,Paraguay_721886,0.544814
15,fp16,2,13,13,Sri-Lanka_551926,0.582766
15,fp16,2,14,14,Ghana_135389,0.553075
15,fp16,2,15,15,Mekong_1395593,0.544454
15,fp16,2,16,16,Nigeria_600295,0.548754
15,fp16,2,17,17,India_979278,0.547994
15,fp16,2,18,18,USA_806273,0.546104
15,fp16,2,19,19,Ghana_144050,0.547045
15,fp16,2,20,20,Paraguay_246154,0.547635
15,fp16,2,21,21,Somalia_970508,0.538524
15,fp16,2,22,22,USA_655230,0.544324
15,fp16,2,23,23,Sri-Lanka_956740,0.562105
15,fp16,2,24,24,Spain_2594119,0.550124
15,fp16,2,25,25,India_773682,0.548684
15,fp16,2,26,26,Paraguay_822142,0.551105
15,fp16,2,27,27,India_91379,0.541625
15,fp16,2,28,28,Paraguay_48673,0.556115
15,fp16,2,29,29,USA_181503,0.534534
15,fp16,2,30,30,India_652725,0.585036
15,fp16,2,31,31,Paraguay_792268,0.543424
15,fp16,2,32,32,Sri-Lanka_883641,0.547364
15,fp16,2,33,33,USA_605492,0.545214
15,fp16,2,34,34,India_287642,0.542634
15,fp16,2,35,35,Sri-Lanka_847275,0.545744
15,fp16,2,36,36,Spain_2523247,0.564525
15,fp16,2,37,37,Paraguay_212687,0.550115
15,fp16,2,38,38,Sri-Lanka_249079,0.543875
15,fp16,2,39,39,Nigeria_143329,0.545595
15,fp16,2,40,40,India_747970,0.558525
15,fp16,2,41,41,Ghana_128663,0.579996
15,fp16,2,42,42,Ghana_103272,0.541525
15,fp16,2,43,43,USA_217598,0.558905
15,fp16,2,44,44,Pakistan_211386,0.543814
15,fp16,2,45,45,India_324254,0.533064
15,fp16,2,46,46,Pakistan_65724,0.543794
15,fp16,2,47,47,Somalia_295782,0.550874
15,fp16,2,48,48,USA_354981,0.546664
15,fp16,2,49,49,USA_58086,0.546584
15,fp16,2,50,50,Ghana_154838,0.561085
15,fp16,2,51,51,USA_170264,0.546914
15,fp16,2,52,52,Paraguay_1029042,0.544924
15,fp16,2,53,53,Spain_8154154,0.565345
15,fp16,2,54,54,Pakistan_246718,0.536954
15,fp16,2,55,55,USA_1068362,0.544054
15,fp16,2,56,56,Ghana_45911,0.548854
15,fp16,2,57,57,Mekong_846007,0.546854
15,fp16,2,58,58,Paraguay_482517,0.551365
15,fp16,2,59,59,India_179238,0.546435
15,fp16,2,60,60,India_534470,0.553615
15,fp16,2,61,61,Somalia_93023,0.556775
15,fp16,2,62,62,Ghana_8090,0.544224
15,fp16,2,63,63,Sri-Lanka_52223,0.550344
15,int8,0,0,0,Spain_7786924,0.748584
15,int8,0,1,1,Paraguay_36015,0.744164
15,int8,0,2,2,Paraguay_191503,0.746434
15,int8,0,3,3,USA_224165,0.788536
15,int8,0,4,4,Sri-Lanka_748447,0.739533
15,int8,0,5,5,Mekong_342411,0.736703
15,int8,0,6,6,India_56450,0.740603
15,int8,0,7,7,Ghana_147015,0.749924
15,int8,0,8,8,Mekong_52610,0.736743
15,int8,0,9,9,Somalia_205466,0.742593
15,int8,0,10,10,USA_438959,0.750864
15,int8,0,11,11,Paraguay_1056717,0.751833
15,int8,0,12,12,Paraguay_721886,0.756384
15,int8,0,13,13,Sri-Lanka_551926,0.747664
15,int8,0,14,14,Ghana_135389,0.742983
15,int8,0,15,15,Mekong_1395593,0.744864
15,int8,0,16,16,Nigeria_600295,0.746554
15,int8,0,17,17,India_979278,0.751484
15,int8,0,18,18,USA_806273,0.802426
15,int8,0,19,19,Ghana_144050,0.746013
15,int8,0,20,20,Paraguay_246154,0.753233
15,int8,0,21,21,Somalia_970508,0.773645
15,int8,0,22,22,USA_655230,0.804016
15,int8,0,23,23,Sri-Lanka_956740,0.750164
15,int8,0,24,24,Spain_2594119,0.748894
15,int8,0,25,25,India_773682,0.745693
15,int8,0,26,26,Paraguay_822142,0.744353
15,int8,0,27,27,India_91379,0.745683
15,int8,0,28,28,Paraguay_48673,0.742573
15,int8,0,29,29,USA_181503,0.748123
15,int8,0,30,30,India_652725,0.766194
15,int8,0,31,31,Paraguay_792268,0.785515
15,int8,0,32,32,Sri-Lanka_883641,0.758694
15,int8,0,33,33,USA_605492,0.864109
15,int8,0,34,34,India_287642,0.757044
15,int8,0,35,35,Sri-Lanka_847275,0.755194
15,int8,0,36,36,Spain_2523247,0.802655
15,int8,0,37,37,Paraguay_212687,0.830317
15,int8,0,38,38,Sri-Lanka_249079,0.803136
15,int8,0,39,39,Nigeria_143329,0.746633
15,int8,0,40,40,India_747970,0.740653
15,int8,0,41,41,Ghana_128663,0.739303
15,int8,0,42,42,Ghana_103272,0.740013
15,int8,0,43,43,USA_217598,0.749323
15,int8,0,44,44,Pakistan_211386,0.748663
15,int8,0,45,45,India_324254,0.754364
15,int8,0,46,46,Pakistan_65724,0.758294
15,int8,0,47,47,Somalia_295782,0.756514
15,int8,0,48,48,USA_354981,0.757984
15,int8,0,49,49,USA_58086,0.768714
15,int8,0,50,50,Ghana_154838,0.739103
15,int8,0,51,51,USA_170264,0.799896
15,int8,0,52,52,Paraguay_1029042,0.791445
15,int8,0,53,53,Spain_8154154,0.742813
15,int8,0,54,54,Pakistan_246718,0.793736
15,int8,0,55,55,USA_1068362,0.775054
15,int8,0,56,56,Ghana_45911,0.755114
15,int8,0,57,57,Mekong_846007,0.776925
15,int8,0,58,58,Paraguay_482517,0.751683
15,int8,0,59,59,India_179238,0.745703
15,int8,0,60,60,India_534470,0.765574
15,int8,0,61,61,Somalia_93023,0.735283
15,int8,0,62,62,Ghana_8090,0.742143
15,int8,0,63,63,Sri-Lanka_52223,0.744743
15,int8,1,0,63,Sri-Lanka_52223,0.744663
15,int8,1,1,62,Ghana_8090,0.751174
15,int8,1,2,61,Somalia_93023,0.748984
15,int8,1,3,60,India_534470,0.749993
15,int8,1,4,59,India_179238,0.757193
15,int8,1,5,58,Paraguay_482517,0.827477
15,int8,1,6,57,Mekong_846007,0.798395
15,int8,1,7,56,Ghana_45911,0.756414
15,int8,1,8,55,USA_1068362,0.804666
15,int8,1,9,54,Pakistan_246718,0.741083
15,int8,1,10,53,Spain_8154154,0.764184
15,int8,1,11,52,Paraguay_1029042,0.745133
15,int8,1,12,51,USA_170264,0.791915
15,int8,1,13,50,Ghana_154838,0.743113
15,int8,1,14,49,USA_58086,0.747493
15,int8,1,15,48,USA_354981,0.744733
15,int8,1,16,47,Somalia_295782,0.755864
15,int8,1,17,46,Pakistan_65724,0.809207
15,int8,1,18,45,India_324254,0.778435
15,int8,1,19,44,Pakistan_211386,0.754393
15,int8,1,20,43,USA_217598,0.807296
15,int8,1,21,42,Ghana_103272,0.745913
15,int8,1,22,41,Ghana_128663,0.745223
15,int8,1,23,40,India_747970,0.739913
15,int8,1,24,39,Nigeria_143329,0.739673
15,int8,1,25,38,Sri-Lanka_249079,0.799076
15,int8,1,26,37,Paraguay_212687,0.742143
15,int8,1,27,36,Spain_2523247,0.770854
15,int8,1,28,35,Sri-Lanka_847275,0.754274
15,int8,1,29,34,India_287642,0.761304
15,int8,1,30,33,USA_605492,0.747023
15,int8,1,31,32,Sri-Lanka_883641,0.757394
15,int8,1,32,31,Paraguay_792268,0.744953
15,int8,1,33,30,India_652725,0.792605
15,int8,1,34,29,USA_181503,0.749904
15,int8,1,35,28,Paraguay_48673,0.738373
15,int8,1,36,27,India_91379,0.745443
15,int8,1,37,26,Paraguay_822142,0.778615
15,int8,1,38,25,India_773682,0.745534
15,int8,1,39,24,Spain_2594119,0.757794
15,int8,1,40,23,Sri-Lanka_956740,0.838467
15,int8,1,41,22,USA_655230,0.752493
15,int8,1,42,21,Somalia_970508,0.749624
15,int8,1,43,20,Paraguay_246154,0.753764
15,int8,1,44,19,Ghana_144050,0.750923
15,int8,1,45,18,USA_806273,0.726502
15,int8,1,46,17,India_979278,0.794265
15,int8,1,47,16,Nigeria_600295,0.746623
15,int8,1,48,15,Mekong_1395593,0.788365
15,int8,1,49,14,Ghana_135389,0.758084
15,int8,1,50,13,Sri-Lanka_551926,0.730192
15,int8,1,51,12,Paraguay_721886,0.760214
15,int8,1,52,11,Paraguay_1056717,0.757324
15,int8,1,53,10,USA_438959,0.771424
15,int8,1,54,9,Somalia_205466,0.749163
15,int8,1,55,8,Mekong_52610,0.747603
15,int8,1,56,7,Ghana_147015,0.745483
15,int8,1,57,6,India_56450,0.756544
15,int8,1,58,5,Mekong_342411,0.744293
15,int8,1,59,4,Sri-Lanka_748447,0.744403
15,int8,1,60,3,USA_224165,0.798866
15,int8,1,61,2,Paraguay_191503,0.799886
15,int8,1,62,1,Paraguay_36015,0.804846
15,int8,1,63,0,Spain_7786924,0.805656
15,int8,2,0,0,Spain_7786924,0.755684
15,int8,2,1,1,Paraguay_36015,0.737963
15,int8,2,2,2,Paraguay_191503,0.751663
15,int8,2,3,3,USA_224165,0.755314
15,int8,2,4,4,Sri-Lanka_748447,0.746423
15,int8,2,5,5,Mekong_342411,0.741433
15,int8,2,6,6,India_56450,0.742563
15,int8,2,7,7,Ghana_147015,0.748033
15,int8,2,8,8,Mekong_52610,0.782655
15,int8,2,9,9,Somalia_205466,0.748333
15,int8,2,10,10,USA_438959,0.754003
15,int8,2,11,11,Paraguay_1056717,0.835887
15,int8,2,12,12,Paraguay_721886,0.783755
15,int8,2,13,13,Sri-Lanka_551926,0.749703
15,int8,2,14,14,Ghana_135389,0.748763
15,int8,2,15,15,Mekong_1395593,0.771875
15,int8,2,16,16,Nigeria_600295,0.747084
15,int8,2,17,17,India_979278,0.739603
15,int8,2,18,18,USA_806273,0.742433
15,int8,2,19,19,Ghana_144050,0.745673
15,int8,2,20,20,Paraguay_246154,0.749584
15,int8,2,21,21,Somalia_970508,0.726413
15,int8,2,22,22,USA_655230,0.781945
15,int8,2,23,23,Sri-Lanka_956740,0.809436
15,int8,2,24,24,Spain_2594119,0.785976
15,int8,2,25,25,India_773682,0.746844
15,int8,2,26,26,Paraguay_822142,0.748834
15,int8,2,27,27,India_91379,0.743243
15,int8,2,28,28,Paraguay_48673,0.797605
15,int8,2,29,29,USA_181503,0.743394
15,int8,2,30,30,India_652725,0.740673
15,int8,2,31,31,Paraguay_792268,0.743683
15,int8,2,32,32,Sri-Lanka_883641,0.746743
15,int8,2,33,33,USA_605492,0.770955
15,int8,2,34,34,India_287642,0.807346
15,int8,2,35,35,Sri-Lanka_847275,0.752454
15,int8,2,36,36,Spain_2523247,0.753794
15,int8,2,37,37,Paraguay_212687,0.767404
15,int8,2,38,38,Sri-Lanka_249079,0.764544
15,int8,2,39,39,Nigeria_143329,0.734303
15,int8,2,40,40,India_747970,0.746044
15,int8,2,41,41,Ghana_128663,0.741854
15,int8,2,42,42,Ghana_103272,0.746983
15,int8,2,43,43,USA_217598,0.751954
15,int8,2,44,44,Pakistan_211386,0.750054
15,int8,2,45,45,India_324254,0.738733
15,int8,2,46,46,Pakistan_65724,0.757404
15,int8,2,47,47,Somalia_295782,0.780985
15,int8,2,48,48,USA_354981,0.752404
15,int8,2,49,49,USA_58086,0.746213
15,int8,2,50,50,Ghana_154838,0.754153
15,int8,2,51,51,USA_170264,0.748053
15,int8,2,52,52,Paraguay_1029042,0.767764
15,int8,2,53,53,Spain_8154154,0.746333
15,int8,2,54,54,Pakistan_246718,0.747273
15,int8,2,55,55,USA_1068362,0.771175
15,int8,2,56,56,Ghana_45911,0.758033
15,int8,2,57,57,Mekong_846007,0.831627
15,int8,2,58,58,Paraguay_482517,0.755304
15,int8,2,59,59,India_179238,2.833447
15,int8,2,60,60,India_534470,0.933942
15,int8,2,61,61,Somalia_93023,0.850988
15,int8,2,62,62,Ghana_8090,0.856228
15,int8,2,63,63,Sri-Lanka_52223,0.794355
16,int8,0,0,0,Spain_7786924,0.859268
16,int8,0,1,1,Paraguay_36015,0.842127
16,int8,0,2,2,Paraguay_191503,0.88972
16,int8,0,3,3,USA_224165,0.930681
16,int8,0,4,4,Sri-Lanka_748447,0.832577
16,int8,0,5,5,Mekong_342411,0.829647
16,int8,0,6,6,India_56450,0.842058
16,int8,0,7,7,Ghana_147015,0.827117
16,int8,0,8,8,Mekong_52610,0.865268
16,int8,0,9,9,Somalia_205466,0.870649
16,int8,0,10,10,USA_438959,0.89743
16,int8,0,11,11,Paraguay_1056717,0.821607
16,int8,0,12,12,Paraguay_721886,0.811607
16,int8,0,13,13,Sri-Lanka_551926,0.859119
16,int8,0,14,14,Ghana_135389,0.829047
16,int8,0,15,15,Mekong_1395593,0.809406
16,int8,0,16,16,Nigeria_600295,0.809916
16,int8,0,17,17,India_979278,0.862169
16,int8,0,18,18,USA_806273,0.900531
16,int8,0,19,19,Ghana_144050,0.811277
16,int8,0,20,20,Paraguay_246154,0.806736
16,int8,0,21,21,Somalia_970508,0.821367
16,int8,0,22,22,USA_655230,0.865468
16,int8,0,23,23,Sri-Lanka_956740,0.810977
16,int8,0,24,24,Spain_2594119,0.808606
16,int8,0,25,25,India_773682,0.812736
16,int8,0,26,26,Paraguay_822142,0.873389
16,int8,0,27,27,India_91379,0.825747
16,int8,0,28,28,Paraguay_48673,0.829517
16,int8,0,29,29,USA_181503,0.822007
16,int8,0,30,30,India_652725,0.873419
16,int8,0,31,31,Paraguay_792268,0.872089
16,int8,0,32,32,Sri-Lanka_883641,0.832797
16,int8,0,33,33,USA_605492,0.831337
16,int8,0,34,34,India_287642,0.845608
16,int8,0,35,35,Sri-Lanka_847275,0.823907
16,int8,0,36,36,Spain_2523247,0.819867
16,int8,0,37,37,Paraguay_212687,0.814137
16,int8,0,38,38,Sri-Lanka_249079,0.865249
16,int8,0,39,39,Nigeria_143329,0.830547
16,int8,0,40,40,India_747970,0.813107
16,int8,0,41,41,Ghana_128663,0.824186
16,int8,0,42,42,Ghana_103272,0.822277
16,int8,0,43,43,USA_217598,0.806776
16,int8,0,44,44,Pakistan_211386,0.869618
16,int8,0,45,45,India_324254,0.807636
16,int8,0,46,46,Pakistan_65724,0.807956
16,int8,0,47,47,Somalia_295782,0.813406
16,int8,0,48,48,USA_354981,0.817607
16,int8,0,49,49,USA_58086,0.807166
16,int8,0,50,50,Ghana_154838,4.204158
16,int8,0,51,51,USA_170264,1.181353
16,int8,0,52,52,Paraguay_1029042,0.90429
16,int8,0,53,53,Spain_8154154,0.88542
16,int8,0,54,54,Pakistan_246718,0.88388
16,int8,0,55,55,USA_1068362,0.89116
16,int8,0,56,56,Ghana_45911,0.838307
16,int8,0,57,57,Mekong_846007,0.836188
16,int8,0,58,58,Paraguay_482517,0.846728
16,int8,0,59,59,India_179238,0.918491
16,int8,0,60,60,India_534470,0.825537
16,int8,0,61,61,Somalia_93023,0.873219
16,int8,0,62,62,Ghana_8090,0.821876
16,int8,0,63,63,Sri-Lanka_52223,0.848158
16,int8,1,0,63,Sri-Lanka_52223,0.838518
16,int8,1,1,62,Ghana_8090,0.854728
16,int8,1,2,61,Somalia_93023,0.943992
16,int8,1,3,60,India_534470,0.89555
16,int8,1,4,59,India_179238,0.90185
16,int8,1,5,58,Paraguay_482517,0.89848
16,int8,1,6,57,Mekong_846007,0.850238
16,int8,1,7,56,Ghana_45911,0.935151
16,int8,1,8,55,USA_1068362,0.937912
16,int8,1,9,54,Pakistan_246718,0.850028
16,int8,1,10,53,Spain_8154154,0.89476
16,int8,1,11,52,Paraguay_1029042,0.941962
16,int8,1,12,51,USA_170264,0.832127
16,int8,1,13,50,Ghana_154838,0.820216
16,int8,1,14,49,USA_58086,0.865089
16,int8,1,15,48,USA_354981,0.871319
16,int8,1,16,47,Somalia_295782,0.855959
16,int8,1,17,46,Pakistan_65724,0.807706
16,int8,1,18,45,India_324254,0.812066
16,int8,1,19,44,Pakistan_211386,0.811007
16,int8,1,20,43,USA_217598,0.809847
16,int8,1,21,42,Ghana_103272,0.808846
16,int8,1,22,41,Ghana_128663,0.817917
16,int8,1,23,40,India_747970,0.831217
16,int8,1,24,39,Nigeria_143329,0.89847
16,int8,1,25,38,Sri-Lanka_249079,0.838887
16,int8,1,26,37,Paraguay_212687,0.975354
16,int8,1,27,36,Spain_2523247,0.824677
16,int8,1,28,35,Sri-Lanka_847275,0.812866
16,int8,1,29,34,India_287642,0.810066
16,int8,1,30,33,USA_605492,0.817986
16,int8,1,31,32,Sri-Lanka_883641,0.816067
16,int8,1,32,31,Paraguay_792268,0.814316
16,int8,1,33,30,India_652725,0.810366
16,int8,1,34,29,USA_181503,0.816477
16,int8,1,35,28,Paraguay_48673,0.806816
16,int8,1,36,27,India_91379,0.810596
16,int8,1,37,26,Paraguay_822142,0.903901
16,int8,1,38,25,India_773682,0.844667
16,int8,1,39,24,Spain_2594119,0.942282
16,int8,1,40,23,Sri-Lanka_956740,0.854608
16,int8,1,41,22,USA_655230,0.88276
16,int8,1,42,21,Somalia_970508,0.821257
16,int8,1,43,20,Paraguay_246154,0.820236
16,int8,1,44,19,Ghana_144050,0.817397
16,int8,1,45,18,USA_806273,0.810707
16,int8,1,46,17,India_979278,0.842648
16,int8,1,47,16,Nigeria_600295,0.818946
16,int8,1,48,15,Mekong_1395593,0.813657
16,int8,1,49,14,Ghana_135389,0.870189
16,int8,1,50,13,Sri-Lanka_551926,0.823837
16,int8,1,51,12,Paraguay_721886,0.813526
16,int8,1,52,11,Paraguay_1056717,0.859739
16,int8,1,53,10,USA_438959,0.821507
16,int8,1,54,9,Somalia_205466,0.806386
16,int8,1,55,8,Mekong_52610,0.860258
16,int8,1,56,7,Ghana_147015,0.899021
16,int8,1,57,6,India_56450,0.814187
16,int8,1,58,5,Mekong_342411,0.90211
16,int8,1,59,4,Sri-Lanka_748447,0.851228
16,int8,1,60,3,USA_224165,0.823997
16,int8,1,61,2,Paraguay_191503,0.812996
16,int8,1,62,1,Paraguay_36015,0.824796
16,int8,1,63,0,Spain_7786924,0.808026
16,int8,2,0,0,Spain_7786924,0.809756
16,int8,2,1,1,Paraguay_36015,0.790975
16,int8,2,2,2,Paraguay_191503,0.837947
16,int8,2,3,3,USA_224165,0.807496
16,int8,2,4,4,Sri-Lanka_748447,0.806956
16,int8,2,5,5,Mekong_342411,0.808296
16,int8,2,6,6,India_56450,0.879149
16,int8,2,7,7,Ghana_147015,0.811706
16,int8,2,8,8,Mekong_52610,0.817357
16,int8,2,9,9,Somalia_205466,0.809667
16,int8,2,10,10,USA_438959,0.834268
16,int8,2,11,11,Paraguay_1056717,0.805056
16,int8,2,12,12,Paraguay_721886,0.810896
16,int8,2,13,13,Sri-Lanka_551926,0.806486
16,int8,2,14,14,Ghana_135389,0.804776
16,int8,2,15,15,Mekong_1395593,0.881369
16,int8,2,16,16,Nigeria_600295,0.856888
16,int8,2,17,17,India_979278,0.816417
16,int8,2,18,18,USA_806273,0.803216
16,int8,2,19,19,Ghana_144050,0.807776
16,int8,2,20,20,Paraguay_246154,0.854039
16,int8,2,21,21,Somalia_970508,0.786135
16,int8,2,22,22,USA_655230,0.807646
16,int8,2,23,23,Sri-Lanka_956740,0.808026
16,int8,2,24,24,Spain_2594119,0.821757
16,int8,2,25,25,India_773682,0.820386
16,int8,2,26,26,Paraguay_822142,0.854639
16,int8,2,27,27,India_91379,0.833577
16,int8,2,28,28,Paraguay_48673,0.821506
16,int8,2,29,29,USA_181503,0.827637
16,int8,2,30,30,India_652725,0.815246
16,int8,2,31,31,Paraguay_792268,0.864498
16,int8,2,32,32,Sri-Lanka_883641,0.803796
16,int8,2,33,33,USA_605492,0.807656
16,int8,2,34,34,India_287642,0.809256
16,int8,2,35,35,Sri-Lanka_847275,0.813376
16,int8,2,36,36,Spain_2523247,0.812956
16,int8,2,37,37,Paraguay_212687,0.820697
16,int8,2,38,38,Sri-Lanka_249079,0.793476
16,int8,2,39,39,Nigeria_143329,0.838017
16,int8,2,40,40,India_747970,0.811696
16,int8,2,41,41,Ghana_128663,0.807386
16,int8,2,42,42,Ghana_103272,0.811696
16,int8,2,43,43,USA_217598,0.839497
16,int8,2,44,44,Pakistan_211386,0.809106
16,int8,2,45,45,India_324254,0.793886
16,int8,2,46,46,Pakistan_65724,0.863998
16,int8,2,47,47,Somalia_295782,0.826737
16,int8,2,48,48,USA_354981,0.808766
16,int8,2,49,49,USA_58086,0.811466
16,int8,2,50,50,Ghana_154838,0.804306
16,int8,2,51,51,USA_170264,0.846748
16,int8,2,52,52,Paraguay_1029042,0.822707
16,int8,2,53,53,Spain_8154154,0.809276
16,int8,2,54,54,Pakistan_246718,0.815376
16,int8,2,55,55,USA_1068362,0.805336
16,int8,2,56,56,Ghana_45911,0.816536
16,int8,2,57,57,Mekong_846007,0.905601
16,int8,2,58,58,Paraguay_482517,0.861999
16,int8,2,59,59,India_179238,0.918941
16,int8,2,60,60,India_534470,0.841097
16,int8,2,61,61,Somalia_93023,0.848348
16,int8,2,62,62,Ghana_8090,1.061707
16,int8,2,63,63,Sri-Lanka_52223,4.347484
16,fp16,0,0,0,Spain_7786924,0.630968
16,fp16,0,1,1,Paraguay_36015,0.957172
16,fp16,0,2,2,Paraguay_191503,0.583066
16,fp16,0,3,3,USA_224165,0.604657
16,fp16,0,4,4,Sri-Lanka_748447,0.586956
16,fp16,0,5,5,Mekong_342411,0.585016
16,fp16,0,6,6,India_56450,0.601507
16,fp16,0,7,7,Ghana_147015,0.596796
16,fp16,0,8,8,Mekong_52610,0.582636
16,fp16,0,9,9,Somalia_205466,0.570205
16,fp16,0,10,10,USA_438959,0.572896
16,fp16,0,11,11,Paraguay_1056717,0.576156
16,fp16,0,12,12,Paraguay_721886,0.579686
16,fp16,0,13,13,Sri-Lanka_551926,0.574836
16,fp16,0,14,14,Ghana_135389,0.569445
16,fp16,0,15,15,Mekong_1395593,0.564225
16,fp16,0,16,16,Nigeria_600295,0.562835
16,fp16,0,17,17,India_979278,0.566995
16,fp16,0,18,18,USA_806273,0.572926
16,fp16,0,19,19,Ghana_144050,0.559996
16,fp16,0,20,20,Paraguay_246154,0.558725
16,fp16,0,21,21,Somalia_970508,0.567646
16,fp16,0,22,22,USA_655230,0.603707
16,fp16,0,23,23,Sri-Lanka_956740,0.583937
16,fp16,0,24,24,Spain_2594119,0.562755
16,fp16,0,25,25,India_773682,0.570716
16,fp16,0,26,26,Paraguay_822142,0.568966
16,fp16,0,27,27,India_91379,0.563985
16,fp16,0,28,28,Paraguay_48673,0.594447
16,fp16,0,29,29,USA_181503,0.573526
16,fp16,0,30,30,India_652725,0.564075
16,fp16,0,31,31,Paraguay_792268,0.562305
16,fp16,0,32,32,Sri-Lanka_883641,0.559055
16,fp16,0,33,33,USA_605492,0.562005
16,fp16,0,34,34,India_287642,0.568126
16,fp16,0,35,35,Sri-Lanka_847275,0.558945
16,fp16,0,36,36,Spain_2523247,0.573726
16,fp16,0,37,37,Paraguay_212687,0.561695
16,fp16,0,38,38,Sri-Lanka_249079,0.588766
16,fp16,0,39,39,Nigeria_143329,0.587216
16,fp16,0,40,40,India_747970,0.611347
16,fp16,0,41,41,Ghana_128663,0.641148
16,fp16,0,42,42,Ghana_103272,0.634248
16,fp16,0,43,43,USA_217598,0.564355
16,fp16,0,44,44,Pakistan_211386,0.621638
16,fp16,0,45,45,India_324254,0.589976
16,fp16,0,46,46,Pakistan_65724,0.570425
16,fp16,0,47,47,Somalia_295782,0.561505
16,fp16,0,48,48,USA_354981,0.575056
16,fp16,0,49,49,USA_58086,0.572895
16,fp16,0,50,50,Ghana_154838,0.592106
16,fp16,0,51,51,USA_170264,0.65593
16,fp16,0,52,52,Paraguay_1029042,0.586547
16,fp16,0,53,53,Spain_8154154,0.580195
16,fp16,0,54,54,Pakistan_246718,0.573795
16,fp16,0,55,55,USA_1068362,0.577345
16,fp16,0,56,56,Ghana_45911,0.571786
16,fp16,0,57,57,Mekong_846007,0.567795
16,fp16,0,58,58,Paraguay_482517,0.572406
16,fp16,0,59,59,India_179238,0.605627
16,fp16,0,60,60,India_534470,0.650299
16,fp16,0,61,61,Somalia_93023,0.579246
16,fp16,0,62,62,Ghana_8090,0.570656
16,fp16,0,63,63,Sri-Lanka_52223,0.562595
16,fp16,1,0,63,Sri-Lanka_52223,0.580706
16,fp16,1,1,62,Ghana_8090,0.594097
16,fp16,1,2,61,Somalia_93023,0.580166
16,fp16,1,3,60,India_534470,0.602106
16,fp16,1,4,59,India_179238,0.587267
16,fp16,1,5,58,Paraguay_482517,0.574576
16,fp16,1,6,57,Mekong_846007,0.561275
16,fp16,1,7,56,Ghana_45911,0.598297
16,fp16,1,8,55,USA_1068362,0.576555
16,fp16,1,9,54,Pakistan_246718,0.558195
16,fp16,1,10,53,Spain_8154154,0.560305
16,fp16,1,11,52,Paraguay_1029042,0.579056
16,fp16,1,12,51,USA_170264,0.580346
16,fp16,1,13,50,Ghana_154838,0.556905
16,fp16,1,14,49,USA_58086,0.570146
16,fp16,1,15,48,USA_354981,0.580315
16,fp16,1,16,47,Somalia_295782,0.565145
16,fp16,1,17,46,Pakistan_65724,0.562885
16,fp16,1,18,45,India_324254,0.609917
16,fp16,1,19,44,Pakistan_211386,0.560375
16,fp16,1,20,43,USA_217598,0.572855
16,fp16,1,21,42,Ghana_103272,0.545415
16,fp16,1,22,41,Ghana_128663,0.568646
16,fp16,1,23,40,India_747970,0.573166
16,fp16,1,24,39,Nigeria_143329,0.563425
16,fp16,1,25,38,Sri-Lanka_249079,0.567325
16,fp16,1,26,37,Paraguay_212687,2.754443
16,fp16,1,27,36,Spain_2523247,0.555564
16,fp16,1,28,35,Sri-Lanka_847275,0.556145
16,fp16,1,29,34,India_287642,0.560625
16,fp16,1,30,33,USA_605492,0.562445
16,fp16,1,31,32,Sri-Lanka_883641,0.563415
16,fp16,1,32,31,Paraguay_792268,0.563255
16,fp16,1,33,30,India_652725,0.568965
16,fp16,1,34,29,USA_181503,0.555995
16,fp16,1,35,28,Paraguay_48673,0.563255
16,fp16,1,36,27,India_91379,0.570045
16,fp16,1,37,26,Paraguay_822142,0.580066
16,fp16,1,38,25,India_773682,0.566065
16,fp16,1,39,24,Spain_2594119,0.560115
16,fp16,1,40,23,Sri-Lanka_956740,0.574445
16,fp16,1,41,22,USA_655230,0.564515
16,fp16,1,42,21,Somalia_970508,0.558025
16,fp16,1,43,20,Paraguay_246154,0.555885
16,fp16,1,44,19,Ghana_144050,0.576646
16,fp16,1,45,18,USA_806273,0.547895
16,fp16,1,46,17,India_979278,0.563576
16,fp16,1,47,16,Nigeria_600295,0.565176
16,fp16,1,48,15,Mekong_1395593,0.575516
16,fp16,1,49,14,Ghana_135389,0.574055
16,fp16,1,50,13,Sri-Lanka_551926,0.562505
16,fp16,1,51,12,Paraguay_721886,0.575866
16,fp16,1,52,11,Paraguay_1056717,0.562665
16,fp16,1,53,10,USA_438959,0.567926
16,fp16,1,54,9,Somalia_205466,0.583107
16,fp16,1,55,8,Mekong_52610,0.567136
16,fp16,1,56,7,Ghana_147015,0.561795
16,fp16,1,57,6,India_56450,0.554315
16,fp16,1,58,5,Mekong_342411,0.569195
16,fp16,1,59,4,Sri-Lanka_748447,0.573075
16,fp16,1,60,3,USA_224165,0.564215
16,fp16,1,61,2,Paraguay_191503,0.583526
16,fp16,1,62,1,Paraguay_36015,0.575666
16,fp16,1,63,0,Spain_7786924,0.561505
16,fp16,2,0,0,Spain_7786924,0.565126
16,fp16,2,1,1,Paraguay_36015,0.588637
16,fp16,2,2,2,Paraguay_191503,0.564555
16,fp16,2,3,3,USA_224165,0.563425
16,fp16,2,4,4,Sri-Lanka_748447,0.561805
16,fp16,2,5,5,Mekong_342411,0.596437
16,fp16,2,6,6,India_56450,0.601587
16,fp16,2,7,7,Ghana_147015,0.595286
16,fp16,2,8,8,Mekong_52610,0.577606
16,fp16,2,9,9,Somalia_205466,0.594806
16,fp16,2,10,10,USA_438959,0.708322
16,fp16,2,11,11,Paraguay_1056717,0.658899
16,fp16,2,12,12,Paraguay_721886,0.620777
16,fp16,2,13,13,Sri-Lanka_551926,0.605407
16,fp16,2,14,14,Ghana_135389,0.616937
16,fp16,2,15,15,Mekong_1395593,0.586576
16,fp16,2,16,16,Nigeria_600295,0.582736
16,fp16,2,17,17,India_979278,0.579616
16,fp16,2,18,18,USA_806273,0.580646
16,fp16,2,19,19,Ghana_144050,0.567035
16,fp16,2,20,20,Paraguay_246154,0.572936
16,fp16,2,21,21,Somalia_970508,0.564385
16,fp16,2,22,22,USA_655230,0.597367
16,fp16,2,23,23,Sri-Lanka_956740,0.560385
16,fp16,2,24,24,Spain_2594119,0.564916
16,fp16,2,25,25,India_773682,0.585456
16,fp16,2,26,26,Paraguay_822142,0.564765
16,fp16,2,27,27,India_91379,0.562555
16,fp16,2,28,28,Paraguay_48673,0.577816
16,fp16,2,29,29,USA_181503,0.576856
16,fp16,2,30,30,India_652725,0.562346
16,fp16,2,31,31,Paraguay_792268,0.578966
16,fp16,2,32,32,Sri-Lanka_883641,0.569655
16,fp16,2,33,33,USA_605492,0.591187
16,fp16,2,34,34,India_287642,0.564976
16,fp16,2,35,35,Sri-Lanka_847275,0.564746
16,fp16,2,36,36,Spain_2523247,0.577476
16,fp16,2,37,37,Paraguay_212687,0.566075
16,fp16,2,38,38,Sri-Lanka_249079,0.575675
16,fp16,2,39,39,Nigeria_143329,0.571505
16,fp16,2,40,40,India_747970,0.566155
16,fp16,2,41,41,Ghana_128663,0.579526
16,fp16,2,42,42,Ghana_103272,0.568655
16,fp16,2,43,43,USA_217598,0.573365
16,fp16,2,44,44,Pakistan_211386,0.584186
16,fp16,2,45,45,India_324254,0.553675
16,fp16,2,46,46,Pakistan_65724,0.568846
16,fp16,2,47,47,Somalia_295782,0.579175
16,fp16,2,48,48,USA_354981,0.561965
16,fp16,2,49,49,USA_58086,0.570915
16,fp16,2,50,50,Ghana_154838,0.901451
16,fp16,2,51,51,USA_170264,0.67815
16,fp16,2,52,52,Paraguay_1029042,0.66762
16,fp16,2,53,53,Spain_8154154,0.66049
16,fp16,2,54,54,Pakistan_246718,0.66517
16,fp16,2,55,55,USA_1068362,0.620148
16,fp16,2,56,56,Ghana_45911,0.607547
16,fp16,2,57,57,Mekong_846007,0.596017
16,fp16,2,58,58,Paraguay_482517,0.596127
16,fp16,2,59,59,India_179238,0.599717
16,fp16,2,60,60,India_534470,0.585707
16,fp16,2,61,61,Somalia_93023,0.600747
16,fp16,2,62,62,Ghana_8090,0.587057
16,fp16,2,63,63,Sri-Lanka_52223,0.587387
17,fp16,0,0,0,Spain_7786924,0.563075
17,fp16,0,1,1,Paraguay_36015,0.90605
17,fp16,0,2,2,Paraguay_191503,0.594026
17,fp16,0,3,3,USA_224165,0.585616
17,fp16,0,4,4,Sri-Lanka_748447,0.572205
17,fp16,0,5,5,Mekong_342411,0.583516
17,fp16,0,6,6,India_56450,0.569785
17,fp16,0,7,7,Ghana_147015,0.572745
17,fp16,0,8,8,Mekong_52610,0.568906
17,fp16,0,9,9,Somalia_205466,0.561975
17,fp16,0,10,10,USA_438959,0.562405
17,fp16,0,11,11,Paraguay_1056717,0.558095
17,fp16,0,12,12,Paraguay_721886,0.567115
17,fp16,0,13,13,Sri-Lanka_551926,0.568235
17,fp16,0,14,14,Ghana_135389,0.564356
17,fp16,0,15,15,Mekong_1395593,0.582836
17,fp16,0,16,16,Nigeria_600295,0.565855
17,fp16,0,17,17,India_979278,0.560345
17,fp16,0,18,18,USA_806273,0.570505
17,fp16,0,19,19,Ghana_144050,0.564465
17,fp16,0,20,20,Paraguay_246154,0.564255
17,fp16,0,21,21,Somalia_970508,0.553795
17,fp16,0,22,22,USA_655230,0.572226
17,fp16,0,23,23,Sri-Lanka_956740,0.561385
17,fp16,0,24,24,Spain_2594119,0.574735
17,fp16,0,25,25,India_773682,0.579326
17,fp16,0,26,26,Paraguay_822142,0.577006
17,fp16,0,27,27,India_91379,0.570706
17,fp16,0,28,28,Paraguay_48673,0.564775
17,fp16,0,29,29,USA_181503,0.553074
17,fp16,0,30,30,India_652725,0.573016
17,fp16,0,31,31,Paraguay_792268,0.571895
17,fp16,0,32,32,Sri-Lanka_883641,0.557135
17,fp16,0,33,33,USA_605492,0.554245
17,fp16,0,34,34,India_287642,0.568366
17,fp16,0,35,35,Sri-Lanka_847275,0.568176
17,fp16,0,36,36,Spain_2523247,0.573845
17,fp16,0,37,37,Paraguay_212687,0.583676
17,fp16,0,38,38,Sri-Lanka_249079,0.558675
17,fp16,0,39,39,Nigeria_143329,0.568716
17,fp16,0,40,40,India_747970,0.580286
17,fp16,0,41,41,Ghana_128663,0.568505
17,fp16,0,42,42,Ghana_103272,0.559975
17,fp16,0,43,43,USA_217598,0.572795
17,fp16,0,44,44,Pakistan_211386,0.581596
17,fp16,0,45,45,India_324254,0.567395
17,fp16,0,46,46,Pakistan_65724,0.554325
17,fp16,0,47,47,Somalia_295782,0.576846
17,fp16,0,48,48,USA_354981,0.577426
17,fp16,0,49,49,USA_58086,0.573116
17,fp16,0,50,50,Ghana_154838,0.564555
17,fp16,0,51,51,USA_170264,0.564515
17,fp16,0,52,52,Paraguay_1029042,0.566955
17,fp16,0,53,53,Spain_8154154,0.564065
17,fp16,0,54,54,Pakistan_246718,0.565025
17,fp16,0,55,55,USA_1068362,0.571065
17,fp16,0,56,56,Ghana_45911,0.564945
17,fp16,0,57,57,Mekong_846007,0.569785
17,fp16,0,58,58,Paraguay_482517,0.599237
17,fp16,0,59,59,India_179238,0.562995
17,fp16,0,60,60,India_534470,0.557625
17,fp16,0,61,61,Somalia_93023,0.568206
17,fp16,0,62,62,Ghana_8090,0.579526
17,fp16,0,63,63,Sri-Lanka_52223,0.584977
17,fp16,1,0,63,Sri-Lanka_52223,0.575466
17,fp16,1,1,62,Ghana_8090,0.574236
17,fp16,1,2,61,Somalia_93023,0.574666
17,fp16,1,3,60,India_534470,0.568415
17,fp16,1,4,59,India_179238,0.560505
17,fp16,1,5,58,Paraguay_482517,0.648019
17,fp16,1,6,57,Mekong_846007,0.578186
17,fp16,1,7,56,Ghana_45911,0.562755
17,fp16,1,8,55,USA_1068362,0.553955
17,fp16,1,9,54,Pakistan_246718,0.575106
17,fp16,1,10,53,Spain_8154154,0.571905
17,fp16,1,11,52,Paraguay_1029042,0.567625
17,fp16,1,12,51,USA_170264,0.585266
17,fp16,1,13,50,Ghana_154838,0.576406
17,fp16,1,14,49,USA_58086,0.556404
17,fp16,1,15,48,USA_354981,0.561535
17,fp16,1,16,47,Somalia_295782,0.586396
17,fp16,1,17,46,Pakistan_65724,0.567945
17,fp16,1,18,45,India_324254,0.567585
17,fp16,1,19,44,Pakistan_211386,0.568405
17,fp16,1,20,43,USA_217598,0.580946
17,fp16,1,21,42,Ghana_103272,0.575126
17,fp16,1,22,41,Ghana_128663,0.564225
17,fp16,1,23,40,India_747970,0.571626
17,fp16,1,24,39,Nigeria_143329,0.559135
17,fp16,1,25,38,Sri-Lanka_249079,0.608217
17,fp16,1,26,37,Paraguay_212687,0.547105
17,fp16,1,27,36,Spain_2523247,0.644239
17,fp16,1,28,35,Sri-Lanka_847275,0.550994
17,fp16,1,29,34,India_287642,0.553495
17,fp16,1,30,33,USA_605492,0.563845
17,fp16,1,31,32,Sri-Lanka_883641,0.569435
17,fp16,1,32,31,Paraguay_792268,0.568425
17,fp16,1,33,30,India_652725,0.569745
17,fp16,1,34,29,USA_181503,0.563115
17,fp16,1,35,28,Paraguay_48673,0.552065
17,fp16,1,36,27,India_91379,0.557215
17,fp16,1,37,26,Paraguay_822142,0.566126
17,fp16,1,38,25,India_773682,0.579646
17,fp16,1,39,24,Spain_2594119,0.558495
17,fp16,1,40,23,Sri-Lanka_956740,0.554805
17,fp16,1,41,22,USA_655230,0.588476
17,fp16,1,42,21,Somalia_970508,0.578756
17,fp16,1,43,20,Paraguay_246154,0.567216
17,fp16,1,44,19,Ghana_144050,0.567165
17,fp16,1,45,18,USA_806273,0.565305
17,fp16,1,46,17,India_979278,0.561045
17,fp16,1,47,16,Nigeria_600295,0.568156
17,fp16,1,48,15,Mekong_1395593,0.554984
17,fp16,1,49,14,Ghana_135389,0.580346
17,fp16,1,50,13,Sri-Lanka_551926,0.571555
17,fp16,1,51,12,Paraguay_721886,0.569736
17,fp16,1,52,11,Paraguay_1056717,0.564926
17,fp16,1,53,10,USA_438959,0.570426
17,fp16,1,54,9,Somalia_205466,0.551315
17,fp16,1,55,8,Mekong_52610,0.583536
17,fp16,1,56,7,Ghana_147015,0.571995
17,fp16,1,57,6,India_56450,0.571095
17,fp16,1,58,5,Mekong_342411,0.557485
17,fp16,1,59,4,Sri-Lanka_748447,0.583766
17,fp16,1,60,3,USA_224165,0.559795
17,fp16,1,61,2,Paraguay_191503,0.579876
17,fp16,1,62,1,Paraguay_36015,0.571645
17,fp16,1,63,0,Spain_7786924,0.578546
17,fp16,2,0,0,Spain_7786924,0.572945
17,fp16,2,1,1,Paraguay_36015,0.555145
17,fp16,2,2,2,Paraguay_191503,0.577886
17,fp16,2,3,3,USA_224165,0.582866
17,fp16,2,4,4,Sri-Lanka_748447,0.554175
17,fp16,2,5,5,Mekong_342411,0.568886
17,fp16,2,6,6,India_56450,0.568696
17,fp16,2,7,7,Ghana_147015,0.569325
17,fp16,2,8,8,Mekong_52610,0.567965
17,fp16,2,9,9,Somalia_205466,0.553425
17,fp16,2,10,10,USA_438959,0.569966
17,fp16,2,11,11,Paraguay_1056717,0.574006
17,fp16,2,12,12,Paraguay_721886,0.553184
17,fp16,2,13,13,Sri-Lanka_551926,0.598947
17,fp16,2,14,14,Ghana_135389,0.556664
17,fp16,2,15,15,Mekong_1395593,0.556125
17,fp16,2,16,16,Nigeria_600295,0.548624
17,fp16,2,17,17,India_979278,0.560605
17,fp16,2,18,18,USA_806273,0.564485
17,fp16,2,19,19,Ghana_144050,0.563565
17,fp16,2,20,20,Paraguay_246154,0.564225
17,fp16,2,21,21,Somalia_970508,0.547175
17,fp16,2,22,22,USA_655230,0.561415
17,fp16,2,23,23,Sri-Lanka_956740,0.561695
17,fp16,2,24,24,Spain_2594119,0.564945
17,fp16,2,25,25,India_773682,0.568465
17,fp16,2,26,26,Paraguay_822142,0.577366
17,fp16,2,27,27,India_91379,0.575656
17,fp16,2,28,28,Paraguay_48673,0.574296
17,fp16,2,29,29,USA_181503,0.577766
17,fp16,2,30,30,India_652725,0.574396
17,fp16,2,31,31,Paraguay_792268,0.567055
17,fp16,2,32,32,Sri-Lanka_883641,0.569125
17,fp16,2,33,33,USA_605492,0.562445
17,fp16,2,34,34,India_287642,0.566915
17,fp16,2,35,35,Sri-Lanka_847275,0.581466
17,fp16,2,36,36,Spain_2523247,0.556205
17,fp16,2,37,37,Paraguay_212687,0.564145
17,fp16,2,38,38,Sri-Lanka_249079,0.577216
17,fp16,2,39,39,Nigeria_143329,0.570696
17,fp16,2,40,40,India_747970,0.568025
17,fp16,2,41,41,Ghana_128663,0.564865
17,fp16,2,42,42,Ghana_103272,0.565235
17,fp16,2,43,43,USA_217598,0.573026
17,fp16,2,44,44,Pakistan_211386,0.555084
17,fp16,2,45,45,India_324254,0.561895
17,fp16,2,46,46,Pakistan_65724,0.584196
17,fp16,2,47,47,Somalia_295782,0.570155
17,fp16,2,48,48,USA_354981,0.560625
17,fp16,2,49,49,USA_58086,0.561295
17,fp16,2,50,50,Ghana_154838,0.578105
17,fp16,2,51,51,USA_170264,0.557035
17,fp16,2,52,52,Paraguay_1029042,0.584226
17,fp16,2,53,53,Spain_8154154,0.564865
17,fp16,2,54,54,Pakistan_246718,0.566476
17,fp16,2,55,55,USA_1068362,0.559485
17,fp16,2,56,56,Ghana_45911,0.573936
17,fp16,2,57,57,Mekong_846007,0.571685
17,fp16,2,58,58,Paraguay_482517,0.566625
17,fp16,2,59,59,India_179238,0.562245
17,fp16,2,60,60,India_534470,0.561805
17,fp16,2,61,61,Somalia_93023,0.564975
17,fp16,2,62,62,Ghana_8090,0.563936
17,fp16,2,63,63,Sri-Lanka_52223,0.584826
17,int8,0,0,0,Spain_7786924,0.765474
17,int8,0,1,1,Paraguay_36015,0.796796
17,int8,0,2,2,Paraguay_191503,0.824367
17,int8,0,3,3,USA_224165,0.759433
17,int8,0,4,4,Sri-Lanka_748447,0.770375
17,int8,0,5,5,Mekong_342411,0.764344
17,int8,0,6,6,India_56450,0.817387
17,int8,0,7,7,Ghana_147015,0.774094
17,int8,0,8,8,Mekong_52610,0.825567
17,int8,0,9,9,Somalia_205466,0.821287
17,int8,0,10,10,USA_438959,0.765965
17,int8,0,11,11,Paraguay_1056717,0.762824
17,int8,0,12,12,Paraguay_721886,0.756414
17,int8,0,13,13,Sri-Lanka_551926,0.756483
17,int8,0,14,14,Ghana_135389,0.754034
17,int8,0,15,15,Mekong_1395593,0.757284
17,int8,0,16,16,Nigeria_600295,0.766145
17,int8,0,17,17,India_979278,0.763295
17,int8,0,18,18,USA_806273,0.808616
17,int8,0,19,19,Ghana_144050,0.833767
17,int8,0,20,20,Paraguay_246154,0.774275
17,int8,0,21,21,Somalia_970508,0.767644
17,int8,0,22,22,USA_655230,0.812387
17,int8,0,23,23,Sri-Lanka_956740,0.781975
17,int8,0,24,24,Spain_2594119,0.775135
17,int8,0,25,25,India_773682,0.770504
17,int8,0,26,26,Paraguay_822142,0.816266
17,int8,0,27,27,India_91379,0.772084
17,int8,0,28,28,Paraguay_48673,0.741873
17,int8,0,29,29,USA_181503,0.764074
17,int8,0,30,30,India_652725,0.761284
17,int8,0,31,31,Paraguay_792268,0.756914
17,int8,0,32,32,Sri-Lanka_883641,0.845237
17,int8,0,33,33,USA_605492,0.767755
17,int8,0,34,34,India_287642,0.816476
17,int8,0,35,35,Sri-Lanka_847275,0.780475
17,int8,0,36,36,Spain_2523247,0.800396
17,int8,0,37,37,Paraguay_212687,0.825307
17,int8,0,38,38,Sri-Lanka_249079,0.801226
17,int8,0,39,39,Nigeria_143329,0.821686
17,int8,0,40,40,India_747970,0.765894
17,int8,0,41,41,Ghana_128663,0.766624
17,int8,0,42,42,Ghana_103272,0.764434
17,int8,0,43,43,USA_217598,0.755444
17,int8,0,44,44,Pakistan_211386,0.772185
17,int8,0,45,45,India_324254,0.757714
17,int8,0,46,46,Pakistan_65724,0.757894
17,int8,0,47,47,Somalia_295782,0.755844
17,int8,0,48,48,USA_354981,0.763494
17,int8,0,49,49,USA_58086,0.829307
17,int8,0,50,50,Ghana_154838,0.780785
17,int8,0,51,51,USA_170264,0.772845
17,int8,0,52,52,Paraguay_1029042,0.776105
17,int8,0,53,53,Spain_8154154,0.772554
17,int8,0,54,54,Pakistan_246718,0.782305
17,int8,0,55,55,USA_1068362,0.826927
17,int8,0,56,56,Ghana_45911,0.763284
17,int8,0,57,57,Mekong_846007,0.755634
17,int8,0,58,58,Paraguay_482517,0.759574
17,int8,0,59,59,India_179238,0.799676
17,int8,0,60,60,India_534470,0.758074
17,int8,0,61,61,Somalia_93023,0.755174
17,int8,0,62,62,Ghana_8090,0.770544
17,int8,0,63,63,Sri-Lanka_52223,0.809976
17,int8,1,0,63,Sri-Lanka_52223,0.824207
17,int8,1,1,62,Ghana_8090,0.775755
17,int8,1,2,61,Somalia_93023,0.808257
17,int8,1,3,60,India_534470,0.770945
17,int8,1,4,59,India_179238,0.762794
17,int8,1,5,58,Paraguay_482517,0.768605
17,int8,1,6,57,Mekong_846007,0.774245
17,int8,1,7,56,Ghana_45911,0.761494
17,int8,1,8,55,USA_1068362,0.759194
17,int8,1,9,54,Pakistan_246718,0.756684
17,int8,1,10,53,Spain_8154154,0.757844
17,int8,1,11,52,Paraguay_1029042,0.809366
17,int8,1,12,51,USA_170264,0.759964
17,int8,1,13,50,Ghana_154838,0.774885
17,int8,1,14,49,USA_58086,0.774185
17,int8,1,15,48,USA_354981,0.799426
17,int8,1,16,47,Somalia_295782,0.762274
17,int8,1,17,46,Pakistan_65724,0.816757
17,int8,1,18,45,India_324254,0.766264
17,int8,1,19,44,Pakistan_211386,0.782405
17,int8,1,20,43,USA_217598,0.817316
17,int8,1,21,42,Ghana_103272,0.771705
17,int8,1,22,41,Ghana_128663,0.756604
17,int8,1,23,40,India_747970,0.815697
17,int8,1,24,39,Nigeria_143329,0.762984
17,int8,1,25,38,Sri-Lanka_249079,0.762334
17,int8,1,26,37,Paraguay_212687,0.754434
17,int8,1,27,36,Spain_2523247,0.795575
17,int8,1,28,35,Sri-Lanka_847275,0.782715
17,int8,1,29,34,India_287642,0.759264
17,int8,1,30,33,USA_605492,0.767815
17,int8,1,31,32,Sri-Lanka_883641,0.773004
17,int8,1,32,31,Paraguay_792268,0.803256
17,int8,1,33,30,India_652725,0.806416
17,int8,1,34,29,USA_181503,0.765855
17,int8,1,35,28,Paraguay_48673,0.767524
17,int8,1,36,27,India_91379,0.760744
17,int8,1,37,26,Paraguay_822142,0.761974
17,int8,1,38,25,India_773682,0.753554
17,int8,1,39,24,Spain_2594119,0.757703
17,int8,1,40,23,Sri-Lanka_956740,0.758384
17,int8,1,41,22,USA_655230,0.767914
17,int8,1,42,21,Somalia_970508,0.762344
17,int8,1,43,20,Paraguay_246154,0.771304
17,int8,1,44,19,Ghana_144050,0.765944
17,int8,1,45,18,USA_806273,0.757874
17,int8,1,46,17,India_979278,0.806596
17,int8,1,47,16,Nigeria_600295,0.773054
17,int8,1,48,15,Mekong_1395593,0.766984
17,int8,1,49,14,Ghana_135389,0.766125
17,int8,1,50,13,Sri-Lanka_551926,0.854688
17,int8,1,51,12,Paraguay_721886,0.814866
17,int8,1,52,11,Paraguay_1056717,0.759384
17,int8,1,53,10,USA_438959,0.758963
17,int8,1,54,9,Somalia_205466,0.759114
17,int8,1,55,8,Mekong_52610,0.760534
17,int8,1,56,7,Ghana_147015,0.762304
17,int8,1,57,6,India_56450,0.760134
17,int8,1,58,5,Mekong_342411,0.799015
17,int8,1,59,4,Sri-Lanka_748447,0.822477
17,int8,1,60,3,USA_224165,0.832037
17,int8,1,61,2,Paraguay_191503,0.767124
17,int8,1,62,1,Paraguay_36015,0.795926
17,int8,1,63,0,Spain_7786924,0.776974
17,int8,2,0,0,Spain_7786924,0.754504
17,int8,2,1,1,Paraguay_36015,0.749043
17,int8,2,2,2,Paraguay_191503,0.808436
17,int8,2,3,3,USA_224165,0.761414
17,int8,2,4,4,Sri-Lanka_748447,0.756784
17,int8,2,5,5,Mekong_342411,0.759424
17,int8,2,6,6,India_56450,0.765945
17,int8,2,7,7,Ghana_147015,0.817347
17,int8,2,8,8,Mekong_52610,0.770224
17,int8,2,9,9,Somalia_205466,0.768044
17,int8,2,10,10,USA_438959,0.788066
17,int8,2,11,11,Paraguay_1056717,0.818837
17,int8,2,12,12,Paraguay_721886,0.824677
17,int8,2,13,13,Sri-Lanka_551926,0.778275
17,int8,2,14,14,Ghana_135389,0.766625
17,int8,2,15,15,Mekong_1395593,0.772384
17,int8,2,16,16,Nigeria_600295,0.767524
17,int8,2,17,17,India_979278,0.765924
17,int8,2,18,18,USA_806273,0.756794
17,int8,2,19,19,Ghana_144050,0.754224
17,int8,2,20,20,Paraguay_246154,0.759554
17,int8,2,21,21,Somalia_970508,0.794266
17,int8,2,22,22,USA_655230,0.754084
17,int8,2,23,23,Sri-Lanka_956740,0.812876
17,int8,2,24,24,Spain_2594119,0.796936
17,int8,2,25,25,India_773682,0.769105
17,int8,2,26,26,Paraguay_822142,0.760244
17,int8,2,27,27,India_91379,0.779415
17,int8,2,28,28,Paraguay_48673,0.772575
17,int8,2,29,29,USA_181503,0.771694
17,int8,2,30,30,India_652725,0.761234
17,int8,2,31,31,Paraguay_792268,0.757544
17,int8,2,32,32,Sri-Lanka_883641,0.771644
17,int8,2,33,33,USA_605492,0.799186
17,int8,2,34,34,India_287642,0.758044
17,int8,2,35,35,Sri-Lanka_847275,0.757704
17,int8,2,36,36,Spain_2523247,0.756374
17,int8,2,37,37,Paraguay_212687,0.829727
17,int8,2,38,38,Sri-Lanka_249079,0.829217
17,int8,2,39,39,Nigeria_143329,0.775165
17,int8,2,40,40,India_747970,0.821577
17,int8,2,41,41,Ghana_128663,0.810247
17,int8,2,42,42,Ghana_103272,0.762424
17,int8,2,43,43,USA_217598,0.798996
17,int8,2,44,44,Pakistan_211386,0.768264
17,int8,2,45,45,India_324254,0.778314
17,int8,2,46,46,Pakistan_65724,0.757784
17,int8,2,47,47,Somalia_295782,0.810796
17,int8,2,48,48,USA_354981,0.752383
17,int8,2,49,49,USA_58086,0.818567
17,int8,2,50,50,Ghana_154838,0.802496
17,int8,2,51,51,USA_170264,0.805576
17,int8,2,52,52,Paraguay_1029042,0.757314
17,int8,2,53,53,Spain_8154154,0.755494
17,int8,2,54,54,Pakistan_246718,0.785665
17,int8,2,55,55,USA_1068362,0.769845
17,int8,2,56,56,Ghana_45911,0.757734
17,int8,2,57,57,Mekong_846007,0.771595
17,int8,2,58,58,Paraguay_482517,0.830197
17,int8,2,59,59,India_179238,0.816696
17,int8,2,60,60,India_534470,0.818416
17,int8,2,61,61,Somalia_93023,0.769474
17,int8,2,62,62,Ghana_8090,0.762604
17,int8,2,63,63,Sri-Lanka_52223,0.756044
18,int8,0,0,0,Spain_7786924,0.837557
18,int8,0,1,1,Paraguay_36015,0.852518
18,int8,0,2,2,Paraguay_191503,0.830097
18,int8,0,3,3,USA_224165,0.824496
18,int8,0,4,4,Sri-Lanka_748447,0.889139
18,int8,0,5,5,Mekong_342411,0.858828
18,int8,0,6,6,India_56450,0.825407
18,int8,0,7,7,Ghana_147015,0.874139
18,int8,0,8,8,Mekong_52610,0.87851
18,int8,0,9,9,Somalia_205466,0.830437
18,int8,0,10,10,USA_438959,0.864948
18,int8,0,11,11,Paraguay_1056717,0.821567
18,int8,0,12,12,Paraguay_721886,0.822016
18,int8,0,13,13,Sri-Lanka_551926,0.832137
18,int8,0,14,14,Ghana_135389,1.043267
18,int8,0,15,15,Mekong_1395593,1.13315
18,int8,0,16,16,Nigeria_600295,1.148851
18,int8,0,17,17,India_979278,0.880219
18,int8,0,18,18,USA_806273,0.850118
18,int8,0,19,19,Ghana_144050,0.937412
18,int8,0,20,20,Paraguay_246154,0.829107
18,int8,0,21,21,Somalia_970508,0.825006
18,int8,0,22,22,USA_655230,0.835628
18,int8,0,23,23,Sri-Lanka_956740,0.804666
18,int8,0,24,24,Spain_2594119,0.820507
18,int8,0,25,25,India_773682,0.816536
18,int8,0,26,26,Paraguay_822142,0.841708
18,int8,0,27,27,India_91379,0.837728
18,int8,0,28,28,Paraguay_48673,0.824877
18,int8,0,29,29,USA_181503,0.821647
18,int8,0,30,30,India_652725,0.871999
18,int8,0,31,31,Paraguay_792268,0.822466
18,int8,0,32,32,Sri-Lanka_883641,0.831627
18,int8,0,33,33,USA_605492,0.89738
18,int8,0,34,34,India_287642,0.823407
18,int8,0,35,35,Sri-Lanka_847275,0.825447
18,int8,0,36,36,Spain_2523247,0.825797
18,int8,0,37,37,Paraguay_212687,0.821506
18,int8,0,38,38,Sri-Lanka_249079,0.843558
18,int8,0,39,39,Nigeria_143329,0.880489
18,int8,0,40,40,India_747970,0.88824
18,int8,0,41,41,Ghana_128663,0.89925
18,int8,0,42,42,Ghana_103272,0.88638
18,int8,0,43,43,USA_217598,0.913501
18,int8,0,44,44,Pakistan_211386,0.873289
18,int8,0,45,45,India_324254,0.961124
18,int8,0,46,46,Pakistan_65724,0.90459
18,int8,0,47,47,Somalia_295782,0.89441
18,int8,0,48,48,USA_354981,0.888929
18,int8,0,49,49,USA_58086,0.864238
18,int8,0,50,50,Ghana_154838,0.841068
18,int8,0,51,51,USA_170264,0.842968
18,int8,0,52,52,Paraguay_1029042,0.885309
18,int8,0,53,53,Spain_8154154,0.830038
18,int8,0,54,54,Pakistan_246718,0.902851
18,int8,0,55,55,USA_1068362,0.848358
18,int8,0,56,56,Ghana_45911,0.831287
18,int8,0,57,57,Mekong_846007,0.876409
18,int8,0,58,58,Paraguay_482517,0.823946
18,int8,0,59,59,India_179238,0.820407
18,int8,0,60,60,India_534470,0.819816
18,int8,0,61,61,Somalia_93023,0.8835
18,int8,0,62,62,Ghana_8090,0.837998
18,int8,0,63,63,Sri-Lanka_52223,0.880019
18,int8,1,0,63,Sri-Lanka_52223,0.822977
18,int8,1,1,62,Ghana_8090,0.823207
18,int8,1,2,61,Somalia_93023,0.9027
18,int8,1,3,60,India_534470,0.823747
18,int8,1,4,59,India_179238,0.818847
18,int8,1,5,58,Paraguay_482517,0.820757
18,int8,1,6,57,Mekong_846007,0.843628
18,int8,1,7,56,Ghana_45911,0.795845
18,int8,1,8,55,USA_1068362,0.865989
18,int8,1,9,54,Pakistan_246718,0.821617
18,int8,1,10,53,Spain_8154154,0.821577
18,int8,1,11,52,Paraguay_1029042,0.823607
18,int8,1,12,51,USA_170264,0.822646
18,int8,1,13,50,Ghana_154838,0.823737
18,int8,1,14,49,USA_58086,0.816486
18,int8,1,15,48,USA_354981,0.827307
18,int8,1,16,47,Somalia_295782,0.863218
18,int8,1,17,46,Pakistan_65724,0.817317
18,int8,1,18,45,India_324254,0.868118
18,int8,1,19,44,Pakistan_211386,0.8761
18,int8,1,20,43,USA_217598,0.870589
18,int8,1,21,42,Ghana_103272,0.871809
18,int8,1,22,41,Ghana_128663,0.920351
18,int8,1,23,40,India_747970,0.978134
18,int8,1,24,39,Nigeria_143329,0.856749
18,int8,1,25,38,Sri-Lanka_249079,0.90656
18,int8,1,26,37,Paraguay_212687,0.852468
18,int8,1,27,36,Spain_2523247,0.90713
18,int8,1,28,35,Sri-Lanka_847275,0.866098
18,int8,1,29,34,India_287642,0.838787
18,int8,1,30,33,USA_605492,0.856699
18,int8,1,31,32,Sri-Lanka_883641,0.826416
18,int8,1,32,31,Paraguay_792268,0.837798
18,int8,1,33,30,India_652725,0.831128
18,int8,1,34,29,USA_181503,0.909761
18,int8,1,35,28,Paraguay_48673,0.828457
18,int8,1,36,27,India_91379,0.826007
18,int8,1,37,26,Paraguay_822142,0.89939
18,int8,1,38,25,India_773682,0.878069
18,int8,1,39,24,Spain_2594119,0.88708
18,int8,1,40,23,Sri-Lanka_956740,0.879309
18,int8,1,41,22,USA_655230,0.827337
18,int8,1,42,21,Somalia_970508,0.863319
18,int8,1,43,20,Paraguay_246154,0.841447
18,int8,1,44,19,Ghana_144050,0.834728
18,int8,1,45,18,USA_806273,0.864368
18,int8,1,46,17,India_979278,0.907791
18,int8,1,47,16,Nigeria_600295,0.828837
18,int8,1,48,15,Mekong_1395593,0.822367
18,int8,1,49,14,Ghana_135389,0.843538
18,int8,1,50,13,Sri-Lanka_551926,0.879969
18,int8,1,51,12,Paraguay_721886,0.853148
18,int8,1,52,11,Paraguay_1056717,0.841608
18,int8,1,53,10,USA_438959,0.839577
18,int8,1,54,9,Somalia_205466,0.89573
18,int8,1,55,8,Mekong_52610,0.826307
18,int8,1,56,7,Ghana_147015,0.839677
18,int8,1,57,6,India_56450,0.8881
18,int8,1,58,5,Mekong_342411,0.831968
18,int8,1,59,4,Sri-Lanka_748447,0.831488
18,int8,1,60,3,USA_224165,0.825196
18,int8,1,61,2,Paraguay_191503,0.826648
18,int8,1,62,1,Paraguay_36015,0.839728
18,int8,1,63,0,Spain_7786924,0.829097
18,int8,2,0,0,Spain_7786924,0.822627
18,int8,2,1,1,Paraguay_36015,0.814287
18,int8,2,2,2,Paraguay_191503,0.872769
18,int8,2,3,3,USA_224165,0.830487
18,int8,2,4,4,Sri-Lanka_748447,0.849378
18,int8,2,5,5,Mekong_342411,0.827747
18,int8,2,6,6,India_56450,0.850318
18,int8,2,7,7,Ghana_147015,0.833917
18,int8,2,8,8,Mekong_52610,0.829697
18,int8,2,9,9,Somalia_205466,0.836797
18,int8,2,10,10,USA_438959,0.844578
18,int8,2,11,11,Paraguay_1056717,0.836867
18,int8,2,12,12,Paraguay_721886,0.828157
18,int8,2,13,13,Sri-Lanka_551926,0.825897
18,int8,2,14,14,Ghana_135389,0.886249
18,int8,2,15,15,Mekong_1395593,0.824787
18,int8,2,16,16,Nigeria_600295,0.884109
18,int8,2,17,17,India_979278,0.828557
18,int8,2,18,18,USA_806273,0.867828
18,int8,2,19,19,Ghana_144050,0.833908
18,int8,2,20,20,Paraguay_246154,0.832508
18,int8,2,21,21,Somalia_970508,0.822496
18,int8,2,22,22,USA_655230,0.860978
18,int8,2,23,23,Sri-Lanka_956740,0.830127
18,int8,2,24,24,Spain_2594119,0.840928
18,int8,2,25,25,India_773682,0.88744
18,int8,2,26,26,Paraguay_822142,0.860718
18,int8,2,27,27,India_91379,0.878819
18,int8,2,28,28,Paraguay_48673,0.825667
18,int8,2,29,29,USA_181503,0.873039
18,int8,2,30,30,India_652725,0.839048
18,int8,2,31,31,Paraguay_792268,0.825947
18,int8,2,32,32,Sri-Lanka_883641,0.819677
18,int8,2,33,33,USA_605492,0.837508
18,int8,2,34,34,India_287642,0.855228
18,int8,2,35,35,Sri-Lanka_847275,0.828387
18,int8,2,36,36,Spain_2523247,0.828307
18,int8,2,37,37,Paraguay_212687,0.821326
18,int8,2,38,38,Sri-Lanka_249079,0.928052
18,int8,2,39,39,Nigeria_143329,0.807146
18,int8,2,40,40,India_747970,0.835927
18,int8,2,41,41,Ghana_128663,0.831937
18,int8,2,42,42,Ghana_103272,0.846628
18,int8,2,43,43,USA_217598,0.833847
18,int8,2,44,44,Pakistan_211386,0.882779
18,int8,2,45,45,India_324254,0.809876
18,int8,2,46,46,Pakistan_65724,0.89371
18,int8,2,47,47,Somalia_295782,0.841048
18,int8,2,48,48,USA_354981,0.831227
18,int8,2,49,49,USA_58086,0.836517
18,int8,2,50,50,Ghana_154838,0.870329
18,int8,2,51,51,USA_170264,0.832157
18,int8,2,52,52,Paraguay_1029042,0.833177
18,int8,2,53,53,Spain_8154154,0.826957
18,int8,2,54,54,Pakistan_246718,0.89808
18,int8,2,55,55,USA_1068362,0.836007
18,int8,2,56,56,Ghana_45911,0.825647
18,int8,2,57,57,Mekong_846007,0.90461
18,int8,2,58,58,Paraguay_482517,0.833857
18,int8,2,59,59,India_179238,0.831237
18,int8,2,60,60,India_534470,0.845637
18,int8,2,61,61,Somalia_93023,0.838918
18,int8,2,62,62,Ghana_8090,0.89608
18,int8,2,63,63,Sri-Lanka_52223,0.834017
18,fp16,0,0,0,Spain_7786924,0.583996
18,fp16,0,1,1,Paraguay_36015,1.097529
18,fp16,0,2,2,Paraguay_191503,0.595507
18,fp16,0,3,3,USA_224165,0.589576
18,fp16,0,4,4,Sri-Lanka_748447,0.603847
18,fp16,0,5,5,Mekong_342411,0.590766
18,fp16,0,6,6,India_56450,0.576526
18,fp16,0,7,7,Ghana_147015,0.591106
18,fp16,0,8,8,Mekong_52610,0.586926
18,fp16,0,9,9,Somalia_205466,0.585406
18,fp16,0,10,10,USA_438959,0.569065
18,fp16,0,11,11,Paraguay_1056717,0.585126
18,fp16,0,12,12,Paraguay_721886,0.587706
18,fp16,0,13,13,Sri-Lanka_551926,0.577576
18,fp16,0,14,14,Ghana_135389,0.570456
18,fp16,0,15,15,Mekong_1395593,0.585216
18,fp16,0,16,16,Nigeria_600295,0.575655
18,fp16,0,17,17,India_979278,0.586576
18,fp16,0,18,18,USA_806273,0.575426
18,fp16,0,19,19,Ghana_144050,0.585626
18,fp16,0,20,20,Paraguay_246154,0.590826
18,fp16,0,21,21,Somalia_970508,0.582496
18,fp16,0,22,22,USA_655230,0.571406
18,fp16,0,23,23,Sri-Lanka_956740,0.590357
18,fp16,0,24,24,Spain_2594119,0.595537
18,fp16,0,25,25,India_773682,0.589046
18,fp16,0,26,26,Paraguay_822142,0.584767
18,fp16,0,27,27,India_91379,0.610908
18,fp16,0,28,28,Paraguay_48673,0.596836
18,fp16,0,29,29,USA_181503,0.591947
18,fp16,0,30,30,India_652725,0.597847
18,fp16,0,31,31,Paraguay_792268,0.600277
18,fp16,0,32,32,Sri-Lanka_883641,0.580126
18,fp16,0,33,33,USA_605492,0.589267
18,fp16,0,34,34,India_287642,0.562925
18,fp16,0,35,35,Sri-Lanka_847275,0.594247
18,fp16,0,36,36,Spain_2523247,0.582306
18,fp16,0,37,37,Paraguay_212687,0.577125
18,fp16,0,38,38,Sri-Lanka_249079,0.570156
18,fp16,0,39,39,Nigeria_143329,0.587557
18,fp16,0,40,40,India_747970,0.581406
18,fp16,0,41,41,Ghana_128663,0.583586
18,fp16,0,42,42,Ghana_103272,0.583386
18,fp16,0,43,43,USA_217598,0.571095
18,fp16,0,44,44,Pakistan_211386,0.569876
18,fp16,0,45,45,India_324254,0.567095
18,fp16,0,46,46,Pakistan_65724,0.579406
18,fp16,0,47,47,Somalia_295782,0.589236
18,fp16,0,48,48,USA_354981,0.566865
18,fp16,0,49,49,USA_58086,0.558445
18,fp16,0,50,50,Ghana_154838,0.584956
18,fp16,0,51,51,USA_170264,0.579826
18,fp16,0,52,52,Paraguay_1029042,0.566055
18,fp16,0,53,53,Spain_8154154,3.540518
18,fp16,0,54,54,Pakistan_246718,0.69161
18,fp16,0,55,55,USA_1068362,0.661289
18,fp16,0,56,56,Ghana_45911,0.625278
18,fp16,0,57,57,Mekong_846007,0.613587
18,fp16,0,58,58,Paraguay_482517,0.606427
18,fp16,0,59,59,India_179238,0.624938
18,fp16,0,60,60,India_534470,0.611087
18,fp16,0,61,61,Somalia_93023,0.587866
18,fp16,0,62,62,Ghana_8090,0.580486
18,fp16,0,63,63,Sri-Lanka_52223,0.598957
18,fp16,1,0,63,Sri-Lanka_52223,0.602007
18,fp16,1,1,62,Ghana_8090,0.595466
18,fp16,1,2,61,Somalia_93023,0.578846
18,fp16,1,3,60,India_534470,0.592337
18,fp16,1,4,59,India_179238,0.586536
18,fp16,1,5,58,Paraguay_482517,0.589397
18,fp16,1,6,57,Mekong_846007,0.65516
18,fp16,1,7,56,Ghana_45911,0.588106
18,fp16,1,8,55,USA_1068362,0.583506
18,fp16,1,9,54,Pakistan_246718,0.573456
18,fp16,1,10,53,Spain_8154154,0.564696
18,fp16,1,11,52,Paraguay_1029042,0.588146
18,fp16,1,12,51,USA_170264,0.594106
18,fp16,1,13,50,Ghana_154838,0.590766
18,fp16,1,14,49,USA_58086,0.587836
18,fp16,1,15,48,USA_354981,0.577556
18,fp16,1,16,47,Somalia_295782,0.577795
18,fp16,1,17,46,Pakistan_65724,0.578716
18,fp16,1,18,45,India_324254,0.578246
18,fp16,1,19,44,Pakistan_211386,0.579406
18,fp16,1,20,43,USA_217598,0.583317
18,fp16,1,21,42,Ghana_103272,0.570826
18,fp16,1,22,41,Ghana_128663,0.598247
18,fp16,1,23,40,India_747970,0.588576
18,fp16,1,24,39,Nigeria_143329,0.578585
18,fp16,1,25,38,Sri-Lanka_249079,0.570946
18,fp16,1,26,37,Paraguay_212687,0.592147
18,fp16,1,27,36,Spain_2523247,0.610967
18,fp16,1,28,35,Sri-Lanka_847275,0.563205
18,fp16,1,29,34,India_287642,0.568425
18,fp16,1,30,33,USA_605492,0.591937
18,fp16,1,31,32,Sri-Lanka_883641,0.576006
18,fp16,1,32,31,Paraguay_792268,0.577046
18,fp16,1,33,30,India_652725,0.593077
18,fp16,1,34,29,USA_181503,0.580256
18,fp16,1,35,28,Paraguay_48673,0.587086
18,fp16,1,36,27,India_91379,0.574486
18,fp16,1,37,26,Paraguay_822142,0.576526
18,fp16,1,38,25,India_773682,0.582226
18,fp16,1,39,24,Spain_2594119,0.575895
18,fp16,1,40,23,Sri-Lanka_956740,0.566385
18,fp16,1,41,22,USA_655230,0.584606
18,fp16,1,42,21,Somalia_970508,0.578266
18,fp16,1,43,20,Paraguay_246154,0.575716
18,fp16,1,44,19,Ghana_144050,0.571935
18,fp16,1,45,18,USA_806273,0.571025
18,fp16,1,46,17,India_979278,0.576486
18,fp16,1,47,16,Nigeria_600295,0.576776
18,fp16,1,48,15,Mekong_1395593,0.588736
18,fp16,1,49,14,Ghana_135389,0.599487
18,fp16,1,50,13,Sri-Lanka_551926,0.587986
18,fp16,1,51,12,Paraguay_721886,0.601507
18,fp16,1,52,11,Paraguay_1056717,0.602987
18,fp16,1,53,10,USA_438959,0.605127
18,fp16,1,54,9,Somalia_205466,0.585656
18,fp16,1,55,8,Mekong_52610,0.565555
18,fp16,1,56,7,Ghana_147015,0.590126
18,fp16,1,57,6,India_56450,0.591546
18,fp16,1,58,5,Mekong_342411,0.579156
18,fp16,1,59,4,Sri-Lanka_748447,0.575746
18,fp16,1,60,3,USA_224165,0.603527
18,fp16,1,61,2,Paraguay_191503,0.579806
18,fp16,1,62,1,Paraguay_36015,0.576236
18,fp16,1,63,0,Spain_7786924,0.588906
18,fp16,2,0,0,Spain_7786924,0.576056
18,fp16,2,1,1,Paraguay_36015,0.570026
18,fp16,2,2,2,Paraguay_191503,0.628248
18,fp16,2,3,3,USA_224165,0.586306
18,fp16,2,4,4,Sri-Lanka_748447,0.580346
18,fp16,2,5,5,Mekong_342411,0.579436
18,fp16,2,6,6,India_56450,0.579656
18,fp16,2,7,7,Ghana_147015,0.590076
18,fp16,2,8,8,Mekong_52610,0.588926
18,fp16,2,9,9,Somalia_205466,0.574695
18,fp16,2,10,10,USA_438959,0.577416
18,fp16,2,11,11,Paraguay_1056717,0.605877
18,fp16,2,12,12,Paraguay_721886,0.604197
18,fp16,2,13,13,Sri-Lanka_551926,0.580956
18,fp16,2,14,14,Ghana_135389,0.578846
18,fp16,2,15,15,Mekong_1395593,0.567426
18,fp16,2,16,16,Nigeria_600295,0.580045
18,fp16,2,17,17,India_979278,0.580816
18,fp16,2,18,18,USA_806273,0.579726
18,fp16,2,19,19,Ghana_144050,0.591987
18,fp16,2,20,20,Paraguay_246154,0.569156
18,fp16,2,21,21,Somalia_970508,0.573496
18,fp16,2,22,22,USA_655230,0.563905
18,fp16,2,23,23,Sri-Lanka_956740,0.619517
18,fp16,2,24,24,Spain_2594119,0.583026
18,fp16,2,25,25,India_773682,0.570586
18,fp16,2,26,26,Paraguay_822142,0.571015
18,fp16,2,27,27,India_91379,0.593647
18,fp16,2,28,28,Paraguay_48673,0.605437
18,fp16,2,29,29,USA_181503,0.569986
18,fp16,2,30,30,India_652725,0.578436
18,fp16,2,31,31,Paraguay_792268,0.583156
18,fp16,2,32,32,Sri-Lanka_883641,0.577685
18,fp16,2,33,33,USA_605492,0.570936
18,fp16,2,34,34,India_287642,0.675921
18,fp16,2,35,35,Sri-Lanka_847275,0.576346
18,fp16,2,36,36,Spain_2523247,0.577005
18,fp16,2,37,37,Paraguay_212687,0.573776
18,fp16,2,38,38,Sri-Lanka_249079,0.586696
18,fp16,2,39,39,Nigeria_143329,0.584356
18,fp16,2,40,40,India_747970,0.574855
18,fp16,2,41,41,Ghana_128663,0.585836
18,fp16,2,42,42,Ghana_103272,0.588986
18,fp16,2,43,43,USA_217598,0.594487
18,fp16,2,44,44,Pakistan_211386,0.575285
18,fp16,2,45,45,India_324254,0.565785
18,fp16,2,46,46,Pakistan_65724,0.583826
18,fp16,2,47,47,Somalia_295782,0.569896
18,fp16,2,48,48,USA_354981,0.573336
18,fp16,2,49,49,USA_58086,0.585886
18,fp16,2,50,50,Ghana_154838,0.593367
18,fp16,2,51,51,USA_170264,0.569656
18,fp16,2,52,52,Paraguay_1029042,0.563315
18,fp16,2,53,53,Spain_8154154,0.581326
18,fp16,2,54,54,Pakistan_246718,0.581246
18,fp16,2,55,55,USA_1068362,0.581356
18,fp16,2,56,56,Ghana_45911,0.580316
18,fp16,2,57,57,Mekong_846007,0.590207
18,fp16,2,58,58,Paraguay_482517,0.582537
18,fp16,2,59,59,India_179238,0.585336
18,fp16,2,60,60,India_534470,0.582566
18,fp16,2,61,61,Somalia_93023,0.600087
18,fp16,2,62,62,Ghana_8090,0.569915
18,fp16,2,63,63,Sri-Lanka_52223,0.574626
19,fp16,0,0,0,Spain_7786924,0.550464
19,fp16,0,1,1,Paraguay_36015,0.840697
19,fp16,0,2,2,Paraguay_191503,0.565155
19,fp16,0,3,3,USA_224165,0.551214
19,fp16,0,4,4,Sri-Lanka_748447,0.551035
19,fp16,0,5,5,Mekong_342411,0.537754
19,fp16,0,6,6,India_56450,0.552045
19,fp16,0,7,7,Ghana_147015,0.589046
19,fp16,0,8,8,Mekong_52610,0.529493
19,fp16,0,9,9,Somalia_205466,0.528984
19,fp16,0,10,10,USA_438959,0.617677
19,fp16,0,11,11,Paraguay_1056717,0.534774
19,fp16,0,12,12,Paraguay_721886,0.535054
19,fp16,0,13,13,Sri-Lanka_551926,0.548495
19,fp16,0,14,14,Ghana_135389,0.535204
19,fp16,0,15,15,Mekong_1395593,0.530054
19,fp16,0,16,16,Nigeria_600295,0.539454
19,fp16,0,17,17,India_979278,0.537274
19,fp16,0,18,18,USA_806273,0.543624
19,fp16,0,19,19,Ghana_144050,0.563815
19,fp16,0,20,20,Paraguay_246154,0.535204
19,fp16,0,21,21,Somalia_970508,0.530563
19,fp16,0,22,22,USA_655230,0.536184
19,fp16,0,23,23,Sri-Lanka_956740,0.547734
19,fp16,0,24,24,Spain_2594119,0.538554
19,fp16,0,25,25,India_773682,0.544474
19,fp16,0,26,26,Paraguay_822142,0.549515
19,fp16,0,27,27,India_91379,0.547285
19,fp16,0,28,28,Paraguay_48673,0.554684
19,fp16,0,29,29,USA_181503,0.564175
19,fp16,0,30,30,India_652725,0.568645
19,fp16,0,31,31,Paraguay_792268,0.564896
19,fp16,0,32,32,Sri-Lanka_883641,0.553234
19,fp16,0,33,33,USA_605492,0.553435
19,fp16,0,34,34,India_287642,0.549314
19,fp16,0,35,35,Sri-Lanka_847275,0.548175
19,fp16,0,36,36,Spain_2523247,0.584906
19,fp16,0,37,37,Paraguay_212687,0.559835
19,fp16,0,38,38,Sri-Lanka_249079,0.549074
19,fp16,0,39,39,Nigeria_143329,0.545415
19,fp16,0,40,40,India_747970,0.549275
19,fp16,0,41,41,Ghana_128663,0.541705
19,fp16,0,42,42,Ghana_103272,0.548554
19,fp16,0,43,43,USA_217598,0.551735
19,fp16,0,44,44,Pakistan_211386,0.541925
19,fp16,0,45,45,India_324254,0.539645
19,fp16,0,46,46,Pakistan_65724,0.547635
19,fp16,0,47,47,Somalia_295782,0.540745
19,fp16,0,48,48,USA_354981,0.541605
19,fp16,0,49,49,USA_58086,0.535314
19,fp16,0,50,50,Ghana_154838,0.538304
19,fp16,0,51,51,USA_170264,0.546754
19,fp16,0,52,52,Paraguay_1029042,0.542484
19,fp16,0,53,53,Spain_8154154,0.549615
19,fp16,0,54,54,Pakistan_246718,0.548294
19,fp16,0,55,55,USA_1068362,0.548345
19,fp16,0,56,56,Ghana_45911,0.543345
19,fp16,0,57,57,Mekong_846007,0.552885
19,fp16,0,58,58,Paraguay_482517,0.542015
19,fp16,0,59,59,India_179238,0.546935
19,fp16,0,60,60,India_534470,0.560465
19,fp16,0,61,61,Somalia_93023,0.538134
19,fp16,0,62,62,Ghana_8090,0.541264
19,fp16,0,63,63,Sri-Lanka_52223,0.550465
19,fp16,1,0,63,Sri-Lanka_52223,0.560845
19,fp16,1,1,62,Ghana_8090,0.567325
19,fp16,1,2,61,Somalia_93023,0.551264
19,fp16,1,3,60,India_534470,0.562025
19,fp16,1,4,59,India_179238,0.556625
19,fp16,1,5,58,Paraguay_482517,0.559435
19,fp16,1,6,57,Mekong_846007,0.584066
19,fp16,1,7,56,Ghana_45911,0.562085
19,fp16,1,8,55,USA_1068362,0.555675
19,fp16,1,9,54,Pakistan_246718,0.550955
19,fp16,1,10,53,Spain_8154154,0.553355
19,fp16,1,11,52,Paraguay_1029042,0.554304
19,fp16,1,12,51,USA_170264,0.559615
19,fp16,1,13,50,Ghana_154838,0.561295
19,fp16,1,14,49,USA_58086,0.550014
19,fp16,1,15,48,USA_354981,0.549115
19,fp16,1,16,47,Somalia_295782,0.569735
19,fp16,1,17,46,Pakistan_65724,0.575276
19,fp16,1,18,45,India_324254,0.558965
19,fp16,1,19,44,Pakistan_211386,0.568845
19,fp16,1,20,43,USA_217598,0.576556
19,fp16,1,21,42,Ghana_103272,0.545684
19,fp16,1,22,41,Ghana_128663,0.555035
19,fp16,1,23,40,India_747970,0.587297
19,fp16,1,24,39,Nigeria_143329,0.577535
19,fp16,1,25,38,Sri-Lanka_249079,0.555525
19,fp16,1,26,37,Paraguay_212687,0.553145
19,fp16,1,27,36,Spain_2523247,0.558975
19,fp16,1,28,35,Sri-Lanka_847275,0.557925
19,fp16,1,29,34,India_287642,0.543964
19,fp16,1,30,33,USA_605492,0.547524
19,fp16,1,31,32,Sri-Lanka_883641,0.555455
19,fp16,1,32,31,Paraguay_792268,0.556874
19,fp16,1,33,30,India_652725,0.558755
19,fp16,1,34,29,USA_181503,0.599277
19,fp16,1,35,28,Paraguay_48673,0.550374
19,fp16,1,36,27,India_91379,0.558515
19,fp16,1,37,26,Paraguay_822142,0.559845
19,fp16,1,38,25,India_773682,0.563285
19,fp16,1,39,24,Spain_2594119,0.555265
19,fp16,1,40,23,Sri-Lanka_956740,0.553675
19,fp16,1,41,22,USA_655230,0.558235
19,fp16,1,42,21,Somalia_970508,0.544504
19,fp16,1,43,20,Paraguay_246154,0.550125
19,fp16,1,44,19,Ghana_144050,0.541315
19,fp16,1,45,18,USA_806273,2.957652
19,fp16,1,46,17,India_979278,0.677911
19,fp16,1,47,16,Nigeria_600295,0.639068
19,fp16,1,48,15,Mekong_1395593,0.605037
19,fp16,1,49,14,Ghana_135389,0.579856
19,fp16,1,50,13,Sri-Lanka_551926,0.593566
19,fp16,1,51,12,Paraguay_721886,0.590287
19,fp16,1,52,11,Paraguay_1056717,0.578866
19,fp16,1,53,10,USA_438959,0.574625
19,fp16,1,54,9,Somalia_205466,0.573126
19,fp16,1,55,8,Mekong_52610,0.569895
19,fp16,1,56,7,Ghana_147015,0.567035
19,fp16,1,57,6,India_56450,0.570706
19,fp16,1,58,5,Mekong_342411,0.579286
19,fp16,1,59,4,Sri-Lanka_748447,0.586256
19,fp16,1,60,3,USA_224165,0.575826
19,fp16,1,61,2,Paraguay_191503,0.557115
19,fp16,1,62,1,Paraguay_36015,0.579836
19,fp16,1,63,0,Spain_7786924,0.558965
19,fp16,2,0,0,Spain_7786924,0.570165
19,fp16,2,1,1,Paraguay_36015,0.572955
19,fp16,2,2,2,Paraguay_191503,0.584497
19,fp16,2,3,3,USA_224165,0.550255
19,fp16,2,4,4,Sri-Lanka_748447,0.555495
19,fp16,2,5,5,Mekong_342411,0.555385
19,fp16,2,6,6,India_56450,0.568365
19,fp16,2,7,7,Ghana_147015,0.566565
19,fp16,2,8,8,Mekong_52610,0.549195
19,fp16,2,9,9,Somalia_205466,0.578706
19,fp16,2,10,10,USA_438959,0.559215
19,fp16,2,11,11,Paraguay_1056717,0.558694
19,fp16,2,12,12,Paraguay_721886,0.561026
19,fp16,2,13,13,Sri-Lanka_551926,0.561925
19,fp16,2,14,14,Ghana_135389,0.569145
19,fp16,2,15,15,Mekong_1395593,0.567236
19,fp16,2,16,16,Nigeria_600295,0.577245
19,fp16,2,17,17,India_979278,0.569846
19,fp16,2,18,18,USA_806273,0.559925
19,fp16,2,19,19,Ghana_144050,0.557835
19,fp16,2,20,20,Paraguay_246154,0.566595
19,fp16,2,21,21,Somalia_970508,0.552514
19,fp16,2,22,22,USA_655230,0.569386
19,fp16,2,23,23,Sri-Lanka_956740,0.560275
19,fp16,2,24,24,Spain_2594119,0.550855
19,fp16,2,25,25,India_773682,0.560435
19,fp16,2,26,26,Paraguay_822142,0.586016
19,fp16,2,27,27,India_91379,0.579016
19,fp16,2,28,28,Paraguay_48673,0.567815
19,fp16,2,29,29,USA_181503,0.558655
19,fp16,2,30,30,India_652725,0.561395
19,fp16,2,31,31,Paraguay_792268,0.560465
19,fp16,2,32,32,Sri-Lanka_883641,0.540684
19,fp16,2,33,33,USA_605492,0.584086
19,fp16,2,34,34,India_287642,0.554195
19,fp16,2,35,35,Sri-Lanka_847275,0.556105
19,fp16,2,36,36,Spain_2523247,0.550905
19,fp16,2,37,37,Paraguay_212687,0.557665
19,fp16,2,38,38,Sri-Lanka_249079,0.622268
19,fp16,2,39,39,Nigeria_143329,0.548995
19,fp16,2,40,40,India_747970,0.544345
19,fp16,2,41,41,Ghana_128663,0.564946
19,fp16,2,42,42,Ghana_103272,0.544324
19,fp16,2,43,43,USA_217598,0.544084
19,fp16,2,44,44,Pakistan_211386,0.548714
19,fp16,2,45,45,India_324254,0.539004
19,fp16,2,46,46,Pakistan_65724,0.548205
19,fp16,2,47,47,Somalia_295782,0.549204
19,fp16,2,48,48,USA_354981,0.548374
19,fp16,2,49,49,USA_58086,0.549365
19,fp16,2,50,50,Ghana_154838,0.560575
19,fp16,2,51,51,USA_170264,0.553495
19,fp16,2,52,52,Paraguay_1029042,0.538234
19,fp16,2,53,53,Spain_8154154,0.544405
19,fp16,2,54,54,Pakistan_246718,0.541425
19,fp16,2,55,55,USA_1068362,0.543925
19,fp16,2,56,56,Ghana_45911,0.556075
19,fp16,2,57,57,Mekong_846007,0.546994
19,fp16,2,58,58,Paraguay_482517,0.553465
19,fp16,2,59,59,India_179238,0.542214
19,fp16,2,60,60,India_534470,0.550554
19,fp16,2,61,61,Somalia_93023,0.556115
19,fp16,2,62,62,Ghana_8090,0.559345
19,fp16,2,63,63,Sri-Lanka_52223,0.539794
19,int8,0,0,0,Spain_7786924,0.828037
19,int8,0,1,1,Paraguay_36015,0.806466
19,int8,0,2,2,Paraguay_191503,0.812386
19,int8,0,3,3,USA_224165,0.805146
19,int8,0,4,4,Sri-Lanka_748447,0.830497
19,int8,0,5,5,Mekong_342411,0.862849
19,int8,0,6,6,India_56450,0.815726
19,int8,0,7,7,Ghana_147015,0.788065
19,int8,0,8,8,Mekong_52610,0.805176
19,int8,0,9,9,Somalia_205466,0.805876
19,int8,0,10,10,USA_438959,0.812826
19,int8,0,11,11,Paraguay_1056717,0.799896
19,int8,0,12,12,Paraguay_721886,0.862728
19,int8,0,13,13,Sri-Lanka_551926,0.805826
19,int8,0,14,14,Ghana_135389,0.802825
19,int8,0,15,15,Mekong_1395593,0.807756
19,int8,0,16,16,Nigeria_600295,0.802846
19,int8,0,17,17,India_979278,0.805586
19,int8,0,18,18,USA_806273,0.840308
19,int8,0,19,19,Ghana_144050,0.802135
19,int8,0,20,20,Paraguay_246154,0.806316
19,int8,0,21,21,Somalia_970508,0.810646
19,int8,0,22,22,USA_655230,0.855728
19,int8,0,23,23,Sri-Lanka_956740,0.808106
19,int8,0,24,24,Spain_2594119,0.809436
19,int8,0,25,25,India_773682,0.818847
19,int8,0,26,26,Paraguay_822142,0.805606
19,int8,0,27,27,India_91379,0.805016
19,int8,0,28,28,Paraguay_48673,0.857199
19,int8,0,29,29,USA_181503,0.872739
19,int8,0,30,30,India_652725,0.803446
19,int8,0,31,31,Paraguay_792268,0.808426
19,int8,0,32,32,Sri-Lanka_883641,0.805776
19,int8,0,33,33,USA_605492,0.831377
19,int8,0,34,34,India_287642,0.809916
19,int8,0,35,35,Sri-Lanka_847275,0.810556
19,int8,0,36,36,Spain_2523247,0.803736
19,int8,0,37,37,Paraguay_212687,0.834087
19,int8,0,38,38,Sri-Lanka_249079,0.808126
19,int8,0,39,39,Nigeria_143329,0.811186
19,int8,0,40,40,India_747970,0.819326
19,int8,0,41,41,Ghana_128663,0.805696
19,int8,0,42,42,Ghana_103272,0.820707
19,int8,0,43,43,USA_217598,0.810596
19,int8,0,44,44,Pakistan_211386,0.810326
19,int8,0,45,45,India_324254,0.821947
19,int8,0,46,46,Pakistan_65724,0.812187
19,int8,0,47,47,Somalia_295782,0.878479
19,int8,0,48,48,USA_354981,0.924471
19,int8,0,49,49,USA_58086,0.826047
19,int8,0,50,50,Ghana_154838,0.864108
19,int8,0,51,51,USA_170264,0.870449
19,int8,0,52,52,Paraguay_1029042,0.811636
19,int8,0,53,53,Spain_8154154,0.814806
19,int8,0,54,54,Pakistan_246718,0.818536
19,int8,0,55,55,USA_1068362,0.845288
19,int8,0,56,56,Ghana_45911,0.815626
19,int8,0,57,57,Mekong_846007,0.809136
19,int8,0,58,58,Paraguay_482517,0.808646
19,int8,0,59,59,India_179238,0.804246
19,int8,0,60,60,India_534470,0.858208
19,int8,0,61,61,Somalia_93023,0.809606
19,int8,0,62,62,Ghana_8090,0.809666
19,int8,0,63,63,Sri-Lanka_52223,0.807086
19,int8,1,0,63,Sri-Lanka_52223,0.862179
19,int8,1,1,62,Ghana_8090,0.809017
19,int8,1,2,61,Somalia_93023,0.807726
19,int8,1,3,60,India_534470,0.805446
19,int8,1,4,59,India_179238,0.807976
19,int8,1,5,58,Paraguay_482517,0.807656
19,int8,1,6,57,Mekong_846007,0.816426
19,int8,1,7,56,Ghana_45911,0.816117
19,int8,1,8,55,USA_1068362,0.807536
19,int8,1,9,54,Pakistan_246718,0.812606
19,int8,1,10,53,Spain_8154154,0.833067
19,int8,1,11,52,Paraguay_1029042,0.810576
19,int8,1,12,51,USA_170264,0.814366
19,int8,1,13,50,Ghana_154838,0.811837
19,int8,1,14,49,USA_58086,0.824547
19,int8,1,15,48,USA_354981,0.809546
19,int8,1,16,47,Somalia_295782,0.811406
19,int8,1,17,46,Pakistan_65724,0.814297
19,int8,1,18,45,India_324254,0.822557
19,int8,1,19,44,Pakistan_211386,0.822347
19,int8,1,20,43,USA_217598,0.808106
19,int8,1,21,42,Ghana_103272,0.815436
19,int8,1,22,41,Ghana_128663,0.819056
19,int8,1,23,40,India_747970,0.813546
19,int8,1,24,39,Nigeria_143329,0.812437
19,int8,1,25,38,Sri-Lanka_249079,0.814047
19,int8,1,26,37,Paraguay_212687,0.814876
19,int8,1,27,36,Spain_2523247,0.815236
19,int8,1,28,35,Sri-Lanka_847275,0.810736
19,int8,1,29,34,India_287642,0.810887
19,int8,1,30,33,USA_605492,0.815557
19,int8,1,31,32,Sri-Lanka_883641,0.812726
19,int8,1,32,31,Paraguay_792268,0.814046
19,int8,1,33,30,India_652725,0.850598
19,int8,1,34,29,USA_181503,0.809246
19,int8,1,35,28,Paraguay_48673,0.814366
19,int8,1,36,27,India_91379,0.807496
19,int8,1,37,26,Paraguay_822142,0.807696
19,int8,1,38,25,India_773682,0.814836
19,int8,1,39,24,Spain_2594119,0.879699
19,int8,1,40,23,Sri-Lanka_956740,0.815146
19,int8,1,41,22,USA_655230,0.812406
19,int8,1,42,21,Somalia_970508,0.856338
19,int8,1,43,20,Paraguay_246154,0.826047
19,int8,1,44,19,Ghana_144050,0.817686
19,int8,1,45,18,USA_806273,0.794976
19,int8,1,46,17,India_979278,0.864658
19,int8,1,47,16,Nigeria_600295,0.836138
19,int8,1,48,15,Mekong_1395593,0.810577
19,int8,1,49,14,Ghana_135389,0.864689
19,int8,1,50,13,Sri-Lanka_551926,0.812806
19,int8,1,51,12,Paraguay_721886,0.830377
19,int8,1,52,11,Paraguay_1056717,0.814026
19,int8,1,53,10,USA_438959,0.816196
19,int8,1,54,9,Somalia_205466,0.863709
19,int8,1,55,8,Mekong_52610,3.278447
19,int8,1,56,7,Ghana_147015,1.015805
19,int8,1,57,6,India_56450,0.879
19,int8,1,58,5,Mekong_342411,0.935222
19,int8,1,59,4,Sri-Lanka_748447,0.842397
19,int8,1,60,3,USA_224165,0.845938
19,int8,1,61,2,Paraguay_191503,0.925201
19,int8,1,62,1,Paraguay_36015,0.844108
19,int8,1,63,0,Spain_7786924,0.840678
19,int8,2,0,0,Spain_7786924,0.855778
19,int8,2,1,1,Paraguay_36015,0.817246
19,int8,2,2,2,Paraguay_191503,0.836637
19,int8,2,3,3,USA_224165,0.826607
19,int8,2,4,4,Sri-Lanka_748447,0.826347
19,int8,2,5,5,Mekong_342411,0.832387
19,int8,2,6,6,India_56450,0.827847
19,int8,2,7,7,Ghana_147015,0.823556
19,int8,2,8,8,Mekong_52610,0.824677
19,int8,2,9,9,Somalia_205466,0.909941
19,int8,2,10,10,USA_438959,0.817116
19,int8,2,11,11,Paraguay_1056717,0.822237
19,int8,2,12,12,Paraguay_721886,0.825937
19,int8,2,13,13,Sri-Lanka_551926,0.824937
19,int8,2,14,14,Ghana_135389,0.818897
19,int8,2,15,15,Mekong_1395593,0.823346
19,int8,2,16,16,Nigeria_600295,0.90043
19,int8,2,17,17,India_979278,0.815177
19,int8,2,18,18,USA_806273,0.819157
19,int8,2,19,19,Ghana_144050,0.817276
19,int8,2,20,20,Paraguay_246154,0.846228
19,int8,2,21,21,Somalia_970508,0.799816
19,int8,2,22,22,USA_655230,0.826097
19,int8,2,23,23,Sri-Lanka_956740,0.792275
19,int8,2,24,24,Spain_2594119,0.811976
19,int8,2,25,25,India_773682,0.813517
19,int8,2,26,26,Paraguay_822142,0.809446
19,int8,2,27,27,India_91379,0.813056
19,int8,2,28,28,Paraguay_48673,0.815086
19,int8,2,29,29,USA_181503,0.89849
19,int8,2,30,30,India_652725,0.817297
19,int8,2,31,31,Paraguay_792268,0.812816
19,int8,2,32,32,Sri-Lanka_883641,0.810436
19,int8,2,33,33,USA_605492,0.836537
19,int8,2,34,34,India_287642,0.807546
19,int8,2,35,35,Sri-Lanka_847275,0.818676
19,int8,2,36,36,Spain_2523247,0.812546
19,int8,2,37,37,Paraguay_212687,0.831957
19,int8,2,38,38,Sri-Lanka_249079,0.810866
19,int8,2,39,39,Nigeria_143329,0.811816
19,int8,2,40,40,India_747970,0.812376
19,int8,2,41,41,Ghana_128663,0.824577
19,int8,2,42,42,Ghana_103272,0.816947
19,int8,2,43,43,USA_217598,0.870249
19,int8,2,44,44,Pakistan_211386,0.815407
19,int8,2,45,45,India_324254,0.837677
19,int8,2,46,46,Pakistan_65724,0.865268
19,int8,2,47,47,Somalia_295782,0.816207
19,int8,2,48,48,USA_354981,0.811796
19,int8,2,49,49,USA_58086,0.833207
19,int8,2,50,50,Ghana_154838,0.810586
19,int8,2,51,51,USA_170264,0.813806
19,int8,2,52,52,Paraguay_1029042,0.812846
19,int8,2,53,53,Spain_8154154,0.822877
19,int8,2,54,54,Pakistan_246718,0.864508
19,int8,2,55,55,USA_1068362,0.816007
19,int8,2,56,56,Ghana_45911,0.806926
19,int8,2,57,57,Mekong_846007,0.819227
19,int8,2,58,58,Paraguay_482517,0.810117
19,int8,2,59,59,India_179238,0.817987
19,int8,2,60,60,India_534470,0.808506
19,int8,2,61,61,Somalia_93023,0.833607
19,int8,2,62,62,Ghana_8090,0.816127
19,int8,2,63,63,Sri-Lanka_52223,0.813607
20,int8,0,0,0,Spain_7786924,0.819807
20,int8,0,1,1,Paraguay_36015,0.90104
20,int8,0,2,2,Paraguay_191503,0.816696
20,int8,0,3,3,USA_224165,0.869859
20,int8,0,4,4,Sri-Lanka_748447,0.851608
20,int8,0,5,5,Mekong_342411,0.804076
20,int8,0,6,6,India_56450,0.806816
20,int8,0,7,7,Ghana_147015,0.857829
20,int8,0,8,8,Mekong_52610,0.803686
20,int8,0,9,9,Somalia_205466,0.806296
20,int8,0,10,10,USA_438959,0.800706
20,int8,0,11,11,Paraguay_1056717,0.880339
20,int8,0,12,12,Paraguay_721886,0.807676
20,int8,0,13,13,Sri-Lanka_551926,0.800606
20,int8,0,14,14,Ghana_135389,0.801246
20,int8,0,15,15,Mekong_1395593,0.796996
20,int8,0,16,16,Nigeria_600295,0.817547
20,int8,0,17,17,India_979278,0.793526
20,int8,0,18,18,USA_806273,0.800126
20,int8,0,19,19,Ghana_144050,0.799926
20,int8,0,20,20,Paraguay_246154,0.819566
20,int8,0,21,21,Somalia_970508,0.799686
20,int8,0,22,22,USA_655230,0.801026
20,int8,0,23,23,Sri-Lanka_956740,0.798055
20,int8,0,24,24,Spain_2594119,0.826097
20,int8,0,25,25,India_773682,0.805606
20,int8,0,26,26,Paraguay_822142,0.797595
20,int8,0,27,27,India_91379,0.815146
20,int8,0,28,28,Paraguay_48673,0.836448
20,int8,0,29,29,USA_181503,0.924752
20,int8,0,30,30,India_652725,0.796516
20,int8,0,31,31,Paraguay_792268,0.796015
20,int8,0,32,32,Sri-Lanka_883641,0.798366
20,int8,0,33,33,USA_605492,0.794866
20,int8,0,34,34,India_287642,0.802366
20,int8,0,35,35,Sri-Lanka_847275,0.795816
20,int8,0,36,36,Spain_2523247,0.800996
20,int8,0,37,37,Paraguay_212687,0.801886
20,int8,0,38,38,Sri-Lanka_249079,0.852268
20,int8,0,39,39,Nigeria_143329,0.795826
20,int8,0,40,40,India_747970,0.798215
20,int8,0,41,41,Ghana_128663,0.855178
20,int8,0,42,42,Ghana_103272,0.847968
20,int8,0,43,43,USA_217598,0.798556
20,int8,0,44,44,Pakistan_211386,0.799796
20,int8,0,45,45,India_324254,0.857938
20,int8,0,46,46,Pakistan_65724,0.795055
20,int8,0,47,47,Somalia_295782,0.850538
20,int8,0,48,48,USA_354981,0.793096
20,int8,0,49,49,USA_58086,0.808347
20,int8,0,50,50,Ghana_154838,0.795976
20,int8,0,51,51,USA_170264,0.854048
20,int8,0,52,52,Paraguay_1029042,0.797775
20,int8,0,53,53,Spain_8154154,0.828747
20,int8,0,54,54,Pakistan_246718,0.801946
20,int8,0,55,55,USA_1068362,0.847348
20,int8,0,56,56,Ghana_45911,0.802106
20,int8,0,57,57,Mekong_846007,0.812676
20,int8,0,58,58,Paraguay_482517,0.802626
20,int8,0,59,59,India_179238,0.799045
20,int8,0,60,60,India_534470,0.799866
20,int8,0,61,61,Somalia_93023,0.879709
20,int8,0,62,62,Ghana_8090,0.850438
20,int8,0,63,63,Sri-Lanka_52223,0.845008
20,int8,1,0,63,Sri-Lanka_52223,0.798756
20,int8,1,1,62,Ghana_8090,0.848998
20,int8,1,2,61,Somalia_93023,0.800646
20,int8,1,3,60,India_534470,0.798865
20,int8,1,4,59,India_179238,0.807396
20,int8,1,5,58,Paraguay_482517,0.797796
20,int8,1,6,57,Mekong_846007,0.807707
20,int8,1,7,56,Ghana_45911,0.798956
20,int8,1,8,55,USA_1068362,0.809706
20,int8,1,9,54,Pakistan_246718,0.807376
20,int8,1,10,53,Spain_8154154,0.799135
20,int8,1,11,52,Paraguay_1029042,0.808016
20,int8,1,12,51,USA_170264,0.781865
20,int8,1,13,50,Ghana_154838,0.795735
20,int8,1,14,49,USA_58086,0.850179
20,int8,1,15,48,USA_354981,0.796956
20,int8,1,16,47,Somalia_295782,0.797066
20,int8,1,17,46,Pakistan_65724,0.798426
20,int8,1,18,45,India_324254,0.810626
20,int8,1,19,44,Pakistan_211386,0.795916
20,int8,1,20,43,USA_217598,0.796036
20,int8,1,21,42,Ghana_103272,0.848348
20,int8,1,22,41,Ghana_128663,0.865609
20,int8,1,23,40,India_747970,0.798005
20,int8,1,24,39,Nigeria_143329,0.850798
20,int8,1,25,38,Sri-Lanka_249079,0.803046
20,int8,1,26,37,Paraguay_212687,0.824967
20,int8,1,27,36,Spain_2523247,0.797025
20,int8,1,28,35,Sri-Lanka_847275,0.802486
20,int8,1,29,34,India_287642,0.799546
20,int8,1,30,33,USA_605492,0.825356
20,int8,1,31,32,Sri-Lanka_883641,0.851078
20,int8,1,32,31,Paraguay_792268,0.846028
20,int8,1,33,30,India_652725,0.803906
20,int8,1,34,29,USA_181503,0.803976
20,int8,1,35,28,Paraguay_48673,0.802046
20,int8,1,36,27,India_91379,0.802536
20,int8,1,37,26,Paraguay_822142,0.810027
20,int8,1,38,25,India_773682,0.800636
20,int8,1,39,24,Spain_2594119,0.861948
20,int8,1,40,23,Sri-Lanka_956740,0.796246
20,int8,1,41,22,USA_655230,0.797946
20,int8,1,42,21,Somalia_970508,0.795195
20,int8,1,43,20,Paraguay_246154,0.804046
20,int8,1,44,19,Ghana_144050,0.798595
20,int8,1,45,18,USA_806273,0.834137
20,int8,1,46,17,India_979278,0.796096
20,int8,1,47,16,Nigeria_600295,0.832927
20,int8,1,48,15,Mekong_1395593,0.797875
20,int8,1,49,14,Ghana_135389,0.797276
20,int8,1,50,13,Sri-Lanka_551926,0.852538
20,int8,1,51,12,Paraguay_721886,0.810427
20,int8,1,52,11,Paraguay_1056717,0.798856
20,int8,1,53,10,USA_438959,0.852608
20,int8,1,54,9,Somalia_205466,0.849288
20,int8,1,55,8,Mekong_52610,0.824147
20,int8,1,56,7,Ghana_147015,0.799306
20,int8,1,57,6,India_56450,0.801786
20,int8,1,58,5,Mekong_342411,0.793296
20,int8,1,59,4,Sri-Lanka_748447,0.825257
20,int8,1,60,3,USA_224165,0.783065
20,int8,1,61,2,Paraguay_191503,0.853448
20,int8,1,62,1,Paraguay_36015,0.848908
20,int8,1,63,0,Spain_7786924,0.857998
20,int8,2,0,0,Spain_7786924,0.851278
20,int8,2,1,1,Paraguay_36015,0.790055
20,int8,2,2,2,Paraguay_191503,0.850048
20,int8,2,3,3,USA_224165,0.824617
20,int8,2,4,4,Sri-Lanka_748447,0.795166
20,int8,2,5,5,Mekong_342411,0.807136
20,int8,2,6,6,India_56450,0.794905
20,int8,2,7,7,Ghana_147015,0.807856
20,int8,2,8,8,Mekong_52610,0.853118
20,int8,2,9,9,Somalia_205466,0.806906
20,int8,2,10,10,USA_438959,0.792265
20,int8,2,11,11,Paraguay_1056717,0.807746
20,int8,2,12,12,Paraguay_721886,0.846468
20,int8,2,13,13,Sri-Lanka_551926,0.796315
20,int8,2,14,14,Ghana_135389,0.795206
20,int8,2,15,15,Mekong_1395593,0.793726
20,int8,2,16,16,Nigeria_600295,0.872769
20,int8,2,17,17,India_979278,0.802205
20,int8,2,18,18,USA_806273,0.797716
20,int8,2,19,19,Ghana_144050,0.797186
20,int8,2,20,20,Paraguay_246154,0.809136
20,int8,2,21,21,Somalia_970508,0.833657
20,int8,2,22,22,USA_655230,0.846318
20,int8,2,23,23,Sri-Lanka_956740,0.794605
20,int8,2,24,24,Spain_2594119,0.806896
20,int8,2,25,25,India_773682,0.802966
20,int8,2,26,26,Paraguay_822142,0.796105
20,int8,2,27,27,India_91379,0.797216
20,int8,2,28,28,Paraguay_48673,0.826036
20,int8,2,29,29,USA_181503,0.800526
20,int8,2,30,30,India_652725,0.798955
20,int8,2,31,31,Paraguay_792268,0.802286
20,int8,2,32,32,Sri-Lanka_883641,0.799306
20,int8,2,33,33,USA_605492,0.808707
20,int8,2,34,34,India_287642,0.847148
20,int8,2,35,35,Sri-Lanka_847275,0.805896
20,int8,2,36,36,Spain_2523247,0.808916
20,int8,2,37,37,Paraguay_212687,0.801106
20,int8,2,38,38,Sri-Lanka_249079,0.806127
20,int8,2,39,39,Nigeria_143329,0.847668
20,int8,2,40,40,India_747970,0.815836
20,int8,2,41,41,Ghana_128663,0.798666
20,int8,2,42,42,Ghana_103272,0.797186
20,int8,2,43,43,USA_217598,0.808796
20,int8,2,44,44,Pakistan_211386,0.830717
20,int8,2,45,45,India_324254,0.783385
20,int8,2,46,46,Pakistan_65724,0.793655
20,int8,2,47,47,Somalia_295782,0.796545
20,int8,2,48,48,USA_354981,0.796516
20,int8,2,49,49,USA_58086,0.834018
20,int8,2,50,50,Ghana_154838,0.795136
20,int8,2,51,51,USA_170264,0.798065
20,int8,2,52,52,Paraguay_1029042,0.855748
20,int8,2,53,53,Spain_8154154,0.813607
20,int8,2,54,54,Pakistan_246718,0.799195
20,int8,2,55,55,USA_1068362,0.803826
20,int8,2,56,56,Ghana_45911,0.801786
20,int8,2,57,57,Mekong_846007,0.814846
20,int8,2,58,58,Paraguay_482517,0.797026
20,int8,2,59,59,India_179238,0.798466
20,int8,2,60,60,India_534470,0.809956
20,int8,2,61,61,Somalia_93023,0.812296
20,int8,2,62,62,Ghana_8090,0.809996
20,int8,2,63,63,Sri-Lanka_52223,0.808116
20,fp16,0,0,0,Spain_7786924,0.560665
20,fp16,0,1,1,Paraguay_36015,0.849178
20,fp16,0,2,2,Paraguay_191503,0.571386
20,fp16,0,3,3,USA_224165,0.564815
20,fp16,0,4,4,Sri-Lanka_748447,0.579716
20,fp16,0,5,5,Mekong_342411,0.568136
20,fp16,0,6,6,India_56450,0.578425
20,fp16,0,7,7,Ghana_147015,0.571906
20,fp16,0,8,8,Mekong_52610,0.551984
20,fp16,0,9,9,Somalia_205466,0.573976
20,fp16,0,10,10,USA_438959,0.582046
20,fp16,0,11,11,Paraguay_1056717,0.565235
20,fp16,0,12,12,Paraguay_721886,0.555085
20,fp16,0,13,13,Sri-Lanka_551926,0.564865
20,fp16,0,14,14,Ghana_135389,0.567025
20,fp16,0,15,15,Mekong_1395593,0.567316
20,fp16,0,16,16,Nigeria_600295,0.561995
20,fp16,0,17,17,India_979278,0.556244
20,fp16,0,18,18,USA_806273,0.561305
20,fp16,0,19,19,Ghana_144050,0.560115
20,fp16,0,20,20,Paraguay_246154,0.589526
20,fp16,0,21,21,Somalia_970508,0.566565
20,fp16,0,22,22,USA_655230,0.564186
20,fp16,0,23,23,Sri-Lanka_956740,0.560145
20,fp16,0,24,24,Spain_2594119,0.566915
20,fp16,0,25,25,India_773682,0.563025
20,fp16,0,26,26,Paraguay_822142,0.568435
20,fp16,0,27,27,India_91379,0.574986
20,fp16,0,28,28,Paraguay_48673,0.571396
20,fp16,0,29,29,USA_181503,0.549995
20,fp16,0,30,30,India_652725,0.562815
20,fp16,0,31,31,Paraguay_792268,0.569606
20,fp16,0,32,32,Sri-Lanka_883641,0.553304
20,fp16,0,33,33,USA_605492,0.585026
20,fp16,0,34,34,India_287642,0.565895
20,fp16,0,35,35,Sri-Lanka_847275,0.550335
20,fp16,0,36,36,Spain_2523247,0.563855
20,fp16,0,37,37,Paraguay_212687,0.575816
20,fp16,0,38,38,Sri-Lanka_249079,0.564946
20,fp16,0,39,39,Nigeria_143329,0.566286
20,fp16,0,40,40,India_747970,0.564006
20,fp16,0,41,41,Ghana_128663,0.565846
20,fp16,0,42,42,Ghana_103272,0.558275
20,fp16,0,43,43,USA_217598,0.560405
20,fp16,0,44,44,Pakistan_211386,0.582246
20,fp16,0,45,45,India_324254,0.571495
20,fp16,0,46,46,Pakistan_65724,0.556125
20,fp16,0,47,47,Somalia_295782,0.559445
20,fp16,0,48,48,USA_354981,0.556565
20,fp16,0,49,49,USA_58086,0.561195
20,fp16,0,50,50,Ghana_154838,0.565535
20,fp16,0,51,51,USA_170264,0.556145
20,fp16,0,52,52,Paraguay_1029042,0.570025
20,fp16,0,53,53,Spain_8154154,0.555925
20,fp16,0,54,54,Pakistan_246718,0.561995
20,fp16,0,55,55,USA_1068362,0.566485
20,fp16,0,56,56,Ghana_45911,0.559315
20,fp16,0,57,57,Mekong_846007,0.563715
20,fp16,0,58,58,Paraguay_482517,0.551945
20,fp16,0,59,59,India_179238,0.575405
20,fp16,0,60,60,India_534470,0.568616
20,fp16,0,61,61,Somalia_93023,0.583106
20,fp16,0,62,62,Ghana_8090,0.562195
20,fp16,0,63,63,Sri-Lanka_52223,0.558265
20,fp16,1,0,63,Sri-Lanka_52223,0.557925
20,fp16,1,1,62,Ghana_8090,0.555535
20,fp16,1,2,61,Somalia_93023,0.570655
20,fp16,1,3,60,India_534470,0.566626
20,fp16,1,4,59,India_179238,0.560395
20,fp16,1,5,58,Paraguay_482517,0.567355
20,fp16,1,6,57,Mekong_846007,0.560065
20,fp16,1,7,56,Ghana_45911,0.558995
20,fp16,1,8,55,USA_1068362,0.571536
20,fp16,1,9,54,Pakistan_246718,0.572895
20,fp16,1,10,53,Spain_8154154,0.555625
20,fp16,1,11,52,Paraguay_1029042,0.561305
20,fp16,1,12,51,USA_170264,0.575246
20,fp16,1,13,50,Ghana_154838,0.577875
20,fp16,1,14,49,USA_58086,0.550745
20,fp16,1,15,48,USA_354981,0.552025
20,fp16,1,16,47,Somalia_295782,0.572825
20,fp16,1,17,46,Pakistan_65724,0.566245
20,fp16,1,18,45,India_324254,0.554915
20,fp16,1,19,44,Pakistan_211386,0.566595
20,fp16,1,20,43,USA_217598,0.584306
20,fp16,1,21,42,Ghana_103272,0.569125
20,fp16,1,22,41,Ghana_128663,0.566456
20,fp16,1,23,40,India_747970,0.570066
20,fp16,1,24,39,Nigeria_143329,0.573075
20,fp16,1,25,38,Sri-Lanka_249079,0.563295
20,fp16,1,26,37,Paraguay_212687,0.561276
20,fp16,1,27,36,Spain_2523247,0.570746
20,fp16,1,28,35,Sri-Lanka_847275,0.624788
20,fp16,1,29,34,India_287642,0.554644
20,fp16,1,30,33,USA_605492,0.565925
20,fp16,1,31,32,Sri-Lanka_883641,0.561205
20,fp16,1,32,31,Paraguay_792268,0.567236
20,fp16,1,33,30,India_652725,0.551235
20,fp16,1,34,29,USA_181503,0.574715
20,fp16,1,35,28,Paraguay_48673,0.559545
20,fp16,1,36,27,India_91379,0.563075
20,fp16,1,37,26,Paraguay_822142,0.568425
20,fp16,1,38,25,India_773682,0.559405
20,fp16,1,39,24,Spain_2594119,0.562175
20,fp16,1,40,23,Sri-Lanka_956740,0.556855
20,fp16,1,41,22,USA_655230,0.579106
20,fp16,1,42,21,Somalia_970508,0.550684
20,fp16,1,43,20,Paraguay_246154,0.567915
20,fp16,1,44,19,Ghana_144050,0.571276
20,fp16,1,45,18,USA_806273,0.563705
20,fp16,1,46,17,India_979278,0.559165
20,fp16,1,47,16,Nigeria_600295,0.586046
20,fp16,1,48,15,Mekong_1395593,0.573195
20,fp16,1,49,14,Ghana_135389,0.555475
20,fp16,1,50,13,Sri-Lanka_551926,0.557405
20,fp16,1,51,12,Paraguay_721886,0.570375
20,fp16,1,52,11,Paraguay_1056717,0.562715
20,fp16,1,53,10,USA_438959,0.556195
20,fp16,1,54,9,Somalia_205466,0.553515
20,fp16,1,55,8,Mekong_52610,0.563375
20,fp16,1,56,7,Ghana_147015,0.565216
20,fp16,1,57,6,India_56450,0.564166
20,fp16,1,58,5,Mekong_342411,0.599466
20,fp16,1,59,4,Sri-Lanka_748447,0.558465
20,fp16,1,60,3,USA_224165,0.552614
20,fp16,1,61,2,Paraguay_191503,0.567466
20,fp16,1,62,1,Paraguay_36015,0.566546
20,fp16,1,63,0,Spain_7786924,0.564455
20,fp16,2,0,0,Spain_7786924,0.558085
20,fp16,2,1,1,Paraguay_36015,0.554505
20,fp16,2,2,2,Paraguay_191503,0.568485
20,fp16,2,3,3,USA_224165,0.559105
20,fp16,2,4,4,Sri-Lanka_748447,0.557915
20,fp16,2,5,5,Mekong_342411,0.557195
20,fp16,2,6,6,India_56450,0.568945
20,fp16,2,7,7,Ghana_147015,0.553565
20,fp16,2,8,8,Mekong_52610,0.575265
20,fp16,2,9,9,Somalia_205466,0.581436
20,fp16,2,10,10,USA_438959,0.561455
20,fp16,2,11,11,Paraguay_1056717,0.570835
20,fp16,2,12,12,Paraguay_721886,0.558085
20,fp16,2,13,13,Sri-Lanka_551926,0.561115
20,fp16,2,14,14,Ghana_135389,0.559485
20,fp16,2,15,15,Mekong_1395593,0.556345
20,fp16,2,16,16,Nigeria_600295,0.570126
20,fp16,2,17,17,India_979278,0.556854
20,fp16,2,18,18,USA_806273,0.560385
20,fp16,2,19,19,Ghana_144050,0.573025
20,fp16,2,20,20,Paraguay_246154,0.555315
20,fp16,2,21,21,Somalia_970508,0.542035
20,fp16,2,22,22,USA_655230,0.581656
20,fp16,2,23,23,Sri-Lanka_956740,0.574966
20,fp16,2,24,24,Spain_2594119,0.558165
20,fp16,2,25,25,India_773682,0.565516
20,fp16,2,26,26,Paraguay_822142,0.563745
20,fp16,2,27,27,India_91379,0.568925
20,fp16,2,28,28,Paraguay_48673,0.557165
20,fp16,2,29,29,USA_181503,0.553465
20,fp16,2,30,30,India_652725,0.568936
20,fp16,2,31,31,Paraguay_792268,0.552035
20,fp16,2,32,32,Sri-Lanka_883641,0.574015
20,fp16,2,33,33,USA_605492,0.576146
20,fp16,2,34,34,India_287642,0.564365
20,fp16,2,35,35,Sri-Lanka_847275,0.563415
20,fp16,2,36,36,Spain_2523247,0.544244
20,fp16,2,37,37,Paraguay_212687,0.565915
20,fp16,2,38,38,Sri-Lanka_249079,0.562915
20,fp16,2,39,39,Nigeria_143329,0.561205
20,fp16,2,40,40,India_747970,0.563955
20,fp16,2,41,41,Ghana_128663,0.565655
20,fp16,2,42,42,Ghana_103272,0.548814
20,fp16,2,43,43,USA_217598,0.565375
20,fp16,2,44,44,Pakistan_211386,0.576066
20,fp16,2,45,45,India_324254,0.553875
20,fp16,2,46,46,Pakistan_65724,0.556494
20,fp16,2,47,47,Somalia_295782,0.575086
20,fp16,2,48,48,USA_354981,0.564545
20,fp16,2,49,49,USA_58086,0.561925
20,fp16,2,50,50,Ghana_154838,0.592517
20,fp16,2,51,51,USA_170264,0.566875
20,fp16,2,52,52,Paraguay_1029042,0.560695
20,fp16,2,53,53,Spain_8154154,0.566586
20,fp16,2,54,54,Pakistan_246718,0.555404
20,fp16,2,55,55,USA_1068362,0.573166
20,fp16,2,56,56,Ghana_45911,0.562865
20,fp16,2,57,57,Mekong_846007,0.559165
20,fp16,2,58,58,Paraguay_482517,0.570025
20,fp16,2,59,59,India_179238,0.567025
20,fp16,2,60,60,India_534470,0.559205
20,fp16,2,61,61,Somalia_93023,0.607117
20,fp16,2,62,62,Ghana_8090,0.545915
20,fp16,2,63,63,Sri-Lanka_52223,0.558255
21,fp16,0,0,0,Spain_7786924,0.579526
21,fp16,0,1,1,Paraguay_36015,1.003665
21,fp16,0,2,2,Paraguay_191503,0.611928
21,fp16,0,3,3,USA_224165,0.591086
21,fp16,0,4,4,Sri-Lanka_748447,0.588497
21,fp16,0,5,5,Mekong_342411,0.594646
21,fp16,0,6,6,India_56450,0.576616
21,fp16,0,7,7,Ghana_147015,0.581296
21,fp16,0,8,8,Mekong_52610,0.617128
21,fp16,0,9,9,Somalia_205466,0.582666
21,fp16,0,10,10,USA_438959,0.574036
21,fp16,0,11,11,Paraguay_1056717,0.574716
21,fp16,0,12,12,Paraguay_721886,0.600036
21,fp16,0,13,13,Sri-Lanka_551926,0.572756
21,fp16,0,14,14,Ghana_135389,0.574826
21,fp16,0,15,15,Mekong_1395593,0.568035
21,fp16,0,16,16,Nigeria_600295,0.563216
21,fp16,0,17,17,India_979278,0.565685
21,fp16,0,18,18,USA_806273,0.578696
21,fp16,0,19,19,Ghana_144050,0.615287
21,fp16,0,20,20,Paraguay_246154,0.601386
21,fp16,0,21,21,Somalia_970508,0.613368
21,fp16,0,22,22,USA_655230,0.560495
21,fp16,0,23,23,Sri-Lanka_956740,0.560095
21,fp16,0,24,24,Spain_2594119,0.574875
21,fp16,0,25,25,India_773682,0.557745
21,fp16,0,26,26,Paraguay_822142,0.566315
21,fp16,0,27,27,India_91379,0.570326
21,fp16,0,28,28,Paraguay_48673,0.582386
21,fp16,0,29,29,USA_181503,0.595296
21,fp16,0,30,30,India_652725,0.600137
21,fp16,0,31,31,Paraguay_792268,0.578156
21,fp16,0,32,32,Sri-Lanka_883641,0.569595
21,fp16,0,33,33,USA_605492,0.587306
21,fp16,0,34,34,India_287642,0.587686
21,fp16,0,35,35,Sri-Lanka_847275,0.595547
21,fp16,0,36,36,Spain_2523247,0.588696
21,fp16,0,37,37,Paraguay_212687,0.572935
21,fp16,0,38,38,Sri-Lanka_249079,0.574575
21,fp16,0,39,39,Nigeria_143329,0.595556
21,fp16,0,40,40,India_747970,0.600117
21,fp16,0,41,41,Ghana_128663,0.570755
21,fp16,0,42,42,Ghana_103272,0.595397
21,fp16,0,43,43,USA_217598,0.584736
21,fp16,0,44,44,Pakistan_211386,0.578986
21,fp16,0,45,45,India_324254,0.571305
21,fp16,0,46,46,Pakistan_65724,0.589047
21,fp16,0,47,47,Somalia_295782,0.593726
21,fp16,0,48,48,USA_354981,0.581606
21,fp16,0,49,49,USA_58086,0.573436
21,fp16,0,50,50,Ghana_154838,0.558995
21,fp16,0,51,51,USA_170264,0.586096
21,fp16,0,52,52,Paraguay_1029042,0.569295
21,fp16,0,53,53,Spain_8154154,0.571855
21,fp16,0,54,54,Pakistan_246718,0.577696
21,fp16,0,55,55,USA_1068362,0.578136
21,fp16,0,56,56,Ghana_45911,0.574346
21,fp16,0,57,57,Mekong_846007,0.597397
21,fp16,0,58,58,Paraguay_482517,0.589906
21,fp16,0,59,59,India_179238,0.591807
21,fp16,0,60,60,India_534470,0.590966
21,fp16,0,61,61,Somalia_93023,0.566875
21,fp16,0,62,62,Ghana_8090,0.587466
21,fp16,0,63,63,Sri-Lanka_52223,0.576446
21,fp16,1,0,63,Sri-Lanka_52223,0.575395
21,fp16,1,1,62,Ghana_8090,0.601297
21,fp16,1,2,61,Somalia_93023,0.591947
21,fp16,1,3,60,India_534470,2.01956
21,fp16,1,4,59,India_179238,0.854008
21,fp16,1,5,58,Paraguay_482517,0.648769
21,fp16,1,6,57,Mekong_846007,0.678411
21,fp16,1,7,56,Ghana_45911,0.635888
21,fp16,1,8,55,USA_1068362,0.624258
21,fp16,1,9,54,Pakistan_246718,0.634959
21,fp16,1,10,53,Spain_8154154,0.627958
21,fp16,1,11,52,Paraguay_1029042,0.637818
21,fp16,1,12,51,USA_170264,0.630128
21,fp16,1,13,50,Ghana_154838,0.619898
21,fp16,1,14,49,USA_58086,0.583907
21,fp16,1,15,48,USA_354981,0.595926
21,fp16,1,16,47,Somalia_295782,0.623448
21,fp16,1,17,46,Pakistan_65724,0.615197
21,fp16,1,18,45,India_324254,0.588776
21,fp16,1,19,44,Pakistan_211386,0.584096
21,fp16,1,20,43,USA_217598,0.616667
21,fp16,1,21,42,Ghana_103272,0.587577
21,fp16,1,22,41,Ghana_128663,0.597447
21,fp16,1,23,40,India_747970,0.573736
21,fp16,1,24,39,Nigeria_143329,0.583446
21,fp16,1,25,38,Sri-Lanka_249079,0.578026
21,fp16,1,26,37,Paraguay_212687,0.559625
21,fp16,1,27,36,Spain_2523247,0.626838
21,fp16,1,28,35,Sri-Lanka_847275,0.600257
21,fp16,1,29,34,India_287642,0.597167
21,fp16,1,30,33,USA_605492,0.580736
21,fp16,1,31,32,Sri-Lanka_883641,0.562585
21,fp16,1,32,31,Paraguay_792268,0.580436
21,fp16,1,33,30,India_652725,0.584676
21,fp16,1,34,29,USA_181503,0.601056
21,fp16,1,35,28,Paraguay_48673,0.570405
21,fp16,1,36,27,India_91379,0.590556
21,fp16,1,37,26,Paraguay_822142,0.560095
21,fp16,1,38,25,India_773682,0.597607
21,fp16,1,39,24,Spain_2594119,0.580246
21,fp16,1,40,23,Sri-Lanka_956740,0.576996
21,fp16,1,41,22,USA_655230,0.592777
21,fp16,1,42,21,Somalia_970508,0.580516
21,fp16,1,43,20,Paraguay_246154,0.585936
21,fp16,1,44,19,Ghana_144050,0.591967
21,fp16,1,45,18,USA_806273,0.581316
21,fp16,1,46,17,India_979278,0.555245
21,fp16,1,47,16,Nigeria_600295,0.584737
21,fp16,1,48,15,Mekong_1395593,0.570775
21,fp16,1,49,14,Ghana_135389,0.589316
21,fp16,1,50,13,Sri-Lanka_551926,0.589096
21,fp16,1,51,12,Paraguay_721886,0.579936
21,fp16,1,52,11,Paraguay_1056717,0.580266
21,fp16,1,53,10,USA_438959,0.582066
21,fp16,1,54,9,Somalia_205466,0.587616
21,fp16,1,55,8,Mekong_52610,0.602897
21,fp16,1,56,7,Ghana_147015,0.571606
21,fp16,1,57,6,India_56450,0.571385
21,fp16,1,58,5,Mekong_342411,0.584316
21,fp16,1,59,4,Sri-Lanka_748447,0.591236
21,fp16,1,60,3,USA_224165,0.601427
21,fp16,1,61,2,Paraguay_191503,0.587196
21,fp16,1,62,1,Paraguay_36015,0.589557
21,fp16,1,63,0,Spain_7786924,0.590216
21,fp16,2,0,0,Spain_7786924,0.590827
21,fp16,2,1,1,Paraguay_36015,0.556705
21,fp16,2,2,2,Paraguay_191503,0.573626
21,fp16,2,3,3,USA_224165,0.574165
21,fp16,2,4,4,Sri-Lanka_748447,0.582576
21,fp16,2,5,5,Mekong_342411,0.568145
21,fp16,2,6,6,India_56450,0.563825
21,fp16,2,7,7,Ghana_147015,0.559705
21,fp16,2,8,8,Mekong_52610,0.585937
21,fp16,2,9,9,Somalia_205466,0.596026
21,fp16,2,10,10,USA_438959,0.583746
21,fp16,2,11,11,Paraguay_1056717,0.571446
21,fp16,2,12,12,Paraguay_721886,0.569325
21,fp16,2,13,13,Sri-Lanka_551926,0.558775
21,fp16,2,14,14,Ghana_135389,0.591097
21,fp16,2,15,15,Mekong_1395593,0.584816
21,fp16,2,16,16,Nigeria_600295,0.592366
21,fp16,2,17,17,India_979278,0.598466
21,fp16,2,18,18,USA_806273,0.589327
21,fp16,2,19,19,Ghana_144050,0.564815
21,fp16,2,20,20,Paraguay_246154,0.581426
21,fp16,2,21,21,Somalia_970508,0.567225
21,fp16,2,22,22,USA_655230,0.580016
21,fp16,2,23,23,Sri-Lanka_956740,0.560715
21,fp16,2,24,24,Spain_2594119,0.585976
21,fp16,2,25,25,India_773682,0.593616
21,fp16,2,26,26,Paraguay_822142,0.581716
21,fp16,2,27,27,India_91379,0.567286
21,fp16,2,28,28,Paraguay_48673,0.643869
21,fp16,2,29,29,USA_181503,0.593817
21,fp16,2,30,30,India_652725,0.580736
21,fp16,2,31,31,Paraguay_792268,0.562986
21,fp16,2,32,32,Sri-Lanka_883641,0.576876
21,fp16,2,33,33,USA_605492,0.591036
21,fp16,2,34,34,India_287642,0.587196
21,fp16,2,35,35,Sri-Lanka_847275,0.603837
21,fp16,2,36,36,Spain_2523247,0.592357
21,fp16,2,37,37,Paraguay_212687,0.576456
21,fp16,2,38,38,Sri-Lanka_249079,0.606317
21,fp16,2,39,39,Nigeria_143329,0.567926
21,fp16,2,40,40,India_747970,0.582286
21,fp16,2,41,41,Ghana_128663,0.600126
21,fp16,2,42,42,Ghana_103272,0.584456
21,fp16,2,43,43,USA_217598,0.571275
21,fp16,2,44,44,Pakistan_211386,0.624337
21,fp16,2,45,45,India_324254,0.608397
21,fp16,2,46,46,Pakistan_65724,0.582356
21,fp16,2,47,47,Somalia_295782,0.608587
21,fp16,2,48,48,USA_354981,0.587806
21,fp16,2,49,49,USA_58086,0.595077
21,fp16,2,50,50,Ghana_154838,0.619838
21,fp16,2,51,51,USA_170264,0.590536
21,fp16,2,52,52,Paraguay_1029042,0.588266
21,fp16,2,53,53,Spain_8154154,0.584617
21,fp16,2,54,54,Pakistan_246718,0.590057
21,fp16,2,55,55,USA_1068362,0.609107
21,fp16,2,56,56,Ghana_45911,0.579976
21,fp16,2,57,57,Mekong_846007,0.577676
21,fp16,2,58,58,Paraguay_482517,0.567326
21,fp16,2,59,59,India_179238,0.567526
21,fp16,2,60,60,India_534470,0.587986
21,fp16,2,61,61,Somalia_93023,0.597617
21,fp16,2,62,62,Ghana_8090,0.592776
21,fp16,2,63,63,Sri-Lanka_52223,0.592036
21,int8,0,0,0,Spain_7786924,0.954312
21,int8,0,1,1,Paraguay_36015,0.89312
21,int8,0,2,2,Paraguay_191503,0.880849
21,int8,0,3,3,USA_224165,0.841308
21,int8,0,4,4,Sri-Lanka_748447,0.904091
21,int8,0,5,5,Mekong_342411,0.863628
21,int8,0,6,6,India_56450,0.88722
21,int8,0,7,7,Ghana_147015,0.858768
21,int8,0,8,8,Mekong_52610,0.916001
21,int8,0,9,9,Somalia_205466,0.912711
21,int8,0,10,10,USA_438959,0.850968
21,int8,0,11,11,Paraguay_1056717,0.901391
21,int8,0,12,12,Paraguay_721886,0.881889
21,int8,0,13,13,Sri-Lanka_551926,0.839808
21,int8,0,14,14,Ghana_135389,0.850518
21,int8,0,15,15,Mekong_1395593,0.878779
21,int8,0,16,16,Nigeria_600295,0.867468
21,int8,0,17,17,India_979278,0.865269
21,int8,0,18,18,USA_806273,0.853718
21,int8,0,19,19,Ghana_144050,0.837077
21,int8,0,20,20,Paraguay_246154,0.855658
21,int8,0,21,21,Somalia_970508,0.91079
21,int8,0,22,22,USA_655230,0.853259
21,int8,0,23,23,Sri-Lanka_956740,0.847288
21,int8,0,24,24,Spain_2594119,0.90763
21,int8,0,25,25,India_773682,0.883339
21,int8,0,26,26,Paraguay_822142,0.887259
21,int8,0,27,27,India_91379,0.863619
21,int8,0,28,28,Paraguay_48673,0.854138
21,int8,0,29,29,USA_181503,0.889299
21,int8,0,30,30,India_652725,0.938792
21,int8,0,31,31,Paraguay_792268,0.850988
21,int8,0,32,32,Sri-Lanka_883641,0.89166
21,int8,0,33,33,USA_605492,0.835058
21,int8,0,34,34,India_287642,0.848208
21,int8,0,35,35,Sri-Lanka_847275,0.88665
21,int8,0,36,36,Spain_2523247,0.840038
21,int8,0,37,37,Paraguay_212687,0.88631
21,int8,0,38,38,Sri-Lanka_249079,0.839827
21,int8,0,39,39,Nigeria_143329,0.90874
21,int8,0,40,40,India_747970,0.88774
21,int8,0,41,41,Ghana_128663,0.857408
21,int8,0,42,42,Ghana_103272,0.855958
21,int8,0,43,43,USA_217598,0.877699
21,int8,0,44,44,Pakistan_211386,0.91134
21,int8,0,45,45,India_324254,0.882079
21,int8,0,46,46,Pakistan_65724,0.921042
21,int8,0,47,47,Somalia_295782,0.860208
21,int8,0,48,48,USA_354981,0.869599
21,int8,0,49,49,USA_58086,0.89933
21,int8,0,50,50,Ghana_154838,0.852088
21,int8,0,51,51,USA_170264,0.826687
21,int8,0,52,52,Paraguay_1029042,0.828147
21,int8,0,53,53,Spain_8154154,0.877169
21,int8,0,54,54,Pakistan_246718,0.879039
21,int8,0,55,55,USA_1068362,0.845028
21,int8,0,56,56,Ghana_45911,0.836927
21,int8,0,57,57,Mekong_846007,0.851378
21,int8,0,58,58,Paraguay_482517,0.897671
21,int8,0,59,59,India_179238,0.917801
21,int8,0,60,60,India_534470,0.952993
21,int8,0,61,61,Somalia_93023,0.865118
21,int8,0,62,62,Ghana_8090,0.858779
21,int8,0,63,63,Sri-Lanka_52223,0.90182
21,int8,1,0,63,Sri-Lanka_52223,0.90748
21,int8,1,1,62,Ghana_8090,0.88059
21,int8,1,2,61,Somalia_93023,0.857268
21,int8,1,3,60,India_534470,0.845728
21,int8,1,4,59,India_179238,0.849818
21,int8,1,5,58,Paraguay_482517,0.856988
21,int8,1,6,57,Mekong_846007,0.850248
21,int8,1,7,56,Ghana_45911,0.907411
21,int8,1,8,55,USA_1068362,0.88723
21,int8,1,9,54,Pakistan_246718,0.88492
21,int8,1,10,53,Spain_8154154,0.905111
21,int8,1,11,52,Paraguay_1029042,1.481006
21,int8,1,12,51,USA_170264,1.086818
21,int8,1,13,50,Ghana_154838,0.960752
21,int8,1,14,49,USA_58086,0.925051
21,int8,1,15,48,USA_354981,0.874639
21,int8,1,16,47,Somalia_295782,0.884019
21,int8,1,17,46,Pakistan_65724,0.875419
21,int8,1,18,45,India_324254,0.873159
21,int8,1,19,44,Pakistan_211386,0.8924
21,int8,1,20,43,USA_217598,0.872229
21,int8,1,21,42,Ghana_103272,0.871539
21,int8,1,22,41,Ghana_128663,0.867629
21,int8,1,23,40,India_747970,0.852988
21,int8,1,24,39,Nigeria_143329,0.875759
21,int8,1,25,38,Sri-Lanka_249079,0.89044
21,int8,1,26,37,Paraguay_212687,0.920821
21,int8,1,27,36,Spain_2523247,0.848698
21,int8,1,28,35,Sri-Lanka_847275,0.850858
21,int8,1,29,34,India_287642,0.840498
21,int8,1,30,33,USA_605492,0.848678
21,int8,1,31,32,Sri-Lanka_883641,0.862979
21,int8,1,32,31,Paraguay_792268,0.929221
21,int8,1,33,30,India_652725,0.89588
21,int8,1,34,29,USA_181503,0.868279
21,int8,1,35,28,Paraguay_48673,0.861278
21,int8,1,36,27,India_91379,0.88468
21,int8,1,37,26,Paraguay_822142,0.840707
21,int8,1,38,25,India_773682,0.882609
21,int8,1,39,24,Spain_2594119,0.8907
21,int8,1,40,23,Sri-Lanka_956740,0.841338
21,int8,1,41,22,USA_655230,0.853318
21,int8,1,42,21,Somalia_970508,0.842458
21,int8,1,43,20,Paraguay_246154,0.89216
21,int8,1,44,19,Ghana_144050,0.89988
21,int8,1,45,18,USA_806273,0.88307
21,int8,1,46,17,India_979278,0.843818
21,int8,1,47,16,Nigeria_600295,0.89074
21,int8,1,48,15,Mekong_1395593,0.875399
21,int8,1,49,14,Ghana_135389,0.859089
21,int8,1,50,13,Sri-Lanka_551926,0.843808
21,int8,1,51,12,Paraguay_721886,0.911921
21,int8,1,52,11,Paraguay_1056717,0.88932
21,int8,1,53,10,USA_438959,0.869608
21,int8,1,54,9,Somalia_205466,0.856019
21,int8,1,55,8,Mekong_52610,0.849457
21,int8,1,56,7,Ghana_147015,0.855508
21,int8,1,57,6,India_56450,0.869679
21,int8,1,58,5,Mekong_342411,0.864578
21,int8,1,59,4,Sri-Lanka_748447,0.89872
21,int8,1,60,3,USA_224165,0.854348
21,int8,1,61,2,Paraguay_191503,0.89439
21,int8,1,62,1,Paraguay_36015,0.954973
21,int8,1,63,0,Spain_7786924,0.918311
21,int8,2,0,0,Spain_7786924,0.87965
21,int8,2,1,1,Paraguay_36015,0.825167
21,int8,2,2,2,Paraguay_191503,0.88691
21,int8,2,3,3,USA_224165,0.873269
21,int8,2,4,4,Sri-Lanka_748447,0.842487
21,int8,2,5,5,Mekong_342411,0.88313
21,int8,2,6,6,India_56450,0.847967
21,int8,2,7,7,Ghana_147015,0.864209
21,int8,2,8,8,Mekong_52610,0.917341
21,int8,2,9,9,Somalia_205466,0.838798
21,int8,2,10,10,USA_438959,0.847368
21,int8,2,11,11,Paraguay_1056717,0.897221
21,int8,2,12,12,Paraguay_721886,0.853428
21,int8,2,13,13,Sri-Lanka_551926,0.89271
21,int8,2,14,14,Ghana_135389,0.854508
21,int8,2,15,15,Mekong_1395593,0.851518
21,int8,2,16,16,Nigeria_600295,0.881279
21,int8,2,17,17,India_979278,0.875459
21,int8,2,18,18,USA_806273,0.860029
21,int8,2,19,19,Ghana_144050,0.816076
21,int8,2,20,20,Paraguay_246154,0.88761
21,int8,2,21,21,Somalia_970508,0.849138
21,int8,2,22,22,USA_655230,0.848508
21,int8,2,23,23,Sri-Lanka_956740,0.856738
21,int8,2,24,24,Spain_2594119,0.862149
21,int8,2,25,25,India_773682,0.88593
21,int8,2,26,26,Paraguay_822142,0.87521
21,int8,2,27,27,India_91379,0.869339
21,int8,2,28,28,Paraguay_48673,0.850798
21,int8,2,29,29,USA_181503,0.88631
21,int8,2,30,30,India_652725,0.877449
21,int8,2,31,31,Paraguay_792268,0.89692
21,int8,2,32,32,Sri-Lanka_883641,0.89652
21,int8,2,33,33,USA_605492,0.867488
21,int8,2,34,34,India_287642,0.837538
21,int8,2,35,35,Sri-Lanka_847275,0.861328
21,int8,2,36,36,Spain_2523247,0.880239
21,int8,2,37,37,Paraguay_212687,0.867589
21,int8,2,38,38,Sri-Lanka_249079,0.854948
21,int8,2,39,39,Nigeria_143329,0.885829
21,int8,2,40,40,India_747970,0.861338
21,int8,2,41,41,Ghana_128663,0.89597
21,int8,2,42,42,Ghana_103272,0.846148
21,int8,2,43,43,USA_217598,0.839527
21,int8,2,44,44,Pakistan_211386,0.882139
21,int8,2,45,45,India_324254,0.855518
21,int8,2,46,46,Pakistan_65724,0.847588
21,int8,2,47,47,Somalia_295782,0.857049
21,int8,2,48,48,USA_354981,0.866049
21,int8,2,49,49,USA_58086,0.872819
21,int8,2,50,50,Ghana_154838,0.899331
21,int8,2,51,51,USA_170264,0.858298
21,int8,2,52,52,Paraguay_1029042,0.864708
21,int8,2,53,53,Spain_8154154,0.89902
21,int8,2,54,54,Pakistan_246718,0.879779
21,int8,2,55,55,USA_1068362,0.88424
21,int8,2,56,56,Ghana_45911,0.845318
21,int8,2,57,57,Mekong_846007,0.853708
21,int8,2,58,58,Paraguay_482517,0.87679
21,int8,2,59,59,India_179238,0.88931
21,int8,2,60,60,India_534470,0.903081
21,int8,2,61,61,Somalia_93023,0.836497
21,int8,2,62,62,Ghana_8090,0.841258
21,int8,2,63,63,Sri-Lanka_52223,0.884239
22,int8,0,0,0,Spain_7786924,0.788955
22,int8,0,1,1,Paraguay_36015,0.794836
22,int8,0,2,2,Paraguay_191503,0.783825
22,int8,0,3,3,USA_224165,0.778015
22,int8,0,4,4,Sri-Lanka_748447,0.774835
22,int8,0,5,5,Mekong_342411,0.806506
22,int8,0,6,6,India_56450,0.790996
22,int8,0,7,7,Ghana_147015,0.823006
22,int8,0,8,8,Mekong_52610,0.775785
22,int8,0,9,9,Somalia_205466,0.775775
22,int8,0,10,10,USA_438959,0.825977
22,int8,0,11,11,Paraguay_1056717,0.776284
22,int8,0,12,12,Paraguay_721886,0.773235
22,int8,0,13,13,Sri-Lanka_551926,0.777665
22,int8,0,14,14,Ghana_135389,0.771045
22,int8,0,15,15,Mekong_1395593,0.828937
22,int8,0,16,16,Nigeria_600295,0.777785
22,int8,0,17,17,India_979278,0.777194
22,int8,0,18,18,USA_806273,0.846488
22,int8,0,19,19,Ghana_144050,0.781925
22,int8,0,20,20,Paraguay_246154,0.777985
22,int8,0,21,21,Somalia_970508,0.834507
22,int8,0,22,22,USA_655230,0.788956
22,int8,0,23,23,Sri-Lanka_956740,0.782575
22,int8,0,24,24,Spain_2594119,0.776055
22,int8,0,25,25,India_773682,0.776665
22,int8,0,26,26,Paraguay_822142,0.776224
22,int8,0,27,27,India_91379,0.782705
22,int8,0,28,28,Paraguay_48673,0.775744
22,int8,0,29,29,USA_181503,0.825167
22,int8,0,30,30,India_652725,0.820826
22,int8,0,31,31,Paraguay_792268,0.785845
22,int8,0,32,32,Sri-Lanka_883641,0.767584
22,int8,0,33,33,USA_605492,0.777605
22,int8,0,34,34,India_287642,0.778394
22,int8,0,35,35,Sri-Lanka_847275,0.835197
22,int8,0,36,36,Spain_2523247,0.774075
22,int8,0,37,37,Paraguay_212687,0.774284
22,int8,0,38,38,Sri-Lanka_249079,0.779735
22,int8,0,39,39,Nigeria_143329,0.791945
22,int8,0,40,40,India_747970,0.775034
22,int8,0,41,41,Ghana_128663,0.833307
22,int8,0,42,42,Ghana_103272,0.779205
22,int8,0,43,43,USA_217598,0.781865
22,int8,0,44,44,Pakistan_211386,0.783785
22,int8,0,45,45,India_324254,0.787795
22,int8,0,46,46,Pakistan_65724,0.786925
22,int8,0,47,47,Somalia_295782,0.811127
22,int8,0,48,48,USA_354981,0.781265
22,int8,0,49,49,USA_58086,0.773764
22,int8,0,50,50,Ghana_154838,0.776895
22,int8,0,51,51,USA_170264,0.828717
22,int8,0,52,52,Paraguay_1029042,0.793216
22,int8,0,53,53,Spain_8154154,0.783485
22,int8,0,54,54,Pakistan_246718,0.795296
22,int8,0,55,55,USA_1068362,0.773974
22,int8,0,56,56,Ghana_45911,0.807046
22,int8,0,57,57,Mekong_846007,0.779465
22,int8,0,58,58,Paraguay_482517,0.779845
22,int8,0,59,59,India_179238,0.779215
22,int8,0,60,60,India_534470,0.834657
22,int8,0,61,61,Somalia_93023,0.828477
22,int8,0,62,62,Ghana_8090,0.781175
22,int8,0,63,63,Sri-Lanka_52223,0.785765
22,int8,1,0,63,Sri-Lanka_52223,0.786655
22,int8,1,1,62,Ghana_8090,0.788465
22,int8,1,2,61,Somalia_93023,0.785195
22,int8,1,3,60,India_534470,0.781355
22,int8,1,4,59,India_179238,0.773255
22,int8,1,5,58,Paraguay_482517,0.857328
22,int8,1,6,57,Mekong_846007,0.776054
22,int8,1,7,56,Ghana_45911,0.774145
22,int8,1,8,55,USA_1068362,0.781145
22,int8,1,9,54,Pakistan_246718,0.788256
22,int8,1,10,53,Spain_8154154,0.779425
22,int8,1,11,52,Paraguay_1029042,0.778345
22,int8,1,12,51,USA_170264,0.780375
22,int8,1,13,50,Ghana_154838,0.779135
22,int8,1,14,49,USA_58086,0.782785
22,int8,1,15,48,USA_354981,0.786655
22,int8,1,16,47,Somalia_295782,0.787705
22,int8,1,17,46,Pakistan_65724,0.808566
22,int8,1,18,45,India_324254,0.791795
22,int8,1,19,44,Pakistan_211386,0.779435
22,int8,1,20,43,USA_217598,0.775304
22,int8,1,21,42,Ghana_103272,0.777125
22,int8,1,22,41,Ghana_128663,0.788396
22,int8,1,23,40,India_747970,0.778335
22,int8,1,24,39,Nigeria_143329,0.774424
22,int8,1,25,38,Sri-Lanka_249079,0.778145
22,int8,1,26,37,Paraguay_212687,0.788236
22,int8,1,27,36,Spain_2523247,0.783515
22,int8,1,28,35,Sri-Lanka_847275,0.778675
22,int8,1,29,34,India_287642,0.789605
22,int8,1,30,33,USA_605492,0.790555
22,int8,1,31,32,Sri-Lanka_883641,0.787745
22,int8,1,32,31,Paraguay_792268,0.786625
22,int8,1,33,30,India_652725,0.782635
22,int8,1,34,29,USA_181503,0.782484
22,int8,1,35,28,Paraguay_48673,0.784335
22,int8,1,36,27,India_91379,0.779355
22,int8,1,37,26,Paraguay_822142,0.773994
22,int8,1,38,25,India_773682,0.840418
22,int8,1,39,24,Spain_2594119,0.834918
22,int8,1,40,23,Sri-Lanka_956740,0.775445
22,int8,1,41,22,USA_655230,0.834747
22,int8,1,42,21,Somalia_970508,0.775745
22,int8,1,43,20,Paraguay_246154,0.800065
22,int8,1,44,19,Ghana_144050,0.778565
22,int8,1,45,18,USA_806273,0.768245
22,int8,1,46,17,India_979278,0.781455
22,int8,1,47,16,Nigeria_600295,0.777585
22,int8,1,48,15,Mekong_1395593,0.785665
22,int8,1,49,14,Ghana_135389,0.911231
22,int8,1,50,13,Sri-Lanka_551926,0.793975
22,int8,1,51,12,Paraguay_721886,0.788245
22,int8,1,52,11,Paraguay_1056717,0.786345
22,int8,1,53,10,USA_438959,0.780425
22,int8,1,54,9,Somalia_205466,0.774385
22,int8,1,55,8,Mekong_52610,0.824987
22,int8,1,56,7,Ghana_147015,0.773524
22,int8,1,57,6,India_56450,0.773795
22,int8,1,58,5,Mekong_342411,0.777525
22,int8,1,59,4,Sri-Lanka_748447,0.773454
22,int8,1,60,3,USA_224165,0.789505
22,int8,1,61,2,Paraguay_191503,0.791986
22,int8,1,62,1,Paraguay_36015,0.786915
22,int8,1,63,0,Spain_7786924,0.779165
22,int8,2,0,0,Spain_7786924,0.775315
22,int8,2,1,1,Paraguay_36015,0.777425
22,int8,2,2,2,Paraguay_191503,0.784305
22,int8,2,3,3,USA_224165,0.789305
22,int8,2,4,4,Sri-Lanka_748447,0.794556
22,int8,2,5,5,Mekong_342411,0.775825
22,int8,2,6,6,India_56450,0.825676
22,int8,2,7,7,Ghana_147015,0.831827
22,int8,2,8,8,Mekong_52610,0.828867
22,int8,2,9,9,Somalia_205466,0.785575
22,int8,2,10,10,USA_438959,0.792925
22,int8,2,11,11,Paraguay_1056717,0.842258
22,int8,2,12,12,Paraguay_721886,0.793776
22,int8,2,13,13,Sri-Lanka_551926,0.809576
22,int8,2,14,14,Ghana_135389,0.790475
22,int8,2,15,15,Mekong_1395593,0.846087
22,int8,2,16,16,Nigeria_600295,0.796926
22,int8,2,17,17,India_979278,0.809747
22,int8,2,18,18,USA_806273,0.794516
22,int8,2,19,19,Ghana_144050,0.793635
22,int8,2,20,20,Paraguay_246154,0.794465
22,int8,2,21,21,Somalia_970508,0.833257
22,int8,2,22,22,USA_655230,0.864659
22,int8,2,23,23,Sri-Lanka_956740,0.782315
22,int8,2,24,24,Spain_2594119,0.794996
22,int8,2,25,25,India_773682,0.805536
22,int8,2,26,26,Paraguay_822142,0.802176
22,int8,2,27,27,India_91379,0.803095
22,int8,2,28,28,Paraguay_48673,0.802436
22,int8,2,29,29,USA_181503,0.826017
22,int8,2,30,30,India_652725,0.798686
22,int8,2,31,31,Paraguay_792268,0.792525
22,int8,2,32,32,Sri-Lanka_883641,0.798786
22,int8,2,33,33,USA_605492,0.794136
22,int8,2,34,34,India_287642,0.804706
22,int8,2,35,35,Sri-Lanka_847275,0.847648
22,int8,2,36,36,Spain_2523247,0.793896
22,int8,2,37,37,Paraguay_212687,0.796555
22,int8,2,38,38,Sri-Lanka_249079,0.803466
22,int8,2,39,39,Nigeria_143329,0.794625
22,int8,2,40,40,India_747970,0.789705
22,int8,2,41,41,Ghana_128663,0.791935
22,int8,2,42,42,Ghana_103272,0.829567
22,int8,2,43,43,USA_217598,0.798265
22,int8,2,44,44,Pakistan_211386,0.799426
22,int8,2,45,45,India_324254,0.779425
22,int8,2,46,46,Pakistan_65724,0.798396
22,int8,2,47,47,Somalia_295782,0.804356
22,int8,2,48,48,USA_354981,0.804736
22,int8,2,49,49,USA_58086,0.804176
22,int8,2,50,50,Ghana_154838,0.827366
22,int8,2,51,51,USA_170264,0.803816
22,int8,2,52,52,Paraguay_1029042,0.804026
22,int8,2,53,53,Spain_8154154,0.796316
22,int8,2,54,54,Pakistan_246718,0.848837
22,int8,2,55,55,USA_1068362,0.796906
22,int8,2,56,56,Ghana_45911,0.849318
22,int8,2,57,57,Mekong_846007,0.852838
22,int8,2,58,58,Paraguay_482517,0.845508
22,int8,2,59,59,India_179238,0.795855
22,int8,2,60,60,India_534470,0.794245
22,int8,2,61,61,Somalia_93023,0.789775
22,int8,2,62,62,Ghana_8090,0.790225
22,int8,2,63,63,Sri-Lanka_52223,0.805366
22,fp16,0,0,0,Spain_7786924,0.566855
22,fp16,0,1,1,Paraguay_36015,1.013255
22,fp16,0,2,2,Paraguay_191503,0.560525
22,fp16,0,3,3,USA_224165,0.573236
22,fp16,0,4,4,Sri-Lanka_748447,0.563846
22,fp16,0,5,5,Mekong_342411,0.574266
22,fp16,0,6,6,India_56450,0.577046
22,fp16,0,7,7,Ghana_147015,0.566255
22,fp16,0,8,8,Mekong_52610,0.549274
22,fp16,0,9,9,Somalia_205466,0.560025
22,fp16,0,10,10,USA_438959,0.557525
22,fp16,0,11,11,Paraguay_1056717,0.552525
22,fp16,0,12,12,Paraguay_721886,0.567715
22,fp16,0,13,13,Sri-Lanka_551926,0.554335
22,fp16,0,14,14,Ghana_135389,0.552634
22,fp16,0,15,15,Mekong_1395593,0.553955
22,fp16,0,16,16,Nigeria_600295,0.567116
22,fp16,0,17,17,India_979278,0.559275
22,fp16,0,18,18,USA_806273,0.570336
22,fp16,0,19,19,Ghana_144050,0.554075
22,fp16,0,20,20,Paraguay_246154,0.556295
22,fp16,0,21,21,Somalia_970508,0.559176
22,fp16,0,22,22,USA_655230,0.567016
22,fp16,0,23,23,Sri-Lanka_956740,0.563576
22,fp16,0,24,24,Spain_2594119,0.566945
22,fp16,0,25,25,India_773682,0.557735
22,fp16,0,26,26,Paraguay_822142,0.566005
22,fp16,0,27,27,India_91379,0.567525
22,fp16,0,28,28,Paraguay_48673,0.558004
22,fp16,0,29,29,USA_181503,0.560375
22,fp16,0,30,30,India_652725,0.566585
22,fp16,0,31,31,Paraguay_792268,0.567855
22,fp16,0,32,32,Sri-Lanka_883641,0.544864
22,fp16,0,33,33,USA_605492,0.565955
22,fp16,0,34,34,India_287642,0.555165
22,fp16,0,35,35,Sri-Lanka_847275,0.568695
22,fp16,0,36,36,Spain_2523247,0.559685
22,fp16,0,37,37,Paraguay_212687,0.560885
22,fp16,0,38,38,Sri-Lanka_249079,0.562045
22,fp16,0,39,39,Nigeria_143329,0.560605
22,fp16,0,40,40,India_747970,0.572495
22,fp16,0,41,41,Ghana_128663,0.559265
22,fp16,0,42,42,Ghana_103272,0.550554
22,fp16,0,43,43,USA_217598,0.554745
22,fp16,0,44,44,Pakistan_211386,0.559055
22,fp16,0,45,45,India_324254,0.553595
22,fp16,0,46,46,Pakistan_65724,0.582366
22,fp16,0,47,47,Somalia_295782,0.567375
22,fp16,0,48,48,USA_354981,0.556665
22,fp16,0,49,49,USA_58086,0.565015
22,fp16,0,50,50,Ghana_154838,0.565875
22,fp16,0,51,51,USA_170264,0.557825
22,fp16,0,52,52,Paraguay_1029042,0.562775
22,fp16,0,53,53,Spain_8154154,0.553195
22,fp16,0,54,54,Pakistan_246718,0.557435
22,fp16,0,55,55,USA_1068362,0.558615
22,fp16,0,56,56,Ghana_45911,0.549004
22,fp16,0,57,57,Mekong_846007,0.572046
22,fp16,0,58,58,Paraguay_482517,0.551555
22,fp16,0,59,59,India_179238,0.557224
22,fp16,0,60,60,India_534470,0.553815
22,fp16,0,61,61,Somalia_93023,0.563866
22,fp16,0,62,62,Ghana_8090,0.564125
22,fp16,0,63,63,Sri-Lanka_52223,0.570416
22,fp16,1,0,63,Sri-Lanka_52223,0.568025
22,fp16,1,1,62,Ghana_8090,0.566596
22,fp16,1,2,61,Somalia_93023,0.553465
22,fp16,1,3,60,India_534470,0.551504
22,fp16,1,4,59,India_179238,0.596867
22,fp16,1,5,58,Paraguay_482517,0.557104
22,fp16,1,6,57,Mekong_846007,0.555075
22,fp16,1,7,56,Ghana_45911,0.561006
22,fp16,1,8,55,USA_1068362,0.566255
22,fp16,1,9,54,Pakistan_246718,0.561905
22,fp16,1,10,53,Spain_8154154,0.569985
22,fp16,1,11,52,Paraguay_1029042,0.569445
22,fp16,1,12,51,USA_170264,0.559055
22,fp16,1,13,50,Ghana_154838,0.556055
22,fp16,1,14,49,USA_58086,0.561385
22,fp16,1,15,48,USA_354981,0.557805
22,fp16,1,16,47,Somalia_295782,0.554214
22,fp16,1,17,46,Pakistan_65724,0.551535
22,fp16,1,18,45,India_324254,0.568355
22,fp16,1,19,44,Pakistan_211386,0.557465
22,fp16,1,20,43,USA_217598,0.563296
22,fp16,1,21,42,Ghana_103272,0.565196
22,fp16,1,22,41,Ghana_128663,0.564865
22,fp16,1,23,40,India_747970,0.556805
22,fp16,1,24,39,Nigeria_143329,0.549334
22,fp16,1,25,38,Sri-Lanka_249079,0.569375
22,fp16,1,26,37,Paraguay_212687,0.556825
22,fp16,1,27,36,Spain_2523247,0.566096
22,fp16,1,28,35,Sri-Lanka_847275,0.570165
22,fp16,1,29,34,India_287642,0.563805
22,fp16,1,30,33,USA_605492,0.549424
22,fp16,1,31,32,Sri-Lanka_883641,0.567036
22,fp16,1,32,31,Paraguay_792268,0.600317
22,fp16,1,33,30,India_652725,0.561595
22,fp16,1,34,29,USA_181503,0.554344
22,fp16,1,35,28,Paraguay_48673,0.565936
22,fp16,1,36,27,India_91379,0.559755
22,fp16,1,37,26,Paraguay_822142,0.560005
22,fp16,1,38,25,India_773682,0.562115
22,fp16,1,39,24,Spain_2594119,0.568495
22,fp16,1,40,23,Sri-Lanka_956740,0.562125
22,fp16,1,41,22,USA_655230,0.553744
22,fp16,1,42,21,Somalia_970508,0.568645
22,fp16,1,43,20,Paraguay_246154,0.553365
22,fp16,1,44,19,Ghana_144050,0.552864
22,fp16,1,45,18,USA_806273,0.552584
22,fp16,1,46,17,India_979278,0.565945
22,fp16,1,47,16,Nigeria_600295,0.558835
22,fp16,1,48,15,Mekong_1395593,0.555375
22,fp16,1,49,14,Ghana_135389,0.577996
22,fp16,1,50,13,Sri-Lanka_551926,0.547945
22,fp16,1,51,12,Paraguay_721886,0.552024
22,fp16,1,52,11,Paraguay_1056717,0.564165
22,fp16,1,53,10,USA_438959,0.562415
22,fp16,1,54,9,Somalia_205466,0.550955
22,fp16,1,55,8,Mekong_52610,0.561315
22,fp16,1,56,7,Ghana_147015,0.560835
22,fp16,1,57,6,India_56450,0.551095
22,fp16,1,58,5,Mekong_342411,0.553574
22,fp16,1,59,4,Sri-Lanka_748447,0.556145
22,fp16,1,60,3,USA_224165,0.559055
22,fp16,1,61,2,Paraguay_191503,0.551014
22,fp16,1,62,1,Paraguay_36015,0.554205
22,fp16,1,63,0,Spain_7786924,0.570746
22,fp16,2,0,0,Spain_7786924,0.556325
22,fp16,2,1,1,Paraguay_36015,0.542714
22,fp16,2,2,2,Paraguay_191503,0.576986
22,fp16,2,3,3,USA_224165,0.564145
22,fp16,2,4,4,Sri-Lanka_748447,0.558145
22,fp16,2,5,5,Mekong_342411,0.554435
22,fp16,2,6,6,India_56450,0.566396
22,fp16,2,7,7,Ghana_147015,0.555615
22,fp16,2,8,8,Mekong_52610,0.572975
22,fp16,2,9,9,Somalia_205466,0.566165
22,fp16,2,10,10,USA_438959,0.546344
22,fp16,2,11,11,Paraguay_1056717,0.551755
22,fp16,2,12,12,Paraguay_721886,0.558415
22,fp16,2,13,13,Sri-Lanka_551926,0.572475
22,fp16,2,14,14,Ghana_135389,0.562165
22,fp16,2,15,15,Mekong_1395593,0.554235
22,fp16,2,16,16,Nigeria_600295,0.565786
22,fp16,2,17,17,India_979278,0.564245
22,fp16,2,18,18,USA_806273,0.567555
22,fp16,2,19,19,Ghana_144050,7.715994
22,fp16,2,20,20,Paraguay_246154,0.828927
22,fp16,2,21,21,Somalia_970508,0.729793
22,fp16,2,22,22,USA_655230,0.698422
22,fp16,2,23,23,Sri-Lanka_956740,0.701912
22,fp16,2,24,24,Spain_2594119,0.67032
22,fp16,2,25,25,India_773682,0.67045
22,fp16,2,26,26,Paraguay_822142,0.645949
22,fp16,2,27,27,India_91379,0.651129
22,fp16,2,28,28,Paraguay_48673,0.653699
22,fp16,2,29,29,USA_181503,0.640648
22,fp16,2,30,30,India_652725,0.585416
22,fp16,2,31,31,Paraguay_792268,0.588816
22,fp16,2,32,32,Sri-Lanka_883641,0.597417
22,fp16,2,33,33,USA_605492,0.593197
22,fp16,2,34,34,India_287642,0.581426
22,fp16,2,35,35,Sri-Lanka_847275,0.591437
22,fp16,2,36,36,Spain_2523247,0.579115
22,fp16,2,37,37,Paraguay_212687,0.570956
22,fp16,2,38,38,Sri-Lanka_249079,0.572716
22,fp16,2,39,39,Nigeria_143329,0.570756
22,fp16,2,40,40,India_747970,0.570635
22,fp16,2,41,41,Ghana_128663,0.564205
22,fp16,2,42,42,Ghana_103272,0.582366
22,fp16,2,43,43,USA_217598,0.583496
22,fp16,2,44,44,Pakistan_211386,0.562115
22,fp16,2,45,45,India_324254,0.562255
22,fp16,2,46,46,Pakistan_65724,0.588636
22,fp16,2,47,47,Somalia_295782,0.565656
22,fp16,2,48,48,USA_354981,0.566726
22,fp16,2,49,49,USA_58086,0.565646
22,fp16,2,50,50,Ghana_154838,0.572446
22,fp16,2,51,51,USA_170264,0.581276
22,fp16,2,52,52,Paraguay_1029042,0.562226
22,fp16,2,53,53,Spain_8154154,0.555505
22,fp16,2,54,54,Pakistan_246718,0.563785
22,fp16,2,55,55,USA_1068362,0.568246
22,fp16,2,56,56,Ghana_45911,0.553485
22,fp16,2,57,57,Mekong_846007,0.554855
22,fp16,2,58,58,Paraguay_482517,0.563555
22,fp16,2,59,59,India_179238,0.559315
22,fp16,2,60,60,India_534470,0.553725
22,fp16,2,61,61,Somalia_93023,0.565485
22,fp16,2,62,62,Ghana_8090,0.565005
22,fp16,2,63,63,Sri-Lanka_52223,0.571555
23,fp16,0,0,0,Spain_7786924,0.578206
23,fp16,0,1,1,Paraguay_36015,0.846838
23,fp16,0,2,2,Paraguay_191503,0.575075
23,fp16,0,3,3,USA_224165,0.590846
23,fp16,0,4,4,Sri-Lanka_748447,0.569106
23,fp16,0,5,5,Mekong_342411,0.563385
23,fp16,0,6,6,India_56450,0.550675
23,fp16,0,7,7,Ghana_147015,0.562465
23,fp16,0,8,8,Mekong_52610,0.551284
23,fp16,0,9,9,Somalia_205466,0.553934
23,fp16,0,10,10,USA_438959,0.541234
23,fp16,0,11,11,Paraguay_1056717,0.561715
23,fp16,0,12,12,Paraguay_721886,0.553595
23,fp16,0,13,13,Sri-Lanka_551926,0.557645
23,fp16,0,14,14,Ghana_135389,0.552795
23,fp16,0,15,15,Mekong_1395593,0.554665
23,fp16,0,16,16,Nigeria_600295,0.539604
23,fp16,0,17,17,India_979278,0.560075
23,fp16,0,18,18,USA_806273,0.544795
23,fp16,0,19,19,Ghana_144050,0.554235
23,fp16,0,20,20,Paraguay_246154,0.577636
23,fp16,0,21,21,Somalia_970508,0.559845
23,fp16,0,22,22,USA_655230,0.554565
23,fp16,0,23,23,Sri-Lanka_956740,0.558435
23,fp16,0,24,24,Spain_2594119,0.556395
23,fp16,0,25,25,India_773682,0.543754
23,fp16,0,26,26,Paraguay_822142,0.551555
23,fp16,0,27,27,India_91379,0.554144
23,fp16,0,28,28,Paraguay_48673,0.551085
23,fp16,0,29,29,USA_181503,0.544435
23,fp16,0,30,30,India_652725,0.546035
23,fp16,0,31,31,Paraguay_792268,0.557675
23,fp16,0,32,32,Sri-Lanka_883641,0.545454
23,fp16,0,33,33,USA_605492,0.547475
23,fp16,0,34,34,India_287642,0.543215
23,fp16,0,35,35,Sri-Lanka_847275,0.549955
23,fp16,0,36,36,Spain_2523247,0.553825
23,fp16,0,37,37,Paraguay_212687,0.556455
23,fp16,0,38,38,Sri-Lanka_249079,0.555595
23,fp16,0,39,39,Nigeria_143329,0.541984
23,fp16,0,40,40,India_747970,0.543654
23,fp16,0,41,41,Ghana_128663,0.560175
23,fp16,0,42,42,Ghana_103272,0.542694
23,fp16,0,43,43,USA_217598,0.563555
23,fp16,0,44,44,Pakistan_211386,0.556825
23,fp16,0,45,45,India_324254,0.552765
23,fp16,0,46,46,Pakistan_65724,0.540645
23,fp16,0,47,47,Somalia_295782,0.552295
23,fp16,0,48,48,USA_354981,0.570875
23,fp16,0,49,49,USA_58086,0.554075
23,fp16,0,50,50,Ghana_154838,0.548805
23,fp16,0,51,51,USA_170264,0.553205
23,fp16,0,52,52,Paraguay_1029042,0.555835
23,fp16,0,53,53,Spain_8154154,0.546155
23,fp16,0,54,54,Pakistan_246718,0.554754
23,fp16,0,55,55,USA_1068362,0.551415
23,fp16,0,56,56,Ghana_45911,0.551885
23,fp16,0,57,57,Mekong_846007,0.539954
23,fp16,0,58,58,Paraguay_482517,0.555074
23,fp16,0,59,59,India_179238,0.544694
23,fp16,0,60,60,India_534470,0.569105
23,fp16,0,61,61,Somalia_93023,0.549005
23,fp16,0,62,62,Ghana_8090,0.545015
23,fp16,0,63,63,Sri-Lanka_52223,0.543814
23,fp16,1,0,63,Sri-Lanka_52223,0.556445
23,fp16,1,1,62,Ghana_8090,0.549134
23,fp16,1,2,61,Somalia_93023,0.544835
23,fp16,1,3,60,India_534470,0.559376
23,fp16,1,4,59,India_179238,0.551715
23,fp16,1,5,58,Paraguay_482517,0.542914
23,fp16,1,6,57,Mekong_846007,0.551405
23,fp16,1,7,56,Ghana_45911,0.562285
23,fp16,1,8,55,USA_1068362,0.552924
23,fp16,1,9,54,Pakistan_246718,0.544984
23,fp16,1,10,53,Spain_8154154,0.541044
23,fp16,1,11,52,Paraguay_1029042,0.565625
23,fp16,1,12,51,USA_170264,0.532734
23,fp16,1,13,50,Ghana_154838,0.578306
23,fp16,1,14,49,USA_58086,0.562735
23,fp16,1,15,48,USA_354981,0.544514
23,fp16,1,16,47,Somalia_295782,0.554484
23,fp16,1,17,46,Pakistan_65724,0.556655
23,fp16,1,18,45,India_324254,0.549404
23,fp16,1,19,44,Pakistan_211386,0.569236
23,fp16,1,20,43,USA_217598,0.553165
23,fp16,1,21,42,Ghana_103272,0.553815
23,fp16,1,22,41,Ghana_128663,0.544745
23,fp16,1,23,40,India_747970,0.553055
23,fp16,1,24,39,Nigeria_143329,0.564655
23,fp16,1,25,38,Sri-Lanka_249079,0.544435
23,fp16,1,26,37,Paraguay_212687,0.537304
23,fp16,1,27,36,Spain_2523247,0.553025
23,fp16,1,28,35,Sri-Lanka_847275,0.547165
23,fp16,1,29,34,India_287642,0.605607
23,fp16,1,30,33,USA_605492,0.570156
23,fp16,1,31,32,Sri-Lanka_883641,0.563346
23,fp16,1,32,31,Paraguay_792268,0.543135
23,fp16,1,33,30,India_652725,0.548425
23,fp16,1,34,29,USA_181503,0.558975
23,fp16,1,35,28,Paraguay_48673,0.549125
23,fp16,1,36,27,India_91379,0.539224
23,fp16,1,37,26,Paraguay_822142,0.550824
23,fp16,1,38,25,India_773682,0.558035
23,fp16,1,39,24,Spain_2594119,0.552375
23,fp16,1,40,23,Sri-Lanka_956740,0.538474
23,fp16,1,41,22,USA_655230,0.563355
23,fp16,1,42,21,Somalia_970508,0.548075
23,fp16,1,43,20,Paraguay_246154,0.543474
23,fp16,1,44,19,Ghana_144050,0.553374
23,fp16,1,45,18,USA_806273,0.546574
23,fp16,1,46,17,India_979278,0.544334
23,fp16,1,47,16,Nigeria_600295,0.565295
23,fp16,1,48,15,Mekong_1395593,0.552054
23,fp16,1,49,14,Ghana_135389,0.543774
23,fp16,1,50,13,Sri-Lanka_551926,0.550775
23,fp16,1,51,12,Paraguay_721886,0.549615
23,fp16,1,52,11,Paraguay_1056717,0.547165
23,fp16,1,53,10,USA_438959,0.555184
23,fp16,1,54,9,Somalia_205466,0.552175
23,fp16,1,55,8,Mekong_52610,0.550065
23,fp16,1,56,7,Ghana_147015,0.549554
23,fp16,1,57,6,India_56450,0.544514
23,fp16,1,58,5,Mekong_342411,0.565125
23,fp16,1,59,4,Sri-Lanka_748447,0.549635
23,fp16,1,60,3,USA_224165,0.542025
23,fp16,1,61,2,Paraguay_191503,0.558405
23,fp16,1,62,1,Paraguay_36015,0.553775
23,fp16,1,63,0,Spain_7786924,0.549414
23,fp16,2,0,0,Spain_7786924,0.571296
23,fp16,2,1,1,Paraguay_36015,0.552585
23,fp16,2,2,2,Paraguay_191503,0.544775
23,fp16,2,3,3,USA_224165,0.559585
23,fp16,2,4,4,Sri-Lanka_748447,0.555955
23,fp16,2,5,5,Mekong_342411,0.554365
23,fp16,2,6,6,India_56450,0.555714
23,fp16,2,7,7,Ghana_147015,0.560225
23,fp16,2,8,8,Mekong_52610,0.544605
23,fp16,2,9,9,Somalia_205466,0.545735
23,fp16,2,10,10,USA_438959,0.557365
23,fp16,2,11,11,Paraguay_1056717,0.575196
23,fp16,2,12,12,Paraguay_721886,0.554655
23,fp16,2,13,13,Sri-Lanka_551926,0.553025
23,fp16,2,14,14,Ghana_135389,0.557545
23,fp16,2,15,15,Mekong_1395593,0.552724
23,fp16,2,16,16,Nigeria_600295,0.552655
23,fp16,2,17,17,India_979278,0.551054
23,fp16,2,18,18,USA_806273,0.558835
23,fp16,2,19,19,Ghana_144050,0.537504
23,fp16,2,20,20,Paraguay_246154,0.541014
23,fp16,2,21,21,Somalia_970508,0.550634
23,fp16,2,22,22,USA_655230,0.542054
23,fp16,2,23,23,Sri-Lanka_956740,0.573426
23,fp16,2,24,24,Spain_2594119,0.552684
23,fp16,2,25,25,India_773682,0.554125
23,fp16,2,26,26,Paraguay_822142,0.542845
23,fp16,2,27,27,India_91379,0.548275
23,fp16,2,28,28,Paraguay_48673,0.561805
23,fp16,2,29,29,USA_181503,0.558695
23,fp16,2,30,30,India_652725,0.554354
23,fp16,2,31,31,Paraguay_792268,0.554295
23,fp16,2,32,32,Sri-Lanka_883641,0.541335
23,fp16,2,33,33,USA_605492,0.551335
23,fp16,2,34,34,India_287642,0.552264
23,fp16,2,35,35,Sri-Lanka_847275,0.553025
23,fp16,2,36,36,Spain_2523247,0.542524
23,fp16,2,37,37,Paraguay_212687,0.550534
23,fp16,2,38,38,Sri-Lanka_249079,0.551015
23,fp16,2,39,39,Nigeria_143329,0.546155
23,fp16,2,40,40,India_747970,0.587977
23,fp16,2,41,41,Ghana_128663,0.555905
23,fp16,2,42,42,Ghana_103272,0.560635
23,fp16,2,43,43,USA_217598,0.548914
23,fp16,2,44,44,Pakistan_211386,0.567405
23,fp16,2,45,45,India_324254,0.552385
23,fp16,2,46,46,Pakistan_65724,0.559555
23,fp16,2,47,47,Somalia_295782,0.563315
23,fp16,2,48,48,USA_354981,0.558555
23,fp16,2,49,49,USA_58086,0.551245
23,fp16,2,50,50,Ghana_154838,0.564645
23,fp16,2,51,51,USA_170264,0.553804
23,fp16,2,52,52,Paraguay_1029042,0.545584
23,fp16,2,53,53,Spain_8154154,0.556005
23,fp16,2,54,54,Pakistan_246718,0.543884
23,fp16,2,55,55,USA_1068362,0.550484
23,fp16,2,56,56,Ghana_45911,0.547484
23,fp16,2,57,57,Mekong_846007,0.578006
23,fp16,2,58,58,Paraguay_482517,0.561625
23,fp16,2,59,59,India_179238,0.541914
23,fp16,2,60,60,India_534470,0.543904
23,fp16,2,61,61,Somalia_93023,0.560485
23,fp16,2,62,62,Ghana_8090,0.557095
23,fp16,2,63,63,Sri-Lanka_52223,0.560925
23,int8,0,0,0,Spain_7786924,0.815866
23,int8,0,1,1,Paraguay_36015,0.828397
23,int8,0,2,2,Paraguay_191503,0.819056
23,int8,0,3,3,USA_224165,0.818687
23,int8,0,4,4,Sri-Lanka_748447,0.817867
23,int8,0,5,5,Mekong_342411,0.89564
23,int8,0,6,6,India_56450,0.816717
23,int8,0,7,7,Ghana_147015,0.816617
23,int8,0,8,8,Mekong_52610,0.816137
23,int8,0,9,9,Somalia_205466,0.818146
23,int8,0,10,10,USA_438959,0.816086
23,int8,0,11,11,Paraguay_1056717,0.822707
23,int8,0,12,12,Paraguay_721886,0.845048
23,int8,0,13,13,Sri-Lanka_551926,0.823777
23,int8,0,14,14,Ghana_135389,0.823717
23,int8,0,15,15,Mekong_1395593,0.816846
23,int8,0,16,16,Nigeria_600295,0.818607
23,int8,0,17,17,India_979278,0.831317
23,int8,0,18,18,USA_806273,0.817777
23,int8,0,19,19,Ghana_144050,0.87888
23,int8,0,20,20,Paraguay_246154,0.825047
23,int8,0,21,21,Somalia_970508,0.818097
23,int8,0,22,22,USA_655230,0.815516
23,int8,0,23,23,Sri-Lanka_956740,0.818406
23,int8,0,24,24,Spain_2594119,0.816456
23,int8,0,25,25,India_773682,0.819197
23,int8,0,26,26,Paraguay_822142,0.827126
23,int8,0,27,27,India_91379,0.820957
23,int8,0,28,28,Paraguay_48673,0.812487
23,int8,0,29,29,USA_181503,0.816606
23,int8,0,30,30,India_652725,0.833327
23,int8,0,31,31,Paraguay_792268,0.816486
23,int8,0,32,32,Sri-Lanka_883641,0.815426
23,int8,0,33,33,USA_605492,0.818457
23,int8,0,34,34,India_287642,0.828477
23,int8,0,35,35,Sri-Lanka_847275,0.816537
23,int8,0,36,36,Spain_2523247,0.870529
23,int8,0,37,37,Paraguay_212687,0.820247
23,int8,0,38,38,Sri-Lanka_249079,0.857879
23,int8,0,39,39,Nigeria_143329,0.851189
23,int8,0,40,40,India_747970,0.815977
23,int8,0,41,41,Ghana_128663,0.820456
23,int8,0,42,42,Ghana_103272,0.833787
23,int8,0,43,43,USA_217598,0.820387
23,int8,0,44,44,Pakistan_211386,0.819987
23,int8,0,45,45,India_324254,0.819926
23,int8,0,46,46,Pakistan_65724,0.832467
23,int8,0,47,47,Somalia_295782,0.817186
23,int8,0,48,48,USA_354981,0.870539
23,int8,0,49,49,USA_58086,0.874139
23,int8,0,50,50,Ghana_154838,0.848478
23,int8,0,51,51,USA_170264,0.818377
23,int8,0,52,52,Paraguay_1029042,0.815397
23,int8,0,53,53,Spain_8154154,0.820957
23,int8,0,54,54,Pakistan_246718,0.830257
23,int8,0,55,55,USA_1068362,0.816397
23,int8,0,56,56,Ghana_45911,0.817737
23,int8,0,57,57,Mekong_846007,0.816707
23,int8,0,58,58,Paraguay_482517,0.818306
23,int8,0,59,59,India_179238,0.813606
23,int8,0,60,60,India_534470,0.825837
23,int8,0,61,61,Somalia_93023,0.815276
23,int8,0,62,62,Ghana_8090,0.827787
23,int8,0,63,63,Sri-Lanka_52223,0.827937
23,int8,1,0,63,Sri-Lanka_52223,0.858728
23,int8,1,1,62,Ghana_8090,0.818086
23,int8,1,2,61,Somalia_93023,0.839258
23,int8,1,3,60,India_534470,0.831937
23,int8,1,4,59,India_179238,0.819407
23,int8,1,5,58,Paraguay_482517,0.825637
23,int8,1,6,57,Mekong_846007,0.830807
23,int8,1,7,56,Ghana_45911,0.826647
23,int8,1,8,55,USA_1068362,0.819917
23,int8,1,9,54,Pakistan_246718,0.924681
23,int8,1,10,53,Spain_8154154,0.832927
23,int8,1,11,52,Paraguay_1029042,0.88668
23,int8,1,12,51,USA_170264,0.830377
23,int8,1,13,50,Ghana_154838,0.814476
23,int8,1,14,49,USA_58086,0.818806
23,int8,1,15,48,USA_354981,0.825357
23,int8,1,16,47,Somalia_295782,0.823257
23,int8,1,17,46,Pakistan_65724,0.829557
23,int8,1,18,45,India_324254,0.827807
23,int8,1,19,44,Pakistan_211386,0.88345
23,int8,1,20,43,USA_217598,0.821606
23,int8,1,21,42,Ghana_103272,0.815046
23,int8,1,22,41,Ghana_128663,0.880919
23,int8,1,23,40,India_747970,0.803295
23,int8,1,24,39,Nigeria_143329,0.821587
23,int8,1,25,38,Sri-Lanka_249079,0.817967
23,int8,1,26,37,Paraguay_212687,0.815766
23,int8,1,27,36,Spain_2523247,0.837918
23,int8,1,28,35,Sri-Lanka_847275,0.814296
23,int8,1,29,34,India_287642,0.868769
23,int8,1,30,33,USA_605492,0.921282
23,int8,1,31,32,Sri-Lanka_883641,0.813086
23,int8,1,32,31,Paraguay_792268,0.815366
23,int8,1,33,30,India_652725,0.813026
23,int8,1,34,29,USA_181503,0.868189
23,int8,1,35,28,Paraguay_48673,0.828737
23,int8,1,36,27,India_91379,0.804956
23,int8,1,37,26,Paraguay_822142,0.869939
23,int8,1,38,25,India_773682,0.814156
23,int8,1,39,24,Spain_2594119,0.89454
23,int8,1,40,23,Sri-Lanka_956740,0.821236
23,int8,1,41,22,USA_655230,0.870329
23,int8,1,42,21,Somalia_970508,0.815846
23,int8,1,43,20,Paraguay_246154,0.828227
23,int8,1,44,19,Ghana_144050,0.869709
23,int8,1,45,18,USA_806273,0.799335
23,int8,1,46,17,India_979278,0.815226
23,int8,1,47,16,Nigeria_600295,0.830077
23,int8,1,48,15,Mekong_1395593,0.819307
23,int8,1,49,14,Ghana_135389,0.820617
23,int8,1,50,13,Sri-Lanka_551926,0.818397
23,int8,1,51,12,Paraguay_721886,0.850738
23,int8,1,52,11,Paraguay_1056717,0.815356
23,int8,1,53,10,USA_438959,0.816917
23,int8,1,54,9,Somalia_205466,0.822436
23,int8,1,55,8,Mekong_52610,0.832447
23,int8,1,56,7,Ghana_147015,0.818697
23,int8,1,57,6,India_56450,0.870809
23,int8,1,58,5,Mekong_342411,0.814767
23,int8,1,59,4,Sri-Lanka_748447,0.870389
23,int8,1,60,3,USA_224165,0.818886
23,int8,1,61,2,Paraguay_191503,0.816217
23,int8,1,62,1,Paraguay_36015,0.872099
23,int8,1,63,0,Spain_7786924,0.816606
23,int8,2,0,0,Spain_7786924,0.813757
23,int8,2,1,1,Paraguay_36015,0.799906
23,int8,2,2,2,Paraguay_191503,0.816416
23,int8,2,3,3,USA_224165,0.821837
23,int8,2,4,4,Sri-Lanka_748447,0.815977
23,int8,2,5,5,Mekong_342411,0.825907
23,int8,2,6,6,India_56450,0.816837
23,int8,2,7,7,Ghana_147015,0.821277
23,int8,2,8,8,Mekong_52610,0.813667
23,int8,2,9,9,Somalia_205466,0.872999
23,int8,2,10,10,USA_438959,0.822417
23,int8,2,11,11,Paraguay_1056717,0.813657
23,int8,2,12,12,Paraguay_721886,0.830698
23,int8,2,13,13,Sri-Lanka_551926,0.872219
23,int8,2,14,14,Ghana_135389,0.823647
23,int8,2,15,15,Mekong_1395593,0.815776
23,int8,2,16,16,Nigeria_600295,0.826527
23,int8,2,17,17,India_979278,0.867329
23,int8,2,18,18,USA_806273,0.815906
23,int8,2,19,19,Ghana_144050,0.822407
23,int8,2,20,20,Paraguay_246154,0.808286
23,int8,2,21,21,Somalia_970508,0.799516
23,int8,2,22,22,USA_655230,0.816796
23,int8,2,23,23,Sri-Lanka_956740,0.815446
23,int8,2,24,24,Spain_2594119,0.837918
23,int8,2,25,25,India_773682,0.820087
23,int8,2,26,26,Paraguay_822142,0.868919
23,int8,2,27,27,India_91379,0.864259
23,int8,2,28,28,Paraguay_48673,0.826867
23,int8,2,29,29,USA_181503,0.868209
23,int8,2,30,30,India_652725,0.813897
23,int8,2,31,31,Paraguay_792268,0.814477
23,int8,2,32,32,Sri-Lanka_883641,0.839788
23,int8,2,33,33,USA_605492,0.815996
23,int8,2,34,34,India_287642,0.866899
23,int8,2,35,35,Sri-Lanka_847275,0.814766
23,int8,2,36,36,Spain_2523247,0.825847
23,int8,2,37,37,Paraguay_212687,0.817797
23,int8,2,38,38,Sri-Lanka_249079,0.816206
23,int8,2,39,39,Nigeria_143329,0.812116
23,int8,2,40,40,India_747970,0.831267
23,int8,2,41,41,Ghana_128663,0.814576
23,int8,2,42,42,Ghana_103272,0.818997
23,int8,2,43,43,USA_217598,0.922921
23,int8,2,44,44,Pakistan_211386,0.834847
23,int8,2,45,45,India_324254,0.857348
23,int8,2,46,46,Pakistan_65724,0.816566
23,int8,2,47,47,Somalia_295782,0.809836
23,int8,2,48,48,USA_354981,0.831608
23,int8,2,49,49,USA_58086,0.816277
23,int8,2,50,50,Ghana_154838,0.815397
23,int8,2,51,51,USA_170264,0.812536
23,int8,2,52,52,Paraguay_1029042,0.817727
23,int8,2,53,53,Spain_8154154,0.870719
23,int8,2,54,54,Pakistan_246718,0.810497
23,int8,2,55,55,USA_1068362,0.813436
23,int8,2,56,56,Ghana_45911,0.816776
23,int8,2,57,57,Mekong_846007,0.816507
23,int8,2,58,58,Paraguay_482517,0.822877
23,int8,2,59,59,India_179238,0.813616
23,int8,2,60,60,India_534470,0.831017
23,int8,2,61,61,Somalia_93023,0.816647
23,int8,2,62,62,Ghana_8090,0.865428
23,int8,2,63,63,Sri-Lanka_52223,0.87792
