configuration,sample_id,sample_index,valid_pixels,miou,background_iou,water_iou,pixel_accuracy,confusion_matrix
Early-9,Spain_7786924,0,50170,0.5369687843506267,0.985408890397014,0.0885286783042394,0.9854295395654774,"[[49368, 51], [680, 71]]"
Early-9,Paraguay_36015,1,50176,0.5,1.0,0.0,1.0,"[[50176, 0], [0, 0]]"
Early-9,Paraguay_191503,2,50176,0.49985052614795916,0.9997010522959183,0.0,0.9997010522959183,"[[50161, 0], [15, 0]]"
Early-9,USA_224165,3,50176,0.49960140306122447,0.9992028061224489,0.0,0.9992028061224489,"[[50136, 0], [40, 0]]"
Early-9,Sri-Lanka_748447,4,47650,0.6746200604142907,0.996298944357993,0.35294117647058826,0.9963064008394543,"[[47378, 39], [137, 96]]"
Early-9,Mekong_342411,5,50176,0.8493071520547295,0.962782922376438,0.7358313817330211,0.9662786989795918,"[[43771, 914], [778, 4713]]"
Early-9,India_56450,6,34673,0.4996106480546823,0.9992212961093646,0.0,0.9992212961093646,"[[34646, 12], [15, 0]]"
Early-9,Ghana_147015,7,50176,0.4932338169642857,0.9864676339285714,0.0,0.9864676339285714,"[[49497, 0], [679, 0]]"
Early-9,Mekong_52610,8,50176,0.8093517452330974,0.6923524844720497,0.9263510059941452,0.9368223852040817,"[[7134, 2648], [522, 39872]]"
Early-9,Somalia_205466,9,45941,0.49980409655862956,0.9996081931172591,0.0,0.9996081931172591,"[[45923, 0], [18, 0]]"
Early-9,USA_438959,10,49735,0.8308721824174023,0.9908863766691243,0.6708579881656804,0.9910525786669347,"[[48383, 119], [326, 907]]"
Early-9,Paraguay_1056717,11,50176,0.6102749388507289,0.9814373058033476,0.2391125718981101,0.9815449617346939,"[[48959, 262], [664, 291]]"
Early-9,Paraguay_721886,12,50176,0.5972675259999464,0.9648172389487464,0.22971781305114639,0.9651825573979592,"[[47908, 202], [1545, 521]]"
Early-9,Sri-Lanka_551926,13,50176,0.8343201319372106,0.9728642790618914,0.6957759848125297,0.9744499362244898,"[[45962, 495], [787, 2932]]"
Early-9,Ghana_135389,14,4620,0.49577922077922076,0.9915584415584415,0.0,0.9915584415584415,"[[4581, 0], [39, 0]]"
Early-9,Mekong_1395593,15,50099,0.8658833632687968,0.9780603659445758,0.7537063605930177,0.9794407073993493,"[[45917, 493], [537, 3152]]"
Early-9,Nigeria_600295,16,34764,0.9179017477666116,0.923056954467577,0.9127465410656461,0.9573696927856403,"[[17779, 1011], [471, 15503]]"
Early-9,India_979278,17,20756,0.5518347810966236,0.9529246016323358,0.15074496056091147,0.9533147041819233,"[[19615, 104], [865, 172]]"
Early-9,USA_806273,18,50172,0.5688997350031804,0.9804960992198439,0.15730337078651685,0.9805668500358766,"[[49015, 36], [939, 182]]"
Early-9,Ghana_144050,19,4465,0.5,1.0,0.0,1.0,"[[4465, 0], [0, 0]]"
Early-9,Paraguay_246154,20,50176,0.4999302455357143,0.9998604910714286,0.0,0.9998604910714286,"[[50169, 0], [7, 0]]"
Early-9,Somalia_970508,21,41544,0.7608021262865099,0.9074237737516571,0.6141804788213628,0.9193144617754669,"[[32856, 1369], [1983, 5336]]"
Early-9,USA_655230,22,50173,0.5693942269063432,0.9959313109555435,0.14285714285714285,0.99593406812429,"[[49935, 9], [195, 34]]"
Early-9,Sri-Lanka_956740,23,38764,0.8694922171515167,0.9896271078248843,0.7493573264781491,0.9899391187699927,"[[37208, 30], [360, 1166]]"
Early-9,Spain_2594119,24,50153,0.5779409443638546,0.9907113321747468,0.1651705565529623,0.9907283711841764,"[[49596, 7], [458, 92]]"
Early-9,India_773682,25,48369,0.632968833291426,0.9027429244768368,0.36319474210601516,0.9078542041390146,"[[41370, 1085], [3372, 2542]]"
Early-9,Paraguay_822142,26,50176,0.8418055219475609,0.9027427405936342,0.7808683033014875,0.9277742346938775,"[[33638, 1202], [2422, 12914]]"
Early-9,India_91379,27,50175,0.6600799864940542,0.915920534265911,0.40423943872219736,0.9204583956153463,"[[43476, 1032], [2959, 2708]]"
Early-9,Paraguay_48673,28,50176,0.49978077168367346,0.9995615433673469,0.0,0.9995615433673469,"[[50154, 0], [22, 0]]"
Early-9,USA_181503,29,50169,0.5493351378261192,0.9959917042236669,0.10267857142857142,0.9959935418286193,"[[49945, 2], [199, 23]]"
Early-9,India_652725,30,50164,0.565514958853726,0.9249263286251397,0.2061035890823125,0.9263615341679292,"[[45511, 496], [3198, 959]]"
Early-9,Paraguay_792268,31,50172,0.6265773210578399,0.9959082653040857,0.2572463768115942,0.9959140556485689,"[[49896, 10], [195, 71]]"
Early-9,Sri-Lanka_883641,32,50176,0.9436504863419687,0.9939924224980637,0.8933085501858736,0.9942801339285714,"[[47486, 105], [182, 2403]]"
Early-9,USA_605492,33,50169,0.5353500894558428,0.9892061211867281,0.08149405772495756,0.9892164484043932,"[[49580, 10], [531, 48]]"
Early-9,India_287642,34,22096,0.6108157888490872,0.8634260386732259,0.3582055390249485,0.8730992034757422,"[[17727, 947], [1857, 1565]]"
Early-9,Sri-Lanka_847275,35,44256,0.8440870285466648,0.9309994508511806,0.757174606242149,0.9432167389732465,"[[33907, 805], [1708, 7836]]"
Early-9,Spain_2523247,36,50154,0.5772118160208247,0.9918721917124314,0.16255144032921812,0.9918849942178092,"[[49668, 15], [392, 79]]"
Early-9,Paraguay_212687,37,50176,0.7728227556789509,0.9703559360683265,0.5752895752895753,0.9715003188775511,"[[46809, 438], [992, 1937]]"
Early-9,Sri-Lanka_249079,38,31599,0.499968353428906,0.999936706857812,0.0,0.999936706857812,"[[31597, 1], [1, 0]]"
Early-9,Nigeria_143329,39,47804,0.601427816430326,0.989847502779351,0.21300813008130082,0.9898753242406493,"[[47189, 77], [407, 131]]"
Early-9,India_747970,40,47190,0.5735733607879772,0.9821367812181014,0.16500994035785288,0.9821996185632549,"[[46184, 49], [791, 166]]"
Early-9,Ghana_128663,41,32332,0.5,1.0,0.0,1.0,"[[32332, 0], [0, 0]]"
Early-9,Ghana_103272,42,49616,0.7451055512759576,0.9969678593086719,0.49324324324324326,0.9969767816833279,"[[49320, 1], [149, 146]]"
Early-9,USA_217598,43,49372,0.8154946442619999,0.9328403613048158,0.6981489272191839,0.941869885765211,"[[39864, 870], [2000, 6638]]"
Early-9,Pakistan_211386,44,48891,0.49402101242461977,0.9730719649690001,0.014970059880239521,0.9730829805076598,"[[47555, 18], [1298, 20]]"
Early-9,India_324254,45,50176,0.5299470980749319,0.9851743954026658,0.074719800747198,0.9851921237244898,"[[49373, 41], [702, 60]]"
Early-9,Pakistan_65724,46,50176,0.5,1.0,0.0,1.0,"[[50176, 0], [0, 0]]"
Early-9,Somalia_295782,47,38867,0.7722297477120278,0.9604594954240556,0.584,0.9625389147605938,"[[35367, 379], [1077, 2044]]"
Early-9,USA_354981,48,50150,0.5910763984480418,0.9944695124386056,0.187683284457478,0.9944765702891326,"[[49809, 8], [269, 64]]"
Early-9,USA_58086,49,50170,0.8652195570777783,0.9827355011733154,0.7477036129822413,0.9835758421367351,"[[46904, 247], [577, 2442]]"
Early-9,Ghana_154838,50,8078,0.48712552612032683,0.9742510522406537,0.0,0.9742510522406537,"[[7870, 208], [0, 0]]"
Early-9,USA_170264,51,50144,0.8305433036574785,0.9404904306220095,0.7205961766929474,0.9484085832801532,"[[40885, 874], [1713, 6672]]"
Early-9,Paraguay_1029042,52,42684,0.8893366324252805,0.9390145895153313,0.8396586753352295,0.9537765907600038,"[[30379, 571], [1402, 10332]]"
Early-9,Spain_8154154,53,50174,0.6618841746929238,0.9857664819722155,0.33800186741363214,0.9858691752700602,"[[49103, 220], [489, 362]]"
Early-9,Pakistan_246718,54,45021,0.7409473030256994,0.9698441796516957,0.5120504263997033,0.9707691965971436,"[[42324, 149], [1167, 1381]]"
Early-9,USA_1068362,55,50174,0.7947098480448597,0.9471961597207069,0.6422235363690124,0.9517678478893451,"[[43410, 840], [1580, 4344]]"
Early-9,Ghana_45911,56,5550,0.5,1.0,0.0,1.0,"[[5550, 0], [0, 0]]"
Early-9,Mekong_846007,57,31411,0.8290784025107356,0.9818596352101506,0.6762971698113207,0.9825220464168604,"[[29715, 274], [275, 1147]]"
Early-9,Paraguay_482517,58,49665,0.9370971860476727,0.9769186102777508,0.8972757618175945,0.9807913017215343,"[[40378, 233], [721, 8333]]"
Early-9,India_179238,59,36810,0.5102677157939163,0.9402495972036374,0.08028583438419504,0.9405596305351807,"[[34431, 156], [2032, 191]]"
Early-9,India_534470,60,47987,0.5706194917147425,0.9735822177529173,0.16765676567656765,0.9737220497217997,"[[46472, 96], [1165, 254]]"
Early-9,Somalia_93023,61,35873,0.5,1.0,0.0,1.0,"[[35873, 0], [0, 0]]"
Early-9,Ghana_8090,62,37263,0.49989265491237955,0.9997853098247591,0.0,0.9997853098247591,"[[37255, 8], [0, 0]]"
Early-9,Sri-Lanka_52223,63,50176,0.5,1.0,0.0,1.0,"[[50176, 0], [0, 0]]"
Late-9,Spain_7786924,0,50170,0.5468940316686967,0.9853836784409257,0.10840438489646773,0.9854096073350608,"[[49349, 70], [662, 89]]"
Late-9,Paraguay_36015,1,50176,0.5,1.0,0.0,1.0,"[[50176, 0], [0, 0]]"
Late-9,Paraguay_191503,2,50176,0.49985052614795916,0.9997010522959183,0.0,0.9997010522959183,"[[50161, 0], [15, 0]]"
Late-9,USA_224165,3,50176,0.49960140306122447,0.9992028061224489,0.0,0.9992028061224489,"[[50136, 0], [40, 0]]"
Late-9,Sri-Lanka_748447,4,47650,0.6881447903831923,0.9963612653541982,0.37992831541218636,0.9963693599160546,"[[47371, 46], [127, 106]]"
Late-9,Mekong_342411,5,50176,0.8488778528387999,0.9629238917825982,0.7348318138950015,0.9663783482142857,"[[43814, 871], [816, 4675]]"
Late-9,India_56450,6,34673,0.4995241254001673,0.9990482508003345,0.0,0.9990482508003345,"[[34640, 18], [15, 0]]"
Late-9,Ghana_147015,7,50176,0.4932338169642857,0.9864676339285714,0.0,0.9864676339285714,"[[49497, 0], [679, 0]]"
Late-9,Mekong_52610,8,50176,0.8080821971886922,0.6903769745130343,0.9257874198643501,0.9363241390306123,"[[7124, 2658], [537, 39857]]"
Late-9,Somalia_205466,9,45941,0.49980409655862956,0.9996081931172591,0.0,0.9996081931172591,"[[45923, 0], [18, 0]]"
Late-9,USA_438959,10,49735,0.8354818135942873,0.9911716509627202,0.6797919762258544,0.9913340705740424,"[[48389, 113], [318, 915]]"
Late-9,Paraguay_1056717,11,50176,0.5974166799149171,0.9813312501251928,0.21350210970464134,0.9814253826530612,"[[48991, 230], [702, 253]]"
Late-9,Paraguay_721886,12,50176,0.5980190764687376,0.9648956738902763,0.23114247904719895,0.9652622767857143,"[[47909, 201], [1542, 524]]"
Late-9,Sri-Lanka_551926,13,50176,0.8279455440465395,0.9721735088423588,0.6837175792507204,0.9737523915816326,"[[46012, 445], [872, 2847]]"
Late-9,Ghana_135389,14,4620,0.49577922077922076,0.9915584415584415,0.0,0.9915584415584415,"[[4581, 0], [39, 0]]"
Late-9,Mekong_1395593,15,50099,0.8642699578477102,0.9778799684911967,0.7506599472042237,0.9792610630950718,"[[45932, 478], [561, 3128]]"
Late-9,Nigeria_600295,16,34764,0.9198528649961788,0.9250168647190078,0.9146888652733499,0.9584340121965251,"[[17826, 964], [481, 15493]]"
Late-9,India_979278,17,20756,0.5608086448169828,0.9533605680381286,0.16825672159583693,0.9537964925804586,"[[19603, 116], [843, 194]]"
Late-9,USA_806273,18,50172,0.571311371362974,0.9805537772087067,0.16206896551724137,0.9806266443434585,"[[49012, 39], [933, 188]]"
Late-9,Ghana_144050,19,4465,0.5,1.0,0.0,1.0,"[[4465, 0], [0, 0]]"
Late-9,Paraguay_246154,20,50176,0.4999302455357143,0.9998604910714286,0.0,0.9998604910714286,"[[50169, 0], [7, 0]]"
Late-9,Somalia_970508,21,41544,0.7605062143511236,0.9085649742417147,0.6124474544605325,0.920108800308107,"[[32980, 1245], [2074, 5245]]"
Late-9,USA_655230,22,50173,0.5636337716140398,0.9959116110246898,0.13135593220338984,0.9959141370856835,"[[49937, 7], [198, 31]]"
Late-9,Sri-Lanka_956740,23,38764,0.8671578431437049,0.9894703254626676,0.7448453608247423,0.9897843359818388,"[[37212, 26], [370, 1156]]"
Late-9,Spain_2594119,24,50153,0.5859365399769186,0.9908694957244466,0.18100358422939067,0.990887883077782,"[[49595, 8], [449, 101]]"
Late-9,India_773682,25,48369,0.6272752858985469,0.9023057327614361,0.35224483903565756,0.9072339721722591,"[[41442, 1013], [3474, 2440]]"
Late-9,Paraguay_822142,26,50176,0.8441580656157426,0.903794402583423,0.7845217286480622,0.9287507971938775,"[[33585, 1255], [2320, 13016]]"
Late-9,India_91379,27,50175,0.6596530230862505,0.9165052631578947,0.40280078301460626,0.9209566517189836,"[[43534, 974], [2992, 2675]]"
Late-9,Paraguay_48673,28,50176,0.49978077168367346,0.9995615433673469,0.0,0.9995615433673469,"[[50154, 0], [22, 0]]"
Late-9,USA_181503,29,50169,0.5315586737243908,0.9958527734577501,0.06726457399103139,0.9958540134345911,"[[49946, 1], [207, 15]]"
Late-9,India_652725,30,50164,0.5663261594867766,0.9248907409289562,0.2077615780445969,0.9263415995534646,"[[45500, 507], [3188, 969]]"
Late-9,Paraguay_792268,31,50172,0.617469659973031,0.9958088851634534,0.2391304347826087,0.9958143984692657,"[[49896, 10], [200, 66]]"
Late-9,Sri-Lanka_883641,32,50176,0.9412854389391287,0.9937649077290036,0.8888059701492538,0.9940609056122449,"[[47496, 95], [203, 2382]]"
Late-9,USA_605492,33,50169,0.5314186674238454,0.9892071978613893,0.07363013698630137,0.9892164484043932,"[[49585, 5], [536, 43]]"
Late-9,India_287642,34,22096,0.6099624651690185,0.860148394025188,0.35977653631284917,0.8703385228095583,"[[17621, 1053], [1812, 1610]]"
Late-9,Sri-Lanka_847275,35,44256,0.8454749899396725,0.9319173458467112,0.759032634032634,0.9439398047722343,"[[33960, 752], [1729, 7815]]"
Late-9,Spain_2523247,36,50154,0.5792892377129392,0.9919118087592116,0.16666666666666666,0.9919248713961,"[[49668, 15], [390, 81]]"
Late-9,Paraguay_212687,37,50176,0.7645880854860054,0.9699157890380915,0.5592603819339194,0.9710220025510204,"[[46877, 370], [1084, 1845]]"
Late-9,Sri-Lanka_249079,38,31599,0.49995253014335894,0.9999050602867179,0.0,0.9999050602867179,"[[31596, 2], [1, 0]]"
Late-9,Nigeria_143329,39,47804,0.5989576490907119,0.9897852168806108,0.208130081300813,0.9898125679859426,"[[47189, 77], [410, 128]]"
Late-9,India_747970,40,47190,0.5780435177726984,0.9823035201531426,0.17378351539225423,0.9823691460055096,"[[46183, 50], [782, 175]]"
Late-9,Ghana_128663,41,32332,0.5,1.0,0.0,1.0,"[[32332, 0], [0, 0]]"
Late-9,Ghana_103272,42,49616,0.7118519063943751,0.9965851687209537,0.4271186440677966,0.9965938406965495,"[[49321, 0], [169, 126]]"
Late-9,USA_217598,43,49372,0.8151034048133403,0.9330512634703944,0.6971555461562864,0.9419914121364336,"[[39915, 819], [2045, 6593]]"
Late-9,Pakistan_211386,44,48891,0.48880912735236315,0.9730796767924721,0.0045385779122541605,0.9730829805076598,"[[47569, 4], [1312, 6]]"
Late-9,India_324254,45,50176,0.5339441868578352,0.9851723243329542,0.08271604938271605,0.9851921237244898,"[[49366, 48], [695, 67]]"
Late-9,Pakistan_65724,46,50176,0.5,1.0,0.0,1.0,"[[50176, 0], [0, 0]]"
Late-9,Somalia_295782,47,38867,0.766554910564625,0.9598687599989154,0.5732410611303345,0.9619214243445596,"[[35399, 347], [1133, 1988]]"
Late-9,USA_354981,48,50150,0.5966796909209248,0.9945289724851244,0.19883040935672514,0.9945363908275174,"[[49808, 9], [265, 68]]"
Late-9,USA_58086,49,50170,0.8623242095832008,0.9823866968249979,0.7422617223414036,0.9832369942196532,"[[46907, 244], [597, 2422]]"
Late-9,Ghana_154838,50,8078,0.4987620698192622,0.9975241396385244,0.0,0.9975241396385244,"[[8058, 20], [0, 0]]"
Late-9,USA_170264,51,50144,0.8319617250122929,0.9409395355260433,0.7229839144985426,0.9488273771537971,"[[40881, 878], [1688, 6697]]"
Late-9,Paraguay_1029042,52,42684,0.8871519339750005,0.9377529270025641,0.8365509409474368,0.9527926154999532,"[[30356, 594], [1421, 10313]]"
Late-9,Spain_8154154,53,50174,0.6616901935829061,0.9857059685611612,0.33767441860465114,0.985809383345956,"[[49099, 224], [488, 363]]"
Late-9,Pakistan_246718,54,45021,0.7351131707734819,0.9692959358900973,0.5009304056568664,0.970213900179916,"[[42334, 139], [1202, 1346]]"
Late-9,USA_1068362,55,50174,0.7938242354196777,0.9473328537483923,0.6403156170909632,0.9518475704548173,"[[43457, 793], [1623, 4301]]"
Late-9,Ghana_45911,56,5550,0.5,1.0,0.0,1.0,"[[5550, 0], [0, 0]]"
Late-9,Mekong_846007,57,31411,0.8293792873545816,0.981754478746612,0.6770040959625512,0.982426538473783,"[[29702, 287], [265, 1157]]"
Late-9,Paraguay_482517,58,49665,0.9356605226220851,0.9764592145015105,0.8948618307426598,0.9803886036444176,"[[40401, 210], [764, 8290]]"
Late-9,India_179238,59,36810,0.5068466023689904,0.9390663390663391,0.07462686567164178,0.9393643031784841,"[[34398, 189], [2043, 180]]"
Late-9,India_534470,60,47987,0.5679617537794822,0.9734400201085022,0.16248348745046234,0.9735761768812387,"[[46473, 95], [1173, 246]]"
Late-9,Somalia_93023,61,35873,0.4999721238814707,0.9999442477629414,0.0,0.9999442477629414,"[[35871, 2], [0, 0]]"
Late-9,Ghana_8090,62,37263,0.4999060730483321,0.9998121460966642,0.0,0.9998121460966642,"[[37256, 7], [0, 0]]"
Late-9,Sri-Lanka_52223,63,50176,0.5,1.0,0.0,1.0,"[[50176, 0], [0, 0]]"
Legacy-M5,Spain_7786924,0,50170,0.5393656157777834,0.9854476494660146,0.09328358208955224,0.9854694040263106,"[[49366, 53], [676, 75]]"
Legacy-M5,Paraguay_36015,1,50176,0.5,1.0,0.0,1.0,"[[50176, 0], [0, 0]]"
Legacy-M5,Paraguay_191503,2,50176,0.49985052614795916,0.9997010522959183,0.0,0.9997010522959183,"[[50161, 0], [15, 0]]"
Legacy-M5,USA_224165,3,50176,0.49960140306122447,0.9992028061224489,0.0,0.9992028061224489,"[[50136, 0], [40, 0]]"
Legacy-M5,Sri-Lanka_748447,4,47650,0.683397593176773,0.9964248159831756,0.37037037037037035,0.9964323189926547,"[[47380, 37], [133, 100]]"
Legacy-M5,Mekong_342411,5,50176,0.8492602139869811,0.9626361535922544,0.7358842743817079,0.9661591198979592,"[[43747, 938], [760, 4731]]"
Legacy-M5,India_56450,6,34673,0.4996106480546823,0.9992212961093646,0.0,0.9992212961093646,"[[34646, 12], [15, 0]]"
Legacy-M5,Ghana_147015,7,50176,0.4932338169642857,0.9864676339285714,0.0,0.9864676339285714,"[[49497, 0], [679, 0]]"
Legacy-M5,Mekong_52610,8,50176,0.8083668376383117,0.6908086096567772,0.9259250656198462,0.9364437181122449,"[[7125, 2657], [532, 39862]]"
Legacy-M5,Somalia_205466,9,45941,0.49980409655862956,0.9996081931172591,0.0,0.9996081931172591,"[[45923, 0], [18, 0]]"
Legacy-M5,USA_438959,10,49735,0.8327912314483013,0.9910087045570917,0.6745737583395107,0.9911732180556951,"[[48386, 116], [323, 910]]"
Legacy-M5,Paraguay_1056717,11,50176,0.6005218893829326,0.9812269594486296,0.21981681931723562,0.9813257334183674,"[[48975, 246], [691, 264]]"
Legacy-M5,Paraguay_721886,12,50176,0.597714387914533,0.9647949730121647,0.2306338028169014,0.9651626275510204,"[[47904, 206], [1542, 524]]"
Legacy-M5,Sri-Lanka_551926,13,50176,0.8366657196496599,0.9731893265565439,0.7001421127427759,0.9747688137755102,"[[45954, 503], [763, 2956]]"
Legacy-M5,Ghana_135389,14,4620,0.49577922077922076,0.9915584415584415,0.0,0.9915584415584415,"[[4581, 0], [39, 0]]"
Legacy-M5,Mekong_1395593,15,50099,0.8650413178338955,0.9778218074907324,0.7522608281770585,0.9792211421385656,"[[45897, 513], [528, 3161]]"
Legacy-M5,Nigeria_600295,16,34764,0.9179647746856197,0.9230369485007536,0.9128926008704858,0.9573984581751237,"[[17762, 1028], [453, 15521]]"
Legacy-M5,India_979278,17,20756,0.5633909321060635,0.9537383859512575,0.17304347826086958,0.954181923299287,"[[19606, 113], [838, 199]]"
Legacy-M5,USA_806273,18,50172,0.5687440076453599,0.9804560912182436,0.15703192407247626,0.9805269871641553,"[[49013, 38], [939, 182]]"
Legacy-M5,Ghana_144050,19,4465,0.5,1.0,0.0,1.0,"[[4465, 0], [0, 0]]"
Legacy-M5,Paraguay_246154,20,50176,0.4999302455357143,0.9998604910714286,0.0,0.9998604910714286,"[[50169, 0], [7, 0]]"
Legacy-M5,Somalia_970508,21,41544,0.7601859053271316,0.9076664183839555,0.6127053922703078,0.9194348160985942,"[[32902, 1323], [2024, 5295]]"
Legacy-M5,USA_655230,22,50173,0.5690853903136728,0.9959113664014041,0.14225941422594143,0.9959141370856835,"[[49934, 10], [195, 34]]"
Legacy-M5,Sri-Lanka_956740,23,38764,0.8665639742848398,0.9893899909588896,0.74373795761079,0.9897069445877619,"[[37207, 31], [368, 1158]]"
Legacy-M5,Spain_2594119,24,50153,0.5815711919650378,0.9907904988313323,0.17235188509874327,0.9908081271309792,"[[49596, 7], [454, 96]]"
Legacy-M5,India_773682,25,48369,0.6304741045521087,0.9026963402140507,0.35825186889016675,0.9077094833467717,"[[41413, 1042], [3422, 2492]]"
Legacy-M5,Paraguay_822142,26,50176,0.8433606243215837,0.903420090342009,0.7833011583011583,0.9284119897959183,"[[33600, 1240], [2352, 12984]]"
Legacy-M5,India_91379,27,50175,0.6617150459536558,0.9163768940591347,0.40705319784817695,0.9209167912306926,"[[43483, 1025], [2943, 2724]]"
Legacy-M5,Paraguay_48673,28,50176,0.49978077168367346,0.9995615433673469,0.0,0.9995615433673469,"[[50154, 0], [22, 0]]"
Legacy-M5,USA_181503,29,50169,0.5490969923379289,0.9959717624536354,0.10222222222222223,0.995973609200901,"[[49944, 3], [199, 23]]"
Legacy-M5,India_652725,30,50164,0.564661628637064,0.9246072872848463,0.20471596998928188,0.9260425803364963,"[[45499, 508], [3202, 955]]"
Legacy-M5,Paraguay_792268,31,50172,0.6320419224696406,0.9959679029102958,0.26811594202898553,0.9959738499561508,"[[49896, 10], [192, 74]]"
Legacy-M5,Sri-Lanka_883641,32,50176,0.944239940390973,0.9940768957073192,0.8944029850746269,0.9943598533163265,"[[47496, 95], [188, 2397]]"
Legacy-M5,USA_605492,33,50169,0.5345691546639805,0.9892063365388453,0.07993197278911565,0.9892164484043932,"[[49581, 9], [532, 47]]"
Legacy-M5,India_287642,34,22096,0.6104795695849768,0.8632932352797935,0.3576659038901602,0.872963432295438,"[[17726, 948], [1859, 1563]]"
Legacy-M5,Sri-Lanka_847275,35,44256,0.8428441345778297,0.9306732483203072,0.7550150208353522,0.9428778018799711,"[[33937, 775], [1753, 7791]]"
Legacy-M5,Spain_2523247,36,50154,0.5746112875508409,0.9918726786213506,0.15734989648033126,0.9918849942178092,"[[49671, 12], [395, 76]]"
Legacy-M5,Paraguay_212687,37,50176,0.7733582892851822,0.9707406025943885,0.5759759759759759,0.9718590561224489,"[[46846, 401], [1011, 1918]]"
Legacy-M5,Sri-Lanka_249079,38,31599,0.499968353428906,0.999936706857812,0.0,0.999936706857812,"[[31597, 1], [1, 0]]"
Legacy-M5,Nigeria_143329,39,47804,0.597017112807916,0.9897858596027601,0.2042483660130719,0.9898125679859426,"[[47192, 74], [413, 125]]"
Legacy-M5,India_747970,40,47190,0.5788619882188081,0.9823027673196776,0.17542120911793854,0.9823691460055096,"[[46181, 52], [780, 177]]"
Legacy-M5,Ghana_128663,41,32332,0.5,1.0,0.0,1.0,"[[32332, 0], [0, 0]]"
Legacy-M5,Ghana_103272,42,49616,0.751039383443459,0.9970282618364129,0.5050505050505051,0.9970372460496614,"[[49319, 2], [145, 150]]"
Legacy-M5,USA_217598,43,49372,0.8162694713838183,0.9329586699449713,0.6995802728226652,0.9420116665316374,"[[39842, 892], [1971, 6667]]"
Legacy-M5,Pakistan_211386,44,48891,0.4917582588355316,0.973013892014649,0.010502625656414103,0.9730216195209752,"[[47558, 15], [1304, 14]]"
Legacy-M5,India_324254,45,50176,0.5292589345905705,0.9851347846040266,0.07338308457711443,0.9851522640306123,"[[49372, 42], [703, 59]]"
Legacy-M5,Pakistan_65724,46,50176,0.5,1.0,0.0,1.0,"[[50176, 0], [0, 0]]"
Legacy-M5,Somalia_295782,47,38867,0.769657787329892,0.9602170963364993,0.5790984783232845,0.9622816270872463,"[[35384, 362], [1104, 2017]]"
Legacy-M5,USA_354981,48,50150,0.590792024851758,0.9944495467795392,0.1871345029239766,0.994456630109671,"[[49808, 9], [269, 64]]"
Legacy-M5,USA_58086,49,50170,0.8650364108574027,0.9827593430534607,0.7473134786613448,0.9835957743671517,"[[46913, 238], [585, 2434]]"
Legacy-M5,Ghana_154838,50,8078,0.48440207972270366,0.9688041594454073,0.0,0.9688041594454073,"[[7826, 252], [0, 0]]"
Legacy-M5,USA_170264,51,50144,0.8322607438509895,0.9409109749919403,0.7236105127100387,0.9488273771537971,"[[40860, 899], [1667, 6718]]"
Legacy-M5,Paraguay_1029042,52,42684,0.8891445936569151,0.9388411353657783,0.8394480519480519,0.953659450848093,"[[30364, 586], [1392, 10342]]"
Legacy-M5,Spain_8154154,53,50174,0.6614839029474039,0.985867994218725,0.3370998116760829,0.9859688284769004,"[[49112, 211], [493, 358]]"
Legacy-M5,Pakistan_246718,54,45021,0.7446620744789918,0.9702430077945896,0.5190811411633939,0.9711690100175474,"[[42322, 151], [1147, 1401]]"
Legacy-M5,USA_1068362,55,50174,0.7946431411513568,0.9469548133595285,0.6423314689431852,0.9515685414756647,"[[43380, 870], [1560, 4364]]"
Legacy-M5,Ghana_45911,56,5550,0.5,1.0,0.0,1.0,"[[5550, 0], [0, 0]]"
Legacy-M5,Mekong_846007,57,31411,0.8321583615821753,0.9819432502149613,0.6823734729493892,0.9826175543599376,"[[29692, 297], [249, 1173]]"
Legacy-M5,Paraguay_482517,58,49665,0.9376016192392114,0.9771099496709252,0.8980932888074976,0.9809523809523809,"[[40382, 229], [717, 8337]]"
Legacy-M5,India_179238,59,36810,0.5109983678980956,0.9403812540965698,0.08161548169962138,0.9406954631893507,"[[34433, 154], [2029, 194]]"
Legacy-M5,India_534470,60,47987,0.5677926989512435,0.9735668056050102,0.16201859229747675,0.9737012107445766,"[[46481, 87], [1175, 244]]"
Legacy-M5,Somalia_93023,61,35873,0.5,1.0,0.0,1.0,"[[35873, 0], [0, 0]]"
Legacy-M5,Ghana_8090,62,37263,0.49989265491237955,0.9997853098247591,0.0,0.9997853098247591,"[[37255, 8], [0, 0]]"
Legacy-M5,Sri-Lanka_52223,63,50176,0.5,1.0,0.0,1.0,"[[50176, 0], [0, 0]]"
M0-R,Spain_7786924,0,50170,0.5482093049080015,0.9854430000599054,0.11097560975609756,0.9854694040263106,"[[49350, 69], [660, 91]]"
M0-R,Paraguay_36015,1,50176,0.5,1.0,0.0,1.0,"[[50176, 0], [0, 0]]"
M0-R,Paraguay_191503,2,50176,0.49985052614795916,0.9997010522959183,0.0,0.9997010522959183,"[[50161, 0], [15, 0]]"
M0-R,USA_224165,3,50176,0.49960140306122447,0.9992028061224489,0.0,0.9992028061224489,"[[50136, 0], [40, 0]]"
M0-R,Sri-Lanka_748447,4,47650,0.6834115142109292,0.9963194312995562,0.37050359712230213,0.9963273871983211,"[[47372, 45], [130, 103]]"
M0-R,Mekong_342411,5,50176,0.8486381076630689,0.9628840152946864,0.7343922000314514,0.9663384885204082,"[[43817, 868], [821, 4670]]"
M0-R,India_56450,6,34673,0.49953854584258645,0.9990770916851729,0.0,0.9990770916851729,"[[34641, 17], [15, 0]]"
M0-R,Ghana_147015,7,50176,0.4932338169642857,0.9864676339285714,0.0,0.9864676339285714,"[[49497, 0], [679, 0]]"
M0-R,Mekong_52610,8,50176,0.8082120479388413,0.690623789228981,0.9258003066487014,0.9363440688775511,"[[7130, 2652], [542, 39852]]"
M0-R,Somalia_205466,9,45941,0.49980409655862956,0.9996081931172591,0.0,0.9996081931172591,"[[45923, 0], [18, 0]]"
M0-R,USA_438959,10,49735,0.8362183897950313,0.9911914126515896,0.6812453669384729,0.9913541771388358,"[[48386, 116], [314, 919]]"
M0-R,Paraguay_1056717,11,50176,0.6020622264831973,0.981527488379548,0.22259696458684655,0.9816246811224489,"[[48990, 231], [691, 264]]"
M0-R,Paraguay_721886,12,50176,0.5976669891603923,0.9648359615733189,0.23049801674746584,0.965202487244898,"[[47907, 203], [1543, 523]]"
M0-R,Sri-Lanka_551926,13,50176,0.8278936959126652,0.972106586649198,0.6836808051761323,0.9736926020408163,"[[46003, 454], [866, 2853]]"
M0-R,Ghana_135389,14,4620,0.49577922077922076,0.9915584415584415,0.0,0.9915584415584415,"[[4581, 0], [39, 0]]"
M0-R,Mekong_1395593,15,50099,0.8645723030894592,0.9779438376870835,0.7512007684918348,0.979320944529831,"[[45935, 475], [561, 3128]]"
M0-R,Nigeria_600295,16,34764,0.9190732211145434,0.9241400810558038,0.914006361173283,0.9580025313542745,"[[17786, 1004], [456, 15518]]"
M0-R,India_979278,17,20756,0.5557836079581061,0.9528508238953969,0.15871639202081528,0.9532665253420698,"[[19603, 116], [854, 183]]"
M0-R,USA_806273,18,50172,0.5717522147185216,0.9805733949542844,0.1629310344827586,0.9806465757793191,"[[49012, 39], [932, 189]]"
M0-R,Ghana_144050,19,4465,0.5,1.0,0.0,1.0,"[[4465, 0], [0, 0]]"
M0-R,Paraguay_246154,20,50176,0.4999302455357143,0.9998604910714286,0.0,0.9998604910714286,"[[50169, 0], [7, 0]]"
M0-R,Somalia_970508,21,41544,0.7601436809735691,0.9085075325676829,0.6117798293794554,0.9200365877142307,"[[32987, 1238], [2084, 5235]]"
M0-R,USA_655230,22,50173,0.5636337716140398,0.9959116110246898,0.13135593220338984,0.9959141370856835,"[[49937, 7], [198, 31]]"
M0-R,Sri-Lanka_956740,23,38764,0.8671507525287379,0.989442893232283,0.7448586118251928,0.9897585388504798,"[[37208, 30], [367, 1159]]"
M0-R,Spain_2594119,24,50153,0.5841246292713547,0.9908299037039997,0.1774193548387097,0.9908480051043806,"[[49595, 8], [451, 99]]"
M0-R,India_773682,25,48369,0.6265497328785495,0.9024331853399495,0.3506662804171495,0.9073166697678265,"[[41465, 990], [3493, 2421]]"
M0-R,Paraguay_822142,26,50176,0.8439042913655959,0.9036484959371468,0.7841600867940449,0.9286312181122449,"[[33585, 1255], [2326, 13010]]"
M0-R,India_91379,27,50175,0.658699035189251,0.9167017337148629,0.40069633666363913,0.921096163428002,"[[43569, 939], [3020, 2647]]"
M0-R,Paraguay_48673,28,50176,0.49978077168367346,0.9995615433673469,0.0,0.9995615433673469,"[[50154, 0], [22, 0]]"
M0-R,USA_181503,29,50169,0.5315586737243908,0.9958527734577501,0.06726457399103139,0.9958540134345911,"[[49946, 1], [207, 15]]"
M0-R,India_652725,30,50164,0.5658725007850938,0.9248780487804878,0.20686695278969958,0.926321664939,"[[45504, 503], [3193, 964]]"
M0-R,Paraguay_792268,31,50172,0.6156481289460843,0.9957890115153571,0.23550724637681159,0.9957944670334051,"[[49896, 10], [201, 65]]"
M0-R,Sri-Lanka_883641,32,50176,0.9404766230520127,0.9936818761898785,0.8872713699141471,0.9939811862244898,"[[47497, 94], [208, 2377]]"
M0-R,USA_605492,33,50169,0.5314917899175382,0.9892271475880781,0.07375643224699828,0.9892363810321114,"[[49586, 4], [536, 43]]"
M0-R,India_287642,34,22096,0.6095705064068638,0.8609051892313695,0.3582358235823582,0.8709268645908762,"[[17652, 1022], [1830, 1592]]"
M0-R,Sri-Lanka_847275,35,44256,0.8451108182542546,0.9318356374807988,0.7583859990277103,0.9438494215473608,"[[33971, 741], [1744, 7800]]"
M0-R,Spain_2523247,36,50154,0.5773893798477542,0.9918921617573639,0.16288659793814433,0.9919049328069546,"[[49669, 14], [392, 79]]"
M0-R,Paraguay_212687,37,50176,0.7646453676029223,0.9699584135063001,0.5593323216995447,0.971061862244898,"[[46881, 366], [1086, 1843]]"
M0-R,Sri-Lanka_249079,38,31599,0.49995253014335894,0.9999050602867179,0.0,0.9999050602867179,"[[31596, 2], [1, 0]]"
M0-R,Nigeria_143329,39,47804,0.598599348275087,0.9897432670526051,0.20745542949756887,0.9897707304828048,"[[47187, 79], [410, 128]]"
M0-R,India_747970,40,47190,0.5800714054605361,0.9823871008912808,0.17775571002979146,0.982453909726637,"[[46183, 50], [778, 179]]"
M0-R,Ghana_128663,41,32332,0.5,1.0,0.0,1.0,"[[32332, 0], [0, 0]]"
M0-R,Ghana_103272,42,49616,0.7084419395978394,0.9965448961448314,0.42033898305084744,0.9965535311189939,"[[49321, 0], [171, 124]]"
M0-R,USA_217598,43,49372,0.8149995123271481,0.9330902802122041,0.6969087444420919,0.9420116665316374,"[[39926, 808], [2055, 6583]]"
M0-R,Pakistan_211386,44,48891,0.48879718400605615,0.9730592206198221,0.0045351473922902496,0.9730625268454317,"[[47568, 5], [1312, 6]]"
M0-R,India_324254,45,50176,0.5332568595698588,0.9851327080423069,0.08138101109741061,0.9851522640306123,"[[49365, 49], [696, 66]]"
M0-R,Pakistan_65724,46,50176,0.5,1.0,0.0,1.0,"[[50176, 0], [0, 0]]"
M0-R,Somalia_295782,47,38867,0.7656812789024041,0.9597690243175102,0.5715935334872979,0.9618185092752206,"[[35403, 343], [1141, 1980]]"
M0-R,USA_354981,48,50150,0.5952077738089274,0.9945091148693169,0.195906432748538,0.9945164506480558,"[[49808, 9], [266, 67]]"
M0-R,USA_58086,49,50170,0.8616360966486536,0.9823268280425497,0.7409453652547575,0.9831771975284034,"[[46912, 239], [605, 2414]]"
M0-R,Ghana_154838,50,8078,0.49907155236444667,0.9981431047288933,0.0,0.9981431047288933,"[[8063, 15], [0, 0]]"
M0-R,USA_170264,51,50144,0.8314515064932643,0.9408489589324744,0.7220540540540541,0.9487276643267389,"[[40894, 865], [1706, 6679]]"
M0-R,Paraguay_1029042,52,42684,0.8871389170873061,0.9378049533691557,0.8364728808054563,0.9528160434823353,"[[30368, 582], [1432, 10302]]"
M0-R,Spain_8154154,53,50174,0.6612151830417252,0.9856861800369389,0.33674418604651163,0.9857894527045881,"[[49099, 224], [489, 362]]"
M0-R,Pakistan_246718,54,45021,0.7319683186060677,0.9689645701730294,0.4949720670391061,0.9698807223295796,"[[42336, 137], [1219, 1329]]"
M0-R,USA_1068362,55,50174,0.7936686938373156,0.947242206235012,0.6400951814396193,0.9517678478893451,"[[43450, 800], [1620, 4304]]"
M0-R,Ghana_45911,56,5550,0.5,1.0,0.0,1.0,"[[5550, 0], [0, 0]]"
M0-R,Mekong_846007,57,31411,0.8294055052221823,0.9817887361184559,0.6770222743259086,0.9824583744548089,"[[29705, 284], [267, 1155]]"
M0-R,Paraguay_482517,58,49665,0.9356389524073339,0.9764614901278427,0.894816414686825,0.9803886036444176,"[[40405, 206], [768, 8286]]"
M0-R,India_179238,59,36810,0.5057551386042006,0.9391309094879353,0.0723793677204659,0.9394186362401521,"[[34406, 181], [2049, 174]]"
M0-R,India_534470,60,47987,0.5669404176966719,0.9733788538873994,0.16050198150594452,0.9735136599495696,"[[46473, 95], [1176, 243]]"
M0-R,Somalia_93023,61,35873,0.4999721238814707,0.9999442477629414,0.0,0.9999442477629414,"[[35871, 2], [0, 0]]"
M0-R,Ghana_8090,62,37263,0.4999060730483321,0.9998121460966642,0.0,0.9998121460966642,"[[37256, 7], [0, 0]]"
M0-R,Sri-Lanka_52223,63,50176,0.5,1.0,0.0,1.0,"[[50176, 0], [0, 0]]"
M1-R,Spain_7786924,0,50170,0.5399973423098903,0.9854673214357009,0.0945273631840796,0.9854893362567271,"[[49366, 53], [675, 76]]"
M1-R,Paraguay_36015,1,50176,0.5,1.0,0.0,1.0,"[[50176, 0], [0, 0]]"
M1-R,Paraguay_191503,2,50176,0.49985052614795916,0.9997010522959183,0.0,0.9997010522959183,"[[50161, 0], [15, 0]]"
M1-R,USA_224165,3,50176,0.49960140306122447,0.9992028061224489,0.0,0.9992028061224489,"[[50136, 0], [40, 0]]"
M1-R,Sri-Lanka_748447,4,47650,0.681331045400446,0.9963617245005257,0.3663003663003663,0.9963693599160546,"[[47377, 40], [133, 100]]"
M1-R,Mekong_342411,5,50176,0.8489701118160573,0.9626231960577262,0.7353170275743885,0.9661391900510204,"[[43757, 928], [771, 4720]]"
M1-R,India_56450,6,34673,0.49959622761226313,0.9991924552245263,0.0,0.9991924552245263,"[[34645, 13], [15, 0]]"
M1-R,Ghana_147015,7,50176,0.4932338169642857,0.9864676339285714,0.0,0.9864676339285714,"[[49497, 0], [679, 0]]"
M1-R,Mekong_52610,8,50176,0.8085838203335578,0.6910679611650485,0.926099679502067,0.9365832270408163,"[[7118, 2664], [518, 39876]]"
M1-R,Somalia_205466,9,45941,0.49980409655862956,0.9996081931172591,0.0,0.9996081931172591,"[[45923, 0], [18, 0]]"
M1-R,USA_438959,10,49735,0.8310090770284508,0.9909070429457905,0.6711111111111111,0.9910726852317282,"[[48385, 117], [327, 906]]"
M1-R,Paraguay_1056717,11,50176,0.6008271720164049,0.9812870652348132,0.22036727879799667,0.9813855229591837,"[[48978, 243], [691, 264]]"
M1-R,Paraguay_721886,12,50176,0.5978832736442294,0.9647942639624579,0.2309722833260009,0.9651626275510204,"[[47903, 207], [1541, 525]]"
M1-R,Sri-Lanka_551926,13,50176,0.8371688654862439,0.9731584856894689,0.7011792452830189,0.9747488839285714,"[[45936, 521], [746, 2973]]"
M1-R,Ghana_135389,14,4620,0.49577922077922076,0.9915584415584415,0.0,0.9915584415584415,"[[4581, 0], [39, 0]]"
M1-R,Mekong_1395593,15,50099,0.8654295410014163,0.9778843080856504,0.7529747739171823,0.9792810235733248,"[[45897, 513], [525, 3164]]"
M1-R,Nigeria_600295,16,34764,0.9178074218710977,0.9228730315472169,0.9127418121949785,0.9573121620066736,"[[17757, 1033], [451, 15523]]"
M1-R,India_979278,17,20756,0.5616571361304953,0.953601478527309,0.16971279373368145,0.9540373867797264,"[[19607, 112], [842, 195]]"
M1-R,USA_806273,18,50172,0.5683027949344945,0.9804364785661419,0.15616911130284727,0.9805070557282947,"[[49013, 38], [940, 181]]"
M1-R,Ghana_144050,19,4465,0.5,1.0,0.0,1.0,"[[4465, 0], [0, 0]]"
M1-R,Paraguay_246154,20,50176,0.4999302455357143,0.9998604910714286,0.0,0.9998604910714286,"[[50169, 0], [7, 0]]"
M1-R,Somalia_970508,21,41544,0.7596559057882717,0.9077300545845509,0.6115817569919926,0.9194348160985942,"[[32927, 1298], [2049, 5270]]"
M1-R,USA_655230,22,50173,0.5690853903136728,0.9959113664014041,0.14225941422594143,0.9959141370856835,"[[49934, 10], [195, 34]]"
M1-R,Sri-Lanka_956740,23,38764,0.8700668408764067,0.9896526041389584,0.7504810776138551,0.9899649159013517,"[[37205, 33], [356, 1170]]"
M1-R,Spain_2594119,24,50153,0.5832186745118004,0.9908101088802318,0.17562724014336917,0.9908280661176799,"[[49595, 8], [452, 98]]"
M1-R,India_773682,25,48369,0.6298890815090904,0.9028413300213536,0.3569368329968272,0.9078128553412309,"[[41435, 1020], [3439, 2475]]"
M1-R,Paraguay_822142,26,50176,0.8433815699656932,0.9034097020544262,0.7833534378769602,0.9284119897959183,"[[33596, 1244], [2348, 12988]]"
M1-R,India_91379,27,50175,0.660648940075145,0.9165789141148225,0.40471896603546736,0.921056302939711,"[[43521, 987], [2974, 2693]]"
M1-R,Paraguay_48673,28,50176,0.49978077168367346,0.9995615433673469,0.0,0.9995615433673469,"[[50154, 0], [22, 0]]"
M1-R,USA_181503,29,50169,0.5490969923379289,0.9959717624536354,0.10222222222222223,0.995973609200901,"[[49944, 3], [199, 23]]"
M1-R,India_652725,30,50164,0.5642502298980593,0.9246774357411358,0.20382302405498282,0.92610238417989,"[[45508, 499], [3208, 949]]"
M1-R,Paraguay_792268,31,50172,0.6315479782370237,0.9959479420336141,0.26714801444043323,0.9959539185202902,"[[49895, 11], [192, 74]]"
M1-R,Sri-Lanka_883641,32,50176,0.9436291776863547,0.9940146077056694,0.89324374766704,0.9943000637755102,"[[47497, 94], [192, 2393]]"
M1-R,USA_605492,33,50169,0.5352710508366364,0.9891861694698829,0.08135593220338982,0.9891965157766749,"[[49579, 11], [531, 48]]"
M1-R,India_287642,34,22096,0.6099579764822527,0.8629036185652365,0.35701233439926905,0.872601375814627,"[[17718, 956], [1859, 1563]]"
M1-R,Sri-Lanka_847275,35,44256,0.8435215399645941,0.9309171719388735,0.7561259079903148,0.9431037599421548,"[[33931, 781], [1737, 7807]]"
M1-R,Spain_2523247,36,50154,0.5744387515805921,0.9918527097727545,0.15702479338842976,0.9918650556286637,"[[49670, 13], [395, 76]]"
M1-R,Paraguay_212687,37,50176,0.7749947855386002,0.9709631287695082,0.5790264423076923,0.9720782844387755,"[[46848, 399], [1002, 1927]]"
M1-R,Sri-Lanka_249079,38,31599,0.499968353428906,0.999936706857812,0.0,0.999936706857812,"[[31597, 1], [1, 0]]"
M1-R,Nigeria_143329,39,47804,0.5976660690150423,0.9897856453710306,0.20554649265905384,0.9898125679859426,"[[47191, 75], [412, 126]]"
M1-R,India_747970,40,47190,0.5805783784937051,0.9824079982982344,0.17874875868917578,0.9824751006569188,"[[46183, 50], [777, 180]]"
M1-R,Ghana_128663,41,32332,0.5,1.0,0.0,1.0,"[[32332, 0], [0, 0]]"
M1-R,Ghana_103272,42,49616,0.751039383443459,0.9970282618364129,0.5050505050505051,0.9970372460496614,"[[49319, 2], [145, 150]]"
M1-R,USA_217598,43,49372,0.8163802595870611,0.9331179624037269,0.6996425567703953,0.9421331929028599,"[[39860, 874], [1983, 6655]]"
M1-R,Pakistan_211386,44,48891,0.49326787590032134,0.9730526057332269,0.01348314606741573,0.9730625268454317,"[[47556, 17], [1300, 18]]"
M1-R,India_324254,45,50176,0.5292033783803044,0.9851148312947703,0.07329192546583851,0.9851323341836735,"[[49371, 43], [703, 59]]"
M1-R,Pakistan_65724,46,50176,0.5,1.0,0.0,1.0,"[[50176, 0], [0, 0]]"
M1-R,Somalia_295782,47,38867,0.7708355713652726,0.9603691639522258,0.5813019787783195,0.9624359996912548,"[[35380, 366], [1094, 2027]]"
M1-R,USA_354981,48,50150,0.5896001953668066,0.9944496575957833,0.18475073313782991,0.994456630109671,"[[49809, 8], [270, 63]]"
M1-R,USA_58086,49,50170,0.8646700768197344,0.9827185320178471,0.7466216216216216,0.9835559099063185,"[[46914, 237], [588, 2431]]"
M1-R,Ghana_154838,50,8078,0.4831022530329289,0.9662045060658578,0.0,0.9662045060658578,"[[7805, 273], [0, 0]]"
M1-R,USA_170264,51,50144,0.8321313656596504,0.9408676429953026,0.7233950883239982,0.9487874920229739,"[[40860, 899], [1669, 6716]]"
M1-R,Paraguay_1029042,52,42684,0.8888691114393072,0.9386960150864068,0.8390422077922078,0.9535423109361821,"[[30364, 586], [1397, 10337]]"
M1-R,Spain_8154154,53,50174,0.6610031982593013,0.9858482044282072,0.3361581920903955,0.9859488978355323,"[[49112, 211], [494, 357]]"
M1-R,Pakistan_246718,54,45021,0.7417669750182982,0.9699802924057015,0.5135536576308949,0.9709024677372782,"[[42328, 145], [1165, 1383]]"
M1-R,USA_1068362,55,50174,0.7947662783581799,0.9470226141622282,0.6425099425541316,0.9516283333997688,"[[43385, 865], [1562, 4362]]"
M1-R,Ghana_45911,56,5550,0.5,1.0,0.0,1.0,"[[5550, 0], [0, 0]]"
M1-R,Mekong_846007,57,31411,0.8321892228142228,0.9819775132275133,0.6824009324009324,0.9826493903409633,"[[29695, 294], [251, 1171]]"
M1-R,Paraguay_482517,58,49665,0.9374702537795923,0.97706266634406,0.8978778412151244,0.9809121111446693,"[[40382, 229], [719, 8335]]"
M1-R,India_179238,59,36810,0.5104601171945101,0.9402479654814572,0.08067226890756303,0.9405596305351807,"[[34430, 157], [2031, 192]]"
M1-R,India_534470,60,47987,0.5676643140875124,0.9735249146471734,0.16180371352785147,0.9736595327901306,"[[46479, 89], [1175, 244]]"
M1-R,Somalia_93023,61,35873,0.5,1.0,0.0,1.0,"[[35873, 0], [0, 0]]"
M1-R,Ghana_8090,62,37263,0.49989265491237955,0.9997853098247591,0.0,0.9997853098247591,"[[37255, 8], [0, 0]]"
M1-R,Sri-Lanka_52223,63,50176,0.5,1.0,0.0,1.0,"[[50176, 0], [0, 0]]"
M2-R,Spain_7786924,0,50170,0.5381021638916025,0.9854083078827075,0.09079601990049752,0.9854295395654774,"[[49366, 53], [678, 73]]"
M2-R,Paraguay_36015,1,50176,0.5,1.0,0.0,1.0,"[[50176, 0], [0, 0]]"
M2-R,Paraguay_191503,2,50176,0.49985052614795916,0.9997010522959183,0.0,0.9997010522959183,"[[50161, 0], [15, 0]]"
M2-R,USA_224165,3,50176,0.49960140306122447,0.9992028061224489,0.0,0.9992028061224489,"[[50136, 0], [40, 0]]"
M2-R,Sri-Lanka_748447,4,47650,0.6827037377629297,0.996403785488959,0.36900369003690037,0.996411332633788,"[[47379, 38], [133, 100]]"
M2-R,Mekong_342411,5,50176,0.8489903146139879,0.9626223737762623,0.7353582554517134,0.9661391900510204,"[[43756, 929], [770, 4721]]"
M2-R,India_56450,6,34673,0.49958180716984396,0.9991636143396879,0.0,0.9991636143396879,"[[34644, 14], [15, 0]]"
M2-R,Ghana_147015,7,50176,0.4932338169642857,0.9864676339285714,0.0,0.9864676339285714,"[[49497, 0], [679, 0]]"
M2-R,Mekong_52610,8,50176,0.8088323046050173,0.6915089762251334,0.9261556329849012,0.9366430165816326,"[[7126, 2656], [523, 39871]]"
M2-R,Somalia_205466,9,45941,0.49980409655862956,0.9996081931172591,0.0,0.9996081931172591,"[[45923, 0], [18, 0]]"
M2-R,USA_438959,10,49735,0.8317701120130104,0.9909476314334282,0.6725925925925926,0.991112898361315,"[[48385, 117], [325, 908]]"
M2-R,Paraguay_1056717,11,50176,0.6005218893829326,0.9812269594486296,0.21981681931723562,0.9813257334183674,"[[48975, 246], [691, 264]]"
M2-R,Paraguay_721886,12,50176,0.5982960902529157,0.9648741188318227,0.23171806167400882,0.9652423469387755,"[[47906, 204], [1540, 526]]"
M2-R,Sri-Lanka_551926,13,50176,0.8368767818534655,0.9731859194306773,0.7005676442762535,0.9747688137755102,"[[45948, 509], [757, 2962]]"
M2-R,Ghana_135389,14,4620,0.49577922077922076,0.9915584415584415,0.0,0.9915584415584415,"[[4581, 0], [39, 0]]"
M2-R,Mekong_1395593,15,50099,0.8652250902376473,0.97788760598185,0.7525625744934445,0.9792810235733248,"[[45904, 506], [532, 3157]]"
M2-R,Nigeria_600295,16,34764,0.9181794807962342,0.9232208764360347,0.9131380851564338,0.9575135197330572,"[[17760, 1030], [447, 15527]]"
M2-R,India_979278,17,20756,0.5575320722337659,0.953184248906174,0.1618798955613577,0.9536037772210445,"[[19607, 112], [851, 186]]"
M2-R,USA_806273,18,50172,0.5683027949344945,0.9804364785661419,0.15616911130284727,0.9805070557282947,"[[49013, 38], [940, 181]]"
M2-R,Ghana_144050,19,4465,0.5,1.0,0.0,1.0,"[[4465, 0], [0, 0]]"
M2-R,Paraguay_246154,20,50176,0.4999302455357143,0.9998604910714286,0.0,0.9998604910714286,"[[50169, 0], [7, 0]]"
M2-R,Somalia_970508,21,41544,0.7602141597524354,0.9075959495626742,0.6128323699421966,0.9193866743693433,"[[32894, 1331], [2018, 5301]]"
M2-R,USA_655230,22,50173,0.5690853903136728,0.9959113664014041,0.14225941422594143,0.9959141370856835,"[[49934, 10], [195, 34]]"
M2-R,Sri-Lanka_956740,23,38764,0.8662296895730561,0.98936368229319,0.7430956968529223,0.9896811474564029,"[[37207, 31], [369, 1157]]"
M2-R,Spain_2594119,24,50153,0.5815711919650378,0.9907904988313323,0.17235188509874327,0.9908081271309792,"[[49596, 7], [454, 96]]"
M2-R,India_773682,25,48369,0.6298001294664591,0.902962962962963,0.35663729596995525,0.9079162273356902,"[[41446, 1009], [3445, 2469]]"
M2-R,Paraguay_822142,26,50176,0.8435137126019652,0.903479991394148,0.7835474338097823,0.9284717793367347,"[[33595, 1245], [2344, 12992]]"
M2-R,India_91379,27,50175,0.6607423580537444,0.9165297611525338,0.404954954954955,0.92101644245142,"[[43515, 993], [2970, 2697]]"
M2-R,Paraguay_48673,28,50176,0.49978077168367346,0.9995615433673469,0.0,0.9995615433673469,"[[50154, 0], [22, 0]]"
M2-R,USA_181503,29,50169,0.5490969923379289,0.9959717624536354,0.10222222222222223,0.995973609200901,"[[49944, 3], [199, 23]]"
M2-R,India_652725,30,50164,0.5643578490774055,0.924800877763329,0.20391482039148204,0.9262219918666773,"[[45515, 492], [3209, 948]]"
M2-R,Paraguay_792268,31,50172,0.6315479782370237,0.9959479420336141,0.26714801444043323,0.9959539185202902,"[[49895, 11], [192, 74]]"
M2-R,Sri-Lanka_883641,32,50176,0.9430380652063206,0.9939522035742686,0.8921239268383725,0.9942402742346939,"[[47497, 94], [195, 2390]]"
M2-R,USA_605492,33,50169,0.5328487392083958,0.9891668661718938,0.07653061224489796,0.9891765831489565,"[[49581, 9], [534, 45]]"
M2-R,India_287642,34,22096,0.6100631001327684,0.8632778264680105,0.3568483737975263,0.8729181752353367,"[[17730, 944], [1864, 1558]]"
M2-R,Sri-Lanka_847275,35,44256,0.8427019757193144,0.9306979549317397,0.7547059965068892,0.9428778018799711,"[[33950, 762], [1766, 7778]]"
M2-R,Spain_2523247,36,50154,0.5744387515805921,0.9918527097727545,0.15702479338842976,0.9918650556286637,"[[49670, 13], [395, 76]]"
M2-R,Paraguay_212687,37,50176,0.7745874327598811,0.9709886648569119,0.5781862006628502,0.9720982142857143,"[[46857, 390], [1010, 1919]]"
M2-R,Sri-Lanka_249079,38,31599,0.499968353428906,0.999936706857812,0.0,0.999936706857812,"[[31597, 1], [1, 0]]"
M2-R,Nigeria_143329,39,47804,0.5999623365997722,0.9898269533298374,0.21009771986970685,0.9898544054890804,"[[47190, 76], [409, 129]]"
M2-R,India_747970,40,47190,0.5799725971766824,0.9823658292739997,0.1775793650793651,0.9824327187963552,"[[46182, 51], [778, 179]]"
M2-R,Ghana_128663,41,32332,0.5,1.0,0.0,1.0,"[[32332, 0], [0, 0]]"
M2-R,Ghana_103272,42,49616,0.751039383443459,0.9970282618364129,0.5050505050505051,0.9970372460496614,"[[49319, 2], [145, 150]]"
M2-R,USA_217598,43,49372,0.8164922385619426,0.9331632175297313,0.6998212595941541,0.9421737016932674,"[[39861, 873], [1982, 6656]]"
M2-R,Pakistan_211386,44,48891,0.4936835012894654,0.9731134391880831,0.014253563390847712,0.9731238878321163,"[[47558, 15], [1299, 19]]"
M2-R,India_324254,45,50176,0.5292033783803044,0.9851148312947703,0.07329192546583851,0.9851323341836735,"[[49371, 43], [703, 59]]"
M2-R,Pakistan_65724,46,50176,0.5,1.0,0.0,1.0,"[[50176, 0], [0, 0]]"
M2-R,Somalia_295782,47,38867,0.769970955010186,0.9602692140686062,0.5796726959517657,0.9623330846219158,"[[35384, 362], [1102, 2019]]"
M2-R,USA_354981,48,50150,0.5896001953668066,0.9944496575957833,0.18475073313782991,0.994456630109671,"[[49809, 8], [270, 63]]"
M2-R,USA_58086,49,50170,0.8647952388578333,0.9827394792517649,0.7468509984639017,0.9835758421367351,"[[46915, 236], [588, 2431]]"
M2-R,Ghana_154838,50,8078,0.48681604357514235,0.9736320871502847,0.0,0.9736320871502847,"[[7865, 213], [0, 0]]"
M2-R,USA_170264,51,50144,0.832016215028601,0.940822952405075,0.7232094776521271,0.9487476068921507,"[[40859, 900], [1670, 6715]]"
M2-R,Paraguay_1029042,52,42684,0.8891718411906342,0.9388796141717678,0.8394640682095006,0.9536828788304751,"[[30369, 581], [1396, 10338]]"
M2-R,Spain_8154154,53,50174,0.661509453210649,0.9859084248348957,0.3371104815864023,0.9860086897596365,"[[49115, 208], [494, 357]]"
M2-R,Pakistan_246718,54,45021,0.7431088673633031,0.9700887024685416,0.5161290322580645,0.9710135270207236,"[[42324, 149], [1156, 1392]]"
M2-R,USA_1068362,55,50174,0.7945083845131493,0.9470341757234516,0.641982593302847,0.9516283333997688,"[[43395, 855], [1572, 4352]]"
M2-R,Ghana_45911,56,5550,0.5,1.0,0.0,1.0,"[[5550, 0], [0, 0]]"
M2-R,Mekong_846007,57,31411,0.8317891457885978,0.9819456385159712,0.6816326530612244,0.9826175543599376,"[[29696, 293], [253, 1169]]"
M2-R,Paraguay_482517,58,49665,0.9373888809287836,0.9770406928920501,0.8977370689655172,0.9808919762408135,"[[40385, 226], [723, 8331]]"
M2-R,India_179238,59,36810,0.5100142733226551,0.940196613872201,0.07983193277310924,0.9405052974735126,"[[34430, 157], [2033, 190]]"
M2-R,India_534470,60,47987,0.5680060747605915,0.9735453060198568,0.16246684350132626,0.9736803717673537,"[[46479, 89], [1174, 245]]"
M2-R,Somalia_93023,61,35873,0.5,1.0,0.0,1.0,"[[35873, 0], [0, 0]]"
M2-R,Ghana_8090,62,37263,0.49989265491237955,0.9997853098247591,0.0,0.9997853098247591,"[[37255, 8], [0, 0]]"
M2-R,Sri-Lanka_52223,63,50176,0.5,1.0,0.0,1.0,"[[50176, 0], [0, 0]]"
M3-R,Spain_7786924,0,50170,0.5374704385374814,0.9853886382689928,0.08955223880597014,0.9854096073350608,"[[49366, 53], [679, 72]]"
M3-R,Paraguay_36015,1,50176,0.5,1.0,0.0,1.0,"[[50176, 0], [0, 0]]"
M3-R,Paraguay_191503,2,50176,0.49985052614795916,0.9997010522959183,0.0,0.9997010522959183,"[[50161, 0], [15, 0]]"
M3-R,USA_224165,3,50176,0.49960140306122447,0.9992028061224489,0.0,0.9992028061224489,"[[50136, 0], [40, 0]]"
M3-R,Sri-Lanka_748447,4,47650,0.6827037377629297,0.996403785488959,0.36900369003690037,0.996411332633788,"[[47379, 38], [133, 100]]"
M3-R,Mekong_342411,5,50176,0.8489094647589873,0.9626256626850569,0.7351932668329177,0.9661391900510204,"[[43760, 925], [774, 4717]]"
M3-R,India_56450,6,34673,0.4996106480546823,0.9992212961093646,0.0,0.9992212961093646,"[[34646, 12], [15, 0]]"
M3-R,Ghana_147015,7,50176,0.4932338169642857,0.9864676339285714,0.0,0.9864676339285714,"[[49497, 0], [679, 0]]"
M3-R,Mekong_52610,8,50176,0.8088125149758931,0.6915244375484872,0.9261005924032989,0.9366031568877551,"[[7131, 2651], [530, 39864]]"
M3-R,Somalia_205466,9,45941,0.49980409655862956,0.9996081931172591,0.0,0.9996081931172591,"[[45923, 0], [18, 0]]"
M3-R,USA_438959,10,49735,0.8318911915582465,0.9909474460328513,0.6728349370836417,0.991112898361315,"[[48384, 118], [324, 909]]"
M3-R,Paraguay_1056717,11,50176,0.6007055959377685,0.9813275098671689,0.2200836820083682,0.9814253826530612,"[[48981, 240], [692, 263]]"
M3-R,Paraguay_721886,12,50176,0.5980661093729385,0.9648546857062295,0.23127753303964757,0.9652224170918368,"[[47906, 204], [1541, 525]]"
M3-R,Sri-Lanka_551926,13,50176,0.8367491240700831,0.9730972101595102,0.7004010379806558,0.9746890943877551,"[[45937, 520], [750, 2969]]"
M3-R,Ghana_135389,14,4620,0.49577922077922076,0.9915584415584415,0.0,0.9915584415584415,"[[4581, 0], [39, 0]]"
M3-R,Mekong_1395593,15,50099,0.8653420034481041,0.9778857215901828,0.7527982853060252,0.9792810235733248,"[[45900, 510], [528, 3161]]"
M3-R,Nigeria_600295,16,34764,0.9175439201867521,0.9226091476091476,0.9124786927643567,0.9571683350592567,"[[17751, 1039], [450, 15524]]"
M3-R,India_979278,17,20756,0.5575320722337659,0.953184248906174,0.1618798955613577,0.9536037772210445,"[[19607, 112], [851, 186]]"
M3-R,USA_806273,18,50172,0.567938642203478,0.9804368698991839,0.15544041450777202,0.9805070557282947,"[[49014, 37], [941, 180]]"
M3-R,Ghana_144050,19,4465,0.5,1.0,0.0,1.0,"[[4465, 0], [0, 0]]"
M3-R,Paraguay_246154,20,50176,0.4999302455357143,0.9998604910714286,0.0,0.9998604910714286,"[[50169, 0], [7, 0]]"
M3-R,Somalia_970508,21,41544,0.7599959284737187,0.9075887561722435,0.6124031007751938,0.9193626035047179,"[[32901, 1324], [2026, 5293]]"
M3-R,USA_655230,22,50173,0.5690853903136728,0.9959113664014041,0.14225941422594143,0.9959141370856835,"[[49934, 10], [195, 34]]"
M3-R,Sri-Lanka_956740,23,38764,0.8682354083389567,0.9895215552777852,0.7469492614001284,0.9898359302445568,"[[37207, 31], [363, 1163]]"
M3-R,Spain_2594119,24,50153,0.5808269960802304,0.9907906828079428,0.17086330935251798,0.9908081271309792,"[[49597, 6], [455, 95]]"
M3-R,India_773682,25,48369,0.629855921812974,0.9030543331445253,0.3566575104814226,0.9079989249312577,"[[41452, 1003], [3447, 2467]]"
M3-R,Paraguay_822142,26,50176,0.8434927887186338,0.9034903732386791,0.7834952041985884,0.9284717793367347,"[[33599, 1241], [2348, 12988]]"
M3-R,India_91379,27,50175,0.6603097648156271,0.91650170576591,0.4041178238653442,0.920976581963129,"[[43521, 987], [2978, 2689]]"
M3-R,Paraguay_48673,28,50176,0.49978077168367346,0.9995615433673469,0.0,0.9995615433673469,"[[50154, 0], [22, 0]]"
M3-R,USA_181503,29,50169,0.5490969923379289,0.9959717624536354,0.10222222222222223,0.995973609200901,"[[49944, 3], [199, 23]]"
M3-R,India_652725,30,50164,0.5640822219692024,0.9248476229175132,0.20331682102089166,0.9262618610956064,"[[45521, 486], [3213, 944]]"
M3-R,Paraguay_792268,31,50172,0.6279179907333348,0.9959081836327345,0.259927797833935,0.9959140556485689,"[[49895, 11], [194, 72]]"
M3-R,Sri-Lanka_883641,32,50176,0.9428410285835631,0.9939314039383096,0.8917506532288167,0.9942203443877551,"[[47497, 94], [196, 2389]]"
M3-R,USA_605492,33,50169,0.5337089467393206,0.9891866009616344,0.0782312925170068,0.9891965157766749,"[[49581, 9], [533, 46]]"
M3-R,India_287642,34,22096,0.6101676808145304,0.8636518522124325,0.3566835094166284,0.8732349746560464,"[[17742, 932], [1869, 1553]]"
M3-R,Sri-Lanka_847275,35,44256,0.8416886337241308,0.9302956407375949,0.7530816267106668,0.9425162689804772,"[[33953, 759], [1785, 7759]]"
M3-R,Spain_2523247,36,50154,0.5744387515805921,0.9918527097727545,0.15702479338842976,0.9918650556286637,"[[49670, 13], [395, 76]]"
M3-R,Paraguay_212687,37,50176,0.7737123797852763,0.9708021634167063,0.5766225961538461,0.9719188456632653,"[[46848, 399], [1010, 1919]]"
M3-R,Sri-Lanka_249079,38,31599,0.499968353428906,0.999936706857812,0.0,0.999936706857812,"[[31597, 1], [1, 0]]"
M3-R,Nigeria_143329,39,47804,0.5991376235846032,0.9898061917946136,0.20846905537459284,0.9898334867375115,"[[47190, 76], [410, 128]]"
M3-R,India_747970,40,47190,0.5794661173979221,0.9823449332085425,0.1765873015873016,0.9824115278660733,"[[46182, 51], [779, 178]]"
M3-R,Ghana_128663,41,32332,0.5,1.0,0.0,1.0,"[[32332, 0], [0, 0]]"
M3-R,Ghana_103272,42,49616,0.7493458040489396,0.9970081064143773,0.5016835016835017,0.9970170912608836,"[[49319, 2], [146, 149]]"
M3-R,USA_217598,43,49372,0.8165451171835534,0.9331007352596825,0.6999894991074241,0.9421331929028599,"[[39849, 885], [1972, 6666]]"
M3-R,Pakistan_211386,44,48891,0.4917582588355316,0.973013892014649,0.010502625656414103,0.9730216195209752,"[[47558, 15], [1304, 14]]"
M3-R,India_324254,45,50176,0.5293146043240138,0.9851547379132829,0.07347447073474471,0.9851721938775511,"[[49373, 41], [703, 59]]"
M3-R,Pakistan_65724,46,50176,0.5,1.0,0.0,1.0,"[[50176, 0], [0, 0]]"
M3-R,Somalia_295782,47,38867,0.769657787329892,0.9602170963364993,0.5790984783232845,0.9622816270872463,"[[35384, 362], [1104, 2017]]"
M3-R,USA_354981,48,50150,0.5896001953668066,0.9944496575957833,0.18475073313782991,0.994456630109671,"[[49809, 8], [270, 63]]"
M3-R,USA_58086,49,50170,0.8647087933261963,0.9827181700113118,0.7466994166410807,0.9835559099063185,"[[46913, 238], [587, 2432]]"
M3-R,Ghana_154838,50,8078,0.4852067343401832,0.9704134686803664,0.0,0.9704134686803664,"[[7839, 239], [0, 0]]"
M3-R,USA_170264,51,50144,0.8326045439588328,0.9409894969596462,0.7242195909580194,0.9489071474154436,"[[40854, 905], [1657, 6728]]"
M3-R,Paraguay_1029042,52,42684,0.8891334506145315,0.938844917140737,0.839421984088326,0.953659450848093,"[[30366, 584], [1394, 10340]]"
M3-R,Spain_8154154,53,50174,0.6613404020980941,0.9858883513659995,0.33679245283018866,0.9859887591182684,"[[49114, 209], [494, 357]]"
M3-R,Pakistan_246718,54,45021,0.7435199484663131,0.9701567800495094,0.5168831168831168,0.971080162590791,"[[42326, 147], [1155, 1393]]"
M3-R,USA_1068362,55,50174,0.7944435397812322,0.9469882147533828,0.6418988648090815,0.9515884721170327,"[[43391, 859], [1570, 4354]]"
M3-R,Ghana_45911,56,5550,0.5,1.0,0.0,1.0,"[[5550, 0], [0, 0]]"
M3-R,Mekong_846007,57,31411,0.8317891457885978,0.9819456385159712,0.6816326530612244,0.9826175543599376,"[[29696, 293], [253, 1169]]"
M3-R,Paraguay_482517,58,49665,0.9372574857517535,0.976993419779369,0.897521551724138,0.9808517064331018,"[[40385, 226], [725, 8329]]"
M3-R,India_179238,59,36810,0.5087664999134734,0.9401245017200895,0.07740849810685739,0.9404237978810106,"[[34433, 154], [2039, 184]]"
M3-R,India_534470,60,47987,0.5670445103358551,0.9735050790658708,0.16058394160583941,0.9736386938129077,"[[46480, 88], [1177, 242]]"
M3-R,Somalia_93023,61,35873,0.5,1.0,0.0,1.0,"[[35873, 0], [0, 0]]"
M3-R,Ghana_8090,62,37263,0.49989265491237955,0.9997853098247591,0.0,0.9997853098247591,"[[37255, 8], [0, 0]]"
M3-R,Sri-Lanka_52223,63,50176,0.5,1.0,0.0,1.0,"[[50176, 0], [0, 0]]"
M4-R,Spain_7786924,0,50170,0.5374704385374814,0.9853886382689928,0.08955223880597014,0.9854096073350608,"[[49366, 53], [679, 72]]"
M4-R,Paraguay_36015,1,50176,0.5,1.0,0.0,1.0,"[[50176, 0], [0, 0]]"
M4-R,Paraguay_191503,2,50176,0.49985052614795916,0.9997010522959183,0.0,0.9997010522959183,"[[50161, 0], [15, 0]]"
M4-R,USA_224165,3,50176,0.49960140306122447,0.9992028061224489,0.0,0.9992028061224489,"[[50136, 0], [40, 0]]"
M4-R,Sri-Lanka_748447,4,47650,0.6827037377629297,0.996403785488959,0.36900369003690037,0.996411332633788,"[[47379, 38], [133, 100]]"
M4-R,Mekong_342411,5,50176,0.8492075949348528,0.9626630877208422,0.7357521021488633,0.966179049744898,"[[43754, 931], [766, 4725]]"
M4-R,India_56450,6,34673,0.49959622761226313,0.9991924552245263,0.0,0.9991924552245263,"[[34645, 13], [15, 0]]"
M4-R,Ghana_147015,7,50176,0.4932338169642857,0.9864676339285714,0.0,0.9864676339285714,"[[49497, 0], [679, 0]]"
M4-R,Mekong_52610,8,50176,0.8085896558964403,0.691166488897508,0.9260128228953726,0.9365234375,"[[7128, 2654], [531, 39863]]"
M4-R,Somalia_205466,9,45941,0.49980409655862956,0.9996081931172591,0.0,0.9996081931172591,"[[45923, 0], [18, 0]]"
M4-R,USA_438959,10,49735,0.8318739318944046,0.9909265934786171,0.672821270310192,0.9910927917965215,"[[48381, 121], [322, 911]]"
M4-R,Paraguay_1056717,11,50176,0.6006234973553454,0.9812469947106908,0.22,0.9813456632653061,"[[48976, 245], [691, 264]]"
M4-R,Paraguay_721886,12,50176,0.5983426531505901,0.9648331285625088,0.23185217773867137,0.965202487244898,"[[47903, 207], [1539, 527]]"
M4-R,Sri-Lanka_551926,13,50176,0.8373434276901095,0.9731556421882284,0.7015312131919906,0.9747488839285714,"[[45931, 526], [741, 2978]]"
M4-R,Ghana_135389,14,4620,0.49577922077922076,0.9915584415584415,0.0,0.9915584415584415,"[[4581, 0], [39, 0]]"
M4-R,Mekong_1395593,15,50099,0.8652417322547068,0.977864416890366,0.7526190476190476,0.9792610630950718,"[[45899, 511], [528, 3161]]"
M4-R,Nigeria_600295,16,34764,0.9177095951010827,0.9227128517189369,0.9127063384832286,0.9572546312277068,"[[17741, 1049], [437, 15537]]"
M4-R,India_979278,17,20756,0.556615416156243,0.9530915807894225,0.16013925152306355,0.9535074195413374,"[[19607, 112], [853, 184]]"
M4-R,USA_806273,18,50172,0.5683802272664693,0.98045648216679,0.15630397236614854,0.9805269871641553,"[[49014, 37], [940, 181]]"
M4-R,Ghana_144050,19,4465,0.5,1.0,0.0,1.0,"[[4465, 0], [0, 0]]"
M4-R,Paraguay_246154,20,50176,0.4999302455357143,0.9998604910714286,0.0,0.9998604910714286,"[[50169, 0], [7, 0]]"
M4-R,Somalia_970508,21,41544,0.7605797386287271,0.9076859390092452,0.6134735382482089,0.9194829578278452,"[[32890, 1335], [2010, 5309]]"
M4-R,USA_655230,22,50173,0.5711873722250438,0.9959312298057361,0.14644351464435146,0.99593406812429,"[[49934, 10], [194, 35]]"
M4-R,Sri-Lanka_956740,23,38764,0.8685696972492108,0.9895478723404255,0.7475915221579962,0.9898617273759158,"[[37207, 31], [362, 1164]]"
M4-R,Spain_2594119,24,50153,0.5832186745118004,0.9908101088802318,0.17562724014336917,0.9908280661176799,"[[49595, 8], [452, 98]]"
M4-R,India_773682,25,48369,0.6302511467517367,0.9028243908817504,0.35767790262172283,0.9078128553412309,"[[41427, 1028], [3431, 2483]]"
M4-R,Paraguay_822142,26,50176,0.8435664704442238,0.9034990990021785,0.7836338418862691,0.9284917091836735,"[[33593, 1247], [2341, 12995]]"
M4-R,India_91379,27,50175,0.6610567973823368,0.9164489761523553,0.4056646186123183,0.9209566517189836,"[[43502, 1006], [2960, 2707]]"
M4-R,Paraguay_48673,28,50176,0.49978077168367346,0.9995615433673469,0.0,0.9995615433673469,"[[50154, 0], [22, 0]]"
M4-R,USA_181503,29,50169,0.5490969923379289,0.9959717624536354,0.10222222222222223,0.995973609200901,"[[49944, 3], [199, 23]]"
M4-R,India_652725,30,50164,0.5644721846341256,0.9246525237746891,0.20429184549356222,0.9260824495654254,"[[45504, 503], [3205, 952]]"
M4-R,Paraguay_792268,31,50172,0.6283988544649831,0.9959281437125749,0.2608695652173913,0.9959339870844296,"[[49896, 10], [194, 72]]"
M4-R,Sri-Lanka_883641,32,50176,0.9432351022643535,0.9939730040807785,0.8924972004479284,0.9942602040816326,"[[47497, 94], [194, 2391]]"
M4-R,USA_605492,33,50169,0.5344913250378753,0.9891863852200631,0.07979626485568761,0.9891965157766749,"[[49580, 10], [532, 47]]"
M4-R,India_287642,34,22096,0.6102838320567977,0.8631471290118347,0.3574205351017608,0.872827661115134,"[[17723, 951], [1859, 1563]]"
M4-R,Sri-Lanka_847275,35,44256,0.8421065731012327,0.930476007782741,0.7537371384197243,0.9426744396240058,"[[33954, 758], [1779, 7765]]"
M4-R,Spain_2523247,36,50154,0.5744387515805921,0.9918527097727545,0.15702479338842976,0.9918650556286637,"[[49670, 13], [395, 76]]"
M4-R,Paraguay_212687,37,50176,0.7737123797852763,0.9708021634167063,0.5766225961538461,0.9719188456632653,"[[46848, 399], [1010, 1919]]"
M4-R,Sri-Lanka_249079,38,31599,0.499968353428906,0.999936706857812,0.0,0.999936706857812,"[[31597, 1], [1, 0]]"
M4-R,Nigeria_143329,39,47804,0.5983129110048966,0.9897854311303144,0.20684039087947884,0.9898125679859426,"[[47190, 76], [411, 127]]"
M4-R,India_747970,40,47190,0.5794661173979221,0.9823449332085425,0.1765873015873016,0.9824115278660733,"[[46182, 51], [779, 178]]"
M4-R,Ghana_128663,41,32332,0.5,1.0,0.0,1.0,"[[32332, 0], [0, 0]]"
M4-R,Ghana_103272,42,49616,0.7476522250618636,0.9969879518072289,0.4983164983164983,0.9969969364721057,"[[49319, 2], [147, 148]]"
M4-R,USA_217598,43,49372,0.8164852158675415,0.9331070007024116,0.6998634310326715,0.9421331929028599,"[[39853, 881], [1976, 6662]]"
M4-R,Pakistan_211386,44,48891,0.4917582588355316,0.973013892014649,0.010502625656414103,0.9730216195209752,"[[47558, 15], [1304, 14]]"
M4-R,India_324254,45,50176,0.5293146043240138,0.9851547379132829,0.07347447073474471,0.9851721938775511,"[[49373, 41], [703, 59]]"
M4-R,Pakistan_65724,46,50176,0.5,1.0,0.0,1.0,"[[50176, 0], [0, 0]]"
M4-R,Somalia_295782,47,38867,0.7699425311105976,0.9601541718690625,0.5797308903521329,0.9622301695525768,"[[35374, 372], [1096, 2025]]"
M4-R,USA_354981,48,50150,0.5896001953668066,0.9944496575957833,0.18475073313782991,0.994456630109671,"[[49809, 8], [270, 63]]"
M4-R,USA_58086,49,50170,0.8646700768197344,0.9827185320178471,0.7466216216216216,0.9835559099063185,"[[46914, 237], [588, 2431]]"
M4-R,Ghana_154838,50,8078,0.48774449121069574,0.9754889824213915,0.0,0.9754889824213915,"[[7880, 198], [0, 0]]"
M4-R,USA_170264,51,50144,0.832826807576271,0.9410518071456543,0.7246018080068877,0.9489669751116784,"[[40852, 907], [1652, 6733]]"
M4-R,Paraguay_1029042,52,42684,0.8890288213648987,0.9387849744937393,0.8392726682360582,0.9536125948833286,"[[30365, 585], [1395, 10339]]"
M4-R,Spain_8154154,53,50174,0.6613404020980941,0.9858883513659995,0.33679245283018866,0.9859887591182684,"[[49114, 209], [494, 357]]"
M4-R,Pakistan_246718,54,45021,0.7435199484663131,0.9701567800495094,0.5168831168831168,0.971080162590791,"[[42326, 147], [1155, 1393]]"
M4-R,USA_1068362,55,50174,0.7943979530206482,0.9469169485976209,0.6418789574436754,0.9515286801929286,"[[43383, 867], [1565, 4359]]"
M4-R,Ghana_45911,56,5550,0.5,1.0,0.0,1.0,"[[5550, 0], [0, 0]]"
M4-R,Mekong_846007,57,31411,0.8324654658102099,0.9819757251050037,0.682955206515416,0.9826493903409633,"[[29692, 297], [248, 1174]]"
M4-R,Paraguay_482517,58,49665,0.9373598172002118,0.9770131629887727,0.8977064714116507,0.9808718413369576,"[[40378, 233], [717, 8337]]"
M4-R,India_179238,59,36810,0.508989683557299,0.9401501706484642,0.07782919646613379,0.9404509644118446,"[[34433, 154], [2038, 185]]"
M4-R,India_534470,60,47987,0.567386490390688,0.9735254691689008,0.1612475116124751,0.9736595327901306,"[[46480, 88], [1176, 243]]"
M4-R,Somalia_93023,61,35873,0.5,1.0,0.0,1.0,"[[35873, 0], [0, 0]]"
M4-R,Ghana_8090,62,37263,0.49989265491237955,0.9997853098247591,0.0,0.9997853098247591,"[[37255, 8], [0, 0]]"
M4-R,Sri-Lanka_52223,63,50176,0.5,1.0,0.0,1.0,"[[50176, 0], [0, 0]]"
M5-R,Spain_7786924,0,50170,0.5430834233077545,0.9855457286030865,0.10062111801242236,0.9855690651783935,"[[49365, 54], [670, 81]]"
M5-R,Paraguay_36015,1,50176,0.5,1.0,0.0,1.0,"[[50176, 0], [0, 0]]"
M5-R,Paraguay_191503,2,50176,0.49985052614795916,0.9997010522959183,0.0,0.9997010522959183,"[[50161, 0], [15, 0]]"
M5-R,USA_224165,3,50176,0.49960140306122447,0.9992028061224489,0.0,0.9992028061224489,"[[50136, 0], [40, 0]]"
M5-R,Sri-Lanka_748447,4,47650,0.6806520988279721,0.9963406940063092,0.36496350364963503,0.9963483735571879,"[[47376, 41], [133, 100]]"
M5-R,Mekong_342411,5,50176,0.8492602139869811,0.9626361535922544,0.7358842743817079,0.9661591198979592,"[[43747, 938], [760, 4731]]"
M5-R,India_56450,6,34673,0.4996106480546823,0.9992212961093646,0.0,0.9992212961093646,"[[34646, 12], [15, 0]]"
M5-R,Ghana_147015,7,50176,0.4932338169642857,0.9864676339285714,0.0,0.9864676339285714,"[[49497, 0], [679, 0]]"
M5-R,Mekong_52610,8,50176,0.8087024169020792,0.6912621359223301,0.9261426978818283,0.9366230867346939,"[[7120, 2662], [518, 39876]]"
M5-R,Somalia_205466,9,45941,0.49980409655862956,0.9996081931172591,0.0,0.9996081931172591,"[[45923, 0], [18, 0]]"
M5-R,USA_438959,10,49735,0.8320120918508016,0.99094726062468,0.6730769230769231,0.991112898361315,"[[48383, 119], [323, 910]]"
M5-R,Paraguay_1056717,11,50176,0.6084919607320619,0.9813990779715374,0.2355848434925865,0.9815051020408163,"[[48962, 259], [669, 286]]"
M5-R,Paraguay_721886,12,50176,0.5982670590951519,0.9647518530454399,0.2317822651448639,0.9651227678571429,"[[47898, 212], [1538, 528]]"
M5-R,Sri-Lanka_551926,13,50176,0.8353429058572436,0.9729838453558044,0.6977019663586828,0.9745695153061225,"[[45955, 502], [774, 2945]]"
M5-R,Ghana_135389,14,4620,0.49577922077922076,0.9915584415584415,0.0,0.9915584415584415,"[[4581, 0], [39, 0]]"
M5-R,Mekong_1395593,15,50099,0.8657625179781239,0.9779018475504507,0.7536231884057971,0.9793009840515778,"[[45890, 520], [517, 3172]]"
M5-R,Nigeria_600295,16,34764,0.9175961652171547,0.9226651421443792,0.9125271882899301,0.9571971004487401,"[[17753, 1037], [451, 15523]]"
M5-R,India_979278,17,20756,0.5621154878375038,0.953647859922179,0.17058311575282856,0.9540855656195799,"[[19607, 112], [841, 196]]"
M5-R,USA_806273,18,50172,0.5701465714419083,0.9805349390841619,0.15975820379965458,0.9806067129075978,"[[49014, 37], [936, 185]]"
M5-R,Ghana_144050,19,4465,0.5,1.0,0.0,1.0,"[[4465, 0], [0, 0]]"
M5-R,Paraguay_246154,20,50176,0.4999302455357143,0.9998604910714286,0.0,0.9998604910714286,"[[50169, 0], [7, 0]]"
M5-R,Somalia_970508,21,41544,0.7616393523915623,0.9075230777734785,0.6157556270096463,0.9194588869632198,"[[32836, 1389], [1957, 5362]]"
M5-R,USA_655230,22,50173,0.5693942269063432,0.9959313109555435,0.14285714285714285,0.99593406812429,"[[49935, 9], [195, 34]]"
M5-R,Sri-Lanka_956740,23,38764,0.8686505622588971,0.9895475943509136,0.7477535301668806,0.9898617273759158,"[[37206, 32], [361, 1165]]"
M5-R,Spain_2594119,24,50153,0.5805008126057645,0.9907507291541812,0.17025089605734767,0.9907682491575778,"[[49595, 8], [455, 95]]"
M5-R,India_773682,25,48369,0.6306474629254042,0.9024528507576584,0.3588420750931499,0.9075027393578532,"[[41391, 1064], [3410, 2504]]"
M5-R,Paraguay_822142,26,50176,0.843059518875546,0.9032977665493053,0.7828212712017867,0.9282924107142857,"[[33609, 1231], [2367, 12969]]"
M5-R,India_91379,27,50175,0.6626585266967897,0.9164294900174984,0.4088875633760811,0.9209965122072745,"[[43469, 1039], [2925, 2742]]"
M5-R,Paraguay_48673,28,50176,0.49978077168367346,0.9995615433673469,0.0,0.9995615433673469,"[[50154, 0], [22, 0]]"
M5-R,USA_181503,29,50169,0.5490969923379289,0.9959717624536354,0.10222222222222223,0.995973609200901,"[[49944, 3], [199, 23]]"
M5-R,India_652725,30,50164,0.5652045598070312,0.9247855952526115,0.20562352436145095,0.9262219918666773,"[[45505, 502], [3199, 958]]"
M5-R,Paraguay_792268,31,50172,0.6302203882689087,0.995948022914629,0.2644927536231884,0.9959539185202902,"[[49896, 10], [193, 73]]"
M5-R,Sri-Lanka_883641,32,50176,0.9432351022643535,0.9939730040807785,0.8924972004479284,0.9942602040816326,"[[47497, 94], [194, 2391]]"
M5-R,USA_605492,33,50169,0.5328487392083958,0.9891668661718938,0.07653061224489796,0.9891765831489565,"[[49581, 9], [534, 45]]"
M5-R,India_287642,34,22096,0.6095224627518592,0.8623410784743534,0.3567038470293649,0.872103548153512,"[[17703, 971], [1855, 1567]]"
M5-R,Sri-Lanka_847275,35,44256,0.842257457329884,0.9305582198350278,0.7539566948247403,0.9427422270426609,"[[33957, 755], [1779, 7765]]"
M5-R,Spain_2523247,36,50154,0.5751343959109556,0.9918325778301416,0.15843621399176955,0.9918451170395183,"[[49668, 15], [394, 77]]"
M5-R,Paraguay_212687,37,50176,0.7741788031208614,0.9707327184164162,0.5776248878253066,0.9718590561224489,"[[46833, 414], [998, 1931]]"
M5-R,Sri-Lanka_249079,38,31599,0.499968353428906,0.999936706857812,0.0,0.999936706857812,"[[31597, 1], [1, 0]]"
M5-R,Nigeria_143329,39,47804,0.6006044268816225,0.9898267399421068,0.21138211382113822,0.9898544054890804,"[[47189, 77], [408, 130]]"
M5-R,India_747970,40,47190,0.5763320573808879,0.9821983070313497,0.17046580773042616,0.9822631913541005,"[[46181, 52], [785, 172]]"
M5-R,Ghana_128663,41,32332,0.5,1.0,0.0,1.0,"[[32332, 0], [0, 0]]"
M5-R,Ghana_103272,42,49616,0.7493458040489396,0.9970081064143773,0.5016835016835017,0.9970170912608836,"[[49319, 2], [146, 149]]"
M5-R,USA_217598,43,49372,0.8165529371361862,0.9330429284058175,0.7000629458665547,0.9420926841124524,"[[39840, 894], [1965, 6673]]"
M5-R,Pakistan_211386,44,48891,0.49252835459504263,0.9730537084398977,0.012003000750187547,0.9730625268454317,"[[47558, 15], [1302, 16]]"
M5-R,India_324254,45,50176,0.5292589345905705,0.9851347846040266,0.07338308457711443,0.9851522640306123,"[[49372, 42], [703, 59]]"
M5-R,Pakistan_65724,46,50176,0.5,1.0,0.0,1.0,"[[50176, 0], [0, 0]]"
M5-R,Somalia_295782,47,38867,0.7709104750266065,0.9604256012160035,0.5813953488372093,0.9624874572259243,"[[35384, 362], [1096, 2025]]"
M5-R,USA_354981,48,50150,0.590792024851758,0.9944495467795392,0.1871345029239766,0.994456630109671,"[[49808, 9], [269, 64]]"
M5-R,USA_58086,49,50170,0.8649020180116707,0.9827163597511156,0.7470876762722256,0.9835559099063185,"[[46908, 243], [582, 2437]]"
M5-R,Ghana_154838,50,8078,0.4871874226293637,0.9743748452587274,0.0,0.9743748452587274,"[[7871, 207], [0, 0]]"
M5-R,USA_170264,51,50144,0.8316347269374167,0.9406645023140153,0.722604951560818,0.9486080089342693,"[[40854, 905], [1672, 6713]]"
M5-R,Paraguay_1029042,52,42684,0.8894575268934232,0.939116728992181,0.8397983247946653,0.9538468747071502,"[[30387, 563], [1407, 10327]]"
M5-R,Spain_8154154,53,50174,0.6619377605820412,0.985847352149998,0.3380281690140845,0.9859488978355323,"[[49109, 214], [491, 360]]"
M5-R,Pakistan_246718,54,45021,0.7405383048064729,0.9697761279530717,0.5113004816598741,0.9707025610270763,"[[42322, 151], [1168, 1380]]"
M5-R,USA_1068362,55,50174,0.7941267135234442,0.9469779620336024,0.6412754650132861,0.9515685414756647,"[[43400, 850], [1580, 4344]]"
M5-R,Ghana_45911,56,5550,0.5,1.0,0.0,1.0,"[[5550, 0], [0, 0]]"
M5-R,Mekong_846007,57,31411,0.8310328095951363,0.98160584907533,0.6804597701149425,0.9822991945496801,"[[29671, 318], [238, 1184]]"
M5-R,Paraguay_482517,58,49665,0.9376308284932933,0.9771374655247496,0.898124191461837,0.9809725158562368,"[[40389, 222], [723, 8331]]"
M5-R,India_179238,59,36810,0.5123723156390838,0.9403971700947854,0.0843474611833823,0.9407226297201847,"[[34427, 160], [2022, 201]]"
M5-R,India_534470,60,47987,0.5622179221674284,0.9733040201005025,0.1511318242343542,0.9734303040406777,"[[46485, 83], [1192, 227]]"
M5-R,Somalia_93023,61,35873,0.49998606194073536,0.9999721238814707,0.0,0.9999721238814707,"[[35872, 1], [0, 0]]"
M5-R,Ghana_8090,62,37263,0.49989265491237955,0.9997853098247591,0.0,0.9997853098247591,"[[37255, 8], [0, 0]]"
M5-R,Sri-Lanka_52223,63,50176,0.5,1.0,0.0,1.0,"[[50176, 0], [0, 0]]"
Random-9-seed-42,Spain_7786924,0,50170,0.5446783942002944,0.9855248971768558,0.103831891223733,0.9855491329479769,"[[49361, 58], [667, 84]]"
Random-9-seed-42,Paraguay_36015,1,50176,0.5,1.0,0.0,1.0,"[[50176, 0], [0, 0]]"
Random-9-seed-42,Paraguay_191503,2,50176,0.49985052614795916,0.9997010522959183,0.0,0.9997010522959183,"[[50161, 0], [15, 0]]"
Random-9-seed-42,USA_224165,3,50176,0.49960140306122447,0.9992028061224489,0.0,0.9992028061224489,"[[50136, 0], [40, 0]]"
Random-9-seed-42,Sri-Lanka_748447,4,47650,0.6756645966216084,0.9962567294751009,0.35507246376811596,0.9962644281217209,"[[47374, 43], [135, 98]]"
Random-9-seed-42,Mekong_342411,5,50176,0.849086501729156,0.9626680159271399,0.7355049875311721,0.966179049744898,"[[43760, 925], [772, 4719]]"
Random-9-seed-42,India_56450,6,34673,0.49959622761226313,0.9991924552245263,0.0,0.9991924552245263,"[[34645, 13], [15, 0]]"
Random-9-seed-42,Ghana_147015,7,50176,0.4932338169642857,0.9864676339285714,0.0,0.9864676339285714,"[[49497, 0], [679, 0]]"
Random-9-seed-42,Mekong_52610,8,50176,0.8080050493609735,0.6901271721192117,0.9258829266027353,0.9363839285714286,"[[7109, 2673], [519, 39875]]"
Random-9-seed-42,Somalia_205466,9,45941,0.49980409655862956,0.9996081931172591,0.0,0.9996081931172591,"[[45923, 0], [18, 0]]"
Random-9-seed-42,USA_438959,10,49735,0.8311620115032132,0.9909485583224116,0.6713754646840149,0.991112898361315,"[[48390, 112], [330, 903]]"
Random-9-seed-42,Paraguay_1056717,11,50176,0.6135066683870269,0.9815141551046596,0.24549918166939444,0.9816246811224489,"[[48954, 267], [655, 300]]"
Random-9-seed-42,Paraguay_721886,12,50176,0.5979580490442759,0.964875533714654,0.2310405643738977,0.9652423469387755,"[[47908, 202], [1542, 524]]"
Random-9-seed-42,Sri-Lanka_551926,13,50176,0.8372268101311225,0.9731121281464531,0.701341492115792,0.9747090242346939,"[[45927, 530], [739, 2980]]"
Random-9-seed-42,Ghana_135389,14,4620,0.49577922077922076,0.9915584415584415,0.0,0.9915584415584415,"[[4581, 0], [39, 0]]"
Random-9-seed-42,Mekong_1395593,15,50099,0.8649951860365228,0.9778454721683744,0.7521448999046711,0.9792411026168187,"[[45903, 507], [533, 3156]]"
Random-9-seed-42,Nigeria_600295,16,34764,0.9172271491480904,0.9222972972972973,0.9121570009988836,0.9569957427223564,"[[17745, 1045], [450, 15524]]"
Random-9-seed-42,India_979278,17,20756,0.5589278477259807,0.9535200311162971,0.16433566433566432,0.9539410291000193,"[[19612, 107], [849, 188]]"
Random-9-seed-42,USA_806273,18,50172,0.5666899447075218,0.9803980398039804,0.1529818496110631,0.9804671928565734,"[[49015, 36], [944, 177]]"
Random-9-seed-42,Ghana_144050,19,4465,0.5,1.0,0.0,1.0,"[[4465, 0], [0, 0]]"
Random-9-seed-42,Paraguay_246154,20,50176,0.4999302455357143,0.9998604910714286,0.0,0.9998604910714286,"[[50169, 0], [7, 0]]"
Random-9-seed-42,Somalia_970508,21,41544,0.7611242479148932,0.9075189216065411,0.6147295742232451,0.9194107452339688,"[[32854, 1371], [1977, 5342]]"
Random-9-seed-42,USA_655230,22,50173,0.5715049991435402,0.9959511747576688,0.14705882352941177,0.9959539991628964,"[[49935, 9], [194, 35]]"
Random-9-seed-42,Sri-Lanka_956740,23,38764,0.8708140297493467,0.9897049825756165,0.7519230769230769,0.9900165101640698,"[[37204, 34], [353, 1173]]"
Random-9-seed-42,Spain_2594119,24,50153,0.5795948594278822,0.9907309374937574,0.16845878136200718,0.9907483101708772,"[[49595, 8], [456, 94]]"
Random-9-seed-42,India_773682,25,48369,0.6319771961802277,0.9029549667429942,0.36099942561746123,0.9079989249312577,"[[41405, 1050], [3400, 2514]]"
Random-9-seed-42,Paraguay_822142,26,50176,0.8417844548047924,0.9027080705332939,0.7808608390762907,0.9277543048469388,"[[33634, 1206], [2419, 12917]]"
Random-9-seed-42,India_91379,27,50175,0.6604353655358869,0.9162014703713847,0.4046692607003891,0.9207174887892376,"[[43493, 1015], [2963, 2704]]"
Random-9-seed-42,Paraguay_48673,28,50176,0.49978077168367346,0.9995615433673469,0.0,0.9995615433673469,"[[50154, 0], [22, 0]]"
Random-9-seed-42,USA_181503,29,50169,0.5448509910664433,0.9959519821328866,0.09375,0.9959536765731827,"[[49945, 2], [201, 21]]"
Random-9-seed-42,India_652725,30,50164,0.5645246882114655,0.9246306720042267,0.2044187044187044,0.9260625149509608,"[[45502, 505], [3204, 953]]"
Random-9-seed-42,Paraguay_792268,31,50172,0.6283988544649831,0.9959281437125749,0.2608695652173913,0.9959339870844296,"[[49896, 10], [194, 72]]"
Random-9-seed-42,Sri-Lanka_883641,32,50176,0.9438073353059145,0.9940134801356386,0.8936011904761905,0.9943000637755102,"[[47488, 103], [183, 2402]]"
Random-9-seed-42,USA_605492,33,50169,0.5319885320711826,0.9891471321695761,0.07482993197278912,0.9891566505212382,"[[49581, 9], [535, 44]]"
Random-9-seed-42,India_287642,34,22096,0.6107009698013561,0.8639306752348961,0.35747126436781607,0.8735065170166546,"[[17746, 928], [1867, 1555]]"
Random-9-seed-42,Sri-Lanka_847275,35,44256,0.8450582149826775,0.9314823968803208,0.7586340330850343,0.9436234634851771,"[[33919, 793], [1702, 7842]]"
Random-9-seed-42,Spain_2523247,36,50154,0.580144735318308,0.9919116472279917,0.16837782340862423,0.9919248713961,"[[49667, 16], [389, 82]]"
Random-9-seed-42,Paraguay_212687,37,50176,0.7728196657494302,0.9707673821165161,0.5748719493823441,0.9718789859693877,"[[46857, 390], [1021, 1908]]"
Random-9-seed-42,Sri-Lanka_249079,38,31599,0.499968353428906,0.999936706857812,0.0,0.999936706857812,"[[31597, 1], [1, 0]]"
Random-9-seed-42,Nigeria_143329,39,47804,0.5974881988606249,0.989764671336885,0.20521172638436483,0.9897916492343737,"[[47190, 76], [412, 126]]"
Random-9-seed-42,India_747970,40,47190,0.5785700704766801,0.9822389551826091,0.17490118577075098,0.9823055732146642,"[[46178, 55], [780, 177]]"
Random-9-seed-42,Ghana_128663,41,32332,0.5,1.0,0.0,1.0,"[[32332, 0], [0, 0]]"
Random-9-seed-42,Ghana_103272,42,49616,0.73572171955312,0.9968671679197995,0.4745762711864407,0.9968760077394389,"[[49321, 0], [155, 140]]"
Random-9-seed-42,USA_217598,43,49372,0.8166498157494615,0.9330897679102556,0.7002098635886673,0.9421331929028599,"[[39842, 892], [1965, 6673]]"
Random-9-seed-42,Pakistan_211386,44,48891,0.49402101242461977,0.9730719649690001,0.014970059880239521,0.9730829805076598,"[[47555, 18], [1298, 20]]"
Random-9-seed-42,India_324254,45,50176,0.5250891556149759,0.9850969595403399,0.06508135168961202,0.9851124043367347,"[[49377, 37], [710, 52]]"
Random-9-seed-42,Pakistan_65724,46,50176,0.5,1.0,0.0,1.0,"[[50176, 0], [0, 0]]"
Random-9-seed-42,Somalia_295782,47,38867,0.7708814341077855,0.960541670058889,0.581221198156682,0.9625903722952633,"[[35395, 351], [1103, 2018]]"
Random-9-seed-42,USA_354981,48,50150,0.5910763984480418,0.9944695124386056,0.187683284457478,0.9944765702891326,"[[49809, 8], [269, 64]]"
Random-9-seed-42,USA_58086,49,50170,0.8645361798231272,0.9826755488520195,0.7463968107942349,0.9835160454454853,"[[46909, 242], [585, 2434]]"
Random-9-seed-42,Ghana_154838,50,8078,0.48495914830403564,0.9699182966080713,0.0,0.9699182966080713,"[[7835, 243], [0, 0]]"
Random-9-seed-42,USA_170264,51,50144,0.8310964119433136,0.940521130650953,0.7216716932356743,0.948468410976388,"[[40860, 899], [1685, 6700]]"
Random-9-seed-42,Paraguay_1029042,52,42684,0.8897562717665375,0.9391586761521806,0.8403538673808945,0.9539171586542967,"[[30363, 587], [1380, 10354]]"
Random-9-seed-42,Spain_8154154,53,50174,0.6612151830417252,0.9856861800369389,0.33674418604651163,0.9857894527045881,"[[49099, 224], [489, 362]]"
Random-9-seed-42,Pakistan_246718,54,45021,0.7441248416257675,0.970128381476387,0.5181213017751479,0.9710579507341018,"[[42317, 156], [1147, 1401]]"
Random-9-seed-42,USA_1068362,55,50174,0.7942361754459045,0.9468020082951321,0.641670342596677,0.9514290269860884,"[[43373, 877], [1560, 4364]]"
Random-9-seed-42,Ghana_45911,56,5550,0.5,1.0,0.0,1.0,"[[5550, 0], [0, 0]]"
Random-9-seed-42,Mekong_846007,57,31411,0.8334856237816763,0.982175925925926,0.6847953216374268,0.9828404062271179,"[[29701, 288], [251, 1171]]"
Random-9-seed-42,Paraguay_482517,58,49665,0.9374336633722858,0.9770665505479352,0.8978007761966365,0.9809121111446693,"[[40389, 222], [726, 8328]]"
Random-9-seed-42,India_179238,59,36810,0.5128193311245819,0.9402830137135989,0.08535564853556485,0.9406139635968487,"[[34420, 167], [2019, 204]]"
Random-9-seed-42,India_534470,60,47987,0.5711581295832951,0.9736654655157966,0.16865079365079366,0.9738054056306916,"[[46475, 93], [1164, 255]]"
Random-9-seed-42,Somalia_93023,61,35873,0.4999721238814707,0.9999442477629414,0.0,0.9999442477629414,"[[35871, 2], [0, 0]]"
Random-9-seed-42,Ghana_8090,62,37263,0.49989265491237955,0.9997853098247591,0.0,0.9997853098247591,"[[37255, 8], [0, 0]]"
Random-9-seed-42,Sri-Lanka_52223,63,50176,0.5,1.0,0.0,1.0,"[[50176, 0], [0, 0]]"
Random-9-seed-43,Spain_7786924,0,50170,0.5350689580786367,0.9853498862320865,0.08478802992518704,0.9853697428742276,"[[49368, 51], [683, 68]]"
Random-9-seed-43,Paraguay_36015,1,50176,0.5,1.0,0.0,1.0,"[[50176, 0], [0, 0]]"
Random-9-seed-43,Paraguay_191503,2,50176,0.49985052614795916,0.9997010522959183,0.0,0.9997010522959183,"[[50161, 0], [15, 0]]"
Random-9-seed-43,USA_224165,3,50176,0.49960140306122447,0.9992028061224489,0.0,0.9992028061224489,"[[50136, 0], [40, 0]]"
Random-9-seed-43,Sri-Lanka_748447,4,47650,0.6784888893683644,0.9963829831976952,0.36059479553903345,0.9963903462749213,"[[47381, 36], [136, 97]]"
Random-9-seed-43,Mekong_342411,5,50176,0.8495773510181479,0.962796735088993,0.7363579669473028,0.9662986288265306,"[[43762, 923], [768, 4723]]"
Random-9-seed-43,India_56450,6,34673,0.4996250684971015,0.999250136994203,0.0,0.999250136994203,"[[34647, 11], [15, 0]]"
Random-9-seed-43,Ghana_147015,7,50176,0.4932338169642857,0.9864676339285714,0.0,0.9864676339285714,"[[49497, 0], [679, 0]]"
Random-9-seed-43,Mekong_52610,8,50176,0.8082422065884003,0.6905154839335986,0.9259689292432018,0.9364636479591837,"[[7113, 2669], [519, 39875]]"
Random-9-seed-43,Somalia_205466,9,45941,0.49980409655862956,0.9996081931172591,0.0,0.9996081931172591,"[[45923, 0], [18, 0]]"
Random-9-seed-43,USA_438959,10,49735,0.8312521518128914,0.9909066704896881,0.6715976331360947,0.9910726852317282,"[[48383, 119], [325, 908]]"
Random-9-seed-43,Paraguay_1056717,11,50176,0.6087063817626501,0.9814391661655643,0.23597359735973597,0.9815449617346939,"[[48964, 257], [669, 286]]"
Random-9-seed-43,Paraguay_721886,12,50176,0.5965393290028986,0.9648610551751913,0.22821760283060594,0.9652224170918368,"[[47915, 195], [1550, 516]]"
Random-9-seed-43,Sri-Lanka_551926,13,50176,0.8323411553092177,0.9724656084656085,0.692216702152827,0.9740712691326531,"[[45949, 508], [793, 2926]]"
Random-9-seed-43,Ghana_135389,14,4620,0.49577922077922076,0.9915584415584415,0.0,0.9915584415584415,"[[4581, 0], [39, 0]]"
Random-9-seed-43,Mekong_1395593,15,50099,0.8666550803419437,0.9779331812464022,0.7553769794374853,0.979340905008084,"[[45868, 542], [493, 3196]]"
Random-9-seed-43,Nigeria_600295,16,34764,0.9180215267430326,0.9230609274277397,0.9129821260583255,0.9574272235646071,"[[17756, 1034], [446, 15528]]"
Random-9-seed-43,India_979278,17,20756,0.5653714656463513,0.9541695047192761,0.17657342657342656,0.9546155328579687,"[[19612, 107], [835, 202]]"
Random-9-seed-43,USA_806273,18,50172,0.5680158177080157,0.980456873099696,0.15557476231633535,0.9805269871641553,"[[49015, 36], [941, 180]]"
Random-9-seed-43,Ghana_144050,19,4465,0.5,1.0,0.0,1.0,"[[4465, 0], [0, 0]]"
Random-9-seed-43,Paraguay_246154,20,50176,0.4999302455357143,0.9998604910714286,0.0,0.9998604910714286,"[[50169, 0], [7, 0]]"
Random-9-seed-43,Somalia_970508,21,41544,0.7612837253657745,0.9074657382847038,0.6151017124468452,0.9193866743693433,"[[32843, 1382], [1967, 5352]]"
Random-9-seed-43,USA_655230,22,50173,0.5693942269063432,0.9959313109555435,0.14285714285714285,0.99593406812429,"[[49935, 9], [195, 34]]"
Random-9-seed-43,Sri-Lanka_956740,23,38764,0.8713232525784498,0.9897581868000319,0.7528883183568678,0.9900681044267877,"[[37206, 32], [353, 1173]]"
Random-9-seed-43,Spain_2594119,24,50153,0.5823127201476997,0.9907903148473709,0.17383512544802868,0.9908081271309792,"[[49595, 8], [453, 97]]"
Random-9-seed-43,India_773682,25,48369,0.6326943323679483,0.90277959593315,0.3626090688027464,0.9078748785379065,"[[41378, 1077], [3379, 2535]]"
Random-9-seed-43,Paraguay_822142,26,50176,0.842541390244194,0.9031469845872939,0.7819357959010943,0.9281130420918368,"[[33635, 1205], [2402, 12934]]"
Random-9-seed-43,India_91379,27,50175,0.6604879228834752,0.9157675124336171,0.40520833333333334,0.9203388141504734,"[[43455, 1053], [2944, 2723]]"
Random-9-seed-43,Paraguay_48673,28,50176,0.49978077168367346,0.9995615433673469,0.0,0.9995615433673469,"[[50154, 0], [22, 0]]"
Random-9-seed-43,USA_181503,29,50169,0.5448509910664433,0.9959519821328866,0.09375,0.9959536765731827,"[[49945, 2], [201, 21]]"
Random-9-seed-43,India_652725,30,50164,0.5653658218858402,0.9248872088769662,0.2058444348947142,0.926321664939,"[[45510, 497], [3199, 958]]"
Random-9-seed-43,Paraguay_792268,31,50172,0.617469659973031,0.9958088851634534,0.2391304347826087,0.9958143984692657,"[[49896, 10], [200, 66]]"
Random-9-seed-43,Sri-Lanka_883641,32,50176,0.9428453310021101,0.993909330654276,0.8917813313499442,0.9942004145408163,"[[47487, 104], [187, 2398]]"
Random-9-seed-43,USA_605492,33,50169,0.5329239023847774,0.9891868166945974,0.07666098807495741,0.9891965157766749,"[[49582, 8], [534, 45]]"
Random-9-seed-43,India_287642,34,22096,0.6071450826595426,0.8641507601146243,0.35013940520446096,0.8734160028964518,"[[17792, 882], [1915, 1507]]"
Random-9-seed-43,Sri-Lanka_847275,35,44256,0.8483129898271566,0.9328015403658368,0.7638244392884764,0.9447984454085322,"[[33912, 800], [1643, 7901]]"
Random-9-seed-43,Spain_2523247,36,50154,0.5780715383122097,0.9918720293964932,0.16427104722792607,0.9918849942178092,"[[49667, 16], [391, 80]]"
Random-9-seed-43,Paraguay_212687,37,50176,0.7724099589595214,0.9702949773014655,0.5745249406175772,0.9714405293367347,"[[46808, 439], [994, 1935]]"
Random-9-seed-43,Sri-Lanka_249079,38,31599,0.499968353428906,0.999936706857812,0.0,0.999936706857812,"[[31597, 1], [1, 0]]"
Random-9-seed-43,Nigeria_143329,39,47804,0.599680875780586,0.9898691165366222,0.20949263502454993,0.9898962429922182,"[[47193, 73], [410, 128]]"
Random-9-seed-43,India_747970,40,47190,0.5730659001863354,0.9821158958001063,0.16401590457256462,0.9821784276329731,"[[46184, 49], [792, 165]]"
Random-9-seed-43,Ghana_128663,41,32332,0.5,1.0,0.0,1.0,"[[32332, 0], [0, 0]]"
Random-9-seed-43,Ghana_103272,42,49616,0.7620982284346619,0.9971694298422968,0.527027027027027,0.9971783295711061,"[[49320, 1], [139, 156]]"
Random-9-seed-43,USA_217598,43,49372,0.8155517790579334,0.932805954080558,0.6982976040353089,0.9418496313700073,"[[39856, 878], [1993, 6645]]"
Random-9-seed-43,Pakistan_211386,44,48891,0.4917582588355316,0.973013892014649,0.010502625656414103,0.9730216195209752,"[[47558, 15], [1304, 14]]"
Random-9-seed-43,India_324254,45,50176,0.5311540930459646,0.9851937582312328,0.07711442786069651,0.9852120535714286,"[[49372, 42], [700, 62]]"
Random-9-seed-43,Pakistan_65724,46,50176,0.5,1.0,0.0,1.0,"[[50176, 0], [0, 0]]"
Random-9-seed-43,Somalia_295782,47,38867,0.770212933603085,0.9606401736064017,0.5797856935997683,0.9626675585972676,"[[35414, 332], [1119, 2002]]"
Random-9-seed-43,USA_354981,48,50150,0.5896001953668066,0.9944496575957833,0.18475073313782991,0.994456630109671,"[[49809, 8], [270, 63]]"
Random-9-seed-43,USA_58086,49,50170,0.8642562036074779,0.9826560536237956,0.7458563535911602,0.9834961132150688,"[[46912, 239], [589, 2430]]"
Random-9-seed-43,Ghana_154838,50,8078,0.4852686308492201,0.9705372616984402,0.0,0.9705372616984402,"[[7840, 238], [0, 0]]"
Random-9-seed-43,USA_170264,51,50144,0.8308459446907788,0.9406284504968716,0.721063438884686,0.9485282386726228,"[[40891, 868], [1713, 6672]]"
Random-9-seed-43,Paraguay_1029042,52,42684,0.8885665585038568,0.9385124273525411,0.8386206896551724,0.9534017430418892,"[[30359, 591], [1398, 10336]]"
Random-9-seed-43,Spain_8154154,53,50174,0.6620793821375544,0.9858269929536466,0.338331771321462,0.9859289671941643,"[[49107, 216], [490, 361]]"
Random-9-seed-43,Pakistan_246718,54,45021,0.7408085646701893,0.9697740501397865,0.5118430792005921,0.9707025610270763,"[[42319, 154], [1165, 1383]]"
Random-9-seed-43,USA_1068362,55,50174,0.7958652663983974,0.9473155607956159,0.6444149720011789,0.9519073623789214,"[[43388, 862], [1551, 4373]]"
Random-9-seed-43,Ghana_45911,56,5550,0.5,1.0,0.0,1.0,"[[5550, 0], [0, 0]]"
Random-9-seed-43,Mekong_846007,57,31411,0.8287550387984457,0.9815518894435812,0.6759581881533101,0.9822355225876286,"[[29689, 300], [258, 1164]]"
Random-9-seed-43,Paraguay_482517,58,49665,0.9374441237745014,0.9770654409096408,0.897822806639362,0.9809121111446693,"[[40387, 224], [724, 8330]]"
Random-9-seed-43,India_179238,59,36810,0.5141872661545673,0.9407955849407136,0.08757894736842105,0.9411301276826949,"[[34435, 152], [2015, 208]]"
Random-9-seed-43,India_534470,60,47987,0.5652720013332038,0.9733821989528796,0.15716180371352786,0.9735136599495696,"[[46479, 89], [1182, 237]]"
Random-9-seed-43,Somalia_93023,61,35873,0.5,1.0,0.0,1.0,"[[35873, 0], [0, 0]]"
Random-9-seed-43,Ghana_8090,62,37263,0.49989265491237955,0.9997853098247591,0.0,0.9997853098247591,"[[37255, 8], [0, 0]]"
Random-9-seed-43,Sri-Lanka_52223,63,50176,0.5,1.0,0.0,1.0,"[[50176, 0], [0, 0]]"
Random-9-seed-44,Spain_7786924,0,50170,0.5408415922110723,0.9853868881258484,0.0962962962962963,0.9854096073350608,"[[49360, 59], [673, 78]]"
Random-9-seed-44,Paraguay_36015,1,50176,0.5,1.0,0.0,1.0,"[[50176, 0], [0, 0]]"
Random-9-seed-44,Paraguay_191503,2,50176,0.49985052614795916,0.9997010522959183,0.0,0.9997010522959183,"[[50161, 0], [15, 0]]"
Random-9-seed-44,USA_224165,3,50176,0.49960140306122447,0.9992028061224489,0.0,0.9992028061224489,"[[50136, 0], [40, 0]]"
Random-9-seed-44,Sri-Lanka_748447,4,47650,0.6743663279336154,0.9962146702557201,0.35251798561151076,0.9962224554039875,"[[47372, 45], [135, 98]]"
Random-9-seed-44,Mekong_342411,5,50176,0.8483783650271659,0.9624986253161772,0.7342581047381546,0.9660196109693877,"[[43760, 925], [780, 4711]]"
Random-9-seed-44,India_56450,6,34673,0.49959622761226313,0.9991924552245263,0.0,0.9991924552245263,"[[34645, 13], [15, 0]]"
Random-9-seed-44,Ghana_147015,7,50176,0.4932338169642857,0.9864676339285714,0.0,0.9864676339285714,"[[49497, 0], [679, 0]]"
Random-9-seed-44,Mekong_52610,8,50176,0.808164917558477,0.6902654867256637,0.9260643483912903,0.9365234375,"[[7098, 2684], [501, 39893]]"
Random-9-seed-44,Somalia_205466,9,45941,0.49980409655862956,0.9996081931172591,0.0,0.9996081931172591,"[[45923, 0], [18, 0]]"
Random-9-seed-44,USA_438959,10,49735,0.8322533562664836,0.9909468897855519,0.6735598227474151,0.991112898361315,"[[48381, 121], [321, 912]]"
Random-9-seed-44,Paraguay_1056717,11,50176,0.6087134107984545,0.9814996692790283,0.2359271523178808,0.9816047512755102,"[[48968, 253], [670, 285]]"
Random-9-seed-44,Paraguay_721886,12,50176,0.5988934687708797,0.964790009064357,0.23299692847740236,0.9651626275510204,"[[47897, 213], [1535, 531]]"
Random-9-seed-44,Sri-Lanka_551926,13,50176,0.835511116801674,0.972935770102285,0.6980864635010631,0.9745296556122449,"[[45943, 514], [764, 2955]]"
Random-9-seed-44,Ghana_135389,14,4620,0.49577922077922076,0.9915584415584415,0.0,0.9915584415584415,"[[4581, 0], [39, 0]]"
Random-9-seed-44,Mekong_1395593,15,50099,0.866105599192937,0.9779880244624859,0.754223173923388,0.9793808259645901,"[[45896, 514], [519, 3170]]"
Random-9-seed-44,Nigeria_600295,16,34764,0.9172771232342202,0.9223694466095089,0.9121847998589314,0.9570245081118398,"[[17751, 1039], [455, 15519]]"
Random-9-seed-44,India_979278,17,20756,0.559603885534719,0.9538603656164917,0.16534740545294635,0.954278280978994,"[[19619, 100], [849, 188]]"
Random-9-seed-44,USA_806273,18,50172,0.5676507773372009,0.9804572640169624,0.15484429065743946,0.9805269871641553,"[[49016, 35], [942, 179]]"
Random-9-seed-44,Ghana_144050,19,4465,0.5,1.0,0.0,1.0,"[[4465, 0], [0, 0]]"
Random-9-seed-44,Paraguay_246154,20,50176,0.4999302455357143,0.9998604910714286,0.0,0.9998604910714286,"[[50169, 0], [7, 0]]"
Random-9-seed-44,Somalia_970508,21,41544,0.7604379608016469,0.9073337751270156,0.6135421464762782,0.9192181783169652,"[[32860, 1365], [1991, 5328]]"
Random-9-seed-44,USA_655230,22,50173,0.5732893545325974,0.9959510940024333,0.1506276150627615,0.9959539991628964,"[[49934, 10], [193, 36]]"
Random-9-seed-44,Sri-Lanka_956740,23,38764,0.8681542331678742,0.9895218339450029,0.7467866323907455,0.9898359302445568,"[[37208, 30], [364, 1162]]"
Random-9-seed-44,Spain_2594119,24,50153,0.5761258229352739,0.990671753590476,0.1615798922800718,0.990688493210775,"[[49596, 7], [460, 90]]"
Random-9-seed-44,India_773682,25,48369,0.630211964533627,0.9026851488601194,0.3577387802071346,0.9076888089478798,"[[41417, 1038], [3427, 2487]]"
Random-9-seed-44,Paraguay_822142,26,50176,0.8434186400330209,0.9034365924491772,0.7834006876168647,0.9284319196428571,"[[33597, 1243], [2348, 12988]]"
Random-9-seed-44,India_91379,27,50175,0.6584303462724681,0.9161685468934164,0.4006921456515197,0.9206178375685102,"[[43529, 979], [3004, 2663]]"
Random-9-seed-44,Paraguay_48673,28,50176,0.49978077168367346,0.9995615433673469,0.0,0.9995615433673469,"[[50154, 0], [22, 0]]"
Random-9-seed-44,USA_181503,29,50169,0.5490969923379289,0.9959717624536354,0.10222222222222223,0.995973609200901,"[[49944, 3], [199, 23]]"
Random-9-seed-44,India_652725,30,50164,0.5641560075309335,0.9247836157503353,0.20352839931153185,0.9262020572522127,"[[45516, 491], [3211, 946]]"
Random-9-seed-44,Paraguay_792268,31,50172,0.6283988544649831,0.9959281437125749,0.2608695652173913,0.9959339870844296,"[[49896, 10], [194, 72]]"
Random-9-seed-44,Sri-Lanka_883641,32,50176,0.9433548386945902,0.9939722472215827,0.8927374301675978,0.9942602040816326,"[[47491, 100], [188, 2397]]"
Random-9-seed-44,USA_605492,33,50169,0.5328487392083958,0.9891668661718938,0.07653061224489796,0.9891765831489565,"[[49581, 9], [534, 45]]"
Random-9-seed-44,India_287642,34,22096,0.6106906810513338,0.8640412792678771,0.35734008283479063,0.8735970311368574,"[[17750, 924], [1869, 1553]]"
Random-9-seed-44,Sri-Lanka_847275,35,44256,0.8477303358807522,0.9323941336708582,0.7630665380906461,0.944482104121475,"[[33886, 826], [1631, 7913]]"
Random-9-seed-44,Spain_2523247,36,50154,0.5792892377129392,0.9919118087592116,0.16666666666666666,0.9919248713961,"[[49668, 15], [390, 81]]"
Random-9-seed-44,Paraguay_212687,37,50176,0.7727119534141267,0.9705736074270557,0.5748502994011976,0.9716996173469388,"[[46836, 411], [1009, 1920]]"
Random-9-seed-44,Sri-Lanka_249079,38,31599,0.499968353428906,0.999936706857812,0.0,0.999936706857812,"[[31597, 1], [1, 0]]"
Random-9-seed-44,Nigeria_143329,39,47804,0.5989576490907119,0.9897852168806108,0.208130081300813,0.9898125679859426,"[[47189, 77], [410, 128]]"
Random-9-seed-44,India_747970,40,47190,0.5802810019355478,0.9823441820889173,0.1782178217821782,0.9824115278660733,"[[46180, 53], [777, 180]]"
Random-9-seed-44,Ghana_128663,41,32332,0.5,1.0,0.0,1.0,"[[32332, 0], [0, 0]]"
Random-9-seed-44,Ghana_103272,42,49616,0.7485040834478855,0.997008166895771,0.5,0.9970170912608836,"[[49320, 1], [147, 148]]"
Random-9-seed-44,USA_217598,43,49372,0.8161480912233201,0.9330852408369611,0.6992109416096791,0.9420926841124524,"[[39867, 867], [1992, 6646]]"
Random-9-seed-44,Pakistan_211386,44,48891,0.4902572197355769,0.9729956424786727,0.007518796992481203,0.973001165858747,"[[47561, 12], [1308, 10]]"
Random-9-seed-44,India_324254,45,50176,0.5304082867469337,0.9851341913598723,0.07568238213399504,0.9851522640306123,"[[49370, 44], [701, 61]]"
Random-9-seed-44,Pakistan_65724,46,50176,0.5,1.0,0.0,1.0,"[[50176, 0], [0, 0]]"
Random-9-seed-44,Somalia_295782,47,38867,0.7697726534982898,0.9604459998372263,0.5790993071593533,0.9624874572259243,"[[35403, 343], [1115, 2006]]"
Random-9-seed-44,USA_354981,48,50150,0.590792024851758,0.9944495467795392,0.1871345029239766,0.994456630109671,"[[49808, 9], [269, 64]]"
Random-9-seed-44,USA_58086,49,50170,0.8651331032610272,0.9827141869382111,0.7475520195838433,0.9835559099063185,"[[46902, 249], [576, 2443]]"
Random-9-seed-44,Ghana_154838,50,8078,0.4832260460510027,0.9664520921020054,0.0,0.9664520921020054,"[[7807, 271], [0, 0]]"
Random-9-seed-44,USA_170264,51,50144,0.8306944524717923,0.940503853675371,0.7208850512682137,0.9484285258455648,"[[40879, 880], [1706, 6679]]"
Random-9-seed-44,Paraguay_1029042,52,42684,0.8894696482237553,0.9390172248507901,0.8399220715967205,0.953800018742386,"[[30365, 585], [1387, 10347]]"
Random-9-seed-44,Spain_8154154,53,50174,0.6604539316479376,0.9857071163304225,0.3352007469654528,0.985809383345956,"[[49103, 220], [492, 359]]"
Random-9-seed-44,Pakistan_246718,54,45021,0.7361912027056352,0.9694062149350798,0.5029761904761905,0.9703249594633615,"[[42333, 140], [1196, 1352]]"
Random-9-seed-44,USA_1068362,55,50174,0.7939520459631157,0.9469125027274711,0.6409915891987605,0.9515087495515606,"[[43397, 853], [1580, 4344]]"
Random-9-seed-44,Ghana_45911,56,5550,0.5,1.0,0.0,1.0,"[[5550, 0], [0, 0]]"
Random-9-seed-44,Mekong_846007,57,31411,0.8314516765761306,0.9818789061208293,0.681024447031432,0.9825538823978861,"[[29693, 296], [252, 1170]]"
Random-9-seed-44,Paraguay_482517,58,49665,0.937549439803232,0.9771154869611496,0.8979833926453143,0.9809523809523809,"[[40392, 219], [727, 8327]]"
Random-9-seed-44,India_179238,59,36810,0.5111835664578923,0.9405451168887918,0.08182201602699284,0.9408584623743548,"[[34439, 148], [2029, 194]]"
Random-9-seed-44,India_534470,60,47987,0.563590241628857,0.9733855431778206,0.15379494007989347,0.9735136599495696,"[[46485, 83], [1188, 231]]"
Random-9-seed-44,Somalia_93023,61,35873,0.5,1.0,0.0,1.0,"[[35873, 0], [0, 0]]"
Random-9-seed-44,Ghana_8090,62,37263,0.49986581864047447,0.9997316372809489,0.0,0.9997316372809489,"[[37253, 10], [0, 0]]"
Random-9-seed-44,Sri-Lanka_52223,63,50176,0.5,1.0,0.0,1.0,"[[50176, 0], [0, 0]]"
Random-9-seed-45,Spain_7786924,0,50170,0.5426682843699296,0.9855859452984628,0.09975062344139651,0.9856089296392266,"[[49368, 51], [671, 80]]"
Random-9-seed-45,Paraguay_36015,1,50176,0.5,1.0,0.0,1.0,"[[50176, 0], [0, 0]]"
Random-9-seed-45,Paraguay_191503,2,50176,0.49985052614795916,0.9997010522959183,0.0,0.9997010522959183,"[[50161, 0], [15, 0]]"
Random-9-seed-45,USA_224165,3,50176,0.49960140306122447,0.9992028061224489,0.0,0.9992028061224489,"[[50136, 0], [40, 0]]"
Random-9-seed-45,Sri-Lanka_748447,4,47650,0.6801661946244713,0.9963618010136485,0.3639705882352941,0.9963693599160546,"[[47378, 39], [134, 99]]"
Random-9-seed-45,Mekong_342411,5,50176,0.8502638277583797,0.9628431178322218,0.7376845376845377,0.9663584183673469,"[[43741, 944], [744, 4747]]"
Random-9-seed-45,India_56450,6,34673,0.49958180716984396,0.9991636143396879,0.0,0.9991636143396879,"[[34644, 14], [15, 0]]"
Random-9-seed-45,Ghana_147015,7,50176,0.4932338169642857,0.9864676339285714,0.0,0.9864676339285714,"[[49497, 0], [679, 0]]"
Random-9-seed-45,Mekong_52610,8,50176,0.8076258078047374,0.6892655367231638,0.9259860788863109,0.9364237882653061,"[[7076, 2706], [484, 39910]]"
Random-9-seed-45,Somalia_205466,9,45941,0.49980409655862956,0.9996081931172591,0.0,0.9996081931172591,"[[45923, 0], [18, 0]]"
Random-9-seed-45,USA_438959,10,49735,0.8305207586677814,0.9909077877664694,0.6701337295690936,0.9910726852317282,"[[48389, 113], [331, 902]]"
Random-9-seed-45,Paraguay_1056717,11,50176,0.610287242216458,0.9814978150182416,0.23907666941467437,0.9816047512755102,"[[48963, 258], [665, 290]]"
Random-9-seed-45,Paraguay_721886,12,50176,0.5972675259999464,0.9648172389487464,0.22971781305114639,0.9651825573979592,"[[47908, 202], [1545, 521]]"
Random-9-seed-45,Sri-Lanka_551926,13,50176,0.8346277750062041,0.9728820017782294,0.6963735482341787,0.9744698660714286,"[[45957, 500], [781, 2938]]"
Random-9-seed-45,Ghana_135389,14,4620,0.49577922077922076,0.9915584415584415,0.0,0.9915584415584415,"[[4581, 0], [39, 0]]"
Random-9-seed-45,Mekong_1395593,15,50099,0.8660944213559054,0.9779193929964407,0.75426944971537,0.979320944529831,"[[45883, 527], [509, 3180]]"
Random-9-seed-45,Nigeria_600295,16,34764,0.9166966321566777,0.9217978695765133,0.9115953947368421,0.9567080888275227,"[[17740, 1050], [455, 15519]]"
Random-9-seed-45,India_979278,17,20756,0.549564419812812,0.9522999951425657,0.14682884448305822,0.9526883792638273,"[[19605, 114], [868, 169]]"
Random-9-seed-45,USA_806273,18,50172,0.5677278108978547,0.9804772668173545,0.15497835497835497,0.980546918600016,"[[49017, 34], [942, 179]]"
Random-9-seed-45,Ghana_144050,19,4465,0.5,1.0,0.0,1.0,"[[4465, 0], [0, 0]]"
Random-9-seed-45,Paraguay_246154,20,50176,0.4999302455357143,0.9998604910714286,0.0,0.9998604910714286,"[[50169, 0], [7, 0]]"
Random-9-seed-45,Somalia_970508,21,41544,0.7617432121113364,0.9075102965972855,0.6159761276253873,0.9194588869632198,"[[32831, 1394], [1952, 5367]]"
Random-9-seed-45,USA_655230,22,50173,0.5693942269063432,0.9959313109555435,0.14285714285714285,0.99593406812429,"[[49935, 9], [195, 34]]"
Random-9-seed-45,Sri-Lanka_956740,23,38764,0.863805862535696,0.9891798484647082,0.7384318766066839,0.9895005675368899,"[[37208, 30], [377, 1149]]"
Random-9-seed-45,Spain_2594119,24,50153,0.5824787548538097,0.9908102924724309,0.1741472172351885,0.9908280661176799,"[[49596, 7], [453, 97]]"
Random-9-seed-45,India_773682,25,48369,0.6325975330303331,0.9028077753779697,0.36238729068269643,0.9078955529367984,"[[41382, 1073], [3382, 2532]]"
Random-9-seed-45,Paraguay_822142,26,50176,0.8430857833215204,0.9032847696360411,0.7828867970069998,0.9282924107142857,"[[33604, 1236], [2362, 12974]]"
Random-9-seed-45,India_91379,27,50175,0.6582713009854236,0.9160615436425249,0.4004810583283223,0.9205181863477827,"[[43523, 985], [3003, 2664]]"
Random-9-seed-45,Paraguay_48673,28,50176,0.49978077168367346,0.9995615433673469,0.0,0.9995615433673469,"[[50154, 0], [22, 0]]"
Random-9-seed-45,USA_181503,29,50169,0.5490969923379289,0.9959717624536354,0.10222222222222223,0.995973609200901,"[[49944, 3], [199, 23]]"
Random-9-seed-45,India_652725,30,50164,0.5647579782951361,0.9246682517425674,0.20484770484770484,0.92610238417989,"[[45502, 505], [3202, 955]]"
Random-9-seed-45,Paraguay_792268,31,50172,0.62973298428678,0.995928062436376,0.26353790613718414,0.9959339870844296,"[[49895, 11], [193, 73]]"
Random-9-seed-45,Sri-Lanka_883641,32,50176,0.9426843806762317,0.9939103503118069,0.8914584110406565,0.9942004145408163,"[[47495, 96], [195, 2390]]"
Random-9-seed-45,USA_605492,33,50169,0.5337089467393206,0.9891866009616344,0.0782312925170068,0.9891965157766749,"[[49581, 9], [533, 46]]"
Random-9-seed-45,India_287642,34,22096,0.6110747659540527,0.8618603970538022,0.36028913485430314,0.8718320057929037,"[[17669, 1005], [1827, 1595]]"
Random-9-seed-45,Sri-Lanka_847275,35,44256,0.8445005080084659,0.9312172217798402,0.7577837942370915,0.9433975054229935,"[[33914, 798], [1707, 7837]]"
Random-9-seed-45,Spain_2523247,36,50154,0.5791081366174584,0.9918918379166417,0.16632443531827515,0.9919049328069546,"[[49667, 16], [390, 81]]"
Random-9-seed-45,Paraguay_212687,37,50176,0.7711793917734087,0.9704584533156554,0.5719003302311618,0.9715800382653061,"[[46845, 402], [1024, 1905]]"
Random-9-seed-45,Sri-Lanka_249079,38,31599,0.499968353428906,0.999936706857812,0.0,0.999936706857812,"[[31597, 1], [1, 0]]"
Random-9-seed-45,Nigeria_143329,39,47804,0.6022512064145645,0.9898682664876657,0.2146341463414634,0.9898962429922182,"[[47189, 77], [406, 132]]"
Random-9-seed-45,India_747970,40,47190,0.5749078193870149,0.9821569086152996,0.16765873015873015,0.9822208094935367,"[[46182, 51], [788, 169]]"
Random-9-seed-45,Ghana_128663,41,32332,0.5,1.0,0.0,1.0,"[[32332, 0], [0, 0]]"
Random-9-seed-45,Ghana_103272,42,49616,0.731511438881381,0.996806661546546,0.46621621621621623,0.9968155433731054,"[[49320, 1], [157, 138]]"
Random-9-seed-45,USA_217598,43,49372,0.8164112154407306,0.9330007962156339,0.6998216346658273,0.9420521753220449,"[[39841, 893], [1968, 6670]]"
Random-9-seed-45,Pakistan_211386,44,48891,0.493298451983937,0.973093528123913,0.01350337584396099,0.9731034341698881,"[[47558, 15], [1300, 18]]"
Random-9-seed-45,India_324254,45,50176,0.531785813315638,0.9852134176760521,0.07835820895522388,0.9852319834183674,"[[49372, 42], [699, 63]]"
Random-9-seed-45,Pakistan_65724,46,50176,0.5,1.0,0.0,1.0,"[[50176, 0], [0, 0]]"
Random-9-seed-45,Somalia_295782,47,38867,0.7705972988580825,0.9603734665074367,0.5808211312087281,0.9624359996912548,"[[35384, 362], [1098, 2023]]"
Random-9-seed-45,USA_354981,48,50150,0.5937358570934164,0.9944892580464819,0.19298245614035087,0.9944965104685942,"[[49808, 9], [267, 66]]"
Random-9-seed-45,USA_58086,49,50170,0.8640370718122723,0.9825917546505781,0.7454823889739663,0.983436316523819,"[[46905, 246], [585, 2434]]"
Random-9-seed-45,Ghana_154838,50,8078,0.48551621688536767,0.9710324337707353,0.0,0.9710324337707353,"[[7844, 234], [0, 0]]"
Random-9-seed-45,USA_170264,51,50144,0.8306295218758188,0.9404266089877816,0.720832434763856,0.9483686981493299,"[[40870, 889], [1700, 6685]]"
Random-9-seed-45,Paraguay_1029042,52,42684,0.889359904677554,0.9389112279616455,0.8398085813934626,0.9537297347952395,"[[30355, 595], [1380, 10354]]"
Random-9-seed-45,Spain_8154154,53,50174,0.6626113664225729,0.9857051076132348,0.3395176252319109,0.985809383345956,"[[49096, 227], [485, 366]]"
Random-9-seed-45,Pakistan_246718,54,45021,0.7479369668809035,0.9705504587155963,0.5253234750462107,0.9714799760111947,"[[42316, 157], [1127, 1421]]"
Random-9-seed-45,USA_1068362,55,50174,0.7938938513643021,0.9468906829587607,0.6408970197698436,0.9514888189101925,"[[43396, 854], [1580, 4344]]"
Random-9-seed-45,Ghana_45911,56,5550,0.5,1.0,0.0,1.0,"[[5550, 0], [0, 0]]"
Random-9-seed-45,Mekong_846007,57,31411,0.8318525187982978,0.9817038875103391,0.6820011500862565,0.9823947024927573,"[[29672, 317], [236, 1186]]"
Random-9-seed-45,Paraguay_482517,58,49665,0.937722582776338,0.9771583430120016,0.8982868225406745,0.9809926507600926,"[[40384, 227], [717, 8337]]"
Random-9-seed-45,India_179238,59,36810,0.5118235736171078,0.9405948706743507,0.08305227655986509,0.9409127954360228,"[[34438, 149], [2026, 197]]"
Random-9-seed-45,India_534470,60,47987,0.5669807940226218,0.9734841344643418,0.16047745358090185,0.9736178548356846,"[[46479, 89], [1177, 242]]"
Random-9-seed-45,Somalia_93023,61,35873,0.4999721238814707,0.9999442477629414,0.0,0.9999442477629414,"[[35871, 2], [0, 0]]"
Random-9-seed-45,Ghana_8090,62,37263,0.49986581864047447,0.9997316372809489,0.0,0.9997316372809489,"[[37253, 10], [0, 0]]"
Random-9-seed-45,Sri-Lanka_52223,63,50176,0.5,1.0,0.0,1.0,"[[50176, 0], [0, 0]]"
Random-9-seed-46,Spain_7786924,0,50170,0.5422246809491834,0.9853061550440216,0.09914320685434516,0.9853298784133945,"[[49353, 66], [670, 81]]"
Random-9-seed-46,Paraguay_36015,1,50176,0.5,1.0,0.0,1.0,"[[50176, 0], [0, 0]]"
Random-9-seed-46,Paraguay_191503,2,50176,0.49985052614795916,0.9997010522959183,0.0,0.9997010522959183,"[[50161, 0], [15, 0]]"
Random-9-seed-46,USA_224165,3,50176,0.49960140306122447,0.9992028061224489,0.0,0.9992028061224489,"[[50136, 0], [40, 0]]"
Random-9-seed-46,Sri-Lanka_748447,4,47650,0.6788168047614493,0.99631974090976,0.3613138686131387,0.9963273871983211,"[[47376, 41], [134, 99]]"
Random-9-seed-46,Mekong_342411,5,50176,0.8489753369805353,0.9627715718181018,0.7351791021429689,0.9662587691326531,"[[43783, 902], [791, 4700]]"
Random-9-seed-46,India_56450,6,34673,0.4996106480546823,0.9992212961093646,0.0,0.9992212961093646,"[[34646, 12], [15, 0]]"
Random-9-seed-46,Ghana_147015,7,50176,0.4932338169642857,0.9864676339285714,0.0,0.9864676339285714,"[[49497, 0], [679, 0]]"
Random-9-seed-46,Mekong_52610,8,50176,0.8099336158499604,0.6936449681282596,0.9262222635716612,0.9367825255102041,"[[7182, 2600], [572, 39822]]"
Random-9-seed-46,Somalia_205466,9,45941,0.49980409655862956,0.9996081931172591,0.0,0.9996081931172591,"[[45923, 0], [18, 0]]"
Random-9-seed-46,USA_438959,10,49735,0.8346952041492796,0.9911102007374027,0.6782802075611564,0.9912737508796622,"[[48386, 116], [318, 915]]"
Random-9-seed-46,Paraguay_1056717,11,50176,0.5972484414057045,0.98123071992308,0.21326616288832914,0.9813257334183674,"[[48985, 236], [701, 254]]"
Random-9-seed-46,Paraguay_721886,12,50176,0.5956159090993288,0.9647833440721649,0.22644847412649272,0.9651426977040817,"[[47915, 195], [1554, 512]]"
Random-9-seed-46,Sri-Lanka_551926,13,50176,0.8258905788045894,0.9721600742960868,0.679621083313092,0.9737125318877551,"[[46059, 398], [921, 2798]]"
Random-9-seed-46,Ghana_135389,14,4620,0.49577922077922076,0.9915584415584415,0.0,0.9915584415584415,"[[4581, 0], [39, 0]]"
Random-9-seed-46,Mekong_1395593,15,50099,0.8652122430844913,0.9780252539233013,0.7523992322456814,0.9794007864428431,"[[45931, 479], [553, 3136]]"
Random-9-seed-46,Nigeria_600295,16,34764,0.9199890112773252,0.9253236664940445,0.9146543560606061,0.9585203083649753,"[[17868, 922], [520, 15454]]"
Random-9-seed-46,India_979278,17,20756,0.5480181775523193,0.952064108790675,0.14397224631396358,0.9524474850645597,"[[19603, 116], [871, 166]]"
Random-9-seed-46,USA_806273,18,50172,0.571072330420025,0.9804937580025608,0.16165090283748926,0.9805668500358766,"[[49009, 42], [933, 188]]"
Random-9-seed-46,Ghana_144050,19,4465,0.5,1.0,0.0,1.0,"[[4465, 0], [0, 0]]"
Random-9-seed-46,Paraguay_246154,20,50176,0.4999302455357143,0.9998604910714286,0.0,0.9998604910714286,"[[50169, 0], [7, 0]]"
Random-9-seed-46,Somalia_970508,21,41544,0.7618786655229108,0.9085692214313303,0.6151881096144914,0.9202291546312343,"[[32932, 1293], [2021, 5298]]"
Random-9-seed-46,USA_655230,22,50173,0.5636337716140398,0.9959116110246898,0.13135593220338984,0.9959141370856835,"[[49937, 7], [198, 31]]"
Random-9-seed-46,Sri-Lanka_956740,23,38764,0.8672325458072794,0.9894426124880332,0.7450224791265254,0.9897585388504798,"[[37207, 31], [366, 1160]]"
Random-9-seed-46,Spain_2594119,24,50153,0.5826453508760835,0.9908302700974908,0.17446043165467626,0.9908480051043806,"[[49597, 6], [453, 97]]"
Random-9-seed-46,India_773682,25,48369,0.6296711107242817,0.9028280099350734,0.3565142115134901,0.9077921809423392,"[[41438, 1017], [3443, 2471]]"
Random-9-seed-46,Paraguay_822142,26,50176,0.8441223002366207,0.9038575348361758,0.7843870656370656,0.9287707270408163,"[[33600, 1240], [2334, 13002]]"
Random-9-seed-46,India_91379,27,50175,0.6623261386630415,0.9163065247180352,0.4083457526080477,0.9208769307424016,"[[43465, 1043], [2927, 2740]]"
Random-9-seed-46,Paraguay_48673,28,50176,0.49978077168367346,0.9995615433673469,0.0,0.9995615433673469,"[[50154, 0], [22, 0]]"
Random-9-seed-46,USA_181503,29,50169,0.5403668458908987,0.9959122632103689,0.08482142857142858,0.995913811317746,"[[49945, 2], [203, 19]]"
Random-9-seed-46,India_652725,30,50164,0.5669057473642239,0.9247128189488665,0.20909867577958138,0.9261821226377482,"[[45482, 525], [3178, 979]]"
Random-9-seed-46,Paraguay_792268,31,50172,0.6156481289460843,0.9957890115153571,0.23550724637681159,0.9957944670334051,"[[49896, 10], [201, 65]]"
Random-9-seed-46,Sri-Lanka_883641,32,50176,0.9404766230520127,0.9936818761898785,0.8872713699141471,0.9939811862244898,"[[47497, 94], [208, 2377]]"
Random-9-seed-46,USA_605492,33,50169,0.5312730689992278,0.9891672984080118,0.07337883959044368,0.9891765831489565,"[[49583, 7], [536, 43]]"
Random-9-seed-46,India_287642,34,22096,0.6063077813901485,0.8617704280155642,0.3508451347647328,0.87137943519189,"[[17718, 956], [1886, 1536]]"
Random-9-seed-46,Sri-Lanka_847275,35,44256,0.842228906603885,0.9307795514909231,0.7536782617168469,0.9428778018799711,"[[33993, 719], [1809, 7735]]"
Random-9-seed-46,Spain_2523247,36,50154,0.5753077168377194,0.9918525470775007,0.15876288659793814,0.9918650556286637,"[[49669, 14], [394, 77]]"
Random-9-seed-46,Paraguay_212687,37,50176,0.7692429649105468,0.9698062376955756,0.568679692125518,0.9709622130102041,"[[46798, 449], [1008, 1921]]"
Random-9-seed-46,Sri-Lanka_249079,38,31599,0.499968353428906,0.999936706857812,0.0,0.999936706857812,"[[31597, 1], [1, 0]]"
Random-9-seed-46,Nigeria_143329,39,47804,0.5980234530208067,0.9898275934393221,0.20621931260229132,0.9898544054890804,"[[47193, 73], [412, 126]]"
Random-9-seed-46,India_747970,40,47190,0.5778266040822247,0.982346435256083,0.17330677290836655,0.9824115278660733,"[[46186, 47], [783, 174]]"
Random-9-seed-46,Ghana_128663,41,32332,0.5,1.0,0.0,1.0,"[[32332, 0], [0, 0]]"
Random-9-seed-46,Ghana_103272,42,49616,0.6948020886834446,0.9963838383838384,0.39322033898305087,0.9963922928087714,"[[49321, 0], [179, 116]]"
Random-9-seed-46,USA_217598,43,49372,0.814812261767907,0.9329110077374413,0.6967135157983726,0.941869885765211,"[[39909, 825], [2045, 6593]]"
Random-9-seed-46,Pakistan_211386,44,48891,0.49142880612656054,0.9730758214329556,0.009781790820165538,0.9730829805076598,"[[47562, 11], [1305, 13]]"
Random-9-seed-46,India_324254,45,50176,0.5319034717199976,0.9852533274798955,0.07855361596009976,0.9852718431122449,"[[49374, 40], [699, 63]]"
Random-9-seed-46,Pakistan_65724,46,50176,0.5,1.0,0.0,1.0,"[[50176, 0], [0, 0]]"
Random-9-seed-46,Somalia_295782,47,38867,0.7660046124477404,0.9598785512903926,0.5721306736050882,0.9619214243445596,"[[35408, 338], [1142, 1979]]"
Random-9-seed-46,USA_354981,48,50150,0.590792024851758,0.9944495467795392,0.1871345029239766,0.994456630109671,"[[49808, 9], [269, 64]]"
Random-9-seed-46,USA_58086,49,50170,0.8615569044711806,0.9823275681561204,0.7407862407862408,0.9831771975284034,"[[46914, 237], [607, 2412]]"
Random-9-seed-46,Ghana_154838,50,8078,0.49783362218370886,0.9956672443674177,0.0,0.9956672443674177,"[[8043, 35], [0, 0]]"
Random-9-seed-46,USA_170264,51,50144,0.8303688397840189,0.9407289943004229,0.7200086852676149,0.9485681238034461,"[[40933, 826], [1753, 6632]]"
Random-9-seed-46,Paraguay_1029042,52,42684,0.8876373346682072,0.9381599259030565,0.8371147434333577,0.953073751288539,"[[30387, 563], [1440, 10294]]"
Random-9-seed-46,Spain_8154154,53,50174,0.6625578811758641,0.9858467839074921,0.3392689784442362,0.9859488978355323,"[[49107, 216], [489, 362]]"
Random-9-seed-46,Pakistan_246718,54,45021,0.7267740676591938,0.96850699844479,0.4850411368735976,0.9694142733391085,"[[42347, 126], [1251, 1297]]"
Random-9-seed-46,USA_1068362,55,50174,0.7936887382759235,0.9472169533651645,0.6401605231866825,0.951747917247977,"[[43446, 804], [1617, 4307]]"
Random-9-seed-46,Ghana_45911,56,5550,0.5,1.0,0.0,1.0,"[[5550, 0], [0, 0]]"
Random-9-seed-46,Mekong_846007,57,31411,0.8289505564363163,0.981688371785549,0.6762127410870836,0.9823628665117315,"[[29700, 289], [265, 1157]]"
Random-9-seed-46,Paraguay_482517,58,49665,0.9371207551657922,0.9770078816304821,0.8972336287011022,0.9808517064331018,"[[40411, 200], [751, 8303]]"
Random-9-seed-46,India_179238,59,36810,0.5071677011910248,0.9393666393666393,0.07496876301541025,0.9396631350176582,"[[34409, 178], [2043, 180]]"
Random-9-seed-46,India_534470,60,47987,0.568901500695906,0.9735645907957854,0.16423841059602648,0.9737012107445766,"[[46477, 91], [1171, 248]]"
Random-9-seed-46,Somalia_93023,61,35873,0.49998606194073536,0.9999721238814707,0.0,0.9999721238814707,"[[35872, 1], [0, 0]]"
Random-9-seed-46,Ghana_8090,62,37263,0.4999060730483321,0.9998121460966642,0.0,0.9998121460966642,"[[37256, 7], [0, 0]]"
Random-9-seed-46,Sri-Lanka_52223,63,50176,0.5,1.0,0.0,1.0,"[[50176, 0], [0, 0]]"
Runtime-9,Spain_7786924,0,50170,0.537668080674238,0.9854485208990379,0.0898876404494382,0.9854694040263106,"[[49369, 50], [679, 72]]"
Runtime-9,Paraguay_36015,1,50176,0.5,1.0,0.0,1.0,"[[50176, 0], [0, 0]]"
Runtime-9,Paraguay_191503,2,50176,0.49985052614795916,0.9997010522959183,0.0,0.9997010522959183,"[[50161, 0], [15, 0]]"
Runtime-9,USA_224165,3,50176,0.49960140306122447,0.9992028061224489,0.0,0.9992028061224489,"[[50136, 0], [40, 0]]"
Runtime-9,Sri-Lanka_748447,4,47650,0.6769815111355622,0.9962987886944819,0.35766423357664234,0.9963064008394543,"[[47376, 41], [135, 98]]"
Runtime-9,Mekong_342411,5,50176,0.8490912320804065,0.9626182618261826,0.7355642023346304,0.9661391900510204,"[[43751, 934], [765, 4726]]"
Runtime-9,India_56450,6,34673,0.4996106480546823,0.9992212961093646,0.0,0.9992212961093646,"[[34646, 12], [15, 0]]"
Runtime-9,Ghana_147015,7,50176,0.4932338169642857,0.9864676339285714,0.0,0.9864676339285714,"[[49497, 0], [679, 0]]"
Runtime-9,Mekong_52610,8,50176,0.8073759870172211,0.6888217522658611,0.9259302217685812,0.9363639987244898,"[[7068, 2714], [479, 39915]]"
Runtime-9,Somalia_205466,9,45941,0.49980409655862956,0.9996081931172591,0.0,0.9996081931172591,"[[45923, 0], [18, 0]]"
Runtime-9,USA_438959,10,49735,0.8305207586677814,0.9909077877664694,0.6701337295690936,0.9910726852317282,"[[48389, 113], [331, 902]]"
Runtime-9,Paraguay_1056717,11,50176,0.6169825981448613,0.9815301313546576,0.25243506493506496,0.9816446109693877,"[[48944, 277], [644, 311]]"
Runtime-9,Paraguay_721886,12,50176,0.5972675259999464,0.9648172389487464,0.22971781305114639,0.9651825573979592,"[[47908, 202], [1545, 521]]"
Runtime-9,Sri-Lanka_551926,13,50176,0.8339982446635628,0.9727561388653684,0.695240350461757,0.9743502869897959,"[[45953, 504], [783, 2936]]"
Runtime-9,Ghana_135389,14,4620,0.49577922077922076,0.9915584415584415,0.0,0.9915584415584415,"[[4581, 0], [39, 0]]"
Runtime-9,Mekong_1395593,15,50099,0.8665041737708099,0.9781650086274843,0.7548433389141354,0.9795405097906146,"[[45918, 492], [533, 3156]]"
Runtime-9,Nigeria_600295,16,34764,0.9171198969611867,0.9222054773164268,0.9120343166059467,0.9569382119433897,"[[17746, 1044], [453, 15521]]"
Runtime-9,India_979278,17,20756,0.5574218252617786,0.9529388886187953,0.1619047619047619,0.9533628830217769,"[[19601, 118], [850, 187]]"
Runtime-9,USA_806273,18,50172,0.5688218127217844,0.9804760952190438,0.15716753022452504,0.980546918600016,"[[49014, 37], [939, 182]]"
Runtime-9,Ghana_144050,19,4465,0.5,1.0,0.0,1.0,"[[4465, 0], [0, 0]]"
Runtime-9,Paraguay_246154,20,50176,0.4999302455357143,0.9998604910714286,0.0,0.9998604910714286,"[[50169, 0], [7, 0]]"
Runtime-9,Somalia_970508,21,41544,0.7611734333181657,0.9075465443898127,0.6148003222465186,0.9194348160985942,"[[32855, 1370], [1977, 5342]]"
Runtime-9,USA_655230,22,50173,0.5774933203363471,0.9959908247731126,0.1589958158995816,0.9959938612401092,"[[49934, 10], [191, 38]]"
Runtime-9,Sri-Lanka_956740,23,38764,0.8643912858607583,0.9892327324932206,0.7395498392282959,0.9895521617996079,"[[37209, 29], [376, 1150]]"
Runtime-9,Spain_2594119,24,50153,0.5788485056711121,0.9907311226528166,0.16696588868940754,0.9907483101708772,"[[49596, 7], [457, 93]]"
Runtime-9,India_773682,25,48369,0.6335009731165177,0.9025758567998253,0.3644260894332099,0.9077301577456636,"[[41347, 1108], [3355, 2559]]"
Runtime-9,Paraguay_822142,26,50176,0.8426149530512002,0.902975246593383,0.7822546595090174,0.9280532525510204,"[[33597, 1243], [2367, 12969]]"
Runtime-9,India_91379,27,50175,0.6599840372831279,0.9159925851027975,0.4039754894634584,0.9205181863477827,"[[43484, 1024], [2964, 2703]]"
Runtime-9,Paraguay_48673,28,50176,0.49978077168367346,0.9995615433673469,0.0,0.9995615433673469,"[[50154, 0], [22, 0]]"
Runtime-9,USA_181503,29,50169,0.5493351378261192,0.9959917042236669,0.10267857142857142,0.9959935418286193,"[[49945, 2], [199, 23]]"
Runtime-9,India_652725,30,50164,0.5637411582126958,0.9246866175006603,0.20279569892473118,0.92610238417989,"[[45514, 493], [3214, 943]]"
Runtime-9,Paraguay_792268,31,50172,0.6279179907333348,0.9959081836327345,0.259927797833935,0.9959140556485689,"[[49895, 11], [194, 72]]"
Runtime-9,Sri-Lanka_883641,32,50176,0.9439249939025278,0.9940347866128053,0.8938152011922503,0.9943199936224489,"[[47492, 99], [186, 2399]]"
Runtime-9,USA_605492,33,50169,0.5303389356961767,0.9891276158557265,0.07155025553662692,0.9891367178935199,"[[49582, 8], [537, 42]]"
Runtime-9,India_287642,34,22096,0.6115232639603112,0.8623128322684486,0.3607336956521739,0.872239319333816,"[[17680, 994], [1829, 1593]]"
Runtime-9,Sri-Lanka_847275,35,44256,0.8436468969167354,0.9310401579986833,0.7562536358347877,0.9431941431670282,"[[33942, 770], [1744, 7800]]"
Runtime-9,Spain_2523247,36,50154,0.5813666609874883,0.9919514289708614,0.17078189300411523,0.9919647485743909,"[[49668, 15], [388, 83]]"
Runtime-9,Paraguay_212687,37,50176,0.7734514116760111,0.9707180603046316,0.5761847630473905,0.9718391262755102,"[[46842, 405], [1008, 1921]]"
Runtime-9,Sri-Lanka_249079,38,31599,0.499968353428906,0.999936706857812,0.0,0.999936706857812,"[[31597, 1], [1, 0]]"
Runtime-9,Nigeria_143329,39,47804,0.5963120215739293,0.9897019652257807,0.20292207792207792,0.9897288929796669,"[[47188, 78], [413, 125]]"
Runtime-9,India_747970,40,47190,0.5780435177726984,0.9823035201531426,0.17378351539225423,0.9823691460055096,"[[46183, 50], [782, 175]]"
Runtime-9,Ghana_128663,41,32332,0.5,1.0,0.0,1.0,"[[32332, 0], [0, 0]]"
Runtime-9,Ghana_103272,42,49616,0.7391316993757379,0.9969074665480858,0.48135593220338985,0.9969163173169945,"[[49321, 0], [153, 142]]"
Runtime-9,USA_217598,43,49372,0.816169201833905,0.9328837056812327,0.6994546979865772,0.941950903346026,"[[39836, 898], [1968, 6670]]"
Runtime-9,Pakistan_211386,44,48891,0.493298451983937,0.973093528123913,0.01350337584396099,0.9731034341698881,"[[47558, 15], [1300, 18]]"
Runtime-9,India_324254,45,50176,0.5311540930459646,0.9851937582312328,0.07711442786069651,0.9852120535714286,"[[49372, 42], [700, 62]]"
Runtime-9,Pakistan_65724,46,50176,0.5,1.0,0.0,1.0,"[[50176, 0], [0, 0]]"
Runtime-9,Somalia_295782,47,38867,0.7702904474373449,0.9604656210994736,0.5801152737752161,0.9625131859932591,"[[35397, 349], [1108, 2013]]"
Runtime-9,USA_354981,48,50150,0.5922639407743678,0.9944694020165719,0.19005847953216373,0.9944765702891326,"[[49808, 9], [268, 65]]"
Runtime-9,USA_58086,49,50170,0.8649020180116707,0.9827163597511156,0.7470876762722256,0.9835559099063185,"[[46908, 243], [582, 2437]]"
Runtime-9,Ghana_154838,50,8078,0.4852067343401832,0.9704134686803664,0.0,0.9704134686803664,"[[7839, 239], [0, 0]]"
Runtime-9,USA_170264,51,50144,0.8313702266434864,0.9406619711826175,0.7220784821043553,0.9485880663688577,"[[40868, 891], [1687, 6698]]"
Runtime-9,Paraguay_1029042,52,42684,0.8899877518727928,0.939271129810667,0.8407043739349185,0.9540108705838253,"[[30361, 589], [1374, 10360]]"
Runtime-9,Spain_8154154,53,50174,0.6607638624638881,0.985706829405388,0.3358208955223881,0.985809383345956,"[[49102, 221], [491, 360]]"
Runtime-9,Pakistan_246718,54,45021,0.7449280305095662,0.9702409610931517,0.5196150999259808,0.9711690100175474,"[[42319, 154], [1144, 1404]]"
Runtime-9,USA_1068362,55,50174,0.794682294067955,0.9470019426800254,0.6423626454558845,0.9516084027584008,"[[43385, 865], [1563, 4361]]"
Runtime-9,Ghana_45911,56,5550,0.5,1.0,0.0,1.0,"[[5550, 0], [0, 0]]"
Runtime-9,Mekong_846007,57,31411,0.8341711174615535,0.9823093710733417,0.6860328638497653,0.982967750151221,"[[29707, 282], [253, 1169]]"
Runtime-9,Paraguay_482517,58,49665,0.9378383927987026,0.9772072878608241,0.8984694977365811,0.9810329205678043,"[[40387, 224], [718, 8336]]"
Runtime-9,India_179238,59,36810,0.5099628393957594,0.9405002457539184,0.07942543303760034,0.9408041293126868,"[[34443, 144], [2035, 188]]"
Runtime-9,India_534470,60,47987,0.5671082973582683,0.9735260236673997,0.16069057104913678,0.9736595327901306,"[[46481, 87], [1177, 242]]"
Runtime-9,Somalia_93023,61,35873,0.4999721238814707,0.9999442477629414,0.0,0.9999442477629414,"[[35871, 2], [0, 0]]"
Runtime-9,Ghana_8090,62,37263,0.4999060730483321,0.9998121460966642,0.0,0.9998121460966642,"[[37256, 7], [0, 0]]"
Runtime-9,Sri-Lanka_52223,63,50176,0.5,1.0,0.0,1.0,"[[50176, 0], [0, 0]]"
Sensitivity-9,Spain_7786924,0,50170,0.5446783942002944,0.9855248971768558,0.103831891223733,0.9855491329479769,"[[49361, 58], [667, 84]]"
Sensitivity-9,Paraguay_36015,1,50176,0.5,1.0,0.0,1.0,"[[50176, 0], [0, 0]]"
Sensitivity-9,Paraguay_191503,2,50176,0.49985052614795916,0.9997010522959183,0.0,0.9997010522959183,"[[50161, 0], [15, 0]]"
Sensitivity-9,USA_224165,3,50176,0.49960140306122447,0.9992028061224489,0.0,0.9992028061224489,"[[50136, 0], [40, 0]]"
Sensitivity-9,Sri-Lanka_748447,4,47650,0.679308736798793,0.9962986330178759,0.36231884057971014,0.9963064008394543,"[[47374, 43], [133, 100]]"
Sensitivity-9,Mekong_342411,5,50176,0.848291299306977,0.9625516756091125,0.7340309230048415,0.9660594706632653,"[[43773, 912], [791, 4700]]"
Sensitivity-9,India_56450,6,34673,0.4995673867274248,0.9991347734548496,0.0,0.9991347734548496,"[[34643, 15], [15, 0]]"
Sensitivity-9,Ghana_147015,7,50176,0.4932338169642857,0.9864676339285714,0.0,0.9864676339285714,"[[49497, 0], [679, 0]]"
Sensitivity-9,Mekong_52610,8,50176,0.8082410704051728,0.6903696498054475,0.926112491004898,0.9365632971938775,"[[7097, 2685], [498, 39896]]"
Sensitivity-9,Somalia_205466,9,45941,0.49980409655862956,0.9996081931172591,0.0,0.9996081931172591,"[[45923, 0], [18, 0]]"
Sensitivity-9,USA_438959,10,49735,0.8303842144179426,0.9908871231979031,0.6698813056379822,0.9910525786669347,"[[48387, 115], [330, 903]]"
Sensitivity-9,Paraguay_1056717,11,50176,0.6061721251490229,0.9813211479878147,0.23102310231023102,0.9814253826530612,"[[48964, 257], [675, 280]]"
Sensitivity-9,Paraguay_721886,12,50176,0.598098723305501,0.9647525629922052,0.23144488361879667,0.9651227678571429,"[[47899, 211], [1539, 527]]"
Sensitivity-9,Sri-Lanka_551926,13,50176,0.8353207260586235,0.9729615278748227,0.6976799242424242,0.9745495854591837,"[[45952, 505], [772, 2947]]"
Sensitivity-9,Ghana_135389,14,4620,0.49577922077922076,0.9915584415584415,0.0,0.9915584415584415,"[[4581, 0], [39, 0]]"
Sensitivity-9,Mekong_1395593,15,50099,0.8653493940837678,0.9777938794646662,0.7529049087028693,0.9792011816603126,"[[45882, 528], [514, 3175]]"
Sensitivity-9,Nigeria_600295,16,34764,0.916755009019251,0.9218092019755654,0.9117008160629366,0.956736854217006,"[[17731, 1059], [445, 15529]]"
Sensitivity-9,India_979278,17,20756,0.5650123763719513,0.9541717343711992,0.17585301837270342,0.9546155328579687,"[[19613, 106], [836, 201]]"
Sensitivity-9,USA_806273,18,50172,0.5677278108978547,0.9804772668173545,0.15497835497835497,0.980546918600016,"[[49017, 34], [942, 179]]"
Sensitivity-9,Ghana_144050,19,4465,0.5,1.0,0.0,1.0,"[[4465, 0], [0, 0]]"
Sensitivity-9,Paraguay_246154,20,50176,0.4999302455357143,0.9998604910714286,0.0,0.9998604910714286,"[[50169, 0], [7, 0]]"
Sensitivity-9,Somalia_970508,21,41544,0.7601860539462552,0.9074651579964124,0.612906949896098,0.9192903909108415,"[[32882, 1343], [2010, 5309]]"
Sensitivity-9,USA_655230,22,50173,0.5711873722250438,0.9959312298057361,0.14644351464435146,0.99593406812429,"[[49934, 10], [194, 35]]"
Sensitivity-9,Sri-Lanka_956740,23,38764,0.8675668326180468,0.9894689253517006,0.7456647398843931,0.9897843359818388,"[[37207, 31], [365, 1161]]"
Sensitivity-9,Spain_2594119,24,50153,0.5771902912331156,0.9907115177180297,0.16366906474820145,0.9907283711841764,"[[49597, 6], [459, 91]]"
Sensitivity-9,India_773682,25,48369,0.6285590094358269,0.9023396653886372,0.3547783534830167,0.9073166697678265,"[[41421, 1034], [3449, 2465]]"
Sensitivity-9,Paraguay_822142,26,50176,0.8431333440710989,0.9033064516129032,0.7829602365292946,0.9283123405612245,"[[33603, 1237], [2360, 12976]]"
Sensitivity-9,India_91379,27,50175,0.6598787454424581,0.9161331086773379,0.40362438220757824,0.9206377678126557,"[[43498, 1010], [2972, 2695]]"
Sensitivity-9,Paraguay_48673,28,50176,0.49978077168367346,0.9995615433673469,0.0,0.9995615433673469,"[[50154, 0], [22, 0]]"
Sensitivity-9,USA_181503,29,50169,0.5493351378261192,0.9959917042236669,0.10267857142857142,0.9959935418286193,"[[49945, 2], [199, 23]]"
Sensitivity-9,India_652725,30,50164,0.56485441277926,0.9247292162002886,0.20497960935823137,0.9261621880232837,"[[45505, 502], [3202, 955]]"
Sensitivity-9,Paraguay_792268,31,50172,0.6265773210578399,0.9959082653040857,0.2572463768115942,0.9959140556485689,"[[49896, 10], [195, 71]]"
Sensitivity-9,Sri-Lanka_883641,32,50176,0.9435316108140595,0.99399317691873,0.893070044709389,0.9942801339285714,"[[47492, 99], [188, 2397]]"
Sensitivity-9,USA_605492,33,50169,0.5320622464282224,0.9891670822942643,0.07495741056218058,0.9891765831489565,"[[49582, 8], [535, 44]]"
Sensitivity-9,India_287642,34,22096,0.6103127738036601,0.8628148292492814,0.3578107183580388,0.8725561187545257,"[[17711, 963], [1853, 1569]]"
Sensitivity-9,Sri-Lanka_847275,35,44256,0.8463055210565154,0.9319537197350702,0.7606573223779604,0.9440527838033261,"[[33911, 801], [1675, 7869]]"
Sensitivity-9,Spain_2523247,36,50154,0.5763485481449641,0.9918723540218868,0.16082474226804125,0.9918849942178092,"[[49669, 14], [393, 78]]"
Sensitivity-9,Paraguay_212687,37,50176,0.7720093904637618,0.970493773440252,0.5735250074872716,0.9716198979591837,"[[46837, 410], [1014, 1915]]"
Sensitivity-9,Sri-Lanka_249079,38,31599,0.499968353428906,0.999936706857812,0.0,0.999936706857812,"[[31597, 1], [1, 0]]"
Sensitivity-9,Nigeria_143329,39,47804,0.5989576490907119,0.9897852168806108,0.208130081300813,0.9898125679859426,"[[47189, 77], [410, 128]]"
Sensitivity-9,India_747970,40,47190,0.5793679757195873,0.9823236620437336,0.17641228939544104,0.9823903369357915,"[[46181, 52], [779, 178]]"
Sensitivity-9,Ghana_128663,41,32332,0.5,1.0,0.0,1.0,"[[32332, 0], [0, 0]]"
Sensitivity-9,Ghana_103272,42,49616,0.7468048171582202,0.996988012694819,0.4966216216216216,0.9969969364721057,"[[49320, 1], [148, 147]]"
Sensitivity-9,USA_217598,43,49372,0.815970634408075,0.9331321213822793,0.6988091474338708,0.9421129385076562,"[[39883, 851], [2007, 6631]]"
Sensitivity-9,Pakistan_211386,44,48891,0.4929434455216218,0.9731145394279167,0.012772351615326822,0.9731238878321163,"[[47560, 13], [1301, 17]]"
Sensitivity-9,India_324254,45,50176,0.5286272158899028,0.9851151282972186,0.07213930348258707,0.9851323341836735,"[[49372, 42], [704, 58]]"
Sensitivity-9,Pakistan_65724,46,50176,0.5,1.0,0.0,1.0,"[[50176, 0], [0, 0]]"
Sensitivity-9,Somalia_295782,47,38867,0.7693946277528843,0.960250705448231,0.5785385500575374,0.962307355854581,"[[35391, 355], [1110, 2011]]"
Sensitivity-9,USA_354981,48,50150,0.590792024851758,0.9944495467795392,0.1871345029239766,0.994456630109671,"[[49808, 9], [269, 64]]"
Sensitivity-9,USA_58086,49,50170,0.8649020180116707,0.9827163597511156,0.7470876762722256,0.9835559099063185,"[[46908, 243], [582, 2437]]"
Sensitivity-9,Ghana_154838,50,8078,0.4845258727407774,0.9690517454815548,0.0,0.9690517454815548,"[[7828, 250], [0, 0]]"
Sensitivity-9,USA_170264,51,50144,0.8304065056960162,0.9404200501483748,0.7203929612436576,0.9483487555839183,"[[40881, 878], [1712, 6673]]"
Sensitivity-9,Paraguay_1029042,52,42684,0.8895358561883966,0.9390424939691965,0.8400292184075968,0.953823446724768,"[[30363, 587], [1384, 10350]]"
Sensitivity-9,Spain_8154154,53,50174,0.6612902354094766,0.9858074877045067,0.33677298311444653,0.9859090365527963,"[[49108, 215], [492, 359]]"
Sensitivity-9,Pakistan_246718,54,45021,0.7400395719138702,0.96970877345737,0.5103703703703704,0.9706359254570089,"[[42321, 152], [1170, 1378]]"
Sensitivity-9,USA_1068362,55,50174,0.7946554441378133,0.9469053596768912,0.6424055285987355,0.9515286801929286,"[[43373, 877], [1555, 4369]]"
Sensitivity-9,Ghana_45911,56,5550,0.5,1.0,0.0,1.0,"[[5550, 0], [0, 0]]"
Sensitivity-9,Mekong_846007,57,31411,0.8326807664541315,0.9820087971690313,0.6833527357392316,0.9826812263219891,"[[29693, 296], [248, 1174]]"
Sensitivity-9,Paraguay_482517,58,49665,0.9374598053757197,0.9770637762508468,0.8978558345005926,0.9809121111446693,"[[40384, 227], [721, 8333]]"
Sensitivity-9,India_179238,59,36810,0.5151741191446139,0.9408148208869579,0.08953341740226986,0.9411572942135289,"[[34431, 156], [2010, 213]]"
Sensitivity-9,India_534470,60,47987,0.5641848446522715,0.9733001067995728,0.1550695825049702,0.9734303040406777,"[[46478, 90], [1185, 234]]"
Sensitivity-9,Somalia_93023,61,35873,0.5,1.0,0.0,1.0,"[[35873, 0], [0, 0]]"
Sensitivity-9,Ghana_8090,62,37263,0.49989265491237955,0.9997853098247591,0.0,0.9997853098247591,"[[37255, 8], [0, 0]]"
Sensitivity-9,Sri-Lanka_52223,63,50176,0.5,1.0,0.0,1.0,"[[50176, 0], [0, 0]]"
